data,model_name,accuracy_score,f1_score
train,KNeighborsClassifier,0.9620396600566572,0.9635473502346459
train,LogisticRegression,0.9784702549575071,0.979018076177554
train,SVC,0.9694050991501416,0.9704938675439904
train,GradientBoostingClassifier,0.9813031161473088,0.9821525214880514
XGB_importance_69,XGBClassifier,0.9892351274787535,0.989401916559841
XGB_importance_95,XGBClassifier,0.9869688385269122,0.9872693087302319
XGB_importance_50,XGBClassifier,0.9830028328611898,0.983361408877032
