author,rating,date,content
Kwang-un Jin,1,2026-05-31 14:59:05,개발자모드에서 실행이 안됩니다.
Seo코코,1,2026-05-31 13:29:12,로그인오류때매 사용을 못함 ㅋㅋ
백의영,1,2026-05-31 08:26:09,로그인 하는데 다른 앱 거쳐 들어오면 진행이 다시 사라지고 끊김이 자주 일어나요 1점 주기도 아깝네요
SHANATE,1,2026-05-31 08:05:08,아니 개발자 모드 활성화 시 따릉이는 왜 못들어가요? 금융앱들도 잘 되는 마당에 어떤 보안을 막기가 어려워서 따릉이에서 이런 불편함이 생기는건가요? 타 어플로 넘어갑니다. 딱 이번달 말까지가 정기권이었는데 결제 하기 전에 이런 업데이트 해주셔서 감사합니다
RPM 8200,1,2026-05-31 01:05:07,ㅅ...ㅂ 500 에러때뭉에 택시타고간다
mina kang,1,2026-05-30 20:28:44,아무리 삭제하고 다시 설치해도 자꾸 개발자모드에서는 앱을 실행할 수 없다고 뜨면서 앱이 강제종료됩니다ㅜ 자전거 타고 싶어요 제발 고쳐주세요
tsuning Mon,1,2026-05-30 12:42:30,바쁜시간에 갑자기 로그인 불량 및 로그아웃 상태가 되어서 이용하지도 못하고 걸어갔습니다. 이 때문에 평소보다 늦게 되었고 신뢰가 하락하는 요인이 되었습니다. 기분이 많이 안좋네요.
지홍김,1,2026-05-30 11:00:23,편리한 서비스이나 앱 자체는 쓰레기.
아는사람친구,1,2026-05-30 02:29:30,아니 리뷰잘 안다는데 비회원으로 결제하고 홈으로 돌아왔는데 대여하기가 안뜨고 결제하기만 뜨자나요 네이버에 비회원 로그인 하는법따라해도 대여하기가 안생겨요.. 진짜 1시간동안 이것만 붙잡다 걸어가네요 다신 사용안할듯요 결제한 금액은 자동환불될거라 믿습니다
조한솔,1,2026-05-30 00:06:54,부모님이 사용하시는데 대여할때마다 영상이 나와서 불편하다 합니다. 데이터요금을 지원해주는거도 아니면서 유투브영상은 너무하네요.
Min Kim,1,2026-05-29 20:46:17,최악의 앱과 개인정보 보안관리 패치하면 백퍼 로그인 안됨 재설치
JHL,1,2026-05-29 20:11:43,"이거 개발팀이 멍청해서그런거같은디, 지들이 무슨 업데이트할때마다, 기존에 설치된 따릉이어플 삭제하고 재설치하고 다시시작하고 업데이트하고 로그인해야 이용할수잇음. 내가 사장이엇으면 그 개발자 당장 해고햇을거임. 이거 제정신임? 그개발자 누군지 왜이렇게 일을못함"
강선옥,5,2026-05-29 18:48:43,저번 주에는 대여하기 활성화가 안되서 이용 못했는데 이번주엔 오류로 로근이 안돼요...다른 분들 잘 빌리는거 보면 제 앱만 문제인가 싶긴 한데 심각해요...5월은 반도 못탔어요....
YJ H,3,2026-05-29 17:08:33,"왜이러는걸까요? ""500 에러가 발생하였습니다. An error occurred on the server."" 이라고 하면서 로그인 화면에서 계속 뜨고 로그인도 안되는데;;"
yugyeom Lee,1,2026-05-29 14:01:29,오류로 대여안되는 경우가 너무 많음 진짜 싫네요 이용권끝나면 다시는 안씀
Standard Yun,1,2026-05-29 10:37:00,"큐알 인식 드럽게 못하고, 숫자로 따릉이 대여 시작하려하면 무한 로딩. 별것도아닌 기능하나 제대로 개발 못하는거 나엿으면 쪽팔려서 개발자 명함 다 잘라버렸음."
연두,1,2026-05-29 10:29:12,앱을 사용할수가 없어요 삭제하고 캐시 삭제 다 해봤는데도 로그인이 자꾸 안되네요 정기권 사놨는데 쓰지도 못하고 이게 지금 뭐하는 건가요?
namename,1,2026-05-29 09:07:47,개발자모드를 왜... 매크로 답변 말고 이유를 말해보세요
Yoon Choi,1,2026-05-29 09:04:39,"개발자 모드가 켜져있다고 실행불가, 개발자 모드 종료해도 동일 문구 표출됩니다. 금융앱도 잘 돌아가는 환경인데 도대체 뭘 잡는걸까요 그냥 삭제하고 제휴사(티머니 고)로 넘어갑니다~ 수고하세요"
KwangHee Cho,1,2026-05-28 22:36:05,개발자모드 비활성화 상태인데도 개발자모드에서는 사용할수 없다는 팝업이 떠서 사용 못하고 있습니다. 수정해주세요.
Night N,4,2026-05-28 22:05:37,다 좋은데 앱 오류가 너무 많네요. 뭐 자전거가 어느날은 없고 그런건 그냥 사용자가 많고 이동경로가 집중되어 그런거 다 이해 합니다. 근데 앱 오류가 나서 자전거 이용이 불가능하면 정기권 끊은 입장에서는 난처하네요.. 제발 앱 오류 개선좀 해주세요 ㅠㅜ
썬데이,2,2026-05-28 20:19:01,오늘 아침7시부터 500에러 뜨더니 최신업데이트해도 안되고 재설치해도 먹통이네요.
권대현,1,2026-05-28 20:08:19,개발자모드 사용하는사람은 쓸수가없는데 빠른시일내에 해결부탁드립니다 다른 모든앱은 이걸로 사용못하게 하질않는데 왜 따릉이만 안되나요???
권윤진,1,2026-05-28 19:31:34,갑자기 500에러가 뜨면서 세션이 만료되었다며 로그아웃됨. 근데 웃긴건 로그인페이지 아래에 있는 지도보기를 누르니 대여가 가능함. 이건 무슨 오류인가요
김현식,1,2026-05-28 17:48:47,애러가 너무 자주 발생 어플 잘 좀 만들어주세요
문수연,1,2026-05-28 17:32:33,공무원이 하는게 그렇지 아놔 짱나 개발자옵션에서 잘 되도록 개발해야지 한참을 고생했네 미리 공지라도 띄우거나 이건 뭐...
11 1,1,2026-05-28 17:24:06,개발자는 능력좀 되는사람 쓰던가 허구헌날 업뎃 잘못해서 삭제후 재설치
그린밀크티,1,2026-05-28 17:02:15,오늘 업데이트 하고 보니까 개발자 모드로는 앱 실행을 못 한다면서 아예 실행도 안 되네요. 뭐 어쩌라는 건지
YT K,3,2026-05-28 13:04:55,개발자 모드에서 실행 안되게 막은거 풀어주시오~
Hyun Hee RHEE,1,2026-05-28 08:44:15,"1. 연결에 실패했습니다 반복되서 문제점 남겼더니 근본적인 대책은 제공도 안 하고 이어폰이나 다른 장비 연결을 해제하고 하라느니 다시 로그인하라느니 해당되지도 않는 답변만 줌. 2. 오류가 발생하면 오류의 원인과 해결안을 팝업시켜야지 ""오류 500이 발생하였습니다"" 메세지만 반복되서 뜸. 사용자를 위한 앱이 아니라 개발자만 알아보려는 앱이라는게 딱 이런거임. 3. 결국 모든 문제는 그냥 설치삭제 했다가 재설치하는 방법으로밖에 해결이 안 됨. 재로그인 되었습니다+자동 로그아웃 무한 반복 문제도 있기 때문임. 근데 그냥 해결책을 얻을 곳이 없음. 4. 요즘 시대에 돈주고 쓰는 앱서비스가 이정도인 것이 뭐가 있을 정도로 그냥 다시 만드는게 나아 보임. 세금으로 저렴하게 운영되니까 그냥 불평불만 없이 써라? 그럼 그게 더 문제임. 세종 어울링보다 문제 발생 빈도가 견줄 수 없을 정도로 높은 데다가 대책안이라고는 1도 없음."
hr k,1,2026-05-28 08:20:49,"갑자기 개발자모드로 사용이 안된다며 앱 실행이 안됩니다. 돈주고 사용하는데, 출근할때 쓰는건데 너무 열받네요"
ᄋᄎᄒ,1,2026-05-28 08:16:17,로그인 자꾸 튕긴다 일해라 공무원
서소영,1,2026-05-28 07:52:35,개발자모드로 안된다고 자꾸 꺼지는데... 출근해야하는데 화나네요....
Ellie Min,2,2026-05-28 07:39:07,따릉이 로그인이 500에러로 안됩니다. 업데이트해도 안됩니다.
이재혁,3,2026-05-27 18:24:46,앱이 안열리는데요 결제했는데 환불되나
센도요,1,2026-05-27 15:19:46,앱을 사람이 못쓰게 만들어놨네
감자,1,2026-05-27 15:06:25,바람좀 쳐 넣어라 걸어가는게 더 빠르네
주혁김,5,2026-05-27 08:48:56,경기따릉이.인천따릉이 지역별로 따릉이가 있었음 합니다 좋아요
이준호,1,2026-05-26 13:28:39,로그인은 안되고 무한 반복만 되요 삭제하고 다시깔고 로그인 할려는데 500 에러 뜨네요
JH Shin,1,2026-05-25 22:18:48,대여중인데 반응없는거 취소하려는데 대여취소 한번에 되는 꼴을 본적이없음 홧병생기기전에 장기권끝나면 담엔 다른거쓸생각
김재용,1,2026-05-25 00:04:52,최악
은하철도999,1,2026-05-23 20:25:53,웩🤮🤮🤮🤮🤮🤮🤮🤮🤮🤮🤮🤮 되는게없누 쓰지말자
권민서,1,2026-05-22 22:21:41,에러 뜨면서 계속 로그인이 안됩니다.. 바쁜 상황인데 이렌식으로 사용 못하게 되니 곤란하네요..
선량한잼민이,1,2026-05-22 17:58:12,비회원으로 이용권 구매후 이용하려는데 큐알카메라이용하는게 안뜨네요
용샘,1,2026-05-22 11:04:28,결제 완료되자마자 갑자기 업데이트하라고 해서 업데이트 하더니 로그인 풀리고 오류메세지뜨면서 로그인 계속 안된다. 결제하기전부터 업데이트를 하라고 하던가. 계속 에러나서 돈하고 시간 다 날렸다 환불해줘라
ᅥᅡ,1,2026-05-22 09:15:54,"아니 로그인 아이디 자체가 사라졌는데 하,,"
김재아,5,2026-05-21 11:47:06,아침에 안돼서 개화났는데 업데이트했었구나 미안해고마워사랑해뽀뽀쪽
김현종,2,2026-05-21 09:34:00,오류수정 부탁. 로그인이 안됩니다.
박태영,5,2026-05-20 17:18:51,아예 삭제했다가 다시 까니까 해결됐어요 감사합니다
Brian Huang,1,2026-05-20 11:33:18,第一次安裝，打開 app，停在初始畫面 0/100(%)
Chris Lucifer,1,2026-05-20 00:46:46,오류 범벅
성이름,5,2026-05-19 22:09:34,잘 쓰고 있어요 근데 오류 난 듯 계속 로그인 화면 새로고침됨
최미니,5,2026-05-19 20:44:10,오늘도 정신없이 밀려드는 업무에 사정없이 털리다가 안 끝날것 같은 야근 끝에 겨우 팬티 하나 부여잡고 탈출하는 마음으로 회사 엘베에 몸을 싣고 집까지 가기 위해 따릉이앱을 켠다. 이미 대부분의 주위지역은 자전거가 없어서 부족신고 한번씩 때려주는데 마침 근처에 3개가 남은곳 있어 마지막희망을 갖고 향해본다. 골목을 돌아서는 순간 두명이 따릉이를 타고 나온다. 아뿔싸! 하지만 한대 남았다. 세상에! 새싹용이다. 하지만 다리접어서 우스꽝스럽게라도 갈수 있으니 다행이다. 난 구매 했는데 밑에 이용권구매로 나온다. 보통 이럴때 눌러주면 알아서 로그인된다. 로그인! 안된다. 로그인시도하는데 계속 이용권구매가 나온다. 앱 업데이트 안됐나? 아니다 최신이다. 앱껐다 켰다가 난리부르스다. 자전거 앞에서 한참을 서성이는데 왠 한 여성분이 헬멧을 들고 다가 온다. 안돼! 나의 손은 더 빨라진다. 두다다닥! 여성분은 여유있게 바코드 태그하고 새싹따릉이와 함께 떠나간다. 일반 직장인의 하루이다.
WJ KIM,1,2026-05-19 20:11:38,네이버 로그인 완료한 상태에서 이용권 구매 누르면 로그인되어있지 않다고 뜨면서 동시에 자동로그인 진행해서 바로 홈 화면으로 갑니다. 무슨 기능을 눌러도 똑같은 상황 반복이에요.
Tary Oh,3,2026-05-19 19:00:52,진짜 배치 잘되어있어서 쓰고있는데 너무 어플에 잔버그가 많은거 아닌가요. 무한 로그인 때문에 타지도 못하고 결국 뛰어갔습니다. 어플좀 제대로 업데이트 해주세요
하진홍,1,2026-05-19 18:29:24,로그인 성공에서 이용권구매로만 뜨고 대여버튼을 누를래야 누를수가 없거든요? 진짜 바쁜데 너무너무 열받아서 꾹꾹 진정시키고 글씁니다
HH H,1,2026-05-19 18:16:57,로그인 풀림. 대여를 할려고 해도 계속 이용권 구매 버튼만 뜨고 그거 누르면 무한 재로그인 시작. 업데이트 후 오류 난듯
개미,1,2026-05-19 17:45:37,"연결이랑 반납 가끔 안되는건 예전보다 괜찮아져서 그럴다 칩니다. 근데 이젠 로그인도 안되고, 내정보나 설정버튼 눌러도 자동으로 로그인 팝업 켜졌다가 돌아오면 이용권 구매하라고 뜨고, 또 누르면 다시 로그인 팝업 켜지고 뭐 어쩌란건지 모르겠네요. 오류가 이렇게 많은건 리뷰만 봐도 나오는데 ui를 업데이트 하던가 다시 갈아 엎어야 하는 것 아닐까요."
SIWON LEE,1,2026-05-19 17:10:09,진짜 욕나오게 하네요 정보유출된 내용은 아무런 보상도 없고 이미 구매한 이용권은 최소한 사용은 가능하게 어플 운영을 해야하는 거 아닌가요 구매한 이용권 확인도 안되어 어플 지우고 다시깔고 임시 비밀번호 발급안내가 아예 안와서 20분을 서서 해결하려 하다가 결국 걸어갑니다
카오 (양희윤),1,2026-05-19 11:36:37,아니 업데이트하고 왜 로그인이 안 되나요 로그인되었다고 팝업만 뜨고 이용권 구매하라고 뜨고 내정보 들어가면 로그인창 나오고 하... 리뷰에 답글 남긴대로 데이터/캐시 삭제도 다했는데 안 됩니다.
권용재,1,2026-05-19 07:40:54,맨날 로그인 정보가 없다고 튕기고 빌리는데 한 세월인데도 고칠생각도없음. 공공기관에서 관리하는 어플다움
윤병석,1,2026-05-19 06:47:16,오류가 많은데 개선이 안되어 유감입니다.
김123,1,2026-05-19 06:37:23,1년 정기권을 구매했으나 앱이 구매 인증 및 QR 활성화가 되지 않아 정작 이용해야 할 때 맨날 이용을 못함. 페어링 지연 및 불가는 덤. 왜 돈 내고 스트레스 받아야 하는지
이창열,1,2026-05-18 11:50:24,다운이 너무 잦아 불편이 이루 말할수 없습니다
이상만,1,2026-05-18 03:57:05,"로그인에 성공했다고 뜨면서 정작 이용권구매하려면 자꾸 튕겨나갑니다. 간만에 택시비좀 아껴보려구, 접속했다가 포기.. 나만그런줄알고 삭제후다시깔려다가 지인핸드폰으로 접속해봐도 같은현상이 나네요 서울시에서 운영하는 공공얩이 이래서야 되겠습니까? 로그인오류 수정부탁드립니다."
이상현,1,2026-05-17 15:37:31,로그인 성공했다면서 화면 팅기는 현상 계속 반복
유니원TV,1,2026-05-16 20:44:16,뭐 이런 앱이 다 있지
이세종,1,2026-05-16 10:07:53,안열려
최규호,5,2026-05-16 08:03:21,삶을 바꿔줌. 가끔 연결 오류로 빡칠 때가 있지만 매우 만족.
graham,1,2026-05-16 03:30:04,돈먹음 씩빵
ArEs,1,2026-05-16 00:10:45,1점도 아까운 어플. 결제하려해도 결제가 불가능하게 막아놓은게 아쉽다. 기획과 개발의 수준이 낮은게 아쉬움
robin,1,2026-05-14 19:53:38,고장 신고 기능을 좀 더 편리하게 바꿀 필요가 있어보입니다. 그리고 고장 신고 종류에 따라 자전거가 잘 굴러가는데 지장이 없는 고장(후미등 배터리 등)의 경우 대여 중단할 필요가 없어보입니다. 고장 수리를 하루이틀만에 해서 대여중단을 풀 수 있는게 아니잖아요?
maple V,1,2026-05-13 18:43:07,"한번에 대여 성공한적이 드물고, 대여반환도 제대로 안되어서 요금 물까바 짜증나요"
전연희,5,2026-05-13 10:42:52,자전거 재미있어요
이우택,5,2026-05-13 09:35:50,이런 공공사업은 서민들에게 도움이 되는 좋은일입니다 고맙습니다
로즈리젤,5,2026-05-12 02:16:57,잘사용하고있습니다
오민석,1,2026-05-09 09:14:18,위치 인식 문제나 대여 오류 시간 지연 및 각종 문제가 많습니다.
Monde Nouveau,1,2026-05-09 02:10:35,이용권을 구매했는데 이용을 못한다? ㅋㅋㅋㅋㅋㅋㅋㅋㅋㅋ무한 로딩에 연결안됨 ㄱㅅㄱ들아
김민균,2,2026-05-08 06:59:02,최근 들어 서버가 너무 터져요... 하루빨리 정상화되었으면 좋겠습니다
아아아아아아,1,2026-05-08 02:43:59,"자동결제 해제 문제로 30분 씨름하고, 짜증나서 계정 삭제하고 그냥 비회원으로 로그인하려고 하니까 그때부턴 무조건 회원 로그인만 강제됩니다... 따릉이가 공공앱이라 다른 앱보단 개인정보 보호에 좋을 것 같아 어쩔 수 없이 쓰는데 이럴 때마다 너무 짜증나네요."
Yongjun Park,1,2026-05-06 13:53:13,자전거 대여가 안돼요. 한 다섯개 정도 자전거에서 시도해보고 폰 재부팅해보고 20분간 아무리 시도해도 안됩니다
배효은,1,2026-05-05 13:44:18,가끔 큐알 인식이 안되고 번호 입력해도 빌릴 수가 없는데 그거 때문에 곤란합니다. 개선 해주세요
inun ung,1,2026-05-04 21:18:41,이젠 하다하다 켜지지도 않네 여러모로 레전드
재웅,1,2026-05-04 17:29:15,잠금해제 한번에 잘되는걸 본적이없음
Seung Jin Lee,5,2026-05-03 14:59:00,사용하기 편리해요. 착한 가격도 굿
릴양갱,1,2026-05-03 01:04:42,안 켜짐
유레르,1,2026-05-01 22:53:15,따릉이 앱이 안켜짐 ㄴ앱이안켜진다니깐 복붙답번으로 답해놧네요 그리고 로그인도안되고 이용권도 날라갓네요 뭐임? 뭐가해결돼 똑같은데
인간,1,2026-05-01 15:14:49,따릉이 주차 시키는 곳이 너무 한정적이네요.
호호,1,2026-04-30 18:04:25,자동로그인이 풀릴거면 자동로그인을 왜만들었어요? 그냥 자동로그인풀림으로 만들지 이따구로 만들어서 왜 괜히 비난을 듣나요
야미,1,2026-04-30 09:34:43,페어링안되고 결국지각^^ 택시탐
ms s,1,2026-04-30 08:51:07,모든 지자체 공공 자잔거 어플 중 가장 구림. 페어링 오류 때문에 시간 잡아 먹은거 한두번이 아님
김성관,1,2026-04-30 08:26:31,아니 바쁜 출근시간에 10번해도 안빌려지면 어쩌자는겁니까? 덕분에 뛰어서 그냥 버스 탔습니다^^ 진짜 쓰레기같은 앱이네요 -추가 : 이번엔 대여하기 버튼이 안먹네요^^ 덕분에 지각했습니다^^ 개발자 누구인진 모르겠는데 좀 제대로 된 개발자 쓰세요. 이상한 초급 코더 쓰지말고 제발
박성우,3,2026-04-30 04:05:15,비번찾기해서 임시비번 발급받으면 잘못된 아이디비번이라 그러고 자전거 대여하려하니까 3개 다 다른 자전거인데도 대여불가는 커녕 어떤 알림도 안뜨고 뭐하자는거죠?
정원서,1,2026-04-30 02:58:06,"아 진짜 쓰레기 어플리케이션. 자전거 타려고 새벽3시에 서서 백날천날 ""대여하기""버튼 눌러서 카메라 QR인식해도 ""대여소 정보를 가져옵니다""만 뜨고 반응은 없고 다시 ""대여하기"" 눌러도 이젠 카메라가 켜지지도 않네. 그놈의 음주금지 안내창은 알겠으니까 그만 좀 뜨고 QR인식이나 좀 뜨라고. 이렇게 반응도 안 할 어플 만들 거면 도대체 예산은 왜 받아 먹는 건가. 휴대폰 재부팅 해보라 그래서 재부팅 해봐도 마찬가지네. 아 진짜 짜증난다...별 1개도 아깝다."
청포도봉봉,3,2026-04-26 10:43:35,다 좋은데 번호로 타이핑해서 치면 절~~대 연결이 안 돼요. 그렇다고 모든 자전거에 QR 찍는 곳이 깔끔한 것도 아니라서 따릉이 연결하는 데 꽤 시간이 걸립니다.
Gun Woo Kim,2,2026-04-24 08:15:48,페어링 스트레스
kkj kdj,1,2026-04-23 08:53:56,진짜 어플 리뷰 처음 남겨봅니다. 최악이에요. ai로 코딩 하는 시대에 이 어플은 몇년째 발전이 없네요
white,1,2026-04-22 01:45:22,아니 앱이 뭔 개인 개발자보다 더 못만들 수가 있냐? 예산을 어디다 쓴거임
kujo kujo,3,2026-04-22 01:01:34,"연결 실패했을 때 빠르게 취소할 수 있도록 앱 업데이트 좀 해주세요 이중대여 우려로 오래 걸린다는 답변하지 마시고 프로그램 단계에서 페어링 바로 중지 신호를 보내는 방법이든 뭐든, 개발자분이 좀 연구해서 딜레이 시간 지금보다 좀 줄이도록 개선 부탁드림.. 할 수 있다!"
Echo mu,1,2026-04-21 22:44:32,인식이 한 번에 안되고 계속 대여 대기떠서 너무 불편합니다 한 두번도 아니고 스트레스 이빠이 받네요
Sb Choice,5,2026-04-21 21:57:19,good
전종건,5,2026-04-21 09:22:10,"갤럭시 폴더7 사용자입니다 언제부턴가 최근 1년 전부터 앱이 너무 느립니다 기다리지 못 할 정도입니다 화면 넘어가는데 1분은 기다려야 하는 거 같습니다 와이파이 아니고 5G로 사용하는데도요 (삭제 후 재설치 했더니, 아주 빨라졌습니다 고맙습니다)"
mm mm,2,2026-04-18 14:59:23,가족 등록을 하려고 핸드폰 인증을 받으려는데 pass앱이 안돼요. 이용할수 없는 환경이라면서 자꾸 튕기네요. 해킹문제도 있고 가급적 문자인증 안받고 싶은데 왜 이러는거죠?
su-yeon Jun,1,2026-04-15 14:38:24,앱이 먹통이예요. 화면이 안보임 블랙 그 자체!@
채민철,4,2026-04-15 10:07:06,대여소에 어린이용 밖에 없거나 한쪽만 있을 경우에도 부족하다고 신고 가능하게끔 부탁드립니다.
Chris Kim,1,2026-04-14 20:55:03,대여 실패가 더많은 쓰레기
정민우,1,2026-04-14 18:14:12,결제가 안됨
김준혁,1,2026-04-12 01:30:46,앱이 안켜져서 시간만 날리네요
위WONJUN,1,2026-04-10 19:42:26,페어링
Seyoung Chung,3,2026-04-10 17:17:39,잘쓰고는 있지만 로그인이나 미반납 오류가 잦습니다
Tube Lemon,1,2026-04-10 13:47:19,캐시 삭제해도 어풀이 안 열리고 큐알 찍을 때 오류가 너무 많습니다 지연도 잦고요
증포동감자탕,1,2026-04-06 16:13:39,진짜 징그럽게 연결 안되네요. 대여취소도 안돼 반납도 바로안돼 너무한거 아닙니까??
박준영,1,2026-04-05 14:56:55,미쳤냐? 버그 왜이렇게 많아
김재준,1,2026-04-04 12:17:34,"허구한날 연결 실패, 페어링 실패 어쩌자는건지:; 1년권은 거르세요. 365일중에 제대로 작동하는게 한 10일정도 되는듯?"
당호엽,1,2026-04-02 23:13:56,어플 켜면 검은화면만 보입니다 기다려도 계속 검은 화면이에요
SANGWON LEE,1,2026-04-02 08:52:03,왜 자꾸 대여실패 뜹니까 한번에 연결되게 조치바랍니다 이것땜에 1시간이나 시간 까먹었다 이놈들아
pp p,1,2026-03-30 15:33:17,공공기관 어플이라서 최대한 일 안하고 어영부영 넘기려는거 알겠는데 급여받고 일하는거 양심이 조금이라도 있으면 최소한 기본은 좀 지킵시다 페어링실패나는거 백번양보해서 넘어가는데 적어도 그거 대여취소는 바로 되게 해야하는거 아닌가요? 대여취소 버튼만 만들어놓고 기능을 못하면 왜 놓어놓은거야 ㅡㅡㅡㅡㅡㅡㅡㅡㅡㅡㅡㅡㅡㅡㅡㅡㅡㅡㅡㅡㅡㅡㅡㅡㅡㅡㅡㅡㅡㅡㅡㅡㅡㅡㅡㅡㅡ+아니 그니까 그런 멍청한 기능을 왜 30초~1분씩이나 두나고 그리고 그걸 너희들이 안내 하셨어요?;; 페어링 거지같은거 이해하고 대여취소하고 빨리 다른 자전거 시도해야하는데 계속 버튼 떠서 다른건 시도도 못하게 해놓고.. 결국엔 앱 껐다 켰다 두번을 해야 취소되고 그러는게 정상이라 보나요? 대기시간이 있으면 대기중이라고 표시를 해놓던가 받아본 답변중 제일 등신같은 답변이네
hj7 Real,1,2026-03-29 18:42:04,멀쩡한 자전거가 없어요
Radetion,1,2026-03-29 18:20:17,"안장 최대로 높여도 낮고, 고정 안되서 계속 내려앉고, 타이어에 공기도 별로 없고. 타라는거 맞나요?"
신난다난다,1,2026-03-26 12:49:56,페어링 연결이 안돼요 작년에 이용할땐 블루투스 이어폰 연결되어 있어도 잘됐는데 올해 날이 좋아 다시 자전거 타려고 결제하고 대여하려고보니 연결이 되질 않네요 고객센터 안내따라 해도 안돼요 티머니고 접속해서 해도 안돼요 환불했습니다...ㅠㅠ
REALDOL,1,2026-03-24 17:36:55,켜지지도 않는 쓰레기
백유진,1,2026-03-24 09:21:57,맨날 자전거 개수가 안맞음 앱 관리를 하긴하는건지 의문
Eman R,1,2026-03-24 08:33:55,왜 평점이 낮은지 알겠다..
jinhun lee,1,2026-03-23 08:58:57,티머니GO로 가시오. 따릉이 맨날 다운.
정성은,3,2026-03-23 08:38:43,늘 잘 되다가 오늘 아침에 연결이 안되어서 힘들었네요 ㅠ
Kid Music,1,2026-03-21 10:16:15,앱실행부터 화면 하나하나 제대로 안넘어가는것좀 고치세요. 몇달째 그러는데 도대체 뭣들 하시는거에요
정석대로,3,2026-03-13 22:39:17,"다 좋은데, 자전거 수거해가면 제발 배터리만 충전하지말고, 바람 좀 꽉 채워주세요...."
윤소현,1,2026-03-12 22:51:58,아이디 찾기 뒷자리 왜 숨겨놓으신거예요?? 타려고 했는데 20분 동안 서 있었습니다
최지용,1,2026-03-07 10:03:22,결제가 안 됬는데도 된다고 하고 돈은 빠져나갔는데 사용권 충전도 안 되네요 빨리 고쳐주셨으면 좋겠습니다
Bear The,1,2026-03-06 12:40:55,페어링 오류 지긋지긋 힌번에 연걀될때가 별로 없음. 이런 앱을 완성품이라고 내놓는지...
gyu,1,2026-03-04 17:22:17,앱 실행 후 바로 대여하면 괜찮은데 한 10초 정도라도 지난 후 대여하면 항상 싪패합니다. 그리고 내 대여이력 보고 싶은데도 GPS 안 켜져 있으면 하얀 화면에서 안 넘어가고요. 좀데 세심하게 만들면 좋았을 거 같네요
조강산,1,2026-03-01 07:31:08,어플 더럽게 쳐느림 반응도 늦고 세금도둑새끼들
박포도,1,2026-02-25 19:20:19,겁나 불편해
JOSW,2,2026-02-25 17:59:12,연결이 맨날 한번에 안돼서 자전거 문제인가 했었는데 티머니고로 한번에 연결됨. 자전거 대여실패가 앱 문제인듯
좋은생각좋은말좋은행동,1,2026-02-25 14:02:56,초등학생의 작품
꾸으어앵우애우우으에엙,1,2026-02-23 12:06:21,결제햇는데 이용권을 안줘요 ㅠㅠㅠㅠㅠㅠㅠㅠㅠㅠ 돈은 나갓는데 이용권은 안줘요ㅠㅠㅠㅠㅠ 문의하고싶은데 홈페이지에 시민의견 수렴 부ㅜ분이 어디잇는지 모르겟ㅇㅎ요ㅠㅠㅠ
감지구,1,2026-02-21 19:26:40,좋은게 좋은거지 하고 리뷰로 안좋은 말 앵간하면 안합니다만 정부에서 운영하는 어플이 맞나 싶을정도로 자전거 연결이 개같이 안되네요 몇번을 재접속해야 되는건가요? 정부에서 운영하는 어플이 이딴식으로 불안해도 되나요? 할때마다 진짜 자전거 부시고싶네요
ᄋᄋ,1,2026-02-21 11:03:53,대여소 앞에서 반납 요청 아무리 눌러도 안되는건 뭐냐 덕분에 지하철 놓쳐서 지각하게 생겼네 ㅎㅎ 고맙다 따릉이~~!
yeonguk cho,3,2026-02-14 19:23:36,로그인부터 대여 등등 너무느림
Jun Kim,1,2026-02-12 02:17:11,개인정보 유출이 뭡니까??
이Jodan,1,2026-02-11 18:00:01,빌납처리 제대로된적이 거의없음ㅡ 콜센터저나해야되고 폰바꿔도 똑같음
yong ho Shin,1,2026-02-11 17:45:09,진짜 공공이 앱 만들면 어떤 결과가 나오는지 보여주는 대표 사례.
구구글,1,2026-02-08 12:43:41,개인정보 유출
H Kim,1,2026-02-06 22:25:54,정보 관리 제대로 못해서 유출해놓고 대응도 제대로 못했으면서 사용자 한테 정보관리 잘하라고 1/30일자 공지 올렸네? 진짜 뻔뻔하다
MIAE kim,1,2026-02-04 19:21:56,별하나도아까움 대체 취소는 왜 바로안되나요? 개발자 로그확인좀해서 개선해주세요 대체 앱을 몇번을꺼도 안되고 펭어링 안되면 취소라도 바로해주던가 진짜ㅠㅠ 특히 상왕십리역이 항상 매번실패나요 로그좀 확인하세요 제발
Sangwon,1,2026-02-04 08:42:00,따릉이 대여 계속 실패되는데 한번에 되게 조치해라
이훈,1,2026-02-01 15:09:38,매일 자전거 연결이 안됨
노연수,1,2026-01-31 18:26:30,페어링 연결 실패좀 처 고쳐라
j s,1,2026-01-26 18:34:20,반납이 제대로 안 될 때가 많다 알도 없어서 고객센터도 못쓰는데
young guru,1,2026-01-24 19:30:49,검색 차단 설정 안해서 구글에 주민번호랑 폰번호 노출 된 게 사실인가요???
곰팅이,1,2026-01-18 21:25:53,실행이 안되네요
석진경,1,2026-01-17 20:37:36,앱에서 내정보로 들어가면 화면이 하얀상태로 멈춤니다! 뒤로 가기도 안됨!!
bongsik park,5,2026-01-12 10:09:35,갤럭시 워치용 어플도 있으면 운동할때 너무 좋을것 같은데 없어서 많이 아쉽네요^^
김민경,1,2026-01-10 16:08:15,아쉬워요
이준혁,4,2026-01-08 16:04:32,"버스기다릴 시간에 옆동네를 갈 수 있다는점이 편리합니다. 오르막길 오르려면 요령껏 오르세요. 무릎나가시면 골치 아픕니다. 개선점은 QR코드도 잘 안 찍히는것도 많네요. 안 그래도 바쁜데 시간만 잡아먹네요. 신경 좀 써주시고, 자전거바구니 없에주시고, 뒤에 짐싣는 공간 만들어주세요. 바구니에 양심없이 쓰레기 무단투기 하시는분들 많이 계시네요. 이러지 좀 맙시다."
SangIn Choung,1,2026-01-05 15:32:15,앱 리뷰 이벤트라고 쿠폰 번호를 줬는데 이미 사용된 번호라고 뜨네요. 안하니만 못한 이벤트는 왜하는건가요..
이승우,1,2026-01-02 11:14:58,왜 대여소에서 반납했는데 임시잠금 철됐다는 말만 계속 뜨나요
j h,4,2025-12-15 23:18:14,1시간 이용권을 구매하면 꼭 한번에 1시간을 다 써야하는 것이 아니라 시간을 여러번 나눠서 사용 수 있는 점이 마음에 듭니다. 가격이 저렴하고 대여와 반납도 간단한 것 같아요!
lee lee,5,2025-12-15 17:30:12,항상 잘 이용하고 있습니다. 감사합니다!
XOXO Ryu,5,2025-12-15 15:49:53,"빠르고 쉽게, 그리고 저렴하게 공용 자전거를 이용할 수 있어서 좋습니다. 최근에는 너무 추워져서 거의 이용을 못했지만 날씨 좋을 때 운동용으로도 좋더라고요. 따릉이 타고 한강 라이딩도 좋고(매우 힘들지만^^;) 근처 공원 라이딩도 매우 좋았습니다."
강성빈,5,2025-12-15 09:31:42,10년간 잘 사용하고 있습니다 다만 대여시 인식률만 좀만 올려주면 더 좋겠어요!
Kwang Hyun Kim,5,2025-12-14 21:30:52,"서울자전거 따릉이 앱이 티머니GO 앱에서 따릉이 대여하는 것보다 편리한 점은 정기권이용중에도 이용권구매가 가능하고 H포인트로 전환이 가능하다는 점이 정말 좋은 것 같습니다. 예를들자면 H포인트앱에서 출석체크,젤리로 모은 H포인트를 서울자전거 따릉이앱으로 사용할 수 있다는 것이 장점 중 장점이라고 말씀드리겠습니다."
gemstone Song of,5,2025-12-14 19:04:44,운동 할때마다 이용하는데 아주 죠습니다:)
최유리,5,2025-12-14 18:53:37,다른 비슷한 시설물들과 다르게 관리도 너무 잘되고 꼭 필요한 유일한 대여형 이동수단 이라고 생각합니다!!!! 앞으로도 잘 이용하겠습니다!
지니,5,2025-12-14 16:22:03,만족합니다 따릉이 없이 어떻게 살았었나뮤르겠내요. 서울에서 최고 대중교통입니다
austin yoon,1,2025-12-14 14:45:43,아나잉 토스페이먼트 인증 왜안되는데
M,5,2025-12-13 20:45:10,"서울 시민은 아니지만 직장이 서울인 관계로 종종 편리하게 사용하고 있습니다. 오래타려면 1,2시간마다 갱신해야해서 보관소 미리 찾아두는게 살짝 번거로웠는데 3시간짜리가 나온다니 아주 반가운 소식입니다. 다만 한가지 건의 드리고 싶은건 따릉이의 안장 수평좀 잘 맞춰주세요. 앞부분이 들려있는 자전거가 의외로 많더라구요. 높낮이 조절과 달리 안장 수평은 장비가 필요해서 임의로 어찌해볼수도 없더라구요."
쿨쩍,5,2025-12-13 20:33:33,참 편리하게 잘 사용히고 있습니다. 서울 인근 지역 자전거와 연계되면 더욱 좋겠습니다.
Won Yi,4,2025-12-13 08:29:11,"꾸준한 유지관리 감사합니다. 그런데 요즘엔 페달이 너무 빡빡하게 조여져서 힘들거나, 기아변경이 잘안되서 헛도는 경우가 많습니다. 좀더 세심한 관리 부탁드립니다."
주동규,5,2025-12-13 08:12:11,"서울시에서 서민, 청소년을 위한 가장 실질적인 지원 사업이라고 생각한다. 25년 10월 말 부터 1개월 정액권(5천원)을 사용해서 출퇴근(편도 약 3키로)을 했다. 1개월동안 약 100km를 달렸고, 절약한 교통비만 6만원 이상 예상 한다. 물론 언덕길도 있어서 허벅지 운동도 되었다. 내 자전거면 보관, 주차? , 관리 이런거 신경써야 하는데, 전혀 신경쓸것 없다. 서울시 좀 넓은 대로변이면 어김없이 따릉이 대여소가 있어 빌리고 주차하고 너무 편하다. 가끔 수요가 폭팔하여 가던 대여소에 자전거가 없어도 어플을 보면 가까운 위치에 자전거 몇대가 있다고 소개 해주니, 조금만 걸어가면 자전거를 대여 할 수 있다. 광고 멘트에 ""걷긴 멀고 차는 애매하고""하는데, 이런경우 딱 맞는 교통수단이라고 생각합니다."
문정희,5,2025-12-13 03:35:13,사용법은 어렵지 않고 대여반납도 비교적 쉬운 편이라 좋습니다. 9988손목닥터에서 포인트로 쿠폰 구매해서 종종 사용하는데요. 집에서 지하철까지 거리가 좀 있어 저같은 직장인들에겐 출퇴근시 매우 유용합니다.
grace kang,5,2025-12-13 00:34:24,따릉이앱이 사용자 편의를 위해 직관적이고 또 필요한 기능만 있어 앱 사용이 편리합니다 만족합니다!
류소현,5,2025-12-11 22:22:35,"가성비 대비 이동효율이 좋아서 따릉이 너무잘 이용하고 있어요! 다만 불편한점 몇가지 적어보자면, 1) 이용권 3시간짜리. 정기권(6개월 등)도 생겼으면 넘넘좋겠어요!진심!★(생기면 전 무조건 이용할거에요..) 2) 앱으로 자전거 큐알인식 후 1-2분 지나도 잠금해제가 안될때가 있어서 앱껐다가 대여취소 후 다시 대여해야 해서 시간이 오래걸려 불편함(즉, 인식이 넘 느리거나 안될때가 자주 있음), 3) 겉은 멀쩡한테 타고보면 하자인 경우가 많음(갑자기 의자가 점점 내려간다던지. 체인소리가 크게 난다던지. 기어 조절이 안된다던지 등), 4) 자전거 몰려있는곳/없는곳 차이가 심함 +바구니에 쓰레기 놓여있는 경우가 많음.(이건 사람들 이용에 의한거라 해결안되는 거겠지만요ㅠ),5) 큐알코드부분이 가끔 뿌옇고 흐릿하게 적혀 있어서 폰으로 인식이 잘 안될때가 종종 있음(물론 타이핑입력하면 되지만 큐알인식보단 시간이 걸려 불편함).끝."
선시르,5,2025-12-11 16:46:28,"지하철 타긴 애매하고 걷긴 힘들 때 , 내 발이 되어주는 따릉이 최고입니다 ~~~"
서규아빠,5,2025-12-11 09:57:38,합리적인 가격으로 간편하게 잘 이용하고 있습니다. 가끔 QR인식이 안되는 점은 개선이 되면 좋겠습니다.
조아란,5,2025-12-11 08:45:50,항상 잘이용하고있어요 바쁜출퇴근길 버스도 애매한거리인데 지하철역까지 빠르게가서 매번 지각을면해요 고마워따릉이
Not Found,5,2025-12-11 07:25:16,앱 내에 안전 및 안내에 관한 사항 말고는 광고가 없고 회원가입만 하면 편하게 쓸 수 있어요 근처 공공시설 근처엔 정거장이 많아 편리해요 차가 없는 다세대주택 주민들 사는 곳 근처엔 정거장이 없어 조금 불편합니다 하지만 좀 더 나아질거라 믿어요 저는 자전거가 있음에도 1년 정기구독합니다 대중교통으로 가기 애매한 코스는 따릉이가 최고예요 자전거 더 많이 탈 수 있게 출근시간 후 분산 및 정리정돈 해주셨으면 좋겠어요 더 많은 지원인력이 필요합니다 사람들에게 필요한 부분에는 많은 일자리로 보답이 되었으면 좋겠습니다
노래찌개,5,2025-12-11 00:39:41,잘됨
권경남,5,2025-12-10 21:42:55,서울자전거 따릉이 완전 좋아요. 편하죠. 빠르죠. 저렴하죠. 속도가 가끔씩 느린게 흠.
Lee Xin,5,2025-12-10 19:40:57,"따릉이는 서울시의 가장 성공적인 사업 중의 하나입니다. 이제 따릉이가 없는 삶은 상상이 되지 않습니다. 따릉이는 서울의 환경을 보호하고, 서울 시민의 건강을 증진시키며, 생활의 편리함도 제공합니다. 이보다 더 좋은 서비스가 어디에 있을까요!! 이제 따릉이는 미래를 향한 서울 시민의 자랑이자 친근한 친구입니다. 외국인들도 따릉이를 부러워하고 좋아합니다. 글로벌 서울의 글로발 이동 수단이 되고 있은 따릉이를 언제나 응원합니다~!! :)"
D,4,2025-12-10 19:28:05,잘 사용하고 있습니다. 가끔 멀쩡한 자전거인데 대여불가능하다고 뜨는거 랑 처음에 어플 들어갈때 시간이 좀 걸리는거가 속도가 빨라지면 좋겠어요
JS,5,2025-12-10 19:26:46,서울시의 자랑 따릉이 최고예요~~
별신별,5,2025-12-10 16:47:32,"서울시 지하철역, 주요 도로에서 언제든지 편리하게 조회 가능해요 항상 잘 이용하고 있어요"
윤지은,5,2025-12-10 14:54:31,"앱 사용하기 쉽고 대여, 반납이 신속하게 잘 되어서 좋아요 :)"
Hye Kyoung Lee,4,2025-12-10 14:08:35,1.(개선사항)-따릉이 대여시 고장이나 사용하기에 적절하지 않은 자잔거를 구별할 수있게 큐알코드인식이 안되게 했으면 합니다. 2.(개선사항)-대여시 사전로그인을 1분 정도만 미리 해두어도 버퍼링이 종종 걸려 다시 시작해야하는 불편함이 있습니다. 3.(개선사항)-가족간 한강라이딩으로 여의도 같은장소에 불꿏놀이구경위해 이동시 기어3단이 느려서 불편합니다. 이동개념인 자전거임은 알지만 여러용도로 활용된다는 점에서 기어를 4단정도로 올려도 좋을 듯 합니다 4.(개선사항)-월정기권 결제시 한번 지정된 신용카드를 매번 입력해야하는 불편함 5.(전체적 리뷰)리뷰50대 중반 뒤늦게 자전거를 배워 일상의 재미를 누리는데 따릉이가 한몫해주어 감사함
박정미,5,2025-12-10 13:37:28,"편리해요. 하남, 성남 위례에도 있었으면 좋겠어요"
JY Han,5,2025-12-10 13:25:41,너무 편해요 대여도 쉽고 삶의 질이 높아짐
박용수.Yongsoo Park,5,2025-12-10 09:27:53,"서울 자전거 따릉이 사용하면 너무 편하고 좋아요. 따릉이를 타면 이동성이 좋아지고, 덤으로 교통비도 아끼고, 운동도 된답니다. 가끔씩 어플 속도가 느려서 기다려야 하는 경우가 있는게 조금 흠입니다."
Eunkyung Kim,4,2025-12-10 08:23:05,따릉이타면서 몇정거장 거리는 버스나 지하철 안타게 되고 교통비가 많이 절감돼서 좋아요. 운동도 되고 근데 가끔 따릉이 연결이 잘 안되요.이게 앱 문제인지 모르겠는데.수시로 강제중지 시킨후에 다시 구동하게되요. 따릉이 연결후에 제대로 안되고. 대여취소를 하고 다시 대여를 하는 일이 잦습니다. 이부분이 시정되면 좋겠어요. 그외는 만족합니다
김소담,4,2025-12-09 22:05:24,"자전거가 있는데 관리중이라 대여할 수 없다고 가끔 뜰 때 말고는 거의 불편없이 사용하고 있어요. 따릉이가 있어서 서울의 공기가 한층 맑아진 것 같아요. 따릉이 관리해주시는 모든 분들, 평일 주말 아랑곳없이 상담전화 받아주시는 고객센터 상담원분들, 그리고 무엇보다 품질 좋은 공공서비스를 유지하는 데 애써주시는 서울시 직원들 감사해요. 앞으로도 따릉이 잘 타고 다닐게요."
ᄋᄋᄋᄋᄋ,5,2025-12-09 17:53:33,좋아요~
tb l,4,2025-12-09 17:36:11,따릉이로 비교적 가까운거리를 편하게 이동할 수 있어 좋았습니다. 다만 반납할때 레버를 끝까지 잠갔음에도 정상적으로 반납처리가 되지 않아 추가요금이 나온적이 있어 잠금부분에 좀 더 신경써주시면 좋겠습니다.
BOK LEE,5,2025-12-09 16:57:34,매일 이용하고 있어요. 서울 따릉이 너무 좋아요.
TV감성사진사,5,2025-12-09 02:01:47,"서울 곳곳에 어디든 준비돼 있어서 필요한 순간 레저와 운동, 여행을 동시에 즐길 수 있는 시민의 필수 이용템. 어디를 가다가도 따릉이 지도로 찾아 보면 적절한 위치에서 늘 만날 수 있어서 늘 감사하며 애용하고 있습니다."
이유정,5,2025-12-09 01:10:08,"우선 따릉이 자체는 너무 만족하고 쓰는 제도에요, 따릉이 앱도 간결하고 사용하기 직관적이라 좋은데 아침 출근시간에 연결이 잘 안되거나 대여했는데 반납할때 대여가 안됐다고 나오는 오류들이 좀 있어요, 그런 부분만 개선되면 최고일거같아요,"
도브,5,2025-12-08 23:08:32,좋은 어플입니다 편리합니다
육현욱,5,2025-12-08 19:22:02,가게를 운영하면서 근처 배달 갈때마다 유용하게 이용하고 있습니다. 따릉이 없으면 엄청 불편할거같아요. 주변에 대리운전 하시는분들도 엄청 유용하게 쓴다고 하시네요. ^^
신승민,5,2025-12-08 18:42:09,오늘도 잘 이용한 시민입니다. 요즘은 대여소에서 자전거를 기다리는 경우 없이 바로바로 대여가 가능해요 적정배치를 위해 애써 주셔서 감사합니다. 6개월이상 정기권을 사용중인데 일정기간 정기권 사용시 기간중 최소 1회에 며칠이라도 중단할 수 옵션을 도입해 주십사 검토 요청드립니다.
박재우,5,2025-12-08 18:12:31,퇴근할때 따릉이를 이용하는 50대 남자입니다 여름부터 가을까지는 매일 이용하였는데 겨울에는 자주 이용하지 못하고 있네요. 겨울이 지나고 따뜻한 봄이 와서 다시 따릉이로 좋은 추억과 건강했으면 좋겠습니다. 감사합니다.
Reno Juan,5,2025-12-08 17:21:51,출퇴근용으로 비가 오지 않으면 가급적 이용합니다. 별도의 운동시간을 내기가 어려운 일상 속에서 출퇴근에 따릉이로 통근하는 것이 너무 좋습니다. 차가 많이 밀리는 출퇴근 시간에 대중교통을 이용하는 것보다 훨씬 빨리 이동할 수 있습니다. 저렴한 장기 이용료로 건강도 챙기고 교통비도 절약하고 시간도 단축하니 일석삼조의 효과입니다. 더욱 많은 서울시민이 따릉이를 애용하기를 바랍니다.
임선영,5,2025-12-08 16:17:18,대여소가 많아져서 사용하기 더 편리해졌어요. 상담원 분들도 항상 친절하셔서 사용 시 문제가 생겼을 때도 처리가 편해요.
Google 사용자,1,2025-12-08 14:36:15,어플 진짜 엄청 불편함 반납오류나고 렉 자주걸림
김찬신,5,2025-12-08 14:30:33,꼭 필요할때 내앞에 나타난 구세주 막차 끊기고 곤란할때 운동도 되고 아주 조아요
Seung,5,2025-12-08 13:09:07,"따릉이 정말 잘 이용하고 있습니다! 여기저기 가까운 거리를 이동할 때는 따릉이만한 게 없는 거 같아요! 다만 아쉬운 점은 QR이 손상되어 카메라 인식이 되지 않는 자전거들이 꽤 있고, 그렇지않더라도 인식 자체가 잘 안되는 거 같습니다ㅠ 번호로 연결하면 오류가 자주나구요..! 오류가 났을 때 대여취소하기까지 딜레이가 너무 길어서 답답한 면이 있습니다ㅠ 어플이 좀 더 최적화가 된다면 이용하기 더 좋을 거 같습니다!😊"
이태구,5,2025-12-08 06:16:22,편해서 좋아요
채미니,4,2025-12-07 21:58:13,2년째 연간회원권 끊어서 잘 타고 있습니다. 출퇴근때 편하게 이용합니다. 굳~입니다여
Mia Kim,5,2025-12-07 11:49:58,정말 편합니다. ㅎ 지하철역갈때 가장빠르게 애용하는 팁임
정세현,5,2025-12-06 19:49:17,지금 아주 만족하며 사용하고 있어요. 주말에 나가서 따릉이와 바람쐬는 시간이 참 좋으네요. 굿
Gloria Park,5,2025-12-06 19:15:23,따릉이는 정말 편리하고 필수에요
누룽지,5,2025-12-06 17:17:46,"따릉이 잘 이용하고 있습니다. 앱 업데이트도 꾸준히 해주시면 감사하겠습니다. 1. 대여소 보유수에 따라 빨강, 주황, 초록색으로 시각화 2. 일반/새싹 설정 분리 3. 길찾기 기능 추가(출발-도착 대여소 지정) 4. 위젯 기능 추가"
sunny,5,2025-12-06 12:15:04,"운동시간이 따로 나기 힘들었는데, 따릉이를 이용하기 시작하면서 일석이조를 챙기게 되네요~ 다만 하루중에 각 정류소(?)에 배분이 빠르게 되지는 않아서 이용 못하는 경우가 종종 생기네요~ 하지만 정말 따릉이는 너무 좋은 공공이용시설이라 좋습니다."
SUNHO PARK,5,2025-12-06 11:37:52,이런 시스템이 있다는것이 김사해요 얼마전에 집앞에도 따릉이 스테이션이 생겨 참좋아요
MinJe Richard Park,5,2025-12-06 09:07:17,"서울 생활에서 따릉이는 정말 큰 도움이 됩니다. 앱을 통해 가까운 대여소를 쉽게 확인할 수 있고, 결제와 반납 과정도 간단해서 출퇴근이나 약속 이동 시 자주 이용하고 있습니다. 특히 최근 업데이트 후 지도 로딩 속도가 빨라져서 만족도가 높습니다. 다만, 특정 시간대에는 대여소 자전거 수량이 부족한 경우가 있어 실시간 알림 기능이 강화되면 더 편리할 것 같습니다. 전반적으로 시민들의 이동을 친환경적으로 바꿔주는 훌륭한 서비스라 앞으로도 꾸준히 이용할 계획입니다. 감사합니다!"
강민주,5,2025-12-06 00:17:16,따릉이 넘넘 좋아요~~ 덕분에 1시간이내 거리는 따릉이로 슝슝 다닙니다.
JW HYUN,5,2025-12-05 18:23:13,아주 잘 이용하고 있습니다
신민철,3,2025-12-04 19:17:14,"반환 등록이 일부 대여소에서 잘 이루어 지지 않습니다. 전파가 많아서 방해가 이루어지는 지역이 있다고 설명을 하는데.. 앱을 조금만 고치면 되는 일입니다. 대여소에서 잠긴채 30분 이상 있다면 자동 로그 아웃을 시키거나, 대여소에 있는데 다른 사람이 로그인 시도 할려는데 대여중이라는 갓을 3번 정도 인지하면 로그아웃 되는것 입니다. 어렵지 않은 소프트웨어 수정인데 이루어 지지 않는것이 안타깝습니다."
박종수,4,2025-12-04 14:51:37,"따릉이를 근거리에 근무하징산 버스를 두번타는 불편이 있어 잘 이용하고 있다. 따릉이 대여소에 이용고객을 분석하여 성인용, 어린이용를 적절하게 비치 해주면 좋겠고, 사소한 고장이라도 세밀한 체크해주세요"
소준섭,1,2025-12-04 14:14:55,왜 다운로드가 안되는겁니까
김유림,5,2025-12-04 13:58:41,"서울시 곳곳에서 탈수있고 정기권으로 결제하면 가격도 훨씬 합리적이어서 매일 사용중입니다. 자전거 성능도 꽤 좋아보이고 정말 만족합니다! 다만 자전거가 분산되어있지 않고 며칠동안 너무 한곳에 몰려있는 경우가 있어서 (물론 많이타는곳에 그렇게 배치하셨을거라 생각합니다) 수요조사를 통해 재분배했으면 좋겠습니다. 장점은 너무많은데, 제 경험으로는 제가 실수로 잠금장치를 안하고 출근했는데 24시간 콜센터로 연결했더니 친절하게 바로 해결해주신적이 있었습니다. 좋은 따릉이 서비스를 만들어주셔서 항상 감사합니다."
김희선,4,2025-12-04 11:20:11,가끔 오류 빼놓구는 사용하기 좋아요
박효은,5,2025-12-04 07:55:02,따릉이는 대여소가 여러 곳에 있어서 편하게 이용할 수 있어요. 대신 자전거 상태는 복불복입니다. 그걸 감안해도 가격대비 괜찮아서 1년권 끊어서 사용하고 있네요.
김장환,5,2025-12-03 21:43:59,아주잘사용하고있습니다!!
오동현,3,2025-12-03 18:17:27,새로 리뉴얼되고 오류가 많이 줄기는 했지만 아직도 qr을 인식하다 멈추는 오류가 간혹 발생하고 있어서 쪼금 아쉽습니다.
jm S,5,2025-12-03 15:27:39,출퇴근길에 종종 이용하는데 처음보다 편해진 사용법에 만족합니다. 가족권 구매를 최근에 알게 되어서 잘 사용했구요. 새 자전거도 생겨서 더 좋네요. 감사합니다.
친랙돌,5,2025-12-03 15:27:09,2017년부터 따릉이 타고 다니는 사람입니다 늘 1년 2시간짜리 이용권을 끊는데요 제가 정기적으로 하는 소비 중 가장 돈이 아깝지 않은 소비예요 지금은 추워서 지하철을 타지만 따릉이 타고 음악 들으며 안양천길로 퇴근을 하는 50분이 저에겐 너무 힐링이 되는 시간이라 따릉이에게 늘 감사합니다
d K,5,2025-12-03 14:34:39,자주 사용하고 있어요
김태현,5,2025-12-03 07:07:02,대한민국 최고의 가성비 교통수단 운동도하고 여행도가고 출근도하고
차한나,5,2025-12-03 00:58:02,앱이 심플하고 편해요
ABC,5,2025-12-03 00:17:07,저렴하고 대여소도 많아서 편하고 좋아요. 다만 큐알스캔하는데 시간이 좀 걸리는 부분은 개선 부탁드립니다.
Kieun Kim,5,2025-12-02 20:31:01,아주 잘 만든 따릉이입니다. 관리도 지속적으로 이뤄지고 있어서 잘 이용하고 있습니다
SJP,4,2025-12-02 19:16:10,따릉이 언제 어디서나 탈 수 있어서 좋아요. 자전거 빌리거나 반납할 때 오류가 종종 있어서 그런 건 불편하네요. 나머지는 다 괜찮습니다.
Hye PARK,5,2025-12-02 16:38:45,집 주변에 따릉이가 있어서 정말 편합니다. 자전거 상태도 좋고 이용료도 너무 저렴해서 단거리 이동할 때 애용하고 있어요!
수현,5,2025-12-02 14:49:17,항상 애용하고 있습니당 따릉이 따릉따릉~~~~
Seongmin Lee,5,2025-12-02 14:45:01,너무 편리하고 금액도 너무 저렴해요
파이리,4,2025-12-02 14:14:04,서울시 따릉이 너무 좋아요. 그런데 안장을 교체해주세요. 비만 오면 다 젖어서 바지가 앉으면 다 젖습니다.
J CHO,5,2025-12-02 11:59:49,동네에서 빨리 이동할 때 잘 이용해요. 간혹 연결하는 데 오래걸리는 부분(연결 실패 후 재연결까지 오래걸리는 점 포함)만 제외하면 좋습니다.
임금,5,2025-12-02 09:42:00,학교 다닐때 쓰기 좋아요 !! 앞으로도 자주 애용하겠습니다 💓
Jennifer Kim,5,2025-12-02 08:57:52,최고 서울 사는 이유 중 하나
통닭,5,2025-12-01 16:43:30,분철주야 고생하시는 따릉이관리하시는 현장직 직원분들때문에 정말 잘이용하고있싑습니다 현장직 직원분들좀 많이뽑아주시고 휴식도 많이 챙겨주시고 정말 잘이용하겠습니다
이재근,4,2025-12-01 14:48:48,적당한 거리를 편리하게 이용하고 있습니다.
신미선,5,2025-12-01 13:36:22,6개월마다 정기권 구매해서 잘 사용하고 있어요. 따릉이로 가까운거리 출퇴근하거나 볼일 볼때 이용하기 너무 좋아요~~~~♡
debby_ mommy,5,2025-12-01 12:05:39,"빠르게 이동이 필요할 때나 가벼운 운동 시 따릉이만큼 좋은 것도 없는 것 같아요. 앱 덕분에 대여도 반납도 초고속으로 이뤄져 너무나 편리합니다. [바라는 점] 간혹 체인 불량, 타이어 바람 빠짐 등 결함이 생긴 자전거를 만날 때가 있어요. 이전 이용자가 앱(고객센터 --> 고장신고)을 통해 고장 신고를 하지 않는 한 다른 이들은 직접 타기 전까진 알 수가 없더군요. 출퇴근으로 바쁜 와중에 신고 접수를 하는 이용자가 실제로 몇이나 될까 싶시도 하고요. 그래서 이런 자전거를 피할 수 있는 '고장 알림'을 앱을 통해 알 수 있다면 참 좋겠습니다. 일상 속 든든한 발이 돼주는 따릉이 그리고 편리함 가능한 앱 모두 오래오래 운영되길 바랍니다!"
김에스더,5,2025-12-01 09:04:59,한달권 결제해서 항상 매일 이용하고 있습니다. 환경을 더 생각하면서 타겠습니다! 따릉이 화이팅
sanghyup lee,5,2025-12-01 08:14:08,"너무 잘쓰고있습니다, 앞으로도 자전거와 어플관리 잘부탁드립니다"
유정진,5,2025-12-01 00:13:18,따릉이 자전거 성능도 생각보다 괜찮고 앱 사용방법도 간단하고 편하네요.
김지영,5,2025-11-30 23:46:37,여러곳에 설치되어 있었고 정해진 시간내에 다시 대여할수 있어서 너무 좋아요
이승한,5,2025-11-30 23:14:38,"따릉이 앱이 처음에는 오류도 많고 불편했는데, 점점 사용하기 편리해지는 것 같아요. 앞으로도 발전 기대하겠습니다."
Da Jeong Lee,5,2025-11-30 15:30:07,직관적으로 심플하게 구성해놓은 ui라 사용하기 편리합니다.
K혜영,5,2025-11-30 15:24:02,자전거를 처음 배우기 시작하는 아들과 같이 연습해보기에도 너무 좋은 기회가 되었습니다. 타기 무서워하는 아이에게 자신에게 맞는 사이즈의 자전거를 골라줄수도 있어서 좋은경험을 쌓을수있었습니다
sj h,5,2025-11-30 12:35:37,사용하기편하고좋아요
jamie benjamin,4,2025-11-30 12:02:57,아침에따릉이가 없는 경우가 있어서 출퇴근시 비상입니다.. 대중교통버스는 안된다하고요 전반적으로는 만족이나 가끔 연결실패여서 재로그인필요한게 아쉽습니다 게다가 반납연결고리가 녹이 슬거나 문제가 있어서 콜센터로 전화했더니 아침출근길에 반납장소명칭 정확하지않다고 다시 전화하라고 하질않나 반납장소에서 전화하라고 하질않나.. 짜증납니다 반납될때까지 출근하지말고 길바닥에서 대기하라는건가요?
조연수,5,2025-11-29 21:59:16,앱 사용하기도 너무 편하고~ 따봉이에요 아주!! ㅎㅎ 친환경 서울시 아자스~♡ 저렴하게 자전거 타고 이동할 수 있어서 너~무 좋아요 진짜
감자탕,5,2025-11-29 21:11:20,"처음 따릉이 출시 대비해서 지금은 관리가 조금더 나아진게 보임, 비가오나 눈이오나 담당부서가 잘 하고있다는 거겠죠 수고하세요"
김지은,5,2025-11-29 18:59:54,따릉이앱이 생각보다 버그도 없고 직관적이라서 기계치인 저도 손쉽게 이용할 수 있어서 좋아요. 가끔 인식이 안될땐 애타지만 그래도 이렇게 이용할 수 있는거에 감사하고있습니다ㅎㅎ
YC J,5,2025-11-29 18:49:42,지방에서 서울 발령 받아 제일 만족하는 따릉이. 몰랐으면 큰 일 날뻔. 정말 만드신 분들 상줘야한다고 생각합니다. 고장난 자전거 새벽에 수거하시는 분들의 노고도 잊지 않게 습니다. 정말 감사드려요~!
정소현,1,2025-11-29 16:27:05,어플이 안열려요 이정도면 기다렸다가 버스탔겠어요
슈퍼버블껌,5,2025-11-29 14:20:12,서울시민의 혜택 어딜가든 따릉이 너무 편리합니다 운동두되고 저렴한가격에 항상 완벽한 관리까지 어플도 매우 유용합니다.
Unique Film Organized U.F.O,5,2025-11-29 02:56:42,사용하기 편리하고 좋아요
차은주,5,2025-11-28 16:24:26,가까운 거리는 따릉이 타고 저렴하게 이용하는데 운동도 되고 너무 좋아요! 날씨 좋을 때 한강에서 따릉이 탈 수 있어서 좋아요~ 실시간으로 몇 대 있는지 확인 가능해서 좋고 앱 이용도 편리합니다.
안정호,4,2025-11-28 15:50:30,"ㆍ자전거 속도가 너무 느리다. 3단기어를 그 이상으로 늘릴 필요가 있다. ㆍ 전조등, 특히 후면 등이 안들어 오는 게 많다. 차도 운행시 위험 요소이다. ㆍ자전거 헬멧을 제공하면 좋겠다. ㆍ벨소리가 대부분 약하다. 소리가 잘 안난다. ㆍ기본 대여시간을 2시간으로 늘렸으먼 좋겠다 시간이 짧아 추가요금을 여러번 냈다."
Dong hun An,5,2025-11-28 12:15:16,좋아요. 많이 사용..
조충식,5,2025-11-28 09:01:12,앱이 전반적으로 만족스럽고 통신도 잘 이루어집니다. 다만 서버를 확충해서 통신속도를 조금만 더 빠르게 했으면 합니다.
SJ Jung,4,2025-11-28 08:08:48,최초 다운로드 시 알림 허용 안하면 앱 시작이 안되는데 이유를 안알려줌. 기능은 사용해보고 별점 갱신함. 사용 후: 자전거 이용하는데 불편함은 없음. 일시정지 기능이 있다는데 시인성과 이용가이드가 화면에서 보여야 할듯. 인터넷 찾아보고 사용하게 됨.
진연우,5,2025-11-28 05:44:08,어플이 있어서 편리하게 대여하고 빈납할 수 있어요👍🏽👍🏽
naying,5,2025-11-27 20:43:44,따릉이 사용하기 편리하고 따릉이가 있어서 넘 좋아요!!
임채린,5,2025-11-27 17:05:55,저렴한 가격으로 자전거를 이용할 수 있어서 좋음.
Jiyeon Chun,5,2025-11-27 16:37:36,최근에 기후동행카드랑 연동해서 출근길 알뜰하게 잘 타고있어요. 서울시 고마워요!
백정호,5,2025-11-27 11:27:48,"따릉이 자전거는 서울 시민들의 중요한 교통수단이자, 탄소줄이기 문화의 선구자 같은 역할을 충실히 하고 있는 값진 사업이다. 항상 잘 이용하고 있어요 관계자님들 감사합니다"
김지연,4,2025-11-27 11:21:46,"첫시작부터 지금까지 아주 잘쓰고있어요 관리도 계속 좋아지는것같고, 혹시 문제있을때(인식안되서 시간초과될때) 응대도 친절하시고.. 매우만족하게쓰고있어요 물론 배차문제가 아직 재빠르게되지않을때도있지만, 교통비절약 일등공신이라 헤어나지못하네요ㅋㅋ 점점 자전거도 좋아지리라 기대합니다ㅋ"
J J,5,2025-11-27 10:51:29,자전거 편하게 탈 수 있어서 넘 좋아요 환경에도 넘 좋을 거 같고 짧고 애매한 거리도 따릉이로 순식간에 가서 넘 좋습니다
JEONG HO LEE,5,2025-11-27 09:08:05,거의 매일 이용합니다. 공유자전거 잘 정착된 거 같아 정말 좋습니다. 앞으로도 안전한 관리 부탁드려요. 서울시 파이팅!
이경림,5,2025-11-27 08:32:32,언제나 간편하게 교통수단 대용으로 이용할 수 있어 너무 좋습니다. 가성비도 굿~~
두째,5,2025-11-27 08:09:07,"따릉이는 공유 자전거라는 점에서 좋아요! 그런데 언제부턴가 정류소 반납시 인식이 잘 안될때가 많아서 반납하고도 기다렸다가 움직여야하는 경우가 생겨서 번거롭구요~ 자전거 증설을 요청해도 잘 이루어지지않는것같아요! 현재 정류소도 사설 자전거나 퀵보드들때문에 따릉이가 관리가 미흡한경우도 있는데, 정류소 증설보다 현재 정류소 관리에 더 신경써주셨으면 좋겠습니다!"
펭수우리아가,5,2025-11-26 23:14:30,따릉이 앱이 가끔 폰 데이터 인식을 빌릴때 QR 인식을 못해서 여러 대에 인식해 보고 빌릴때 있어서 당황스럽지만.....역 주변에 따릉이 도림천 자전거길 이용하기 좋아요~
김태리,1,2025-11-26 23:09:21,느려요너무
조선현,5,2025-11-26 23:01:16,출퇴근길에 잘 이용하고 있어요 가끔 블루투스 오류나서 당황스러울 때도 있지만 대체로 관리가 잘 되어 있어서 잘 사용하고 있어요 큐알은 대여가 잘 안되서 숫자로 입력하고 대여합니다
도마복_,4,2025-11-26 22:48:26,자전거 관리 보수를 하지 않아도 되어 편합니다 감사합니다
성건재,5,2025-11-26 20:42:07,항상 잘 쓰고 있습니다. 좀 더 빠르고 정확한 앱으로 개발 부탁드려요
이어진,5,2025-11-26 17:57:45,가격이 너무 좋습니다. 앱 사용법도 간단하고 쉽고요. 뭐 약간의 불편함이 있을때가 없진 않지만 사용하다보면 익숙해집니다 ㅎㅎㅎ
장춘화,5,2025-11-26 16:22:19,일주에 한두번은 따릉이를 이용하게 되어 6개월사용권을 구매하고 있는데 너무 편리합니다. 자전거 주차할곳과 관리에 신경 안써도 되고 필요할때 저렴하게 이용할 수 있어 너무 잘 이용하고 있어요!!!
콩콩순이,5,2025-11-26 15:17:43,좋아요
YB Song,5,2025-11-26 13:38:07,따릉이 타면서 운동도 되고~여기저기 골목길 여행까지 편리하게 할 수 있어 너무 좋습니다
이타미나,5,2025-11-26 12:54:47,쉽게 빌리고 쉽게 반납할수 있어서 좋아요
Esther Lee,5,2025-11-26 12:17:08,"전반적으로 만족스럽습니다. 자주 사용하고 있습니다. 바코드나 번호로 자전거 대여 간편하게 잘되구요. 다만, 결제시 카드등록해야되는부분이 불편해서 아쉽습니다. 개선부탁드려요."
여유만만,5,2025-11-26 09:58:23,든든한 출퇴근 동반자 언제 어디서도 잘이용증
문효원,5,2025-11-26 09:25:39,"따릉이 출퇴근러입니다. 다른 도시의 자전거(타슈 등) 타봤었는데 따릉이가 부드러운 패달, 관리 등 제일 좋았어요. 따릉이타고 출근 하면 대중교통 붐비는 체험도 안하고 상쾌해서 만족감 100% 입니다!"
신철용,5,2025-11-25 23:22:46,저렴하게 이용할 수 있어서 아주 좋아요
김은영,5,2025-11-25 21:42:06,올해 여름 처음 따릉이를 이용했는데 목적지까지 교통편 애매할 때 시간과 돈이 절약되고 운동도 되어서 좋고 환경에도 도움이 되니 너무 좋습니다. 이용하시는 분들이 좀 더 주의해서 쓰레기를 버리고 가거나 대여소가 아닌 곳에 두고 가는 일이 없었으면 좋겠습니다. 고장이 잘 나는 것 같은데 대여소에 지붕이 있으면 고장이 좀 덜 나지 않을까 생각해보았습니다.
김연아,4,2025-11-25 16:39:48,"편하게 잘 사용하고 있습니다. 반납후 에러가 가끔 뜨는데, 왜 그런지 잘 모르겠어요~"
김영득,5,2025-11-25 16:16:32,"서울시 최고의 복지! 정말 지하철이나 버스를 충분히 대체 가능하고, 요금제도 정말 합리적이라 쓰면 쓸 수록 시간과 돈을 아끼는 따릉이입니다. 또 어떨땐 편하게 서울구경하며 라이딩도 할수 있어서 너무 좋습니다. 그리고 다른 하체 운동 필요 없이 3단으로만 놓고 주행하면 하체가 빵빵해집니다. 건강과 가계해도 도움되는 따릉이! 강추합니다."
강민희,5,2025-11-25 15:29:20,따릉이 사용법을 제대로 알고나니 너무 편리하고 좋아요. 덕분에 대중교통 사용빈도수도 줄고 운동도 되고 산책도 되고 너무 좋아요. 1회권만 구입해서 사용하다 이제는 6개월치 구입해서 어딜가든 따릉이로 이동하고 있어요.정말 잘만든 정책인것같아요.
탄탄대로,5,2025-11-25 11:34:59,저렴한 가격에 서울시 따릉이 잘이용하고 있습니다. 현재 자전거배치수를 바로알수 있어 편하고 급할때도 많은도움이 되네요 큐알만 찍으면 되서 넘 편리해요 단 오류가 나서 대여취소시 조금만 빨리진행되었음 좋겠어요
Soeun Yim,5,2025-11-25 08:53:33,"서울시에서 젤 잘한 정책 따릉이를 거의 매일같이 타고 있는데 정말 편하고 좋아요. 대중교통 수단 중에서 정말 편하고 운동도 되고 가성비도 좋고, 맘에 너무 들어요. 요즘 정류장도 많이 늘어서 더욱 편리해졌어요. 정말 유용하게 사용하고 있습니다."
SAY SAY,5,2025-11-24 20:23:24,가끔 대여할때 시간이 좀 걸릴 때도 있지만 대체로 괜찮게 이용하고 있어요! 따릉이 최고👍
ING K,4,2025-11-24 19:51:25,시내에서 근거리 이동에 편리하게 자주 이용하여 건강증진에 도움 감사합니다.
nextstep,5,2025-11-24 18:50:31,항상 구간구간 잘 사용하고 있습니다 :)
구구가가,4,2025-11-24 17:47:24,앱의 시각과 미감이 점점 발전하는거 같아 편리하며 따릉이 번호로 대여시 인식이 버벅일때가 있어 해당사항은 좀더 보안되었으면좋겠고 대여알림&반납알림을 눌러들어갔을때 대여반납이력으로 바로 연결되길 바랍니다 따릉이 유저로서 시설 관리가 점점 발전하는거 같아 앞으로도 잘 유지가 되길 바라며 기업연계포인트가 더욱이 증가되길 바랍니다. 화이팅!
김현희,5,2025-11-24 16:50:59,매일 출근을 따릉이와 함께해서 요즘 출근길이 너무 행복하네요~따릉이 앱이 가끔 먹통일때가 있는듯해요
김영란,5,2025-11-24 12:25:10,가까운곳은 따릉이로 금방 왔다갔다 할수 있어서 아주 편리합니다. 한곳에 너무 많이 몰려 있으면 트럭으로 옮겨 주시니 이또한 감사합니다. 바라는게 있다면 너무 낡은것은 새걸로 교체 해주셨으면 하는 바램도 있습니다^^
TS KIM,5,2025-11-24 07:48:17,매일 출근할때 이용하는데 기존보다 앱이 안정화되서 좋습니다 블루투스 연결도 좀 더 안정되면 더좋을것 같아요
기형훈,4,2025-11-24 06:53:46,크게 문제없이 잘 이용하고 있어요.
이보경,5,2025-11-24 00:35:43,너무편리하고 이용하기쉽고 안정감도있고 튼튼하기까지합니다
Giovanni Choi,4,2025-11-23 23:47:13,따릉이를 통해 건강과 환경을 함께 챙길 수 있어 좋습니다. 쉽지 않겠지만 자전거 관리와 더불어 따릉이가 전세계의 자랑이 되기를 바랍니다.
장원석,5,2025-11-23 20:42:52,"따릉이 없는 삶이 상상이 안될정도로 제 일상에 스며들었습니다 ㅎㅎ 출근할때도, 운동할때도 따릉이를 타는데 정말 최고의 정책인것 같아요"
Jenny Korea,5,2025-11-23 14:14:41,따릉이 타고 한강공원가서 사진도 찍고 운동도 하고 기분전환 최고입니다
강종환,5,2025-11-23 14:04:12,잘 쓰고 있습니다.
Justiin Park,5,2025-11-23 13:34:54,늦은밤 심야버스를 한참동안 안기다려도 집에 갈수있는 방법 ㅡ I Love 따릉이!!
jjamong kim,4,2025-11-23 11:41:33,출퇴근이나 여가길에 잘 사용하고있습니다. 대여/반납할 장소도 곳곳에 많아 편리합니다. 그러나 종종 반납을 하였으나 일시 잠금 되는 경우가있어 다시 되돌아가 반납하는 일도 있습니다. 조금 더 개선되면 더 편리하게 사용하겠네요 ^^
heroine,5,2025-11-23 08:58:39,대중교통으로 이용해야 하는 곳을 저렴한 가격으로 이용할 수 있어서 좋고 운동도 되서 좋았다. 다만 따릉이 고장신고를 앱으로 하게 될때 바로 직전에 이용한 것만 할수 있는데 그것또한 자꾸 에러가 나서 90%이상 나서 매번 전화로 하게 된다. 신고의 편의성을 위해 어플내에 고장신고를 할 수 있는 탭이 있었으면 좋겠다.
햇님은 뜨거워,5,2025-11-23 08:46:14,친환경 적이고 아주 좋아요.
박주선,4,2025-11-23 08:28:48,가끔 반납시 처리가 안되서 다시 돌아온 경우가 있었으나 그점만 좀 개선되면 만족합니다
해설이 있는 시낭송,5,2025-11-23 04:53:01,"따릉이, 버스, 지하철로 서울 전 지역을 가장 파르고 안전하게 다닐 수 있습니다"
God Noise,5,2025-11-22 20:42:26,따릉이 너무나 잘 애용중에 있습니다^^ 운동에도 좋고 이동수단에는 당연히 최고 가성비고요 최근에 부분 보수한 신제품들과 기성품들이 섞여 있는데 기성품들 중에 불량품이 조금씩 섞여 있습니다. 브레이크 부분이 헐거워 졌거나 공기압이 빠져 있거나 고정정치가 덜렁 거리거나 등 위와 같은 불량들이 있는데 1. 불량품은 빠르게 수리해야 될 것 같고요 2. 따릉이앱에 불량품 접수 기능이 있는데 잘 노출되지 않더라고요. 접수를 해야 수리가 되는데 접수 부분을 잘 찾지 못해 넘어가는 경우가 있습니다. 이 외는 너무나 잘 이용하고 있습니다. 앞으로도 더더욱 잘 이용하겠으며 더욱 발전하는 따릉이 되었으면 합니다^^
신지유,5,2025-11-22 18:19:21,매번 잘 이용하고 있습니다~ 😊
양아진,3,2025-11-22 18:07:40,결제단계에서 선택을 잘못하면 뒤로 돌아가지 않고 앱이 멈춥니다. 앱 개선이 필요해보입니다.
lakey Jun,3,2025-11-22 16:28:29,자주 네트워크 연결이 끊겼다는둥 이러저러하지만 대부분 작동은 잘함 이용권 구매시 초기에 카드번호를 입력해줘야하고 인증할게 많음
시르,5,2025-11-22 16:07:21,따릉이 너무 편하고 좋아요 상담직원분들도 친절해요
박현민,1,2025-11-22 14:01:55,검정화면 지속
Mungsu 멍슈 (칠둥쓰),5,2025-11-22 13:33:22,서울자전거 따릉이 이용하면서 이동도 훨씬 편해지고 자연스럽게 운동량도 늘었어요 가까운 대여소에서 바로 타고 이동 중에 유산소까지 챙길 수 있어서 생각보다 효율적이더라구요🙂 어플도 사용하기 편하고 자전거도 생각보다 관리가 잘되어있어서 좋아요!
둘리,4,2025-11-22 12:33:37,가끔 오류가 생길 때 빼면 참 유용하게 쓰고 있습니다
박광영,4,2025-11-22 11:49:19,블루투스 문제 잘 고치신거 같아요 3년전에는 별로 였는데 말이죠 수고 많으십니다
bonnie Y (보니),5,2025-11-22 10:55:34,늘 애용하는 앱입니다~이용하기 편해요
이형재,5,2025-11-22 10:13:01,자전거타면 건강해지는느낌입니다 시원한바람가르며 달리는즐거움이생겼어요
이민석,5,2025-11-22 05:25:20,"건강을 위해서 아침에는 지하철로 회사 근처까지 가고, 지하철 근처에서 따릉이 타고 회사까지 가며, 저녁에는 회사에서 집까지 11km를 따을이 타고 갑니다. 특히, 자전거 퇴근길음 한강변 자전거길을 이용하는데, 하루의 스트레스가 휘리릭 날아가버리고 홀가분해지는 느낌을 받습니다. 너무너무 좋아요. 올해에만 서울자전거로 100회 이상 퇴근을 했답니다. 하하하"
손정민,1,2025-11-22 03:02:57,반납장소가 유동인구 몰려있는곳에 있어 빨리 가려고 탔음에도 결국 반납하러 길 되돌아가고 하느라 돈은 돈대로 날리고 처음부터 걸어가느니만 못하게 시간만 배는 걸림 반납장소도 안알아보고 타고 갔냐 하면 암만 멀어도 1km 이내에는 있겠지 하고 갔던건데 제일 가까운게 2km 지점임 자기가 다니는 루트 내에 있다면 몰라도 유동인구 적은 곳 갈때는 반납장소 없을수도 있으니 걸어가는게 속편함
Choo Sungguk,5,2025-11-22 00:09:19,"앱 디자인도 깔끔하고, 사용하기 편리해요!"
눈사람,1,2025-11-21 23:01:41,결재계좌등록하다가 잘못되면 취소나 다시하기 버튼도없고 뒤로가기도 안되고 아예 지우고 다시깔아야 하는군요 일부러 이렇게 만든건가요?
Shany Hwang,1,2025-11-21 20:53:36,따릉이 반납장소에 반납해도 일시잠금뜨는것좀 제발 개선해주세요
박영신,5,2025-11-21 11:29:39,8~9년동안 이용하고 있는데 가끔 자전거가 없는데 있다고 나올때가 있습니다. 그럴때 말고는 요즘은 자전거도 추가로 제공해주셔서 잘이용하고 있습니다~
손은영,5,2025-11-20 21:42:16,따릉이 출시부터 잘 쓰고있어요!
스테라,5,2025-11-20 20:25:34,따릉이가 있어 서울 어디서든 편하게 이동할수있어서 좋아요 스캔으로 간편하게 대여할수있어 넘 편합니다
HANUI SHIN,5,2025-11-20 19:01:30,따릉이 덕분에 서울 전역을 편하게 누빌 수 있어요. 특히 운동도 하고 교통비 절약까지 할 수 있어서 정말 좋아요!
브라운,5,2025-11-20 16:12:21,버스나 지하철 타기 애매한 거리거나 가끔 날 좋을때 이용하기 좋아요. 서울시민을 위해 애써주셔서 감사합니다. 앞으로도 따릉이 화이팅!
JOY i seul lee,5,2025-11-20 13:20:57,따릉이 정기권 진짜 좋아요!! 따릉이 덕분에 운동도 하고 이동도 하고 완전 만족합니다!
DRAGON CITY JUNG,5,2025-11-20 11:37:45,따릉이 이용하면서 내 자전거는 방치되고 있지만 가성비 끝판왕 서울시민 복지인거 같아요. 화이팅
zaza zaza,5,2025-11-20 07:22:09,매일 출퇴근시 잘 타고 있습니다. 앱 디자인도 좋고 사용하기 편리합니다. 자전거 관리도 잘해 주셔서 감사드립니다. 서울 시민의 발 따릉이 응원합니다.
엄지웅,5,2025-11-20 00:25:27,뭐 초기부터 5년째? 사용중입니다 진짜 좋아요 생활이 너무 편해졌어요
Insoo Kim,5,2025-11-19 22:08:05,따릉이 나의 삶에서 효율적인 선택 중 하나입니다. 개인 자전거는 거치 문제나 다른곳으로 이동시 불편함있는데 따릉이는 원하는 곳에서 이동하여 반납하면 되니 편리합니다. 시간만 잘 지키면 하루동안 이용이 가능한 것도 좋고요. 아주 잘 쓰고있습니다.
최나경,5,2025-11-19 21:57:55,단순하고 직관적인 디자인으로 사용하기 편리합니다. 정류소도 많고 따릉이 상태도 전반적으로 괜찮아서 자주 이용하고 있습니다. 앞으로도 계속 발전해 주셨으면 좋겠습니다.
김아란,5,2025-11-19 21:08:41,따릉이 진짜 좋습니다.
이동희,1,2025-11-19 18:28:58,번호 수동입력할때 페어링 정상적으로 되지 않는 현상 제발 개선좀 바랍니다. 사용자보고 재부팅하고 재설치하고 어쩌고 하지 마시고요 바쁜 출퇴근시간에 그럴 여유 없으니까요. 진짜 한번씩 이럴때마다 따릉이 대여소 다 부숴버리고 싶습니다
구희경,5,2025-11-19 15:53:24,좋아요
김소희,5,2025-11-19 13:45:51,새로운 동네로 이사와 따릉이를 자주 이용하게 되었습니다. 예전 살던 동네보다 따릉이가 깨끗하고 관리가 참 잘 되어 있어 사용하는데 불편함을 느끼지 못하고 있습니다. 요즘은 주말마다 따릉이 타고 가까운 곳으로 다니는 재미에 빠져 있기도 합니다. 따릉이가 없다 싶으면 관리하시는 분이 채워놔 주시기도 하셔서 항상 감사한 마음도 가지고 있습니다. 운동도 되고 재미도 있고 편리함까지 정말 따릉이 최고입니다.
SmileCat (미소냥이),1,2025-11-19 13:18:51,내 정보 확인하는데 위치키는게 왜 필요한데
이승진,5,2025-11-19 10:19:16,출퇴근 동네 마실 훌륭한 교통수단
floww,5,2025-11-19 08:53:34,출퇴근길에 따릉이 잘 이용하고 있습니다! 다만 안드로이드 기준 qr코드 스캔 시 OCR화면이 여러 창이 뜨게되어 뒤로가기를 여러번 해야하는 불편함이 있습니다. 항상 좋은 서비스 제공해주셔서 감사합니다.
이은지,5,2025-11-19 08:45:04,자전거를 편리하게 어디서든 이용할수있어서 최고에요! 앱도 점점 업데이트 되어가서 좋습니다.
김남순,5,2025-11-19 05:57:44,"아침 일찍 마땅한 대중교통이 없는데 집 앞에 따릉이가 있어서 너무 고맙고 최고다. 비가 오거나 눈이 오는 날을 제외하고는 새벽 출근길을 도와주는 든든한 따릉이. 특별히 불평불만은 없는데, 속도 조절이 3단밖에 없어서 가파른 경사길을 1단 속도로 오르기가 힘들다. 개인적으로는 속도 조절 단계가 5단계나 7단계 정도로 더 세분화되면 경사길의 힘듦을 덜 수 있을 것 같다. 전반적으로는 대만족이다."
멍뭉찡,5,2025-11-18 21:55:08,서울자전거 따릉이가 있어서 이동이 편해져서 좋습니다. 다만 앱의 안정성이 좀 떨어져서 오류가 나는 경우가 많습니다. 이런 부분을 잘 보완해 주시면 좋을 것 같습니다.
김성원,5,2025-11-18 12:36:52,가격도 싸고 자전거나 대여소가 이곳저곳 많아서 사용하기 편리합니다. 지도로 대여소 위치나 자전거 개수를 알 수 있어서 좋아요
DAEWOONG JUNG,5,2025-11-18 11:25:52,서울시 행정중에 제일 마음에 듭니다 최고
서울서울,5,2025-11-18 10:07:36,너무 편하고 좋아요 매일 출퇴근용으로 따릉이 이용하고 있습니다. 자전거 상태도 좋습니다. 따로 시간내서 운동하기 어려울때 출퇴근 이용하면 좋습니다~^^
최규범,2,2025-11-18 08:56:47,1. 자전거 대여 반납은 편하다. 하지만 대여했다 오류가 너무 많이 일어남. 대여 불가능이면 그냥 처음부터 안돼야하된다해놓고 안된다는 음성 메세지가 나온다. 너무 비효율적이다. 2. 자전고 고장이 너무 많음. 자전고 반납할때 바로 체크할슈있게만 해도 관리가 될텐데 몽청한 국가에서 앱을 만들어서 그런가 그딴것도 없음 3. 자전고 한곳에 몰빵되어있어 3일에 1번정도 탈까말까함
노란돌,5,2025-11-18 07:56:29,공곳 이용 시설중 최고
김영지,5,2025-11-17 21:14:36,따릉이 진짜최고예요 가족이랑 주말나들이 넘 행복했어요
김민지,5,2025-11-17 21:13:30,너무잘사용하고있어요 동네에언덕이많아서 좀힘들지만 버스나ㅈ대중교통이 애매한 거리는 거의 따릉이를이용합니다!운동도되구요🤭
김우용,5,2025-11-17 20:48:27,가까운 곳 이동할때 매우 편리하게 이용한다 운동 효과도 있어 너무 좋다
김시연,5,2025-11-17 19:54:39,"대한민국의 자랑중에 하나인 시스템이 따릉이라고 생각합니다 요즘 러닝도 유행이지만, 봄,가을 따릉이 대여해서 달리는 한강변은 정말 상쾌합니다:) 중.단거리 이동에도 근처 반납할 수 있는곳들이 많이 배치되어있어서, 대여.반납도 편해요~ 그런데,최근 장위동쪽에 갈일이 있었는데 지하철역2-3개정도거리를 이동하고싶은데, 그부근에는 따릉이가 전혀 안보이더라구요;;(돌곶이역부근) 서울.경기도권에라도 따릉이가 좀 더 배치되면 좋겠어요^^"
hewon,5,2025-11-17 19:06:26,앱은 좋은데 고장난 자전거가 너무 많아요. 이용자가 앱으로 신고를 해주면 좋은데 겉으로 보기엔 아무 이상 없어 빌렸는데 막상 타고 보면 이상이 있는 경우가 꽤 많습니다. 고장난 자전거 신고하면 5마일리지라도 적립이 되면 신고하는 사람들이 좀 늘지 않을까요? 마일리지를 위해 멀쩡한 자전거 신고시 불이익을 주면 될 거 좋을 거 같아요. 그리고 임시 폐쇄된 정류소에 반납을 해버려 만 원을 초과금으로 냈는데 그럴 경우 크게 경고음을 좀 냈음 합니다. 요즘 오류 많이 나서 반납 메시지가 좀 있다 오는 경우가 많거든요. 물론 반납 메시지를 듣지 않은건 제 잘못이지만 경고음이 있음 더 편리할 것 같습니다.
Teo Kim,5,2025-11-17 18:36:55,안녕하세요. 따릉이 아주 잘 사용하고있는 사용자입니다. 건의사항은 신형 자전거에서 손잡이가 녹아서 끈적끈적 해집니다 오히려 그전 제품중 좀딱딱하고 오돌도톨한 손잡이가 더 오래가는것 같습니다. 개선 부탁드립니다. 감사합니다.
이선구,5,2025-11-17 17:07:11,출퇴근으로 사용하는데 최고입니다. 이제 약속장소로 갈때는 따릉이를 먼저 확인해 봅니다.
안에스더,4,2025-11-17 15:22:11,"서울자전거 따릉이 장소가 많아 이용하기 편해서 좋아요. 그런데 출,퇴근에 역 근처에 따릉이가 넘쳐나서 길거리 걸어갈때 불편해서 이 부분은 아쉽네요ㅜ.ㅜ. 그래도 손목닥터 보상에서 서울자전거 따릉이 쿠폰구매를 할 수 있어 좋아요~^^ 앞으로 서울자전거 따릉이 자주 이용 할께요~^^"
김성호,5,2025-11-17 13:06:45,갓난아기도 사용하기 쉬울만큼 쉽습니다~^^
Hae Young Ryu,5,2025-11-17 12:28:44,가까운 거리는 버스나 택시보다 따릉이를 주로 이용합니다. 연간권을 이용하면 더욱 저렴하고 환경보호에도 도움이 작게나마 되고 있다고 생각하면 더욱 뿌듯합니다. 작은 바구니가 있어서 장을 많이 봤을때도 마트 근처의 따릉이를 빌려쓰면 되니 편리합니다.
김도준,5,2025-11-17 12:02:34,신속하고 빠르게 잘 사용하고 있습니다
히루,5,2025-11-17 11:01:00,가끔저녁에 자전거 대수가 맞지않는데 그거말고 큰문제 없습니다
차명은,5,2025-11-17 10:40:24,저의 손발이 되어가는 따릉이~~ 산책할때도 마트갈때도 바람을 가르며 한껏 달리면서 저는 힐링합니다~~ 지구가 아파지면서 환경에 대해 더 관심 가지게 되고 운동도 하고 환경도 지킬수 있는 따릉이를 만들어주시고 운영해 주시는 분들께 정말 감사드립니다~ 지인들에게도 공유하고 좋은건 함께 해야죠~♡ 앞으로도 따릉이와 함께 ~~~ 요즘 자전거를 타면서 지도를 보고 자전거갯수를 확인하고 달려갔는데 막상 가보면 남아있는 자전거가 연결되지 않거나 고장난것만 남아서 난감했던 적이 종종 있었습니다. 사용 못하는 자전거를 빨리 분리해서 지도에 잔여 자전거에 갯수가 들어가지 않게 해주시면 좋겠다는 바램이 있습니다~~
Jihye Choi,5,2025-11-17 08:46:58,여기저기 다닐때 편해요! 버스타면 기다리고 내리고 20분거리를 따릉이면 5분안에 가니깐 좋네요 ㅎㅎ 한강도 종종 자전거 타고 싶을때 타고 따릉이 정류소가 이곳저곳 많아서 편의성도 좋습니다!😉💗매번 결제해서 연장하고 있어요~
J J,1,2025-11-17 07:43:05,어플 작동이 되지 않는데 환불 가능한가요
으녕,5,2025-11-17 07:33:59,2019년부터 따릉이 이용하고있는 이용자입니다 어디서든 빌릴수있고 어디서든 반납가능한 따릉이 ~~ 저에겐 없어서 안되는 교통수단 1순위입니다 너무편하고 좋은데 다만 대여소에 처마가 좀 있다면 비올때 자전거가 비를 좀 덜맞지않을까 싶네요 자전거가 너무 빨리 망가지는것같아 아쉽네요~~
이태훈,5,2025-11-16 19:26:30,잘 이용하고 있습니다
윤영서,4,2025-11-16 16:47:24,좋아요 근데 자전거 빈익빈부익부가 좀 심하긴 합니다 근데 좋아요
Hansol A,5,2025-11-16 15:39:01,"ㅁ 긍정) 저렴한 이용가격 , 다수의 대여소로 인한 이용 편의성 , 준수한 자전거 관리상태 , 발전되는 대여시스템 ㅁ 개선요) 어플 안정성 (로그인 오류, 대여 오류) , 신규 이용자 모객 활동 , 콜라보 등 마케팅 사업"
Y6yy T,5,2025-11-16 13:52:00,앱이 편하게 되어있고 실시간 반영이 빠릅니다 자전거상태도 괜찮습니다
김시후,5,2025-11-16 13:45:26,최고로 편리하다
이지원 (jishaun03),5,2025-11-16 13:12:03,따릉이 사용을 하면서 가까운 거리면서 걸어가기 애매한 거리에 버스를 이용하기 보다 따릉이를 이용하여 경제적으로도 좋고 또한 운동도 되니까 좋습니다.
SeungWon Jung,5,2025-11-16 07:00:11,너무 좋은 제도와 앱입니다. 감사합니다.
고양이최고야,5,2025-11-16 00:55:48,따릉이 최고에요 짱!! 따릉이 없는 삶으로 돌아갈수없어용
mj K,3,2025-11-15 22:11:21,아침 저녁으로 출퇴근시 거의 매일 사용하고 있는 앱 사용자입니다. 몇 가지 건의사항이 있어서 리뷰 남깁니다. 1.아침 출근 시간(8시쯤)에 앱을 열 때 무한 리로딩 현상이 간헐적으로 발생합니다. 여러번 앱을 닫고 다시 실행하면 해결되긴 하나 급한 출근 시간에 불편함이 많습니다. ㅠㅠ 2. qr코드 인식이 잘 안돼서 숫자 코드를 입력하는데 숫자를 잘못 보고 누르는 경우 아예 다른 정류소의 자전거로 인식된 상태로 계속 대여가 진행됩니다. 현재 위치의 정류소가 아닌 경우 실패하도록 개선이 필요할 것 같습니다. 3. 환승 마일리지는 실물카드 사용 시에만 적립 가능한데 삼성페이도 가능했으면 좋겠습니다. 좋은 앱 제공해주셔서 감사합니다.
Sunny Im,5,2025-11-15 17:32:09,아주 잘 사용하고 있습니다 항상 감사합니다
서성호,4,2025-11-15 16:48:23,잘 사용하고있어요
nellkeanetravis lee,5,2025-11-15 15:16:26,"처음에는 그냥 교통수단으로만 생각했는데, 매일 따릉이를 타다 보니 제 몸이 달라지는 걸 느꼈어요. 출퇴근길 20-30분씩 따릉이를 타면서 자연스럽게 운동이 되더라고요. 특히 좋았던 점: 아침 출근길 따릉이 타면서 상쾌한 공기 마시니 하루가 활기차게 시작돼요 한강 자전거 도로 따라 퇴근하면 스트레스가 싹 풀려요 3개월 타니까 체력도 좋아지고 다리 근육도 탄탄해졌어요 운동하면서 교통비도 아끼는 뿌듯함! 따릉이는 제게 단순한 공유자전거가 아니라 건강 파트너예요. 운동 시작하고 싶은데 막막하신 분들, 따릉이로 시작해보세요! 추천합니다."
칼스,1,2025-11-15 14:39:30,갤럭시 s25 왜 어플키니까 까만화면만 나오고 먹통인가요?
황민호,5,2025-11-15 14:15:09,편리하고 이용하기 좋아요
Soo M,5,2025-11-15 12:49:31,몇 년 동안 너무 감사히 잘 쓰고 있습니다. 그런데 임시잠금해제가 업데이트후에 ㄷㄷ 안 됩니다!! 제 폰은 그대로인데 앱에서 임시잠금해제가 10분 넘도록 안 돼서 전화로 해결했습니다. 개선 부탁드려요ㅠㅠ
핑크플라워,5,2025-11-15 11:00:22,어디서든 쉽게 이용가능하고 다양한 결제방식도 마음에 든다. 따릉이도 깨끗이 관리되고있어서 내외국인 모두 이용하는데 불편이 없다
Ahn Hui,5,2025-11-15 09:29:19,"공공자전거 저렴하고 편리하게 이용할 수 있어서 좋습니다! 블루투스로 간편하고, 자전거 관리도 잘 되고, 초기보다 정류소별 자전거 대수 관리도 잘 되고 있는 것 같습니다:)"
오리궁뎅이,5,2025-11-15 06:07:12,6개월 이용하고 있는데 가까운 곳에 따릉이 보관소가 많아 이용하기 편해요. 수량도 매일 채워주시고 있어서 자주 이용하는데 좋아요.
박승범,5,2025-11-15 04:53:58,가까우거리 가기 너무 좋고 특히 정거장이 좋아요..
초이호,4,2025-11-15 02:17:49,앱이 가끔 오류가있고 반응속도가 너무 느림 그리고 따릉이가 출퇴근시간에는 너무 부족함
Hyeyeon,5,2025-11-15 02:13:32,사용법이 쉽고 간결합니다. 다만 대여 및 반납시 반응속도가 조금 느리고 대여 중 에러가 이따금 발생합니다 어플은 꽤 안정적이나 이용이 하늘에 별따기 ㅠㅠㅠㅠ
곰토토,5,2025-11-14 23:46:44,올해 처음 자전거 타는 법을 배워서 출퇴근할 때 따릉이를 이용중입니다. 대여하려도 앱을 켜면 가끔 lack이 걸리긴 합니다만 사용하는데 큰 문제는 없었습니다. 따릉이 이용자들을 위해 좋은 앱을 개발해주신 분들께 감사드립니다.
박주은,5,2025-11-14 19:02:20,애매한거리는 대중교통보다 따릉이를 쓰는편이에요 운동도되고 일정시간에 한번씩 반납하면 하루종일도 가능하니 경제적이고 좋아요♡
Jongrack Lee,5,2025-11-14 17:52:09,인근 가까운 거리를 갈때 참 유용하게 잘 사용하고 있습니다. 먼저 기어가 1~3단으로 개인자전거에 비해는 아니지만 그래도 운동 삼아 열심히 운용하며 타고 있습니다. 인근 거리는 따릉이를 이용하는 것도 매우 좋아요 ^^
김태이,5,2025-11-14 15:23:50,따릉이로 자전거 배우고 즐겁게 타고 있습니다. 따릉이에 쓰는 돈이 제일 안 아까워요.
KIM타카,5,2025-11-14 10:16:59,따릉이가 있어서 매우 좋습니다.
KUI YOUNG Lee,5,2025-11-14 09:50:18,따릉이도 앱도 사용하기 넘 편리함.
황인미,5,2025-11-14 09:48:08,따릉이 잘 이용하고 있어요. 따릉이 설치된곳이 많은곳은 많고 없는곳은 또 없네요. 없는곳에 더 설치되었으면 하는 바램입니다
손효주,5,2025-11-14 08:56:51,운동으로 하루일과를 시작하는대 꼭 따릉이를 이용하고 있어요 상쾌한하루 운동과따릉이 그리고 출근때도 따릉이과 함께하는 낙엽떨어지는가을 너무 행복합니다 ^^
이승수,5,2025-11-14 00:50:56,3년넘게 편하게 잘 사용하고 있습니다~~~😁
eunji lim,3,2025-11-13 18:23:37,따릉이 어플 꾸준히 사용중인 사용자입니다. 따릉이 너무 좋은데 어플에서 블루투스 연결이 잘 안 될 때가 있습니다. 이 점이 개선되면 너무 좋을 것 같습니다.
정우진,5,2025-11-13 15:47:37,최고의 자전거 앱
이가은,5,2025-11-13 15:37:04,편하고 좋아요 직관적인 인터페이스
이은숙,5,2025-11-13 12:36:01,따릉이 앱 덕분에 자전거 타기가 생활화 되고 지루하지 않게 유산소 운동을 할수 있어서 매우 만족하며 이용요금도 저렴해서 부담이 없어서 좋아요.
고고,4,2025-11-13 10:19:45,"사용성 쉽고, 편리합니다 팝업공지 주기가 짧은편인데 이게 따릉이를 자주 애용 할수록 거슬려요 보통 알고 있는 정보고 공지사항 목록 가도 볼 수 있는데 최소 7일동안 그만보기가 선택권이 있는게 적당해보이네요 그리고, 3시간제 출시 매우 마음에 듭니다. 훌륭해요"
김효정,5,2025-11-13 08:46:08,집 앞 따릉이 주차장에 종종 0대로 떠서 다른 따릉이 주차장으로 걸어가야 하지만 다행히 주차장 간격이 멀지 않아서 그렇게 불편하지는 않아요. 그리고 가끔 기어가 불안하거나 손잡이 고무가 없는 자전거가 있었는데 이런 자전거에 대한 신속한 수리 작업이 이루어지면 좋겠습니다. 이 외 가격과 편의성에서는 만점입니다.
임메리,5,2025-11-13 08:18:11,작년에 이직한 회사앞에 따릉이 대여소가 생기고 올해 초 집앞에 따릉이 대여소가 생기면서 출퇴근길이 더 편하게 바뀌었습니다! 그래서 1년 정기권 구매후 사용하고 있습니다. 바빠서 운동을 못가고 있는데 매일 따릉이를 타다보니 한달에 300분 정도 유산소를 하고 있습니다! 앞으로도 쭉~있으면 좋겠어요! 어플도 이용하기 쉽고 필요한 정보는 홈에 다 있어서 좋습니다:)
오승헌,5,2025-11-13 00:08:51,대여및 반납시 예전보다 훨씬 빠르게 네트워크에 연결되어 쉽게 이용하게 되엇네요. 반납 알림 멘트도 반납이 제대로 되었는지 어플및 카카오톡으로 수신되엇구요.
Dan,1,2025-11-12 21:19:42,"오늘 반납하고 한참 지났는데 몇시간 지나도록 반납 안 된 걸로 떠서 갔더니 자전거가 없었습니다. 누가 20시 19분에 반납했다고 하는데 나 말고는 거기 아무도 없었습니다. 누가 내려 반납하고 빌려간 거라는데 말이 안 됩니다. 제가 그 장소 다시 가니 반납 처리가 된 거니까요. 제 실수로 몰아가기에는 오류가 아직 많아 보입니다. 반납한지 20분이 넘었는데 왜 아직 대여중인가요? 자전거 못 빌리고 계속 서 있습니다. 이런 적 한 두번도 아니고 너무 형편없네요. p.s. 말을 못 알아들으시나 본데, 이미 대여중이 떠서 직접 반납이라는 글자 자체가 안 나옵니다. 혹은 반납됐다는 화면과 대여 중이라는 화면이 번갈아 가며 나옵니다. 어제도 그래서 20분 씨름하며 욕하면서 왔습니다. 내가 못했다고 하기 전에 앱 좀 안정화시키는 게 어떨까요? 나 말고 내 주위 사람도 임시잠금했다 안 풀려서 몇 십분 나도 못 간 적도 많습니다."
맹기성,5,2025-11-12 19:09:57,아침마다 둔촌동 프라자아파트에서 상일공원까지 출퇴근할 때 따릉이를 이용하고 있습니다. 길도 쾌적하고 이동 시간도 딱 알맞아서 출퇴근이 매우 편리합니다. 게다가 운동도 자연스럽게 겸할 수 있어서 일석이조! 앱도 직관적이고 결제나 대여 과정이 간편해 매일 사용하는 최고의 이동수단입니다. 서울자전거 따릉이 덕분에 하루를 활기차게 시작하고 마무리하고 있습니다. 💚
Ji yeong Yu,4,2025-11-12 19:01:08,따릉이 대여하러갈때 1개 남았다고 수량이 뜨는데 대여가 안되는경우가 종종 있습니다. 그리고 반납했을때 제대로 안된적이 있어서 반납 알림 올때까지 기다려서 확인하는데 좀 귀찮을때도 있어요. 그외 나머진 다 좋아요! 저렴한 가격으로 교통비 아껴줘서 좋아요
Peek-A Boo,5,2025-11-12 17:33:50,"공공자전거 이용할수있어서 너무 좋은 정책인데, 가격도 저렴하고 대여소도 많이 편리갑입니다. 이전에 비해 자전거 관리상태도 계속 점점 좋아지는 중이고 앱도 사용하는데 불편함이 거의 없습니다. 자전거를 더 많이 편리하게 사용할 수 있도록 문화, 도로가 같이 좋이졌으면 합니다."
문창훈,5,2025-11-12 17:23:47,대여소도 많아지고 너무 유용하게 잘 사용 중입니다👍
이계선,5,2025-11-12 17:11:47,6개월권 끊어서 아주 잘 사용하고 있어요. 버스내려서 목적지까지 이용하거나 퇴근시에는 아예 자전거타고 퇴근합니다. 경제적이고 건강도 챙겨요.
황초롱,5,2025-11-12 16:06:37,따릉이 이용 정말 잘하고 있습니다. 주차하기 난감한곳 가까운 시장갈때 주로 사용하고 있습니다.다만 대여후 자전거와 연결되는 시간이 길고 오류나는 경우가 많아 개선해주신다면 더 바랄것없이 완벽합니다
Chance Chang,1,2025-11-12 15:55:08,서울시 대중교통의 하나인데 지금 시스템 점검인지 안내도 없고 앱이 느려서 사용할 수 없어요 시간만 20분 허비하고 버스탑니다 다른 분들은 안될 때는 바로 포기하시고 시간 날리지 마세요
김Great KIM,5,2025-11-12 15:12:52,"최고의 교통수단 따릉이! 서울시내 이동시 정말편리해요. 버스,지하철과 연계해서 사용하면 좋습니다"
임주희,1,2025-11-12 14:27:58,스플래시화면에서 멈춰서 안넘어가요 ㅡㅡ 업데이트하고 껏다켰다 몇번 반복해서 겨우 넘어갔는데 결제화면에서 또 안넘어가요 진짜 개발 장난하나ㅡㅡ
Lo ve,5,2025-11-12 12:40:23,서울시민의 자랑! 사랑합니다 따릉이!! 주행중 반납시간 20분 전 쯤에 내 주변 가까운 대여소를 보여주는 기능이 있으면 좋겠습니다.
MIN JOO KIM,5,2025-11-12 11:09:15,아주 잘 사용하고 있어요! 서울에 잘 구비되어 있어요! 서울사랑상품권으로도 구매 가능하면 좋겠어요.
지은주,5,2025-11-12 08:59:54,좀더 많은 사람들이 따릉이를 이용해서 건강도 챙기고 환경보호에도 함께 했으면 좋겠습니다
한방,5,2025-11-12 06:53:00,좋아요 추천 경기도도 같이 했으면 좋겠어요
Junho Park,5,2025-11-12 05:26:15,편리하고 유용합니다.
하하후후후,5,2025-11-11 21:44:21,"요즘 제가 아주 잘 타고 있는 친환경 교통수단, 바로 따릉이에요 지하철역이나 버스정류장 근처마다 있어서 찾기도 쉽고, 잠깐 외출하거나 가까운 곳 갈 때 정말 유용하더라구요 짧은 거리 이동할 때 택시보다 훨씬 저렴하고, 운동도 겸할 수 있어서 일석이조예요 특히 요즘은 블루투스 연결도 예전보다 훨씬 잘 돼서, 앱으로 잠금 해제부터 반납까지 한결 편리해졌어요 처음 이용하는 사람도 어렵지 않게 바로 탈 수 있고, 서울은 자전거 전용도로가 잘 되어 있어서 안전하게 이용할 수 있어요 환경도 지키고 건강도 챙길 수 있는 따릉이, 정말 추천드려요"
정은경,4,2025-11-11 20:23:52,"따릉이 자체는 굉장히 좋지만, 앱은 아직 개선이 좀 필요해보입니다. 위치를 못잡을 때가 꽤나 자주 있으며, 이용권이 있음에도 없다고 한 적이 종종 있습니다."
이영심,5,2025-11-11 15:15:58,항상 잘 이용하고 있어요. 아이랑도 같이 결제해서 탈 수 있어서 더 유용해요^^
DONG-JIN CHOI,5,2025-11-11 14:45:07,이전에 있었던 오류도 적고 사용하기 편리합니다
eunchan Jo,4,2025-11-11 13:57:44,"서울 따릉이 앱을 사용하면서 가장 먼저 느낀 점은 이용 편리성입니다. 회원가입부터 결제, 자전거 대여까지 전반적인 과정이 간단하고 빠르게 이루어졌어요. 특히 QR코드로 바로 대여할 수 있는 기능은 매우 편리했습니다. 예전에는 카드 단말기나 비밀번호 입력이 필요했는데, 요즘은 앱으로 바로 연결되니 훨씬 효율적이라고 생각합니다. 지도 기능도 유용했어요. 주변 대여소 위치와 이용 가능한 자전거 수량이 실시간으로 표시되어 이동 경로를 미리 계획할 수 있었습니다. 다만 GPS 정확도가 약간 떨어질 때가 있어, 표시된 대여소 위치와 실제 위치가 다를 때가 있었습니다."
Day Rainy,5,2025-11-11 13:45:56,손과발이 되어주는 서울의 발
권혁삼,5,2025-11-11 13:45:34,"일상 생활권에서 따릉이 사용 빈도수가 높아 오랫동안 사용하고 있는데 앱의 접근성과 편의성도 좋아 만족스럽네요. 단, 가끔씩 연결이 불안정하여 반납 처리나 메서지 안내가 늦은 경우도 있는데 안정성을 높이면 좋을 것 같아요."
Hyemin Yu,4,2025-11-11 09:46:39,"불편한 점이야 조금씩 있습니다. 그래도 저렴한 가격에 동네마다 배치되어있어 출퇴근길에 유용하게 사용중입니다. 올해 처음으로 3개월짜리 이용권 구매 후 200km를 넘게 탔더라구요. 급할때, 출근길 버스로 애매할때는 따릉이만한 것이 없어요!! 이용자들이 좀더 깨끗하게, 바르게 이용할 수만 있다면 좋겠네요."
물맑은,5,2025-11-11 09:02:06,사용하기 너무 편하고 유익합니다~ 유럽 여행 때 써봤던 어느 자전거 이용앱과 비교하더라도 월등히 뛰어나고 그래서 자랑스럽습니다!!^^
이경미,5,2025-11-11 09:01:04,"출퇴근용으로 이용중인 1인인데요, 정말 유용하게 잘 이용하고 있어서 감사하게 생각하고 있네요. 가성비 있고 정거장도 많아서 이용하는데 크게 불편하지않지만, 브레이크가 잘 들지않거나 브레이크 작동시 또는 어떤 부분인지는 모르겠지만 소리가 나면 주변 사람들에게 피해를 주는것 같아 불편할때가 종종있네요. 그거 말고는 아주 잘 이용하고 있습니다 ! 앞으로도 따릉이 더더욱 업그레이드 부탁드릴게요^^."
하늘하늘,5,2025-11-11 06:54:36,"가을이 깊어질수록, 따릉이는 저와 가족을 하나로 이어주는 ‘바람 같은 연결 고리’가 되어주었습니다. 🍂 복잡한 일상 속에서도 저렴한 비용으로 어디서든 빌리고 반납할 수 있다는 점은 삶의 자유로움과 도심 속 여유를 동시에 선물해주었어요. 아이와 함께 탄 한강의 노을길, 부모님과 나란히 달린 공원의 바람길 — 그 모든 순간마다 따릉이는 단순한 교통수단이 아니라, ‘함께의 시간을 선물하는 공공 인프라’로 다가왔습니다. 올해 가을, 덕분에 행복한 시간을 많이 누렸습니다. 시민의 일상 속에 따뜻한 연결을 만들어주는 서울자전거 따릉이에 진심으로 감사합니다. 🚴‍♀️💚"
장은지,1,2025-11-10 22:52:36,대여하기 안됨. 취소하고 걸어서 가려해도 대여취소도 제대로 안됨. 뭐하나 제대로 하누 게 1도 없는 어플ㄹㅇ1점도 아깝네요ㅉㅉ 네. 제가 각각 다른 자전거 다섯대를 대여하기했는데 1.그중 세대는 고장난 자전거라며 안됐고 2.나머지 두대는 대여하기-무제한 로그인-취소하고 걸어가려하는데 그 대여취소도 제대로 안됩니다 3.지금 대여 포기하고 걸어서 가고있습니다 왜이렇게 불량인 자전거가 많고(가뭄에 콩나듯 불량이 아닌 자전거 찾는 게 힘듦)찾더라도 어플 이상인지 무진장 기다리게 해놓고 대여하는 게 안됩니다 이해되셨어요?
Minho Lee,5,2025-11-10 22:46:29,출퇴근으로 일년간 사용하다 너무 좋아서 연장하여 사용중입니다. 건강에도 도움이 되서 아이들에게도 설치하여 사용하고 있어요. 참 좋은 앱인것 같습니다.
무한긍정,5,2025-11-10 21:25:57,출퇴근할때 잘 이용하고 있어요 덕분에 허벅지가 말벅지가 되었어요 교통비 아끼는 것은 보너스!!!
moonee moonee,5,2025-11-10 20:45:28,부산에서 서울로 이사오고 처음으로 따릉이를 이용해봤습니다. 가까운곳은 따릉이 타고 이동하기 좋더라구요. 강변에 자전거길로 이동하는데 너무 상쾌하고 좋았습니다. 대여와 반납도 쉬워서 자주 사용하고싶어요! 따릉이 사릉해🥰
Serendipity,4,2025-11-10 19:21:53,"국민들의 즐거운 건강관리를 챙겨주셔서 감사합니다. 1. 따릉이를 주로 한강 자전거도로에서 타는데 한강공원에도 배치를 해주었으면 합니다. 따릉이 주차장이 근처에 많지 않다보니 미반납 추가요금이 너무 많이 발생하게 됩니다. 아울러, 미반납 추가요금을 대폭 줄이면 좋을 거 같습니다. 배보다 배꼽이 더 커지는 상황이 가끔 발생합니다. 2. 고장나거나 소리가 나거나 삐걱거리는 자전거는 바로바로 수리가 되었으면 좋겠습니다. 계속 계속 괜찮은 자전거로 바꿔타야하는 경우가 찾습니다. 감사합니다!"
신혜영,5,2025-11-10 18:23:06,따릉이 사랑해요ㅋ 없으면 못살아요
방동오,5,2025-11-10 15:59:13,3년 넘게 정기권 사용 중입니다 최고에요
Jang ddulkee,5,2025-11-10 15:57:37,항상 편리하게 이용중입니다
Yong Seok Kim,5,2025-11-10 14:37:45,따릉이 앱 편합니다. 사용하면서 크게 불편한게 없어요
열정모녀,5,2025-11-10 14:08:50,늘 너무 잘 사용하고 있습니다 근거리 이동시에는 이만한 교통수단이 없는듯요 계속 잘 운영되면 좋겠어요
Irish64,5,2025-11-10 12:22:13,휴일에 야외 나들이로 자주 사용하고 있습니다. 아주 만족스럽습니다.
Jung정진우,5,2025-11-10 12:01:12,저의 건강은 따릉이를 알기전과 알고난 이후로 나뉜다고 볼수 있습니다 따릉이 타면서 힐링도 되고 건강도 찾고 교통비도 많이 줄였습니다 good
HJ S,5,2025-11-10 11:01:39,필요할 때 어디서나 이용가능한 점이 참 좋아요
백명기,4,2025-11-10 10:14:18,"초기 구동시 튕김오류거 좀 있고, 앱이 좀 느리네요"
HT L (LoLo),5,2025-11-09 18:08:09,"따릉이 앱을 편리하게 잘 사용하고 있습니다. 다만 아쉬운 점은 공지사항의 주요사항을 직관적으로 파악하기 힘들고, 공지날짜별로 정렬도 되어 있지 않다는 것입니다. 한가지 제안을 드리면 공지사항을 그룹탭 별로 묶어, 가령 이벤트/ 대여소 신규안내/ 대여소 폐쇄안내/ 기타 등으로 유사내용끼리 탭으로 묶어서 보여주시면 어떨까 생각합니다. 검토 및 개선 부탁드립니다."
ka,1,2025-11-08 16:55:27,"갤럭시 s23 쓰는데요, 어플 최신버전인데도 왜 자꾸 안 될까요? 옛날엔 잘만 썼는데 최근에 아예 어플이 들어가지지도 않는다던가 이용권 구매가 아예 안된다던가 그래요"
김태경,5,2025-11-08 15:16:57,너무 편리하고.탄소중립실천이에요.
최상미,4,2025-11-08 08:00:29,따릉이 유용하게 잘 사용중입니다. 출퇴근시 이용하는데 바쁜 아침 대여소에 세우고 잠금레버를 내려도 반납완료라는 문자가 바로 오질 않습니다. 그래서 앱을 다시 나간후 직접반납하는 경우가 종종 생깁니다. 카톡을 통해서도 해봐도 인식이 안되는지 반납완료가 바로 안됩니다. 바쁜 아침 잠금레버만 내리고 확인없이 그냥 가버리다 다시 와서 직접반납을 누르고 가는 경우가 있습니다. 이런점은 개선바랍니다.
김지선,5,2025-11-08 00:26:13,잠깐잠깐 애매한거리를 이동할 일이 많은 서울시민들에게 없어선안될 반려앱 입니다 가끔 반납 시 네트워크연결이 안되어서 시간이소요되는 것 빼고는 자전거의 컨디션이며 정거장 분포며 사용자 기반의 서비스로 최고입니다
김현진,2,2025-11-07 22:15:41,"오늘 처음 이용하고 다시는 이용하지 않을듯 하지만 후기는 남깁니다. 일단 처음 이용하다보니 반납장소가 지정이란걸 몰랐습니다 아미 이용 전에 충분히 고지 했다면 이용하지 않았겠죠. 아무런 고지 없이 과천까지 와서 반납장소 찾으란 말에 멘붕왔고 추가 요금에 또 멘붕이네요. 약속이 급해서 일단 한귀퉁이 세워두고 나왔다 이제 집 들어가서 다시 서울까지 자전거를 타야합니다 ㅠ 황당하기 그지 없네요.암튼 앱에 공지 꼭 띄우세요 삥 뜯는거 아니면 ""반납장소 아니면 반납 안된다고"""
ian,5,2025-11-07 12:19:02,가까운 거리 볼 일 볼 때나 자전거도로 따라 운동하고 싶을 때 따릉이를 자주 이용하는데 아주 편해요~ 운동도 되고 환경도 지키고.. 빠르게 이동할 수 있어서 좋습니다! 앱도 ux 간결하고 직관적이라 잘 이용하고 있습니다.
제임스박씨,3,2025-11-07 09:03:59,"써비스는 별99개, 앱은 별3개 (1)자동 로그인:아마도 시간이 지나면 앱이 백그라운드에서 로그아웃되버림. 다시 사용하려고할때는 이용권 구매나 다른 메뉴에 들어가거나 앱종료후 다시 실행해야지만 다시 로그인 됨. 그나마 다른 페이지로 이동하거나.. 로딩하기 전에 자동로그인을 해주면 더 빠를텐데.. 다른 페이지로 가서, 또 그 페이지를 로딩하고, 그 다음에 자동로그인하고, 메인패이지로 돌아가니 시간 낭비 (2)자전거랑 연결 실패시.. 취소후 다시 시도가 너무너무너무 절망적으로 오래 걸림 (3)지도에서 위치를 옮기면 자동으로 대여소 위치를 리로딩해서 보여주는게 맞지 않나?"
hr kim,4,2025-11-07 00:12:02,여러모로 편리한 앱입니다. 다만 이용권 등록절차가 다소 복잡합니다. 걷기앱으로 이용권 구매후 등록하는 곳 찾기가 쉽지않아 헤맸습니다.
배진호,3,2025-11-06 22:53:36,"뭐 이것저것 메뉴가 다양하면 좋긴 하겠지만... 그럭저럭 쓸만함(가끔씩 대여연결이 지연되어 여러번 재접속해야하는 번거로움이 있긴 하지만... ). 고장신고를 가끔씩하는데, 브레이크고장은 다행히 별로 없었고, 주행중 안장이 주저않는 경우가 가끔씩 발생하니 주의하시면서 이용들 하시길!"
Jana Kim,5,2025-11-06 20:06:27,예전부터 잘 이용하고 있었는데 아이들도 부모폰으로 이용권 구매해서 함께 탈 수 있게돼서 더 좋아요! 개선된 것 칭찬합니다
홍영규,5,2025-11-06 16:27:18,늘 유용한 교통수단으로 사용중입니다. 이것은 서울시민을 위한 위대한 발견이다. 저비용으로 교통문화 발전과 시민건강 증진 그리고 지구 지킴이라는 복합적인 효과를 극대화하는 획기적인 아이디어 입니다. 감사합니다
오륙이,3,2025-11-06 15:09:37,따릉이 애용하는 사람인데요 방금 탄 자전거 브레이크가 이상해서 신고하려는데 앱 내에서 못찾아서 그냥 반납해버렷습니다. 고장신고 방법이 좀 더 찾기 쉽게 배치되어야 할거같아여 그래서 이렇게 상태 안좋은애들이 신고가 안되어있는거같네여 ㅠ
박경수,5,2025-11-06 14:45:48,가까운 거리를 오갈때 버스나 지하철보다 요금도 적게 들어 자주 이용합니다. 아주 좋은 정책이라는 생각이 들어요.
eins zwei,4,2025-11-06 14:30:47,항상 편하게 잘 이용하고 있어요! 하지만 앱이 가끔 먹통이 될때가 있어서 개선시켜 주시면 감사하겠습니다.
mia P.,1,2025-11-06 13:27:55,정말별로입니다 바코드인식은 이제 아예안되고 숫자입력하면 매번 페어링이 안된다고 오류 몇번나고 나서 겨우연결되고.. 기본적으로 연결되는데 시간도 오래걸리고 오류가많아요. 임시잠금해제했는데 계속나오고. 대여됬다고 뜨는데 자전거에선 대여안되는 자전거라고 음성나오고 무슨 오류가 이렇게 많은지.. 안정화좀 하세요.
뉸뉴냔냐,5,2025-11-06 09:14:07,편리합니다. 대중교통보다 가까운 거리 이동 시 잘타고있어요
Lee-바람느낌,5,2025-11-06 00:29:54,편리하고 경제적인 이동수단으로 강추
PizzaYut,4,2025-11-05 19:04:17,서비스 초기에 비하면 정말 많이 안정됐어요. UI는 여전히 공공앱스러워서 좀 시대감각에 뒤떨어지지만. 진정한 민중의 지팡이
지훈,5,2025-11-05 17:40:31,"예전엔 잘 연결이 안되거나, 블루투스 이어폰과 충돌이 있었는데, 이제는 자전거 연결도 잘되고 블루투스도 연결 문제없음. 서울시에서 한 서비스 중에 가장 완성도가 높은 서비스임"
김장수,5,2025-11-05 17:11:18,앱이 직관적으로 사용가능하며 따릉이를 이용함에 따라 대중교통 혼잡을 피하고 별도로 운동하지 않아도 될 정도로 운동효과가 충분함 특히 허벅지 근육과 콜레스테롤에 효과가 큼
남이종학,4,2025-11-05 14:37:22,항상 시민들의 발을 대신하고 자전거타기 취미에도 많은 도움이 되고 있어요 대여소도 많아졌고 편리하게 이용중 입니다 많은 사람들이 이용하다보니 꼭 필요한경우 고장난 자전거가 대여소마다 많이 있고 주니어용만 있는경우도 더러 있더라구요 이러한 점만 보완된다면 생활에 편리하고 대기오염에 개선에 조금이라도 도움이되는 시설이 될거라 믿어요^^
꼭행복하자,5,2025-11-05 13:58:02,여기 저기 대여소가 많아서 편리해요~ 운동이 부족한 직장인이자 40대 주부입니다. 퇴근후에는 아이들 챙기랴..이핑계 저핑계로 운동을 멀리했는데..사무실에서 짧은거리 외근할때나 출퇴근길 따릉이를 이용하면서 잠깐씩 운동을 하게 되었네요~ 점심때는 직원들과같이 따릉이를 타고 가까운 맛집도 찾아가구요 봄에 한참 타다가 너무 더운여름 중단했는데.. 바람 느끼좋은 가을이 와서 또 정기결제를 했어요~^^ 외근도 귀찮고 싫었는데.. 따릉이타고 가을 냄새맡는게 좋아 은근 기다려집니다~^^ 너무 추워지기전에 따릉이 타면서 가을도 즐기고 건강도 챙깁니다~
koo sol,5,2025-11-05 11:23:15,매우 유용하게 이용하고 있습니다.
In Wook Park,5,2025-11-05 10:36:34,따릉이 이용이너무 편하고 앱 연결도잘됩니다
김규리,4,2025-11-05 09:33:27,앱 잘 사용하고 있는데 큐알 찍고 대여를 대기중일때 따릉이 앱을 나가면 대여중임에도 대여가 되지 않고 다시 앱에 접속해도 대여중이라고 떠서 불편한 점이 있습니다. 다른 것들은 잘 사용중입니다!
안혜영,5,2025-11-05 06:51:23,매일 출퇴근길 따릉이를 탑니다. 지하철역까지 걸어도 10분 남짓되는 짧은 거리지만 따릉이 도움을 받으면 1~2분이라 바쁜 아침 시간엔 그 차이가 크더라구요. 자전거길이 잘 돼있으면 회사까지 갈텐데 길이 아쉽네요!
Audrey김세련,5,2025-11-04 23:21:50,"서울에서 건강 챙기고 운동하며, 친환경에 참여하기에 너무 좋은 따릉이! 덕분에 이동에 너무 만족하며 서울 청년생활 합니당💓"
한미라,5,2025-11-04 22:55:39,따릉이 2년차 2만원으로 6개월동안 아무리못타도 60번은 탔는데 아무리 계산해봐도 ㅋ해도해도 너무싸고 이건 서울 아니 대한민국에서 국민건강을 위해 화이팅 해주는거라고 생각합니다 더우기 전 10년던 자전거타다 동네골목에서 큰사고를 겪어서 트라우마도있었는데 조심조심 자전거도로에서만 타면서 극복하고있답니다 감사합니다. 따릉따릉 최고입니다
이세은,5,2025-11-04 22:34:11,따릉이 이렇게 가성비 좋은데 왜 안함? 어플 사용 방식도 간단해서 좋고 이번에 따릉이 반납하는 곳도 늘어났다고 해서 좋음 30일권 5천원인데 1시간제한 무제한으로 사용 가능한거 안믿겨서 여기저기 검색해보고 납득함.. 너무 싸서 충격적임
최순성,3,2025-11-04 17:57:48,이촌동 자택에서 여의도로 이사한 아들 집 가는 방법으로 모처럼 따릉이 탔는데 대중교통편 이용보다 빠르네요.
짧다인생은,5,2025-11-04 16:41:50,매일 출퇴근 시간에 유용하게 사용하고 있습니다. 최근에 새 자전거들이 투입돼서 좋습니다. 앞으로 예산이 가능한 범위 안에서 더 많은 자전거 교체가 진행되면 좋을 것 같습니다. 만족하고 잘 사용하고 있습니다. 고맙습니다.
Team Jackie,4,2025-11-04 13:41:49,1. 고장신고된 자전거는 따로 표시가 되어있으면 더 좋겠습니다. 2. 거치대 설치했으면 하는 위치가 있는데 그거 접수하는 창구가 있으면 좋겠습니다
Seon L,4,2025-11-04 13:10:15,"따릉이 보관 장소가 확대되거나 이동되길 바라는 곳이 있긴 하지만, 관리에 어려움이 만만치 않을거란 생각. 관리상태도 앙호한 상태라 이용에 관해서는 전반적으로 만족스러움."
박정현,5,2025-11-04 11:32:49,저렴하게 잘 사용하고 있습니다~
랠룰,4,2025-11-04 10:28:37,가장 최근에 적용되고 있는 핸들 손잡이는 고무 재질이라 그런지 손에 끈끈한 게 묻어나는 불편함이 있었습니다. 또 일부 자전거는 주차 후에 뒷바퀴가 들려있지 않아서 잠그는데 약간의 어려움이 있기도 합니다. 그 외에는 아주 잘 사용하고 있습니다
보노보노,4,2025-11-04 09:37:45,따릉이너무편리합니다 가끔 오류가 생기긴합니다
Big Gun,5,2025-11-04 01:24:54,서울시민의 필수어플이지 않을까 싶습니다 👍
조혜령,5,2025-11-03 20:52:44,출퇴근시 이용하는데 사실 앱이 편리하지않으면 짜증 날텐데 보기도 편하고 대여ㆍ반납 편리하구요 주위 대여소 현황도 실시간 잘 반영되서 진짜 좋다는걸 매번 느낍니다.
성환,5,2025-11-03 18:56:12,"손목닥터9988 앱을 통하여 한달 이용권이 생겨 최근에 쿠폰 사용을 위해 따릉이 어플을 다운 받았습니다. 어플용량이나 기능적으로 가벼워서 잘 사용하고 있습니딘. 또한 모든 연령층에 맞춘 앱 인터페이스와 디자인, 기능 등 심플하고 이용하기 쉬운부분에서 높은 별점을 드리고 싶습니다. 오류나 버그없이 잘 사용하고 있습니다. 편리한 부분도 좋은거 같아요."
jung keun lee,5,2025-11-03 18:08:06,매일 사용중 쵝오~!!!
8월은여름,5,2025-11-03 17:57:41,출퇴근길에 따릉이 타고 다니기 좋습니다. 사용이 간편하고 자전거 대여랑 반납이 쉬워서 좋아요. 가끔씩 따릉이타고 반포한강공원도 가곤 했는데 정말 기분 좋습니다. 서울에서만 탈 수 있는 건 살짝 아쉬워요... 서울&수도권 함께 쓸 수는 없으려나요 ㅎㅎ
김진혁,4,2025-11-03 17:46:37,저렴한 가격에 잘 이용
이재용,1,2025-11-03 13:57:26,앱에 오류 좀 해결하세요... 앱 설치 삭제 해도 렉이 너무 심해서 이용이 안됩니다.
최현희,5,2025-11-03 12:09:18,아주 오랜만에 자전거를 탈수있어좋았습니다 안양천접근성이 좋아 자전거를 잘 타지못하는 사람으로 편리했습니다
nbnara kim,5,2025-11-03 08:35:53,장보기 너무 좋아요^^
100to,3,2025-11-02 22:17:46,자전거가 연결되지 않는다고 뜰때가 많아 불편해요
JH S,5,2025-11-02 22:06:15,몇년째 이용하고 있는데 저렴한 비용과 많은 대여소가 있어 이용하기가 편리하네요 교통비도 절약되고 운동도 되는 좋은점이 있네요
김선경,3,2025-11-02 21:46:19,임시장금 사용시 렉걸러서 될때도 있고 안될때도 있어서 불편해요.
정지용,5,2025-11-02 21:38:36,사용하기 쉬워요. 가격도 괜찮아요. 자주 이용할 것 같아요
Jungah Choi,5,2025-11-02 19:38:22,뚜벅이로서 엄청 유용하게 잘 이용하고있어요! 버그나 오류 등 점점 해결되고 업데이트되어 만족하며 쓰고있습니다.
비밀상자 케빈,5,2025-11-02 16:13:16,나만의 꿀팁을 하나 공유 하자면 자전거 대여시 저는 카메라로 큐알을 스캔하지 않고 수동으로 자전거 번호를 앱에 직접 입력합니다. 자전거 번호를 직접입력 하는게카메라인식보다 빠르고 정확 하더라구요. 입력 후에는 스마트폰을 잠금장치 바로 옆으로 가져다 댑니다. 이렇게 하면 오류발생없이 빠르고 정확하게 대여할 수 있어서 좋더라구요. 큐싱(?)이 문제라고 하던데 큐싱을 피할 수 있는 방법이기도 할거같네요.
Kim Jenny,5,2025-11-02 14:01:02,서울을 이어주는 따릉이 넘 좋아요.
유유,4,2025-11-02 09:29:58,따릉이를 다시 타기 시작했는데 고장난 자전거가 있어 안전이 좀 걱정됐어요ㆍ조금더 관리가 되었으면하는 마음과 어디서든 사용할수 있는 편리함이 있었습니다
영나,5,2025-11-02 08:46:06,서울자전거 따릉이를 이용하면서 다리근육도 튼튼해지고 교통비도 절감되어서 만족하며 이용하고 있습니다~ 앞으로도 소소하지만 환경보호에 관심을 갖고 실천하겠습니다
박국규,5,2025-11-02 08:09:26,보통 1일 한시간권을 사용하는데 정말 유용하게 이용하고 있다. 가끔 강남에서 약속이 있을 때에도 이용하는데 한강 경치도 구경하면서 따릉이 타는 재미도 만만치 않다. 매우 편리하며 잘 즐기고 있다.
김상아,5,2025-11-02 03:33:43,"2년전에 아들과 서울숲에서 따릉이 따려고 할때 너무 힘들게 탔던(고장난것, 대여가 안된다고 알림뜨고, 자전거 앞에서 큐알찍고 있는데 원격으로 자전거 가져가고~ 자전거 한대는 금방 대여했는데 나머지 한대를 대여하는데 10분도 더 걸렸다는...) 그이후로 따릉이 탈 생각도 안했어요 최근에 필요해서 따릉이를 이용하려 하니 안되더라구요. 앱을 삭제하고 다시 설치하고 사용하니 전에보다 대여하기도 빠르고, 반납하기도 잠그기만 하면 되니 편리해졌어요. 따릉이 반납장소도 더 많아져서 좋네요. 정기권 구매해서 잘 이용하고 있어요.^^"
le go,5,2025-11-02 02:41:51,너무 편리하고 좋아요! 버스시간 애매하게 남거나 기분전환이나 운동하고 싶을때 다. 잘 이용하고 있습니다^^
영길차,4,2025-11-01 23:25:11,"따릉이 교육 받고 할인 받고 정기권 구매로 언제든 편하게 이동 내 맘데로 신청 시간내로 반납 반납하고 또하고 일 24시간 대여가능 자전거 상태에 따라 장거리 계획도 무난하다 따릉이 법규도 일반인에게 늘상 좀 홍보해야 사고를 방지하겠으며 도로 이용방법에 좀 더 신경을 써주시길 바라며 특히 도로망에 확충과 보수도 함께,,,"
케일,1,2025-11-01 23:12:16,"(잠고 소리 듣고 확인 하는데) 안 잠김 3만씩 네번 넴, 2 결국 탈퇴 함"
Name First,3,2025-11-01 20:39:37,파이팅
유다미,5,2025-11-01 19:57:38,사용이 편리해요
Ji Hwan Ryu,5,2025-11-01 19:53:02,먼저 환경오염을 최소화 할 수 있게 기여하는게 너무 좋았고 저렴하게 자전서 도난 분실 없이 자유롭게 이용할 수 있는게 너무 좋습니다. 물론 자전서 탈 때는 주인의식을 가지고 타지만 너무 유용하게 잘 사용하고 있습니다. 감사합니다.
이지은,5,2025-11-01 16:38:39,"따릉이 제도 넘 훌륭하고 좋습니다! 앱도 잘 활용하고 있는데요, 자주 있는 증상중 하나가 이용권이 있음에도 처음 접속했을때 하단에 이용권 구매가 뜨더라고요~껐다 켜면 다시 이용권 활성화되는 증상이 있습니다. 개선되면 좋겠습니다."
joseph kim,5,2025-11-01 08:51:13,5년째 잘사용하고 있습니다. 출퇴근 저의 도우미가 되고 있네요. 더많은 곳에 자전거가 설치돼 접근성이 향상되기를 기대합니다.
2찌,5,2025-10-31 18:20:31,최고에요 저렴한가격으로 편리한이동수단
현주,5,2025-10-31 17:03:46,어플 잘 사용하고 있습니다 속도도 빠르고요 자전거만 더 잘 관리되면 좋겠습니다 자전거가 빨리 빠지는 곳에 배치를 자주 해주세요
앤드엔드,1,2025-10-31 16:14:44,걍 이유없이 안됨
박정미,5,2025-10-31 13:49:28,"대여,반납이 쉽고 빠르게 할수있어 좋아요.실시간 위치 확인으로 동선을 예측하고 티머니고앱으로도 대여,반납이 가능해서 더 좋아요. 출퇴근시 주로 이용하는데 따릉이부족으로 곤란할때도 있지만 착한가격으로 교통비 절약과 운동효과로 개인적으로 많은도움이 됩니다."
송복순,4,2025-10-31 13:34:26,자전거를 배우기로 맘먹었는데 따릉이가 가까운곳에 있어서 너무 좋아요 따릉이로 연습합니다
이인정,3,2025-10-31 00:43:50,따릉이 올해부터 이용했는데요 참좋은 것 같아요 진작에 따릉이를 알았다면 더 좋았을텐데 이제서야 따릉이를 아네요 ^^그런데 따릉이 대여하기가 힘들어요 오전에 출근전 따릉이 위치 파악후 따릉이가 없어 요청을 해도 한두시간 넘게 기달려도 추개배치가 되지 않습니다 따릉이 찾으러 가끔 한두정거장까지 가서 탈때가 종종 있거나 따릉이찾다 늦어 버스를탄적도 종종 있어요 그리고 새싹이 1대만 있을땐 추가요청도 안되더라고요 그리고 타이어 바람이 많이 빠진것도 많고 얼마전에 는 동생과 따릉이 대여후 만났는데 동생이 대여한 따릉이는 뒤바퀴가 완전 터져있는걸 타고 왔더라고요 그후로 따릉이 타기 싫다고 합니다 그리고 비가온 이후 안장이 찢어져서 엉덩이가 젖은적도 아주 많아요 그리고 따릉이 벨로 없을때가 있어 아주 난감한적도 있습니다 이런것들이 개선되었으면 좋겠습니다
스완,4,2025-10-30 23:36:46,사는 지역과 조금 떨어진 곳은 이용할 수 있는 대여소와 자전거수가 표시 안되요 자전거 큐알코드가 인식 안될 때가 종종있어요 쿠폰 등록과 사용 메뉴가 마이메뉴 맨 아래 하단에 있고 등록과 사용이 두 단계라 불편해요
정미정,5,2025-10-30 22:23:47,"자전거를 대여하고 반납하는 과정이 정말 간편했어요. QR코드를 스캔해서 빠르게 대여할 수 있고, 반납도 간단하게 할 수 있어서 시간 절약이 되었어요. 대여 후에는 자전거를 타고 서울 시내를 돌아다니며 시원한 바람을 느끼는 게 정말 좋았어요."
홍성민,5,2025-10-30 22:07:39,편리하게 잘 사용중입니다. 감사합니다.
iuiu h,5,2025-10-30 20:08:57,"따릉이는 혁신입니다. 서울시에서 제공할 수 있는 최고의 복지인 것 같아요. 아침에 잠깐타고 지하철까지 이동하고, 따릉이 정류장이 워낙 여기저기 있어서 주차걱정할 필요도 없네요. 앱 사용도 매우 직관적이고 좋습니다. 한가지 요청드리고 싶은 점은, 한달, 6개월 등의 정기권 사용 시, 자녀와 동시에 타고 싶은데, 아이디 한개 당 정기권 1개만 등록이 가능하여, 자녀는 매번 1일권을 구입하거나 안타게 되었 습니다. 이 점 개선을 부탁드립니다!"
이정현,5,2025-10-30 18:12:51,이제 따릉이 없으면 살 수 없는 몸..
최정연,5,2025-10-30 16:01:26,따릉이를 편리하게 쓸 수 있어요. 검색기능 쓸 때 동만 써도 동이 나오고 어떤 아는 위치 단어 쓰면 목록으로 나왔으면 좋겠어요
제기동,5,2025-10-30 14:45:28,서울에 살면서 가장 잘 이용하는 것이 이 따릉이임. 1시간권 타고 한강 라이딩하기도 좋고 자전거 관리도 엄청 잘되는 편이라 만족하면서 이용중
현천,5,2025-10-30 13:59:36,30일 정기권 이용하고 있어요 따릉이대여소 찾기 대여하기 편리하게 되어 있어 만족합니다~
honey k,5,2025-10-30 13:48:06,3시간 이상 탈 수 있도록 연장했으면 좋겠습니다. 한강에서 타다 자전거 위치 찾느라 힘들었습니다. 고맙습니다~
ahran kang (Arani),5,2025-10-30 13:16:14,요즘 따릉이 자주 이용하고 있어요 . 아이랑 저랑 함께 이용중인데 인식도 잘 되고 가까운 거리는 손쉽게 이용할수 있어 정말 편해요 .자전거도 고장난거 찾아보기 힘드네요. 하지만 어른용 보다 새싹 자전거는 관리가 다소 미흡합니다.
안정은,5,2025-10-30 09:07:31,사용이 편하고 좋아요
왕용현,5,2025-10-30 06:59:15,출퇴근시 유용하며 사용간편성 면에서 카메라 활용등 기능이 좋습니다. 추가적으로 반납을 직접 못하였을 경우 원격 반납 기능이 추가되었으면 합니다
AndSdu,1,2025-10-30 01:18:38,요즘에 안드로이드 환경에서 로그인할때 왤케 깜빡거리나요?
YS Park,5,2025-10-29 21:07:56,따릉이 덕분에 한달 교통비도 절감하고 에너지도 절약되고 너무 좋습니다~ 웬만한 거리나 출퇴근할때 자전거를 이용하니 한달에 7~10만원나오던 교통비가 많이 줄었어요 ^.^
어린왕자,5,2025-10-29 14:31:01,id : youthjc77 편리하게 사용중 입니다. 가용수량이 없는곳과 급한 타이밍에 가끔 고장난 따릉이로 인한 아쉬움이 있습니다. 성숙한 시민의식과 함께 수리와 재배치에도 신경써 주시면 감사하겠습니다~
유소정,5,2025-10-29 14:01:02,좋아요
Life Changer Mr.Q,5,2025-10-29 12:56:12,서울 자전거 따릉이는 제 생활의 1순위가 되었습니다. 비가 오는 날이면 하늘이 원망스러울 정도로 매일매일 따릉이를 몰고 다닙니다. 출 퇴근 뿐만 아니라 삶의 취미가 되어버린 서울 따릉이 자전거입니다. 그 좋던 등산보다 더 좋아졌습니다.
송형진,5,2025-10-29 12:52:52,간편해서 이용하기 좋아요~~~! 굿!
임미진,5,2025-10-29 09:33:35,서울시민의 자랑거리 따릉이! 가까운거리는 버스나 지하철안타고 따릉이타면서 운동합니다.
해기양,1,2025-10-28 20:00:17,오늘 기존 어플이 없어지고 새로 설치 되어있게 된건데 따릉이 대여 안 됨 그래서 지하철 놓쳐서 1시간30분 길거리 버리고 있음 ㅡㅡ 1. 앱에서 등록 안 되는데 자전거 운행되면서 반납이 안 되고 기다리다가 지하철 놓쳐서 1시간30분 길거리 보냄 근데 뭐가 잘 못 된건지 끝끝내 말 하고 그냥 넘어감 ㅡㅡ 2.따릉이 상담원 앱 오류 문제는 늘 사용자 스마트폰 문제임 라고 말함 참고로 폴드7 쓰고 있는데 얼마나 좋은 스마트폰 써야 하나요? ㅡㅡ 늘 따릉이 자전거 문제가 아닌 스마트폰 문제 이니까요 ㅡㅡ
배현주,5,2025-10-28 14:38:49,따르이 앱이 지도를 포함해서 사용하기 편합니다 불편한 점은 반납메시지가 좀 느리게 오는 편입니다
순대국밥,5,2025-10-28 12:00:54,한동안 블루투스 연결이 매끄럽지 못하여 고생했었는데 오류도 많이 개선되어 지금은 신속히 연결도 잘 됩니다. 저렴한 비용에 운동효과도 있어 아주 만족하며 타고 있어요.
Jul K,5,2025-10-28 11:08:20,십년차 따릉이 이용자입니다. 사용감등 좋아진 자전거들도 많이 재배치가 된듯하네요. 저렴한 이용료에 가까운곳 이동하며 기분전환 및 신체활동도 하고 환경오염도 줄일수 있는 일석다조의 공공 따릉이 최고예요. 관리자분들도 감사합니다.
자란,4,2025-10-28 04:09:08,"새벽에 차끈겼을때나 애매한거리 이동할때 좋아요. 정액권 끊어놓면 교통비도 절약할수 있고, 자전거 따로 보관하거나 관리안해도 되서 좋아요. 하지만 종종 상태 안좋은 따릉이를 대여하게 되면 좀 불편하고 난감해요^^"
Sophie,5,2025-10-27 21:40:12,서울시 따릉이 합리적인 이용금액으로 잘 이용하고 있습니다. 공유 자전거인만큼 사용자 또한 주인의식을 갖고 이용하기를 바랍니다. 요청사항이 있다면 안전운행을 위한 따릉이 전용 안전모가 바구니에 같이 장착되어 있으면 좋겠습니다. 불편하지만 안전을 위하여 개인적으로 자전거용 안전모자를 갖고 다니는데 안전모 미착용 상태로 따릉이를 험하게 운행하는 이용자를 보면 우려되기도 합니다. 앞으로도 따릉이 이용자는 증가할텐데 이와 더불어 따릉이와 전용 안전모를 세트로 대여/반납하는 방안 모색 및 사업 시행 부탁드립니다. 감사합니다.
서현지,5,2025-10-27 19:34:57,잘 쓰고 있습니다! 매일 퇴근 후 30분씩 따릉이를 타면서 운동하고 있습니다. 집과 회사간 거리가 멀어 자전거를 탈 수가 없었는데 덕분에 운동합니다 ㅎㅎ
Sam Jang,4,2025-10-27 19:02:29,"따릉이 잘이용하고 있는데요. 앱 이용시 개선되면 좋을점 몇가지 말씀드립니다. 1.지도에서 GPS 내위치찍는 버튼이 왼쪽하단에 있는데 다른 기능버튼처럼 오른쪽하단에 위치하면 한손조작에 유용할것 같습니다. 2.공지사항내 글. 확인시 상시 상단에 공지할 글은 ""공지""라는 말머리가 있으면 좋겠습니다. 그런구분이 없다보니 순서가 뒤죽박죽으로 보이네요. 게시판을 분리하던지 글 특성에 맞는 말머리,정렬이 필요해보입니다. 3. 따릉이 반납시간이 되기 10분전이나, 사용자 설정으로 알람해주면 좋겠습니다.진동이나 벨처럼 사용자가 느낄수있게 알려주면 반납할때 많은 도움될것같습니다"
담다디,5,2025-10-27 18:21:02,잘 이용하고 있습니다!! 가끔 연결이 안 될 때도 있지만 앱이 조금씩 개선되는게 느껴져서 감사히 쓰고 있습니다. 따릉이 많이 늘려주세요!!
Suyoung,5,2025-10-27 18:19:34,편해요 남은 시간 잘보여요
Seungmin Lee,5,2025-10-27 18:13:37,출퇴근길의 동반자로 잘 이용하고 있습니다. 걷기에 애매하고 다른 수단도 없을때 따릉이 덕분에 수월하게 다닙니다. 또 근거리 외근이 필요할때도 유용하게 씁니다.
미니,5,2025-10-27 14:16:04,따릉이 너모 좋아요ㅜㅠ 없이 못살아요 🤩🤩
Seyeon Oh,5,2025-10-27 13:40:10,서울 최고의 복지
이세호,5,2025-10-27 13:02:17,지난 6개월 따릉이로 출퇴근하면서 생활 속에서 건강까지 챙겨온 이용자입니다 이번 달에 다시 이용권을 재구매하였는데 앞으로도 꾸준히 따릉이를 이용하면서 건강까지 함께 챙겨볼 생각입니바
아리하나,5,2025-10-27 11:20:32,짧은거리 급할때 유용해요! 덕분에 환승이나 서울도심 이동에 큰 도움 받고 있습니다^^
김현,5,2025-10-27 09:53:01,편리하고 직관적입니다 실시간 정보가 반영되어서 잘 사용하고 있습니다
정미리내,5,2025-10-27 09:21:42,잘 사용하고 있습니다. 블루투스 이어폰 사용시 종종 접속이 않되곤 하는데 재접속 하면 정산작동하더라구요.
캉가로,3,2025-10-27 08:08:28,지도에 내위치가 잘안나옴 다른건 괜찬아요 작동도 잘됩니다 지도가 별로인거 같아요 네이버나 카카오지도로 하면 좋겠습니다
donny yun,5,2025-10-27 04:38:42,"서울시민의 건강챙기미, 따릉이!!"
박경수,4,2025-10-27 00:29:23,아이디 비밀번호찾기또는재설정을할수있도록해주세요
강주미,5,2025-10-26 19:32:40,이용하기 편리하고 너무 좋아요~~^^
오정림,5,2025-10-26 18:36:57,거치대가 많아 빌리고 다시 반납하지 좋아요. 누구나 앱만 깔만 1년 3만원으로 자유롭게 이용가능합니다.
elec H,5,2025-10-26 16:05:26,안녕하세요 따릉이를 자주애용하고있는사람 으로서 따릉이 없었을땐 어떻게 가까운거리를 이동했는지 기억이 안날정도 입니다 따릉이 최고 👍
Junyeop Jeong,5,2025-10-26 14:25:53,"youpdd 요즘 따릉이 정말 많이 좋아졌어요. 예전엔 연결도 자주 끊기고 앱 사용이 불편해서 답답했는데, 최근엔 실행도 빠르고 자전거 상태나 위치 확인도 훨씬 정확해졌네요. 덕분에 출퇴근할 때나 가볍게 운동할 때 매일 이용하고 있습니다. 이렇게 꾸준히 개선되는 게 느껴져서 참 반갑고, 앞으로도 좋은 서비스로 오래 함께할 수 있었으면 좋겠습니다."
김윤정,1,2025-10-25 12:09:02,"웬만해선 리뷰 안남기는데 너무 앱사용이 힘드네요. 수시로 멈춰서 수시로 계속 앱 삭제, 다운받기 반복을 20번도 넘게 했습니다...자전거대여도 한번에 성공하면 운이 좋은거구요. 대여할려고 5분 대기는 기본입니다ㅠㅠ뭔가 조치가 필요할듯합니다."
장영환,1,2025-10-25 09:49:41,"도대체 별 1개는 왜 줘야 하는 건가요? 연결은 안되고 매번 돈만 낭비하고, 이 정도면 관련자 다 파면하세요. 욕도 아까워요."
뚜르릅뚜릅,1,2025-10-22 12:28:37,상담원이 싸가비가 없고 대가리가 텅텅빔
Sol (Sol),2,2025-10-22 08:31:01,잘사용하고 있지만 종종 대여가 잘 안됨.
방건희,1,2025-10-21 19:07:58,연결도안되는 앱이있다~
베지터 (박재혁),1,2025-10-21 17:26:09,"부정확하고 느립니다. 그리고 배터리 체크와 타이어에 바람좀 제대로 채워주세요 바쁜데 자전거를 걸러내서 타야합니까? 25.10.21+ 56957 자전거 말입니다만 체인관리를 어떻게 하신건지 모르겠는데 ""내장기어"" 자전거에서 오르막을 오르다 체인이 빠져 넘어지는 바람에 바지도 찢어지고 무릎을 다쳤습니다. 덕분에 바지 한 벌 더 사야겠네요"
네,5,2025-10-20 16:55:56,ㅎㅎ 아이디 까먹어서 냅다 별점 1점 박았는데 전화문의 하래서 귀찮아서 단순한 제가 뭘로했을지 대충 다 해보니까 맞췄어요~ 복붙 대응일지 몰라도 의지를 다잡게 해주셔 감사해요~ 잘 타고다닐게여이~
나의해방일기 (나의 해방일기),4,2025-10-20 11:33:21,"로그인할려면 4분정도 걸려요. 예전에는 대여화면이 바로 떴었는데, 요새는 바로 안뜨는데 이거 왜이러는거죠? 업데이트해주세요 ㅠㅜ"
김시우,1,2025-10-20 08:02:51,안드로이드 6인데 안켜져요
최시은 (25최시은),1,2025-10-18 17:24:29,앱 너무 로딩이 길어요
둥두,1,2025-10-18 09:24:12,"대여소 보려는데 계속로딩중임.옛날에는 그래도 20초면 보여졌는데지금은 허구한날 로딩중에, 가끔씩 오류화면도 뜸. 최악"
세일러쭌 (SailorJJun),1,2025-10-17 17:00:39,허구언날 연결실패
홍성인,1,2025-10-17 14:35:45,맨날 열리지가 않냐 전체적으로 접근성 좀 잘되게 헤라
JA shin,1,2025-10-16 13:50:30,앱 접속이 안 되어서 임시잠금이 안 풀려 한강에서 집에 못가고 있어요.ㅜㅜ 왜 접속이 안되는지요. 콜센터 연결도 안됨요
시크릿골룸폐수집가,1,2025-10-15 13:38:38,아... 짜증. 진짜 못만들었네. 신용카드 결제 부분 안되면 다른 결제 수단으로 다시 선택하게끔 해주세요. 넘어가지도 않고 앞으로 가지도 않고. 앱을 지웠다 다시 깔아야 하나. 휴대폰을 껐다 다시 켜야 하나. 몇 번을 다시 하냐. 리뷰 만족도 3.2면 문제가 있단 걸 인식하고 개선 좀 하자.
yeonjeong jang,1,2025-10-14 21:49:04,어플 툭하면 흰화면에서 아무것도 안됨 비회원은 저 흰화면에서 재접하면할때마다 인증해야함 결제내역 이용내역 반납잘됐는지 여부 어플에서 안나옴
코딱지,2,2025-10-14 05:04:54,업데이트 이후 반납이 느려짐
이의형,4,2025-10-12 20:58:44,"모두 좋은데, 자전거 대여를 한 번에 성공한 적이 손에 꼽습니다. 무조건 '연결 실패'가 두 번 뜬 뒤 무한 대기가 걸리거나, 아예 표시 자체가 뜨지 않거나 입니다. 대여 취소도 1분 걸린 뒤에나 가능하고, 이마저도 반응을 안하는게 대부분 이네요. 대여 때 마다 이러니 너무 짜증이 납니다. 실패 두 번 발생하면, 그냥 대기하지 말고 바로 끝내주는 기능이라도 추가해 주세요."
하하하하,3,2025-10-12 01:13:50,편하고 좋은데 제발 원격 반납이 되었으면 좋겠음ㅜ 아니면 일정거리 이상 멀어지면 알림오는 시스템이라던가 도입되었으면 좋겠음ㅜ
심규대,1,2025-10-11 17:11:05,로딩이 너무 느림
HyoungSub Kim,1,2025-10-09 11:34:53,따릉이 업데이트후 작동 오류 넘 많아요 ㅜㅜ 오시장은 수상버스 같은데 혈세 낭비 그만하고 이런 교통수단에 신경 좀 쓰세요!!!
jamie,1,2025-10-08 14:15:18,"이전 핸드폰번호로 가입한 후 아이디와 비밀번호를 잊어버렸는데, 새 휴대폰번호로는 찾지도 못하고 새로 회원가입도 못하네요. 통신사 본인인증하면 동일한 사람인지 확인할 수 있을텐데요. 제 아이디랑 비밀번호 찾고 싶습니다..."
이태윤,1,2025-10-06 18:01:55,느거매요 ㅋㅋㅋ
응그래알았다,5,2025-10-03 00:01:52,3키로 거리에 출퇴근하는데 버스비 왕복3천원이라 자전거 이용해봤는데 200원꼴로 왕복 출퇴근 좋네요
김한수,1,2025-10-02 18:14:31,반납 드럽기 안되네
한선희,5,2025-10-02 13:22:20,아주 유용하며 간단하게 편리하게 잘 됩니다~! 감사합니다 😃
정규영,1,2025-10-01 10:24:40,대여할때 오류도 너무 자주뜨고 반납할때 반납도 한번만에 안될때가 너무 많아요
WonGi Seo,1,2025-09-29 17:41:54,언제까지 고객 휴대폰 핑계대면서 대여 반납 엉망인 시스템 끌고 가는지 지켜보는 중입니다.
신종현 (블루레몬),1,2025-09-29 09:50:34,자전거 정장주차되어있는데 왜 10대중에 한대도 인식을 못하냐
오경택,1,2025-09-28 14:02:31,서버 관리 누가하나요... 네트워크 30분동안 시도했는데 운좋게 한번 앱 잘 켜짐 ㅜㅜ 자꾸 폰 다시 켜라고 하는데 이렇게 사람들 공통으로 나타나는 문제면 서버 문제 맞지 않나요.. 급해죽겠는데 시간낭비하고 지하철탔어요
전진호,1,2025-09-27 22:20:37,접속 불가 도대체 돈 받고 뭐하는 거죠
한용현,1,2025-09-27 17:16:21,페어링 연결 좀 시켜줘라
김청,1,2025-09-27 00:36:41,열리지도않네앱이ㅋㅋㅋㅋㅋ
주은찬,1,2025-09-26 07:11:45,대여안되는 비율이 역대 높음 절반 이상이 다 쓰레기 수준임
HAIYING JIN,1,2025-09-25 18:23:59,걍 쓰지마세요 따릉이 한번 타겠다가 소요한 시간만 30분이 넘습니다
Aa Gg,1,2025-09-25 17:02:30,아니 네트워크 연결에 실패했다고 껐다 켜라고 난리쳐서 몇 번 끝에 겨우 대여했는데 이젠 또 반납이 안 되고 무한 로딩만 하면서 계속 네트워크 연결 실패라 합니다. 껐다 켰다 해도 안 되는데 어떻게 반납하라고요
박지영,1,2025-09-25 15:59:12,며칠전에도 그랬고지금도 또 앱이 전혀 안되네요 네트워크실패라니!!! 도대체 핸드폰 껏다 켰다를 몇번을 해야되는거에요? 다른 앱들은 다 잘되고 있는데!!ㅜㅜ 어느때는 되고 어느때는 주구장창 계속 안되고 바쁜데 이거 붙잡고 있으니 그냥 버스를 타는게 났겠다 싶어요 아예 포기하고 그냥 걸어간 경우도 있었음요 오랫동안 이용해왔지만 IT강국 대한민국에서 이정도 구리구리구린앱이 아직도 퇴출안되고 계속 이용되고 있다는게 미스테리입니다 사용자들의 반발이 굉장히 많던데 바뀌지 않는건 도대체 무슨 이유인지 너무 궁금합니다 이렇게 좋은 제도에 이렇게 구린앱환경이라니..
건포도방지법,1,2025-09-22 18:03:21,페어링 실패하면 왜 1분을 쳐날려야되냐고
Su Woo,1,2025-09-21 07:47:47,연결이 도대체 최대 1분 걸린다더니 3분이 지나도록 연결이 안되고 연결 취소도 암만 눌러도 안되는데 언제 고치시나요
조성훈,1,2025-09-20 17:50:28,아니 야외에서 쓰는 앱인데 데이터로 로딩이 안되면 어쩌자는겁니까. 가끔 지나가는 버스 와이파이 잡히는걸로 하라는겁니까?
임자현,2,2025-09-19 13:47:51,와이파이에서 실행이 안돼요.
Yejun,1,2025-09-18 19:33:23,"어플좀 제대로 만드세요. 대체 서비스를 이용하라는건지 말라는건지, 하루종일 실행이 안됩니다. 공공서비스는 모든 시민이 이용할수 있어야하는데 이런식으로 어플을 만들면 누긴 이용합니까? 아무리 기다려도 ""개선"" 이 안되네요"
뉴멸,1,2025-09-18 13:05:08,아니 아이디 까먹어서 아이디 찾기하는데 풀네임을 안알려주냐고!!! 스무고개하나 진짜 욕나오네
권대근 (KDG0210),1,2025-09-18 11:09:59,대여앱 거지같음 툭하면 네트워크연결 안되서 임시잠금해제를 못함 반납하러 가야되는데 자전거를 들고가야됨 핸드폰에 다른앱들은 네트워크 연결에 아무 문제 없는데 재부팅 네트워크 재연결 블루투스 등 무슨짓을 해도 앱이 네트워크를 못잡음
DK KIM,1,2025-09-15 08:04:23,"너무 느립니다. 잘 켜지지도 않고 대여도 잘 안되고. 핸폰기종-갤럭시 노트 21. 이게 예전에 이정도 아니었는데 8,9월에 심하게 느리네요"
Eunbyel Cho,1,2025-09-14 03:34:07,따릉이 쓰레기에요..맞은 오르막길도 못오르네요
한상민,1,2025-09-14 00:11:14,이렇게 만들거면 다 자르셈 들어가지지도 않네 삭제랑 재설치도 되고 유튜브 1080으로 봐지는데 네트워크 연결이 안되는게 말이되냐 공무원 돈 주지마셈
Ong Jang,1,2025-09-12 14:06:55,뭐 이런 앱이 있지. 정작 필요할 때 사용도 안 되고 웹을 통해서도 이용도 못하고 1점도 아까움
mai,1,2025-09-12 11:27:44,오류가 너무 많아서 정말 불편ㅠ
땡이,5,2025-09-08 20:47:54,"서울 살아서 누리는 혜택, 따릉이 최고!!"
어쩌면프로,2,2025-09-08 20:42:38,앱 오픈하면 로딩시간이 5분어상 걸림. 갤폴드7 사용자임
Jay Kim,1,2025-09-06 16:18:18,멀쩡한 띠릉이를 만나기 힘듭니다.. 페달베어링 안장 체인 체인링 내장기어.. 등등 모두 마모한계까지 닳아 굴러가는게 신기할 띠름입니다.. 부속교체및 관리비가 아까우면 사업을 접는게 낫습니다.. 다섯살 훈이는 따릉이 예산을 아까워하니.
14기송민우,1,2025-09-06 13:06:48,반납처리가 계속해서 안돼서 10분만에 겨우 했슥니다. 그래서 지하철도 놓지고 아까운 택시비만 깨졌습니다. 대여하는것도 너무 느린데 반납도 느리면 타라는겁니까 말라는겁니까. 아침부터 기분 잡치고 하루를 시작하네요.
곽지인,1,2025-09-05 19:54:00,오세훈 시장이 따릉이 버린다고해서 관리가 안되는건가요 자전거 관리좀해
김경미,1,2025-09-05 19:01:51,앱 안열림
Yu taek Lim,1,2025-09-04 00:02:40,실행이 안되네요
Berry,1,2025-09-03 08:40:01,저렴한 따릉이는 감사한데 앱이 심각하게 구리다!!! 대여하는데 너무 오래걸린다 먹히지도 않고 취소도 안되고 거의 십분걸려서 어쩔땐 안될때도 있고 후.. 여름엔 특히 하다가 포기도 많이 함 하다가 중간에 관두자니 억울하여 설마 되겠지 계속 시도하다가.. 차라리 걸어가는게 나았을때도 많다
p리,1,2025-08-30 16:21:33,대여소에 갔다 넣으면 반납 잠금오류가 너무 자주뜨네요..
still kang,1,2025-08-25 04:02:57,민간 자전거 공유타다 이거 타면 너무 않좋게 느껴짐 이유는 pm의 장점을 못살리고있음 자전거거치대 간견이 너무넓어서 버스타는게 나음
N.H Lee,3,2025-08-22 17:00:05,쫌 따릉이 인기지역에다가는 많이좀 갖다놓으면 안될까요 정기권을 삿는데 자전거가 없어서 이용을 못합니다ㅡㅡ
김재현,5,2025-08-20 18:28:31,"평소 잘 사용하고 있습니다. 그런데 저번주부터 사용을 못하고 있는데, 시스템 버그인가요? 갤럭시 s24인데 로딩이 전혀 되지 않다가 네트워크 에러라고 뜨네요. 휴대폰이나 앱 껐다켜도 그대로입니다."
박동민,1,2025-08-20 01:06:38,앱 진짜 어떻게 이렇게 만들 수 있지 싶음
G N,1,2025-08-19 08:59:23,업데이트??다운그레이드!! 잘되던 앱이 갑자기 안됨. 핸드폰 재부팅해보라고 안내됨. 두번시도해도 안됨. 다시깔음. 안됨. 두세번해서 간신히 로그인... 가만히 있으면 중간을 가지...업데이트하려면 제대로 합시다. 원...매번 업데이트마다 거지같아지네
조조예선,2,2025-08-18 23:55:45,왜 열리지가 않지요? 정기권 구매했는데 열리는 거 기다리다 늦어 그냥 뛰고..뭐하는 짓인지..ㅜ
몰라몬,1,2025-08-18 19:37:34,앱이 안켜짐
강민수,1,2025-08-16 15:56:24,왜업데이트도 안되고 다시설치해서 업데이트도 중간에 안되고 왜그런거요!!
KTX광명역,1,2025-08-15 22:48:12,자전거 잠금장치 페어링이 도대체 왜 안된다고 하냐? 휴대폰 멀쩡하고 자전거 멀쩡한데
박상원,2,2025-08-12 08:18:19,기업연계포인트 못쓰게 해놨음 -> 방법을 찾음 1.앱 삭제후 재설치하니 버벅거림 해결됨 2.기업연계포인트 단독으로 결제는 에러나서 카카오페이 설정후 기업연계포인트를 넣으니 드디어 결제가 됨
하정찬,1,2025-08-12 01:19:02,잘 안됨
hs08 Y,1,2025-08-10 21:46:30,어플 이상함
D. Y Ki,1,2025-08-09 21:29:29,앱이 참 안되네요;;
송민준,1,2025-08-08 22:10:50,진짜 어플 최악이에요. 어플켰을 때 8번 중에 1번 종도먼 정상으로 켜지고 나머진 전부 하얀 화면 뜨고 글씨도 안나와요. 관리좀 잘 해주세요. 진짜 너무 너무 최악이에요..... 이게 뭡니까
whiplash,1,2025-08-07 22:05:13,나라에서 만드는데 왜 이따굽니까
이훈,1,2025-08-07 19:00:16,"제도는 좋은데 한두번도 아니고 매번 대여소에 반납해도 임시잠금 처리되고 앞에서 3분 동안 어플이랑 블루투스, 핸드폰 모두 껐다 켜도 임시잠금 처리도 안되다가 갑자기 반납완료됐다고 알림 날아올때마다 화나서 그냥 시간만 날리고 택시나 자차 이용하게 되네요. 좋은 취지인 것은 알지만, 이용하기 위해서는 더 많은 노력이 시급해 보입니다."
Oh Daewon,1,2025-08-07 15:01:39,앱 관리 엉망. 매일 업데이트는 뭔지. 그나마도 먿통이 태반.
teemo,1,2025-08-06 10:54:38,연결 안되면 연결 바로 취소할 수 있게 하는게 어려움??? (진짜 모름)
이진실,1,2025-08-05 20:38:13,갑자기 요며칠 연결이 잘안됩니다. 다시 깔아도 똑같네요. 더위먹은건가요.....ㅠ
정하늘,1,2025-08-03 17:17:42,오랜만에 이용을 했습니다 대여가 20분동안 안되서 앱 삭제후 설치를 두번이나 했어요 겨우 대여하고나니 이전에는 대여 중에 자전거도로 빨간선으로 볼수 있었는데 이젠 대여하고나면 그 도로 선을 볼수가 없네요 화면 아랫쪽에 포인트 적립이니 반납안내니 하는 안내창이 계속 떠있어서.... 결국 길까지 헷갈려 못찾게 되어 네이버지도앱까지 병행하면서 봐야하더라구요 네이버도 자전거도로안되어 있어서 결국 인도로 끌고갔네요... 업데이트를 하면 더 좋아져야지 더 사용하기 어렵고 부정확해지면 이용하기가....
킴스톤,2,2025-08-02 17:29:40,네트워크 연결이 안된다고 리소스 다운이 안되네요 폰을 껐다켜도 앱 실행이 안됩니다. 다른건 네트워크 잘만되는데 얘만 계속 네트워크 연결이 실패된다고 떠요
김동우,1,2025-08-02 09:40:02,서버 최악
Simon LG,1,2025-08-01 18:14:14,"안켜져요, 다시 다운받아도, 데이터를 껐다켜도 화가납니다"
꼬요,3,2025-08-01 07:19:22,대여 취소좀 능동적으로 할 수 있게 해라 제발 대여 취소 버튼 생길때까지 계속 팝업 띄워서 확인해야 하는게 말이 됨?
YD Kim,5,2025-08-01 03:11:54,어느순간부터 로딩이 사용하기 힘들정도로 느려졌었는데 어플 설치삭제하고 다시 깔았더니 잘 됩니다.
lee js,1,2025-07-31 19:40:42,2025년도 상반기에 업데이트후에 UX가 너무 불편해졌어요. 예전이 훨씬 직관적이고 편해보입니다. 예전 UI로 돌아갔으면 합니다. 1) 반납확인이 어려움. 2) 빌린상태에서 지도가 고정된 상태로 표시되서 불편함.
고니,1,2025-07-29 11:43:16,진짜 최악이다 근 3년간 정기권으로 쓰고있는데 진짜 반납 추가비용으로 깨지는 돈만 5만원 되는거같음. 아니 반납되었다고 하면서 앱에서는 왜 추가요금 뜨는건데 이해가 안되네 다시는 안쓸게요~
Belladonna,1,2025-07-28 22:02:44,써본 앱중에 최악임 별 1개도 아깝다
29 29,2,2025-07-28 14:41:29,원래 잘 사용하고 있었는데 갤럭시 업데이트 이후 그러는건지 앱이 업데이트 실패라고 안열려서 대여를 못하고 있습니다.
Kh L,1,2025-07-26 17:00:11,이젠 열리지도 않네
HR R,1,2025-07-24 20:39:34,요즘 자꾸 첫 화면에서 안넘어가서 사용을 못함.
정현,1,2025-07-24 12:32:49,진짜 뭐 접속은 맨날안되고 관리 드럽게 안하는듯 최악임
임효빈,1,2025-07-24 01:33:40,앱이 안열리네요 자주
bj cho,1,2025-07-23 18:43:53,앱이 나온지 몇년째인데 자전거 페어링이 왜 이렇게 안되냐? 정기권 끊어서 쓰는데 돈아깝다
K KH,1,2025-07-23 15:44:14,앱이 엄청 느려짐 저도 처음에는 먹통인줄 알았는데 그냥 느려서 안 넘어가는거에요 첫화면 넘어가도 흰화면 오래 기다려야함
YS KIM,1,2025-07-23 11:47:13,앱... 죽었나요?
oli oli,1,2025-07-23 09:49:53,최악이네요. 요 몇달간 안쓰다 필요한 일이 생겨 다시 사용하려하는데 접속도 안되고 재부팅 해도 안되고 몇십분째 계속 반복하다 결국 버스 탔습니다.
JIN,1,2025-07-22 08:57:40,어플 관리를 이딴식으로 안할거면 대체 왜 운영하는지 모르겠습니다. 1. 리소스는 매일 이용해도 매일 새로 받음. 2. 블루투스 연결 한번에 되는 꼴을 못봄. 3. QR코드도 마찬가지. 4. 무엇보다 관리하며 피드백 반영하도 업데이트 하는 꼴을 못봄. 이따위로 운영할거면 그냥 폐지하는게 답인 것 같아요.
zeto jeramoto,1,2025-07-21 19:57:49,VPN을 킨 상태로 따릉이 어플을 실행한다 실행후 로딩창에서 VPN을 끈다 무한로딩은 일단 이방법으로 써지는 듯 합니다
엄진환,1,2025-07-21 14:19:48,리소스 업데이트 자주 실패함
Seung Youn Lee,3,2025-07-20 17:50:57,안켜져서 못타고 있어요 ㅠㅠㅠ
김찬주,1,2025-07-19 16:21:41,올해의 버러지 같은 앱 만들기의 수상자를 소개합니다
Ki Wan Eum,3,2025-07-16 07:49:45,어제 부터 갑자기 따릉이앱 업데이트 실패했다고 메신져뜨며 실행이 되지 않습니다. 주변 확인해보니 비슷한 현상이 있는분들이 있습니다
Bardem Javier,1,2025-07-16 06:26:22,요새 왜 접속도 잘안되고 앱이 먹통이된건가요
김재훈,1,2025-07-16 06:20:34,업데이트 이후 앱 시작조차 제대로 작동 안 함
임성락,1,2025-07-15 09:12:51,"그냥 오류투성에다 개선할 생각도 없음 정기권 2년째 쓰는데 맨날 발생하는 오류 접속 안되는건 부지기수고 그놈의 리소스 다운은 왜 맨날 접속할 때 마다 하는거임? 실수로 화면 잘못눌러서 리소스 다운 안되면 결제,접속,반납 다 안되는데다가 대여안되는 자전거는 따로 구분 좀 해두던가 경쟁업체도 많은데 굳이 여기를 써야하는 이유가 뭔지 모르겠네"
jiiiyuun y,1,2025-07-14 08:33:24,출근길에 쓰는데 갑자기 업데이트 안되서 못 쓰면 화가남..출근해야하는데 쓰기도 못하고 출근은 할 수 있게 개선해주세요.
Jungyeon Park,1,2025-07-11 12:00:30,앱을 깔았는데 안켜짐. 지우고 다시 해봐도 안됌
최문영,3,2025-07-08 10:41:24,따릉이 직접반납을 눌렀는데도 왜 직접반납이 안됬다고하는건가요 이런식으로 따릉이를 하시면 다신 안타요. 그리고 다른사람들이 못타게 해주세요.
14 CharyBoy,1,2025-07-07 17:37:03,진짜 이딴 쓰레기같은 앱에 돈 쏟아부은 서울시는 뭐냐?
김현규,1,2025-07-07 17:11:34,좀 어플좀 고치세요 맨날 오류에 연결은 맨날실패하고 진짜 답답해 죽겟네
김남호,1,2025-07-04 20:05:50,이 앱 제작사랑 계약한 담당자 징계먹어야함
아인슈페너,1,2025-07-03 21:14:30,사용할때마다 대여소 찾고 있다고 하면서 한세월 걸리네요...
Park Kwanghee,1,2025-07-02 15:19:19,"잘 되던앱 업데이트 하라해서 연결도 안되고 , 빌리지도 못하게 불편하게 만들어 놨습니다. 왜 자꾸 업데이트 하라고 하는지 모르겠음"
조약돌,1,2025-07-02 11:06:00,아이디 찾기를 눌렀는데 아이디 일부가 별표로 표시되네 아이디가 기억 안나서 찾기를 누르는건데 ㅋㅋㅋㄲ 이것좀 고치슈
몬,1,2025-06-30 19:45:22,따릉이 잘 타고 있는데 반납 관련해서 업데이트 좀 해주시면 안 될까요? 반납하고 집에 갔더니 반납이 안 돼서 다시 내려왔습니다 평소에 반납할 때도 너무 오래 걸려요
김김백수,1,2025-06-30 18:46:41,세금 부족해요? 자전거 상태는 엉망이고 이어폰쓰지도 않는데 대여오류 5번이나 겪고 다른 자전거 앱은 5초도 안되서 바로 잠금풀리는데 여기는 대여오류랑 느린헤제때문에 반나절 걸리겠음 국가에서 지원금을 잘 안주나요 우리가 세금내면서 일하는데 덕분에 직장에 지각해요
이창윤,1,2025-06-29 18:32:59,관리좀하지? 가입하고결제하고 앱이안열리는건 무슨경우지? 45대있다고해서 갔더니 1대있고
이재현,5,2025-06-29 16:58:26,좋아요. 정말 편해요. 가끔 페어링이 실패하시는 분들은 혹시 따릉이 앱을 켠 상태로 폰 화면을 껏다가 켰는지 확인해보세요. 혹은 페어링 중 폰 화면을 끄셔도 실패할 때가 있습니다. 혹시 그런 상태라면 앱을 껏다 키면 됩니다.
이승엽,1,2025-06-28 20:04:45,업데이트후 반납할 곳을 찾기 힘듭니다 실시간 내위치가 안보여 반납할 곳으로 가는 길을 헤멥니다
DH L,1,2025-06-27 19:27:54,거지 같음 불량 자전거가 이용 가능 자전거에 포함 되는 것이 이래항 슈 없음
이문욱 (모내기),5,2025-06-25 23:45:48,가격이 저렴하고 시용이 간편하고 튼튼한 자전거로 운동에 적절합니다.
뿌애애앵 (Mingul),3,2025-06-19 17:38:50,사용하면 좋지만 페어링 실패가 너무 심각하다. 다른 블루투스 연결 안해도 연속 실패를 경험하면 정말 열받음
김은성김은성,1,2025-06-15 11:23:08,개장do 로그인도 안돼고 안써
John Park,1,2025-06-15 01:50:50,비회원 이용권 번호 입력했는데 앱이 자꾸 강제종료돼서 그냥 걸어감
신동송,1,2025-06-11 16:40:26,오류가 왤케 많아
아때아때,1,2025-06-09 22:21:48,업데이트 되고나서 계속 버퍼링걸림. 한번 사용하고 다음에 사용하려면 어플 지우고 다시 깔아야함. 업데이트 개발자 옛날버전으로 돌려놔라 못써먹겠다.
노렌지,1,2025-06-09 09:10:11,이렇게 카메라 초점을 못잡는 어플은 처음봅니다 s24 울트라임
김재권,1,2025-06-06 11:31:45,"업그레이드 되고나서 대여했을때, 반납했을때 어플상태가 먹통되고 완전 수준이하가 됐더군요. 사용자 위주의 편의성을 고려해서 수정해 주세요"
황무무치,1,2025-06-06 01:47:45,이런 그지같은 앱 켜지지도 않고 오류만 뜨는 앱 제발 업데이트만 하지말고 오류수정좀
Minty Mint,1,2025-06-04 16:17:52,안들어가짐 고치셈
onebluestone,4,2025-06-04 09:38:34,덕분에 따릉이 잘 타고있습니다. 노고에 감사드립니다. 그리고 제 바램이 있다면 따릉이 자전거들이 증설되었으면 합니다.
sammy kim,1,2025-06-03 11:19:41,다운받았는데 설치가 안되네요 ;; 손목닥터9988에서 따릉이 쿠폰이랑 연계되어있어서 사용해보려고 했는데 ;; (집이라 와이파이나 데이타는 무한)전원 껐다가 다시 켜도 까만 화면만 나와요 ;;
Cha_ni_chan,1,2025-06-01 17:18:07,페어링 실패는 언제 고치실껀가요 맨날 못타요
김민혁,1,2025-05-31 21:09:48,뭔 업데이트 했더니 지 맘대로 꺼졌다 켜졌다를 수십번 반복을해ㅡㅡ
Joungsoung Kim,1,2025-05-30 08:05:45,앱슈레기
SangHoon,5,2025-05-29 04:48:54,대여하면 손가락으로 지도 좌우로 돌리기가 업데이트 이후 되지 않아서 길찾기가 너무 불편합니다. 길치 입장에서 지도 이리저리 돌려보지 않으면 여기가 어디인지 몰라요. 전처럼 지도 회전 가능하게 부탁드려요.
정동수,3,2025-05-26 06:06:39,최근버전 쓰고있는데 반납시 반납메시지가 왔는데도 불구하고 반납안된 상태로 일정시간동안 지속되네요. 개선이 시급합니다.
TAEHWAN JANG,1,2025-05-24 18:06:46,"아이폰11pro 사용중, 최신 앱으로 업데이트해도 일시잠금시 해제가 안됩니다."
Jin Young Kim,1,2025-05-17 13:02:13,이건 뭐 켜지지도 않음 어플이
정윤식,1,2025-05-15 18:51:14,어플 결재오류좀 어캐해보세요 천원결재하는데 오류가 뭐그리 많은지 등록도 안되고 상담원은 전화도 않받고 세금 날로 먹나요??
Dduru “뚜루리” Dduru,1,2025-05-14 20:19:43,아니 분명 잠금했는데 잠금 안됬다고 초과금 부여돠다고 문자와서 다시 가보니 역시 잠금상태임. 근데 고객센터는 연결도 안되고 반납도 안되고 결국 돈만 뜯김 거지같음
dmfkckckck ckckck,2,2025-05-14 18:26:10,"왜 qr코드가 잘 안읽힐까요? 다른 일반 qr코드들은 문제없이 읽는데 따릉이는 유독 안됩니다. 진짜 어쩌다가 한번 되고, 또 숫자로 입력해도 대여중으로 넘어가지않고 계속 무한 대여하기 뜹니다. 계속 번호입력해도 또 대여하기버튼 그대로있고. 계속 그대로입니다. 왜이래요? 돈은 냈는데 환불 되나요?"
민랑,2,2025-05-13 21:21:01,앱의 작동은 괜찮습니다. 그런데 1년정기권을 구입했음에도 자전거가 없어서 이용을 못할 때가 자주 있습니다. 자전거의 배치를 자주 확인하고 채워주면 좋겠습니다
아아아안녕,3,2025-05-13 08:32:24,잘쓰고있는데 블루투스 연결이 가끔 안되는편 반납레버 내려도 반납처리 안될때 있음
우현,1,2025-05-09 08:13:03,그냥 할 말을 잃게 만듬.있는건 좋은데 반납이 조금이라도 자리 없어서 밀리면 반납도 안되고 그덕분에 지각합니다.
Kyung Chan Min,3,2025-05-03 13:04:03,따릉이 출퇴근 잘 사용합니다. 간간히 페어링 실패로 연결 복불복 하는건 개선 되길 바랍니다.
이준영,4,2025-05-03 01:42:06,리소스 업데이트는 왜 해도해도 계속 하라고 나오는걸까요
im im,1,2025-05-02 21:45:43,자전거 너무 타고싶은데 요즘 앱이 아예 안열려요... 그냥 까만 화면만 떠요...........
유리부부,1,2025-05-02 17:37:20,개발 단가 적당히 후려칩시다. 폴드5는 실행하자마자 검은화면만 나옴.
박준호,4,2025-05-01 23:38:00,만족합니다
이프로필쓰지마세요,2,2025-04-30 17:18:14,업데이트후 오류가 너무 잦습니다. 그리고 대여소 클릭시 일반 어린이 자전거 대수가 나오던 기능은 왜 삭제했나요?
David Hong,1,2025-04-29 18:40:03,"진짜 쓰레기 같은 앱. 블루투스 연결 한 번에 되는 적이 없고, 3,4번 페어링 실패는 기본이고 이딴 버그하나 못잡고 qc는 하긴 하는지 의문이고, 엄청나게 많은 종류의 기기에서 에러 로그가 쌓일텐데도 불구하고 못고치는 개발대행사도 골 때리는데 그걸 그대로 방치하는 기관도 문제."
코티비스,1,2025-04-29 09:06:44,저번주부터 따릉이 번호 입력후 따릉이 조회 후 대여서 정보 가져온다고 하는 창이 생기고 빌려지지가 않습니다 빨리 해결해주세요
sangwon yeon,1,2025-04-29 08:18:56,앱 기동시 따릉이 글자만 나오는 흰색 빈화면에서 멈춤
소찬균,1,2025-04-29 00:33:34,"1. QR 코드 인식 매우 안됨(경험상 80프로는 안됨) 2. GPS 끈상태로 접속하고, 킨다음 위치 찾으면 무한 로딩 3. 자전거 번호 수기 입력해도 연결 안되는 자전거 다수 존재(평균 3개의 자전거 시도해야 1번 연결됨)"
Lucia Kim,1,2025-04-28 19:59:45,"리소스 다운받으라더니 접속도 안 되고 꺼졌다 켜지기만 반복하고,, 로그인도 너무 오래 걸림 대체 왜"
과자,2,2025-04-27 13:12:09,"잘 사용하고 있었는데 갑자기 결제가 진행 중이라고 하면서 안되네요. 폰이 문제인가 하고 전원도 껐다 켜고, 앱도 다시 설치했는데도 안 돼요 왜 그럴까요??"
Bong Am Kim,5,2025-04-27 05:15:04,편리합니다
우상민,2,2025-04-26 22:32:08,가뜩이나 무거워서 빌리고 반납하는데 올래걸리는데 리뉴얼해서 한참기다려야됨
Y.S. CHOI,1,2025-04-26 19:07:45,화면이 깨지면서 주민번호 생년월일 입력이 안 됩니다. 회원가입도 비회원도 안 되고 있어요.어떻게 해야하나요?
조현동,1,2025-04-26 16:38:02,접속이 안됨 최악이네요 서울시에서 운영하는게 개판으로 하면 됩니까
Fomo Kang,1,2025-04-26 15:37:21,업데이트 했더니 계속 껐다켜져요
JOONGEOK KIM,1,2025-04-26 12:58:12,쓰레기 같은 앱입니다
오잉,1,2025-04-26 11:54:18,업데이트후 대여중 지도에서 반납지역 위치 보기가 불편해졌고 자기위취 확인및 지도 화면이 매우 불편합니다. 대여중 화면 하단에 알림문고가 없는 이전 버젼이 훨씬 낫습니다.
김민지,1,2025-04-25 20:26:05,"오늘 30번 이상 했는데 안됐어요 결국 버스 탔어요. 앱을 다시 켰다 껐다도 했고, 지웠다가도 다시 깔아도 절대로 안됩니다. 앱 업데이트 잘못하신거 아닌가요? 주말에도 이용해야되는데 어쩌죠.. 빨리 개선 바랍니다."
콩맘,1,2025-04-25 09:11:58,앱 연결이 왜케 안되요??? 오늘은 앱이 켜지지도 않아서 다시 버스타고 ㅠ
얼탱이,1,2025-04-25 07:46:48,본인들이 수정할 생각은 안하고 사용자한테 이렇게 저렇게해라 ??? 누가보면 무료로 타고다니는줄 스윙은 같은 조건에서 잘만되는데 뭐하자는건지
YoungJoo LEE,1,2025-04-24 20:56:46,알림 허용 팝업에서 허용 안함을 선택하면 그 다음부터 앱이 먹통이 됩니다
Sungmin Cho,1,2025-04-24 09:36:17,관리하시는 건가요? 앱 끄고 블루투스 다른거 빼고 재시작 하고 별 짓을 다해도 안되네. 어제까지 되던게 왜 안되요? 업데이트도 했어요. 이럴거면 공지를 하세요.
유성곤,1,2025-04-23 23:40:44,다운그레이드 하는 방법 없나요? 최신버전 지도 보기 기능 최악입니다.
de de,1,2025-04-23 22:56:44,반납을 하고 갔는데 갑자기 알람이 울리길래 뭐지 하고 봤더니 몇십분전에 반납한 자전거와 갑자기 페어링이 되었습니다. 다행히 퇴근뒤에 그래서 망정이지 출근 후 지하철 탄 뒤 이랬으면 상상하기도 싫니요. 제도는 최고지만 앱은 최악입니다.
ro Jo,1,2025-04-23 20:30:18,"앱 실행이 안되서 삭제, 재설치 몇 번을 반복했는지... 결국 이용권만 결제하고 사용은 못함... 어차피 국민세금이라 이러는 건가? 이게 자기 사업이었어도 이랬을까?!!! 과연!!!"
ᄀᄋ정 (쁘꾸),2,2025-04-21 16:23:37,"몇개월 잘 사용하다가 요즘은 연결이 안 됩니다. 요즘은 10번하면 1번 될까말까에요. 대여취소하고 다시하려하면 대여취소시까지 시간이 너무 많이 소요가됩니다. 출근길에 이걸로 시간을 빼앗기는게 굉장히 불편하구요, 정기권을 끊었는데 사용 못 하는게 말이 안되는거 아닌가요? 핸드폰 재부팅부터 상담원연결시 알려주던 방법 모두 해보았지만 안됩니다 빠른개선부탁드려요."
spu thing,1,2025-04-21 16:10:04,계속 열리지 않고 종료되어 제거 후 재설치합니다. 어플 좀 잘 만드세요.
주세훈,1,2025-04-19 23:58:24,로그인하면 어플이 꺼졌다 켜졌다를 반복해서 사용할수가 없어요. 재시작해도 똑같아요
이나영,1,2025-04-12 21:52:13,"출근길에 계속 접속이 안돼서 결국 버스탔어요 하 진짜최악 댓글주신거 보고 추가합니다. 앱 강제종료 10번은 했는데도 동일했구요. 캐시삭제,데이터삭제,앱 삭제까지 전부 했는데 동일증상 나타났습니다. 추후에 재접속하니 리소스 다운받아라 <<이거 떴구요, 리소스 문제인거같은데 해당 오류 참고부탁드립니다."
sh “webfoot octopus” k,1,2025-04-11 11:41:58,레전드급 삐꾸앱... 뭔 툭하면 페어링 실패여 안되서 기다려도 반응없고 어쩔땐 대여취소눌러도 반응없음 갤21u 갤23u 갤25 기기를 가리지않는 에러 가끔 한방에 빌려질때 있긴한데 뭔 복불복임? 따릉이빌리다가 속터지고 버스와서 버스타고간다 ㅗ 티머니고 앱으로 따릉이 빌리면 한번도 이상없이 잘만 대여됨 사용자의 휴대폰 문제라고???
Y.H O,1,2025-04-08 20:43:41,어플이 안 켜져요 몇년째 안 켜진다구요
kyunghwan kim,1,2025-04-07 14:03:58,"개발자님 이거 카드등록해아된데서 했더니 이런 문장이~ 이게먼뜻인가요? head"":{""result_code"": ""200"",""result_msg"": ""Success""}, ""body"":{""errorCode"":""500"",""errorMsg"":""Server Error!""}} 다시 등록할려해도 계속이렇게나옴"
박부용,1,2025-04-06 19:32:18,안 돼요
옘병,1,2025-04-04 05:59:27,더럽게불편하고 결제기다리다가 열받아서 택시타고감
root jeon,1,2025-04-03 18:56:03,진짜 결제도 그렇고 이용도 그렇고.. ux 별로네요 이게 기능이 많을것도 없는데 이용권구매하고 사용하는 인터페이스가 뭐이리 어렵게 만든건지 이해가 안되네요 내가 산이용권 어떻게 쓰는데 그냥 환불이되네... 500원내놔
김현중,1,2025-04-01 13:16:50,반납이 된줄알았는데 안됐네요 3만원환불해주세요
이대원,2,2025-03-31 06:41:03,이용권 구매 결재가 안되요
이종찬,1,2025-03-13 07:57:39,사람 많이 타는 아침 시간만 되면 앱 기동이 제대로 안됨 ㅋㅋ 앱을 수십번 껏다 켜야 함
햇삐,1,2025-03-11 16:36:05,"아니 회원가입했고 아이디찾기 하면 뜨는데, 로그인이 안되여.. 자꾸 회원가입하라는데 도통 뭔소린지..."
HoGyun JUNG,1,2025-03-07 09:08:56,업데이트후로 자전거대여어플에 자전거대여수가 사라졌습니다 개발자는 싹다 자진 퇴사 부탁드립니다 가만히 있어도 충분한 어플인데... 왜 박살냅니까?????
이근원,2,2025-03-04 03:42:05,따릉이 앱을 지웠다가 다시 깐 후에 로그인 할 때 아이디와 비밀번호를 까먹어서 아이디 찾기를 하는데 뒷자리는 가리고 알려줘서 로그인을 할 수 가 없네요..
BigheadCrusher,1,2025-03-02 08:11:14,쓸려고 해도 앱이 결제창에서 무한로딩 걸리고 급하게 타야할때 작동을 안하네요
KKWOO,5,2025-03-01 20:30:42,"정말 잘 이용하고 있습니다!! 궁금한점이 하나 있는데 1년간의 누적 사용량(km,시간등)은 어디서 확인 할 수 있나요?"
현지영,1,2025-03-01 17:08:17,자전거가 많아도 빌릴때 어느 자전거를 대여할 수 있는 지를 확인할 수도 없고 대여취소도 오래 걸시고 대기시간도 오래 걸림
dolphin_돌고래,1,2025-03-01 13:33:09,내 9200원 내놔
이송재,1,2025-02-25 16:41:19,결제가 안되고 무한정 로딩중인데 대처 안되나요
dan86 kim,1,2025-02-25 15:55:04,결제가 안됩니다
지명,4,2025-02-17 15:28:49,아이디를 잃어버렸는데 아이디 찾기를 해도 뒷자리가 생각이 안 나서 로그인을 못 하고 있습니다 다른 아이디로 회원가입도 안되고 ㅠㅠ 개발자님 도와주세요
김연,1,2025-02-12 13:20:55,이딴 간단한 앱 하나 제대로 못 만들고 오류가 나나요... 프로그래머가 아니라 그냥 아무 직원이나 뽑아서 코딩 가르쳐주고 만들었나요?
전강민,1,2025-02-09 14:37:27,검은화면만 뜸. 서울시민이 만만하냐??
우앵,5,2025-02-07 17:41:48,비용이 저렴해서 좋아요~~
윤키키,1,2025-01-25 08:42:28,퇴근시간엔 바로 대여되는데 아침엔 계속 연결실패가 뜹니다. 이건 폰 문제는 아니지않나요? 서버가 적은거같은데
김경윤,1,2025-01-18 13:45:36,"앱이 안켜지고 까만 화면으로 멈춰있습니다. 삭제하고 재설치 했고, 데이터 문제 없는데도 안켜집니다"
시우,1,2025-01-07 17:02:03,따릉이 대여소에 반납을 했는데 왜 임시잠금 처리가 계속 되는건지 모르겠네요
정혜원,1,2024-12-22 21:20:59,아니 이츠운겨울에 1대있다고 떠서 헐레벌ㅋ덕나왔더니 암것도 없잖아요 손얼어서 쵸지지도 않아 진짜 너무하네여
함세현,1,2024-12-20 13:33:46,"따릉이 반납시 주의하길 바래요. 잠금장치를 잠궜음에도 어플에서 반납 확인이 안되면 계속 대여중인데, 원격으로 잠그는 방법이 없어서 불편하네요. 평상시에는 문제가 없는데, 정신없이 퇴근하다가 가끔 카톡확인을 못하고 집에 가버리면 반납 때문에 왕복 4시간 거리를 오간적이 몇번 있네요 흑흑"
プロント,4,2024-12-12 21:18:04,"항상 오르막길및 한강에서 건강으로 이용중 입니다. 일본 오사카 ""도코모 바이크 쉐어""도 이용 하고, 경남 창원시 누비자 공용 자전거 이용하다가, 따릉이 이용해보니 장단점이 보이네요. 우선 교통카드로 대여 불가, 앱으로 대여 일부 에러. 바로 대여 안되는 경우가 많이 발생. 대여취소 하고 다시 대여해서 1분 기달려야 대여 되거나 아니면 또 다시 대여중으로 되돌아가고 이것으로 인해 대략 20분 이상은 처음에 몰라서 시간 날려먹었습니다. 바로 QR코드 인식 하지만 잘 스캔 안될경우가 좀 있네요. 창원시에 있는 ""누비자"" 는 버튼 누르고 QR코드 인식이라서 정확하고 빠르게 인식 되는 반면, 서울시 ""따릉이""는 대여 하는 속도가 느리고 에러가 가끔씩 나와서 아쉬워요. 그리고, 티머니GO 앱도 대여후 반납하고 바로 다시 대여 할려고 할때, 앱이 오류 발생이 나오네요. 다시 티머니 앱이 종료후 다시 실행해야 되는점도 있어요."
BR Why,3,2024-12-05 14:46:30,따릉이 리뷰이벤트 작년에도 재작년에도 진행했던데 실제 당첨 받으신분 있나요? 다른이벤트와 달리 당첨자발표일 없는것도 이상하네요. 유독 개별 문자로만 연락준다는건 그렇다쳐도 당첨자발표일조차 없음. 따릉이 공지사항에서도 사라져있고요. 단지 리뷰랑 개인정보만 모으시는것 같아서 의문이네요. ----- 하시긴 하시는데 완전히 비공개로 이루어지나보네요. 실례했습니다
PC LEE,2,2024-12-03 18:39:31,따릉이 반납하고 반납완료 메시지가 오고 나서도 1분정도 따릉이앱만 쳐다보면서 기다려서 다시 대여할 수 있는 화면(지도) 나올 때 까지 기다리지 않으면 나중에 다시 대여할 때 꼬여서 먹통이 발생합니다. (페어링 실패했다고 뜨던지 계속 아무 반응 없던지) 그렇게 먹통되었을 때 앱 종료 후 다시 앱을 실행하면 그제서야 맨 처음 대여건이 완료되는듯한 화면이 휙휙 돌아가고요. 그러고나면 또 먹통된 대여신청건이 취소가능해질때까지 한참 기다려서 대여 취소를 하고 나서야 제대로 대여가 가능합니다. 결론은 백그라운드에서도 혹은 앱이 꺼져있어도 반납이 정상적으로 완료되어 다음에 대여할 때 꼬이지 않도록 기능개선 부탁합니다. 이 증상을 굉장히 자주 겪고 있습니다.(노트20울트라)
이문희,5,2024-11-29 23:28:46,정기권을 구입하여 출퇴근용으로 사용합니다 그중 퇴근때 사용하는데 제가 퇴근때는 자전거가 몇대남지 않을정도로 인기가 아주 높아 앱을 켜고 주변을 검색하여 빠르게 이동하여 이용합니다 건강에도 좋고 교통비도 절약되고 1석2석 적극 추천합니다. 자전거가 더 많은곳에 설치되어 이용이 더 편리해졌으면 합니다
sh park,5,2024-11-29 20:09:25,따릉이 연간회원권 장점 1. 대중교통 타기 애매한 거리 이동할 때 2. 한강 라이딩 하고싶을 때 3. 자전거로 동네한바퀴 운동하고 싶을 때 연간회원권으로 1년간 서울전역 언제 어디서나 편리하게 무제한 이용할 수 있어 좋아요.
김동욱,5,2024-11-29 19:53:48,따르릉 너무나 잘사용하고있습니다 운동도 되고 걷는것보다 시간도 절김되고 교통비도 절감되고 아주 굿 입니다요
조한규,5,2024-11-29 18:56:44,최고로 잘 쓰고 있습니다! 자전거도 점점 업그레이드 되고 있는 게 좋아요
K현,5,2024-11-29 15:25:03,속도가 빨라요
이자영,4,2024-11-29 14:26:20,"출퇴근때 자주 애용하는 어플이 되었네요. 왠만큼 불편함 없이 사용중이긴 하지만, 가끔 대여를 하려도 qr코드를 읽히게 하면 페어링이 잘 안되는 경우가 생기는것만 아쉽더라구요. 그 부분 빼고는 만족하게 사용중입니다. 이것 덕분에 교통비가 훨씬 많이 절약되고 좋아요."
박소연,5,2024-11-29 12:19:34,따릉이 좋아요~! 정기권 구매해서 유용하게 쓰고있어요!
이기오,5,2024-11-29 10:25:39,운동도 되고 사용시간만큼 차감이되니 너무 좋아요
su lee,4,2024-11-29 10:14:32,며칠 전 한 번 이용 했습니다 아주 오랜만에 자전거를 타니 설렘도 있고 시원함도 느껴 좋았습니다 따릉이 최고네요 어플은 어려운 것은 없었지만 시간은 조금 걸려서 바로 사용하기엔 좀 번거롭고 미리 준비를 해야 이용이 편할 것 같아요 그리고 타고 내릴 때는 간편하게 사용할 수 있어서 좋았습니다 자전거를 빌리려고 보다보니 바디가 녹슬어 있는 자전거가 많아서 관리가 어려운 듯 보였고 자전거를 세우는 장치가 제가 미숙해서인지 자전거를 들어올리기가 번거롭고 어려웠습니다 주차공간이 다닥다닥 좁은 것도 조금 불편했습니다 힘을 들이지 않고 주차가 가능하면 더 좋을 것 같아요 앞서 적은 것처럼 따릉이는 단점보다 장점이 커서 앞으로 가능하면 잘 이용할 수 있을 것 같습니다 감사합니다
김진희,4,2024-11-29 08:36:47,"따릉이 출퇴근시 이동수단으로 잘 이용하고있습니다. 평상시 시간여유있을땐 넘 편리하고 여유있게 사용합니다만, 로그인시까지 시간소요, 대여가능대수 오류, 자전거 상태 불량인 경우 많고 반납시 오래 확인해야하는 불편함 사용하면 할수록 불편하고 번거로운 경우가 늘어나고있어 단거리 이용시엔 사용안하게되는경우도 있어요.개선되어야 할 부분이 넘 많아요.그점만 잘 되어진다면 너무나 좋은 이동수단입니다.그래서 별하나 뺐어요."
영어,5,2024-11-29 08:13:58,따릉이 편리하게 이용하고 있습니다.
정규,4,2024-11-29 08:10:36,"잘사용하고 있어요~, 가끔 연결이 안돼서 불편, 앱개선, 고장수리요청이 찾기 어려워짐, 따릉이 없는 곳에는 자주 채워지면 좋겠음"
고영은,5,2024-11-29 02:26:23,"늘 항상 나와 함께하는 따릉이~! 그래서 늘 항상 이용중인 따릉이 앱~! 따릉이 앱은 최대한 빠르게 실시간으로 반영이 되는 것 같아서 만족스러워요~! 그리고 한 가지 바라는 점은, 따릉이를 미리 예약할 수 있는 예약 제도가 있으면 더 좋을 것 같다는 생각이 듭니다~~!!!"
peo qui,5,2024-11-28 17:56:50,"앱이 안정적으로 업데이트 되어서 그런지는 모르겠지만, 확실히 전보다 자전거와 연결이 잘 안된다던지 하는 것은 거의 없어졌고 전체적으로 오류가 줄었네요."
김용하,5,2024-11-28 17:08:31,잘타고있습니다 좋은점이 많습니다
jinny park,5,2024-11-28 15:16:42,초기부터 사용자인데 앱이 점점 나아지고 있어서 좋습니다. 기존에 잘 안되던것들도 업데이트되면서 사용하는데 불편한 점 없이 잘 쓰고 있습니다.
연지원,5,2024-11-28 13:46:07,2년차 꾸준히 사용중이에요! 가까운 거리 이동하기에도 용이하고 운동도 할 겸 타는게 습관이 됐습니다! 특히 자전거 타면서 운동도하고 돈도 아끼는게 가장 매력작이고 금액도 1년 한시간씩 하는데 3만원 그리고 관리도 다 알아서 해주니깐 진짜 이렇게 가성비 좋은건 없어요! 365일동안 30번만 타도 이득이에요!
도약,5,2024-11-28 13:27:14,"사용 및 결제가 매우 편리합니다. 어플 형식이 직관적이어서 사용하기 쉽고, 따릉이 위치 찾기/대여와 반납도 편합니다."
김민진,5,2024-11-28 13:21:18,사용하기 쉽고 편리합니다.^&^
박주현,5,2024-11-27 19:30:03,"대여소 간격이 촘촘하여 접근성이 용이하고 편리하게 잘 이용중입니다. 불편한점 ᆞ 카메라 인식. 대여,반납 전산 처리과정이 다소 시간이 걸림. ᆞ 고장등으로 대여불가한 따릉이 구별불가. 앱에서 목록이나 따릉이에 표시가 되면 더욱 편리해질듯 합니다."
Evergreen H,5,2024-11-27 16:04:07,자전거을 사지 않고도 저렴하게 이용가능하고 환경도 아낄 수 있고 일석이조입니다. 대여소가 많아서 너무 편리하고 자전거 수리도 잘 이루어지는 것 같습니다. 만족합니다
김주리,4,2024-11-27 11:47:04,자전거 자유롭게 타고 반납할수 있어서 좋아요.한강에서 탈때도 많은데 한강에도 반납대여소가 있었으면 해요!만들어주세요~
Geun Sik LIM,5,2024-11-27 10:43:18,앱이 직관적이고 사용 설명서 기능이 좋아서 초보자나 가끔 타는 사람도 불편함을 못 느낍니다.
YUMI CHOI,5,2024-11-26 13:33:47,따릉이 장애 생겨도 따릉이 어플로 사용한 경우는 처리가 빠르더라구요? 기후교통카드 자동 연동되서 넘 편함
Hyo Mi Chang,5,2024-11-26 12:00:48,전반적으로는 만족하나 고장 신고의 메뉴가 좀더 편해졌으면 합니다 자주 기능을 이용하면 알 수 있지만 처음에는 항목을 찾는게 쉽지 않네요
이자영,5,2024-11-25 23:19:28,"따릉이 앱을 이용하다가 문득 지도를 자세히 보았는데 지도에 생각보다 많은 정보가 담겨있다는것을 알았습니다 반납대여 위치, 그 위치에 있는 따릉이와 따릉이 종류및 수량, 자전거 길 표기 등 많은 분들의 노고와 아이디어가 들어있네요 가끔 이렇게 리뷰이벤트를 하면서 실사용자분들의 불편과 제안을 수집해서 반영하고 수정하시니 점점 사용하기 편해지고 발전하는것 같습니다 따릉이 홧팅입니다!"
윤ᄀᄋ,5,2024-11-25 23:12:02,가끔 연결 안 되는 경우가 있긴하지만 편합니다 좋아요
이만우,5,2024-11-25 18:09:15,따릉이 너무 잘쓰고있어요 5년째 쓰고 있는데요. 서울시 너무 감사합니다.
임준수,5,2024-11-25 17:03:25,퇴근시에 회사에서 집까지 이용하고 있습니다. 운동도 되고 퇴근시간 지하철 붐빔도 피할 수 있고 가격도 저렴해서 너무 좋네요. ^^
김은지,5,2024-11-25 16:51:25,"따릉이 너무 편합니다. 따릉이덕분에 교통비가 많이 절약되고, 관리도 너무 잘되서 좋은것같아요! 그래서 최근에는 이용인원이 너무 많은건지 동네에 자전거가 없네요ㅠㅠㅠ 직원분들이 자전거없는곳에 차로 놓아주시면서 수급해주시는걸로 알고있는데 저희동네는 그래도 부족한것같아요..... 개선방법을 찾아주시면 좋을것같습니다:-)"
Rimi U,4,2024-11-25 15:12:58,로딩이 잘안되거나 자전거 수리할 자전거도 탈 수있다고 떠서 오랫동안 자전거와 연동이 어려운 점만 개선하면 편리할 것 같아요! 더 나아지기를 기대하며 별점드립니당!!
eunice kim,4,2024-11-25 14:44:44,가끔 페어링에 실패하는거 빼곤 좋습니다
조러시안,5,2024-11-25 14:22:50,"서울시 따릉이 어플은 자전거 대여와 반납이 간편하고, 1시간 이용권이 1,000원으로 저렴하며 제로페이로 결제 시 30% 할인 혜택도 받을 수 있습니다. 다양한 결제 수단을 지원하고, 자전거의 안전 장치가 잘 되어 있어 안심하고 이용할 수 있습니다. 서울 전역에 많은 대여소가 있어 원하는 장소에서 쉽게 대여하고 반납할 수 있으며, 이를 통해 서울의 아름다운 경치를 자전거로 즐기며 건강도 챙길 수 있습니다."
양영주,2,2024-11-25 03:37:46,"궁금한게 하나 있어요~ 혹시 경기도(예:정발산,포천.지방) 에 있을때 앱을 통해 사용가능 한가요? 궁금합니다"
원병오,5,2024-11-24 18:03:23,따릉이 덕분에 건강해지는거 같아요 환경에도 좋은 제도같아요 탄소제로!!!서울시화이팅!!!
김지아,5,2024-11-24 08:54:27,이용하기 편하고 잘 애용하고 있습니다! 경기도에도 따릉이가 생겼으면..ㅎㅎ
최성모,5,2024-11-24 01:45:46,벌써 몇 년째 편리하게 잘 이용하고있습니다. 관리도 잘 되고 있어서 많이 불편한 자전거는 거의 탄본적이 없네요. 전에는 한번씩 자전거 연결이 안돼서 어플 종료후 다시 해야 성공하는 경우가 가끔 있었지만 요새는 잘 돼서 아주 만족합니다. 지금처럼 관리가 잘 되고 사용자들도 본인 자전거처럼 소중히 잘 사용하면서 따릉이의 성공이 쭉 이어지길 기대합니다!!!
플러스원,5,2024-11-23 22:46:25,잘 사용하고 있습니다 감사합니다 다만 고장난 자전거도 표시가 되어 헛걸음하는 일이 줄었으면 하네요 감사합니다
강희수,5,2024-11-23 21:12:16,"지하철역 주변과 조금만 걸으면 나오는 거리마다 정거장이 있어서 좋아요. 1년이랑 6개월 대여권이 가격이 비슷해서 6개월로 끊고 사용중인데, 가까우면서 걷기엔 늦었다 싶을 때 잠깐 타기도 좋고, 운동하고 싶을 때 타기도 좋아요. 다만 자주 로그아웃이 된다는 게 조금 불편해요."
HEEYOUNG JO,5,2024-11-23 19:28:03,따릉이 타고 출사 다녀왔어요~ 주차 걱정도 없고 가는길 중간중간 대여소도 적당히 있어 쉬어가기 좋았어요
renato luxetveritas,5,2024-11-23 16:09:39,따릉이 이용시간과 칼로리 소모 정보를 알 수있다는점이 참 편리하고 점점 발전되어 오류도 적고 사용하기 편리합니다. 간혹 Qr을 찍었을때 바로 인식이 되지 않는 경우가 있는데 그 부분이 가끔 불편하게 생각됩니다. 기분전환 에는 따릉이. 그리고 마음 편하게 이용할수 있는 따릉이 항상 따릉이가 그립고 고맙습니다. 서울생활은 따릉이와 함께!! 경기도 까지 따릉이 권역이 되었으면 좋겠습니다! ^^
HY K,5,2024-11-23 15:01:21,따릉이 최고예요 늘 잘 이용하고 있어요
한규완,5,2024-11-23 12:02:19,매일 아침과 저녁에 나에게 주어지는 행복한 자전거 시간이 주어진다. 이런 행복의 시간과 나를 연결하는 따릉이 앱! 편리하다! 따릉이를 쉽고 편리하게 사용할 수 있도록 도와준다. 최고다.
ky s,4,2024-11-23 11:19:19,정말 유용하게 잘 쓰고 있는 어플입니다. 실시간 확인 기능이 꽤나 유용해요! 다만 위치기능이 좀 더 정확해야할 것 같아요. 대여소 반대편에 반납해도 반납이 되어서 정확한 배치가 안 되는 경우도 종종 있더라구요.
Jiwon Min,5,2024-11-23 09:19:49,"24시간 내에 몇번이나 끊어둔 시간권 내에서는 탈수도 있고 정액제도 저렴해서 급하게 가는곳이나 운동때 건강챙기며 안양천, 한강로 어디든 갈 수 있어 정말 좋습니다~♡"
챈들러빙,5,2024-11-23 08:40:31,대여가 편리하고 새롭게 배치되고 있는 따릉이는 기어변속이나 안장 높낮이 조절이 더 잘되는 것 같네요.
손호준,5,2024-11-23 07:34:18,"따릉이 앱은 편의성이 대부분 개선되어 사용해 별다른 불편함은 없습니다. 다만 초과 사용 시간에 대한 강력한 경고 기능이 필요합니다. 자전거로 이동중에는 초과시간 경고 메시지가 도착해도 인지못하는 경우가 있습니다. 따릉이 앱에 초과 사용시간 경고 기능을 추가하여 경고시간, 경고반복횟수 등을 사용자가 설정하여 활용할수 있게 해주세요. 반영 부탁합니다."
이선경,5,2024-11-22 21:10:06,설정을 빠르고 쉽게 할수있어요!
B,5,2024-11-22 12:49:18,"자전거를 없앤 후 가끔 타고싶을 때 아쉬웠는데, 필요할 때 언제든 따릉이를 이용할 수 있어 너무 좋아요~ 건강에도 좋고 친환경적이며 편의성까지~~ 앞으로도 시민 곁에서 오래 함께해주세요!"
없음이름,3,2024-11-22 09:27:51,자전거가 곳곳에 많아 이용하기는 좋은데 대여반납소 위치가 정확하게 표시되지 않아 반납에 어려움을 겪는 경우가 종종 있습니다 위치를 좀 더 찾기쉽게 표기해주시면 좋겠습니다
한진희,5,2024-11-22 06:25:46,사용하기 간편하고 이용권 등록이나 근처 따릉이 찾기도 수월해서 좋아요! 결제수단 사용도 편리해서 스피드있게 대여 후 사용이 편리하고요~^^
김지연,5,2024-11-21 18:10:45,편하고 너무 좋아요!
이지수,4,2024-11-21 09:38:02,서울 내에 사용할 일이 있다면 굉장히 유용합니다. 하지만 가끔 앱 오류 인식도 있으며 자전거를 빌리려는데 정류장에 반납이 되어있지 않아서 못 빌리는 경우를 제외하고는 굉장히 유용하게 짧은거리 갈 동안마다 사용하고 있습니다 항상 감사드립니다!
정우성,5,2024-11-20 19:21:14,매우 어플이 직곽적이고 처음 사용하는 이라도 쉽게 사용할수 있어 누구에게나 사용하도록 추천 할수 있습니다~^^
js Yoon,5,2024-11-20 17:28:13,편리하게 이용 중인데 자전거 탑승시 접속 안되는 경우가 대선되면 더 좋을것 같아요^^
토토토,5,2024-11-20 12:25:05,남들 타는것만 쳐다보다가 반백살에 첫도전! 이제사 처음탔냐 웃겠지만 걷기운동 한답시고 걸어만다녀서 탈일이 없었네요. 다리아파 처음탔는데 정말 편리하고 신세계네요~ 자전거 살 필요없겠어요 이제 서울따릉이만 타려고요^^
유은혜,5,2024-11-20 11:11:42,"가까운거리는따릉이이용하여,유용하게잘사용하고있어요!!요즘자전거고장도없이좋네요~~~"
김영애,5,2024-11-20 09:36:46,점점 업그레이드 되는 서울자전거 따릉이 출근시간에 도움 많이되고 편하게 사용하고 있습니다
장은영,5,2024-11-19 21:35:33,"앱을 통해 자전거 대여, 반납이 편리합니다. 간혹 선택을 잘못하면 수리가 필요한 자전거도 있지만, 바로 반납하고 다시 대여하면 되니 만족합니다. 반납도 자금장치만 잠그면 바로 진행되고 앱을 통해 반납 유무 확인도 가능하니 너무 편리합니다."
허소연,5,2024-11-19 16:58:05,"출근, 퇴근 개인 일보기 가급적 모든걸 따릉이로 하고 있는데 운동도 되고 무엇보다 한달 차비가 만 만치 않은데 아낄수 있어서 너~~~무 너~무 좋습니다.^^ 다만 따릉이 표시는 되어 있는데 자전거가 없는곳이 간혹 있어 있는곳을 다시 찾아가야 하는 번거로움도 있고,대여소인데 반납이 안되는 경우도 있어 꼭 반납하고 다시한번 확인해야 하는 일도 종종 있습니다. 또 따릉이가 있는곳은 엄청많고 없는곳은 매번없는 그런곳도 있어 찾아 헤메야하는 일도 생깁니다. 하지만 서울 따릉이 저는 너~~무 너~무 너무 사랑 하고 좋아 강력히 추천합니다~~^^"
꾸기,5,2024-11-19 16:14:29,언제 어디서든 쉽게 이용할수 있어서 좋아요
김leeyeon,5,2024-11-19 14:07:28,"사용하기가 편해서 좋네요ㅎㅎ 급할때 빠르게 사용가능하구, 운동까지 할수있어서 좋습니다! 자주 이용할거같습니다."
눈송이TV,5,2024-11-19 10:13:14,따릉이 애용자입니다 거치공간도 많고 대여요금이 저렴해서 자주이용합니다. 항상 착한가격부탁해요~^^
이인재,5,2024-11-18 21:21:59,대여정보 업데이트가 빠른편 이네요.
D. H. Kim,5,2024-11-18 16:47:24,"간편, 저렴, 친환경! 걸작입니다!!"
홍은정,5,2024-11-18 10:39:16,"산책하거나 급하게 이용할때 쓰기좋고, 가격도 괜찮아요! 없어서 안될존재 많이 만들어주세요! 그리고 제가 키가 작은편인데 자전거 작은것도 많이 배치되면 좋을것같아요"
hi five,5,2024-11-18 10:12:32,따릉이 덕에 출퇴근 비용이 많이 절감되어 너무 좋아요. 하체 건강 좋아지는건 덤이고요. 앞으로도 쭈욱 이용할 생각입니다! 따릉이 💜
ᄀᄋᄉ,5,2024-11-18 08:30:42,가성비도 좋은데 접근성도 최고예요 정기권 애용하고있어요!
허쉬S,5,2024-11-18 08:24:40,서울에서 따릉이 대여소도 많고 이용하기도 편리합니다. 매년 정기 결제를 하면서 사용중이고 가격도 저렴해서 너무 좋습니다 ^^
박소연,4,2024-11-17 22:48:08,확실히 대여도 간편하고 쉬워서 사용하기 편리했어요 대신 자전거가 한쪽에 너무 몰리는 느낌이 있어서 조금 관리 해주시면 더 좋을것 같습니다
김미화,5,2024-11-17 22:26:04,따릉이 없던 시절 생각도 하기 싫내요. 중랑천 성북천 근처 살면서 따릉이 타고 옆동네 시장가고 놀러가고 날씨 좋을때 한시간씩 타면서 운동하는데 몆년동안 너무 알차게 즐기고 있어요. 이제 곧 겨울이라 바람 때문에 잘 못탈 것 같아 아쉬워요. ~
woo ki,5,2024-11-17 22:02:13,자전거대여 어플중 쵝오~!! 편리성 효율성 다양한 이벤트까정 생활에 꼭 필요한 어플
hyeji cho,3,2024-11-17 21:13:25,반납장소에 정상 반납 했음에도 제대로 처리되지 않아 여러번 애를 먹어야했지만 애용중이에요!
DJ맘,5,2024-11-17 20:57:11,날씨 좋을땐 한달에 두세번 이용하는것같아요. 아이들과 자전거타고 한강 한바퀴 돌고오면 기분도 좋아지고.운동도되고 너무좋네요~ 자전거 보관하기도 공간차지하고 구매할때 비용도 들잖아요?구매하지 말고 두시간씩 빌려도2천원 밖에 되지 않아요. 또 시간 끝나기전 가까운 따릉이 보관소 아무곳에나 반납했다 다시빌리면 하루종일 무제한 2천원으로 탈수있어요~
류세영,5,2024-11-17 12:25:38,QR코드 인식이 잘되고 문제 생겼을때 연결도 너무 편합니다! 카카오톡으로 알림이 오는것도 좋구요 ㅎㅎ 점점 더 발전하는것같습니다
Michael Han,5,2024-11-17 10:45:16,7만번대 신형 자전거 좋아요^^ 앞으로도 좋은 따릉이 운영 부탁드릴게요!
Jay H,5,2024-11-17 09:44:12,제가 원하는 시간에 언제든 편하게 이용할 수 있어서 좋아요. 이용방법도 쉽고 자전거 관리도 잘 되어 있는 것 같아요. 기분전환 겸 나가서 자전거 타고 벤치에서 테이크아웃 커피 한 잔 먹으면 소소한 행복이 느껴져요.
김으뜸,4,2024-11-17 06:52:12,항상 저렴한 가격에 단거리 이용시 잘 활용하고 있습니다. 계속 이러한 복지가 필요할 것 같습니다.
봄눈,5,2024-11-16 22:54:58,날씨좋을때 한강로 자전거타기를하는데 계절만끽 기분전환에 아주좋아요 방화대교쪽대여반납장소없어 아쉬웠는데 다시생겨서 반가웠어요 단거리 이용도 좋아요
한양도성,5,2024-11-16 22:26:32,사용이 편리하고 직관성 있게 메뉴가 되어 있어서 잘 사용하고 있습니다. 다만 사용시 화면이 멈추어서 앱 중지후 구동해야 하는 경우가 자주 발생하는 것이 불편합니다. 앱 개선 부탁합니다
황현수,5,2024-11-16 20:40:18,걷거나 대중교통으로 가기 애매한 거리일 때 따릉이를 만족스럽게 사용하고 있습니다. 따릉이를 관리하시는 분들에게 감사드립니다.
김정의,5,2024-11-16 14:57:48,서울시민 필수 어플
소연안,5,2024-11-16 13:39:03,저렴하게 자전거 이용이라니 너무 좋아요^^ 서울 지역 곳곳 대여소가 더 촘촘하게 있으면 물론 더 좋겠지만요
MR LEE,5,2024-11-16 13:32:33,매번 서울 나들이 할때 따릉이 자주 이용하는데 주변 경관도 더 잘볼수있고 운동도 같이 되고 너무 좋아요
최토리,5,2024-11-16 11:08:45,따릉이 타고 이동하면 운동도 할수있고 대중교통 이용할때보다 빨리 갈수 있어서 종종 타는데 정말 좋습니다.
올라인,5,2024-11-16 09:59:40,따릉이 없으면 이제 생활이 안될 정도인 서울시민인 나! 정기권으로 맘 편히 사용중입니다. 어플도 사용하기에 간편하고 좋아요^^
심재순,5,2024-11-16 00:17:52,서울자전거 따릉이는 서울시민의 발이고 자랑거리랍니다~오늘도 따릉이 타고 고고씽~^^
이미경,5,2024-11-15 22:47:28,서울시민이면 누구라도 부담없이 활용할수 있는 서울따릉이 짱이에요~^^👍 👍 😍 😄
hj jun,5,2024-11-15 20:17:47,건강도 챙기고~ 즐거움도 더하는 건전한 체육활동너무 감사합니다.
이채훈,5,2024-11-15 15:33:04,앱 자체는 편리하고 좋은거 같아요 가끔 발생하는 오류는 앱 문제가 아니라 자전거 문제인 경우더라고요~
1000z0,5,2024-11-15 14:26:32,어플로 편하게 이용하고 있습니다
H성재,3,2024-11-15 11:29:53,연간 이용권으로 몇년째 이용중입니다. 그런데 남자 성인 이용하기에는 안장높이가 너무 낮습니다. 기본적으로 안장높이가 골반 높이까지는 되어야 타기가 편한데 너무 불편합니다. 저 뿐이나라 주변에 남자분들 낮아서 불편하다는 얘기를 많이 합니다. 그나마 최초 버젼은 지금 버젼보다는 안장높이가 올라가서 구형모델이 있으면 골라서 탑니다. 최소한 기존 최초모델 만큼이라도 안장높이가 올라갈수 있도록 시급히 조치 바랍니다.
우림,5,2024-11-15 10:17:17,저는 자주 이용하는 편입니다~ 40대에 퇴행성관절염 진단받고 따릉이 본격적으로 타기 시작했어요 지금은 근육이 많이 생겨서 약 안먹고도 하나도 안아프게 되었어요 서울시에 따릉이가 있어서 얼마나 감사한지요 이번주에 한강도 다녀오고 성수동도 다녀왔어요 날씨도 좋고 최고였어요 천원의 행복인데 완전 베스트 오브 베스트 입니다~~ 한가지 요청드리고 싶은건 성수대교 부근에 대여소가 없어서 설치해주시면 너무나 감사드리겠습니다~
예스대디 (goodfriend),5,2024-11-15 09:04:13,"가성비 끝판왕에 훌륭합니다. 다만, 자전거 베터리가 없어서 그런가 가끔 버벅대긴해요."
최기철,5,2024-11-15 08:22:08,요즘 저녁에 날씨가 좋아서 잠깐씩 따릉이 타고. 산책나가면 시원하고 너무 좋아요^^
조상석,5,2024-11-15 04:56:10,유용하고 타고 다니기좋아요
최한비,1,2024-11-14 23:24:28,잘 썻엇는데 업데이트하고 어플 실행 자체가 안되요 그냥 검은 화면으로 지속되요
Park정희,5,2024-11-14 20:09:56,가까운거리 최고의 선택입니다
ki young Lee,5,2024-11-14 16:29:52,3월중순에 여친이 데이트로 따릉이를 이용하자고 해서 정말 오랜만에 자전거를 타고 서울 시내를 구경하니 너무 좋았어요~ 이 가을에 사랑하는 사람과 불그스런 나무들 사이로 단풍구경하면 더없이 사랑스런 날들 될거에요~^^
박진석,4,2024-11-14 15:57:09,가끔 연동이 잘 안되서 반납이 안될때가 있습니다. 이런 단점을 보완하면 좋을 거 같습니다.
apog,5,2024-11-14 15:39:48,시민들이 쉽고 편하게 공공 자전거를 대여할 수 있는 앱이라 생각합니다. 주변의 따릉이 대여소 현황을 볼 수 있는게 정말 편리하고 좋습니다. 조금 아쉬운 점은 조금 더 간편하게 대여권을 결제할 수 있었으면 좋겠다는 점과(1일 이용권을 쓰면 자동으로 1일 이용권이 결제되는 선택지가 있으면 좋겠습니다) 따릉이 앱상에서 경로 탐색을 할 수 있으면 어떨까 싶습니다
junghwa park,5,2024-11-14 13:26:35,저렴한 가격에 튼튼한 자던거 타고 운동도하고 시장가서 장도 보고 너무 유용합니다!
신대용,4,2024-11-14 12:36:57,직관적으로 편하게 되어있어 잘 사용하고 있습니다. 최근에 대여소 반납후 반납처리가 안되어 반납요청한적이 있었는데 그때 앱이 멈춘 적이 있긴합니다.
505,5,2024-11-14 10:44:31,앱도 좋지만 별다른 교통수단이 없을때 너무 유용합니다 QR코드 인식률도 매우 좋아졌어요
Awesome Melissa,1,2024-11-14 10:09:02,외국인이 쓰기에 넘 불편해요 결제승인이 안떨어지고 계속 에러나요. 세상불편한 앱 외국인이 단발성으로 이용할수 있는 방법을 자세히 공지해주셨음 해요. 1달러도 안하는 금액을 지불하고자 몇시간을 허비하는지...
Gyungha Jo,5,2024-11-14 09:35:14,1년 정기권 끊는 게 이득임. 몇년째 정기권 끊고 가까운 거리는 타고 다녀요. 운동 기록도 나와서 넘 좋아요
정성훈ᅳ,5,2024-11-14 08:36:49,근처 이곳저곳 업무보고 지하철 역까지 이동할때 너무나 잘 쓰고 있어요. 정말 너무 좋습니다.
김혜미,5,2024-11-14 00:30:46,따릉이 덕분에 건강도 챙기고 교통비도 아낄 수 있었어요!😉 어플내 따릉이 지도가 잘 되어있어 가까운 따릉이정류장 찾기도 쉽고 몇대 남았는지 확인도 가능해 너무 편리해요🩷 앞으로도 잘 이용하겠습니다! 감사합니다^^~
Hj Lee,5,2024-11-13 19:32:22,출퇴근용이나 여가시간에 운동목적으로 따릉이 잘 이용하고 있습니다. 앱이 사용하기 편하고 주위 따릉이 주차지역에 사용가능한 따릉이 수를 확인할수 있어서 헛걸음 안할수 있어 유용해요. 무엇보다 가격이 저렴해 만족합니다
지상낙원,5,2024-11-13 14:09:32,간편하게 언제 어디서든 따릉이를 이용하면서 건강하게 생활을 하고 있습니다. 좋은 어플 만들어 주셔서 감사합니다!
J Lee,5,2024-11-13 14:05:46,서울에서 이만한 이동수단이 없음 영원하길
신승민,5,2024-11-13 11:08:02,매월 정기권끊어서 이 용하고있어요. 따릉이타고 한강 다녀오는데 너무 좋습니다~^^ 감사합니다.
Carry Bjorn,4,2024-11-13 10:55:07,계정 자동 로그아웃만 안되면 완벽할 앱
박상규,5,2024-11-12 21:37:12,최고의 가성비!!!
예지,5,2024-11-12 17:22:41,"대여도 쉽게 가능하고, 고장 신고도 되어서 좋아요!"
로이후아,5,2024-11-12 15:07:47,이용이 편리하고 좋습니다!
soyoung bae,5,2024-11-12 14:36:58,여러 곳에서 사용할 수 있어 참 좋습니다. 근데 이어폰이나 와치가 블루투스 연결되어있을 때 대여가 잘 안되는 건 조금 아쉽네요. 그래도 깔끔하게 관리되는 따릉이 좋아요^^
승진,5,2024-11-12 10:57:11,위치확인도 잘되고 쉽게 이해할수 있어서 좋네요
미술관옆빵집,5,2024-11-12 09:38:44,이동시 가성비에서는 이거 따라올 시스템 없습니다. 서울에서 사는 가장 큰 혜택중에 하나입니다.
김경식,5,2024-11-12 09:14:05,휼륭한 교통복지다. 무슨 말이 더 필요한가?
245슬이,5,2024-11-12 08:34:29,나의 출퇴근 메이트 따릉이. 어플 안정성 개선은 좀 필요한듯
이설화,5,2024-11-12 03:20:35,"미리 어플로 자전거가 몇대있는지 볼 수 있어서 좋아요! 다만 어플이 안맞을때도 있어요. 그리고 고장난 자전거는 따릉이 몇개인지 나와있는거에 제외가 되야 된다고 생각하는데 그러지않아 아쉬워요. 자전거가 있다해서 갔는데 고장난 자전거였을때의 기분이란 ㅠㅠ 고장나서 수리중이거나 배터리없는 자전거는 재고현황(?)에 뜨지 않는게 좋을것 같아요. 그리고 따릉이가 있다고 해서 갔는데 고장이 났거나• 어플반영이 안되어서 따릉이가 없는데 있다고 뜨는 경우가 있는데 이럴때는 자전거 부족신고를 못하는게 아쉬워요. 0대 남았을때 말고, 여유있게 3대정도 남았을때 부터 따릉이 부족신고를 할수있게 해주시면 좋을것 같아요. 단점만 적은것 같지만, 따릉이가 있어 교통비도 줄일 수 있고, 아침저녁으로 운동 할수 있어서 너무 좋아요. 감사합니다."
peaceful peaceful,5,2024-11-11 19:01:27,따릉이 항상 잘 이용하고있습니다 날씨좋은날 여가로 즐기기 너무 좋습니다. 여기가 서울과 경기지역경계라 따릉이 타러 15분~20분 걸어가서 타야해서 너무 아쉽지만 그래도 따릉이가 좋아 가서 탑니다. 여기도 이용확장되어서 집근처까지 타고오고싶습니다. 그거 하나 아쉽고 다른것 다 관리도 잘되고 따릉이 최고입니다. 좋은 정책 칭찬합니다.
김지환,5,2024-11-11 18:54:08,정말 좋습니다
김도현,1,2024-11-11 13:41:35,앱이 켜지지 않음 전부 동의를 하지않으면 앱이 켜지지 않고 한번 나갔다 들어오면 다 시 깔아야 하는 번거로운 앱임
박효정,5,2024-11-11 12:38:13,가끔 사용하는데 넘 좋아요
서희원,5,2024-11-11 12:06:58,빠른 연결과 간단한 UI가 좋습니다. 반납이 조금 더 정확하면 좋겠네요.
song song,5,2024-11-10 23:38:09,어플로 편하게 확인해서좋아요
강다영,1,2024-11-10 21:49:40,"대여실패 오류가 심각합니다. 따릉이를 대여할때 대여 실패만 십수번이 떠서 시간을 낭비한 후에야 겨우 연결성공한적이 한 두번이 아닙니다. 다른 블루투스 기기를 연결하지도않았고, 앱 업데이트확인 앱 껐다켜기 핸드폰 종료후 재실행 데이터확인 위치모드 확인 절전모드 끄기 비행기모드 켰다끄기 다 해봐도 소용이 없습니다."
EJ (Leti),1,2024-11-10 20:38:30,자동로그인 기능 10번을 시도해도 10번 다 안됨
HJ Gil,5,2024-11-10 17:55:29,약간의 뽑기운은 필요하지만 유용하게 잘 타고 있어요 얼마전에 버스비도 1500으로 인상해서 더 열심히 타고 있네요 이제 어디 갈때 따릉이로 갈수 있는곳이냐 아니냐로 나눠요 왠만한 거리는 따릉이 타고 다니고 있어요 1년 이용권 끊었는데 한달만에 뽕 뽑았네요 요즘에는 버스로 출근하는것보다 따릉이로 충근하는게 더 시간이 단축되어서 떠릉이로 왠만한곳 가고 있어요
chew T,5,2024-11-10 17:33:46,내가 국회의원 되면 따릉이 개발자 예산 2배 책정
임정애,5,2024-11-10 17:22:08,이용하기 편리해요! 친구들과 이용하기도 편하고 좋아요! 새싹따릉이가 키작은 사람을 위해서 더 여유있게 배치되었음 좋겠어요! 항상 없어서 멀리 있는곳에서 대여합니다! 지구환경을 위해서 가까운거리는 따릉이 이용 합시다^^
LesPaulLOL Epi,4,2024-11-10 14:48:36,너무 좋아요 늘 잘써요
이언지,5,2024-11-10 14:27:54,너무너무너무 좋아요! 한강 길 곳곳에 따릉이 보관소가 있으면 더 좋을 것 같아요 서울은 자전거 도로가 잘 돼있어서 너무너무 편리해요
차상훈,3,2024-11-10 11:28:55,"전반적으로 만족하며 사용중입니다만, 몇가지는 개선되면 좋겠습니다. 1. 가끔씩 자전거와 모바일폰간의 블루투스 연동이 잘 안되는 경우가 있어서 대여조회를 진행함에 적잖은 시간이 소요됩니다. 2. 1번의 현상으로 인해 대여반납 후에도 확인 메시지가 뜰 때까지 자전거 바로 옆에서 대기해야 하는 경우가 있습니다. 시간이 없어서 바로 움직여야 하는 상황이 있는데, 자전거 반납확인 시간이 길어져서 불편함이 있습니다."
JM Moon,5,2024-11-10 01:00:30,본인 자전거 도난 분실후ㅜㅜ 따릉이 이용중입니다. 앱으로 정말 편리하게 이용중입니다. 가끔 잠금레버가 작동오류로 미반납 3번경험 있어요. 잠금레버 센서오류 수정 부탁드립니다. 평점90 드리고 싶어요^^
오혜성,5,2024-11-10 00:21:56,따릉이 덕분에 여기저기 가까운곳에 필요할때 사용할 수 있어서 너무 좋습니다. 누구 아이디언지 정말 칭찬합니다
An Her,5,2024-11-09 19:54:30,자전거 성능도 좋고 전동 아니어도 힘 안들이고도 잘 나갑니다. 많이 있어서 쉽게 반납 대여 가능해 좋습니다. 이용려도 부담 없고 24시간 동안 아무 때나 구매한 시간만큼 사용 가능해 좋습니다.
임미영,5,2024-11-09 19:50:04,출퇴근길에 사용하는데 교통비 절약에 큰도움을 받고 있어요. 성인용이 없고 어린이용만 많을때가 많아서 좀 아쉬워요
Juhee jung,5,2024-11-09 16:04:17,좋아요. 어디서나 쉽게 찾을 수있고 가격도 저렴하고 좋습니다. 다만 아이들도 함께 타고 싶어요.
심지희,5,2024-11-09 15:14:49,"따릉이덕에 가까운 거리는 운동도하고, 대중교통을 이용할때 애매한 거리를 편하게 다녀요 전보다 블루투스 연결도 잘되는거같아서 이용하기 더 편해졌어요"
킴이글,5,2024-11-09 15:01:43,운동하고 싶을 때 빠르게 가고 싶을 때 최고!
유보람,5,2024-11-09 15:01:04,따릉이 너무 편하고 좋아요. 서울이에서 계속 이용 했으면 좋겠습니다.
카르페디엠,4,2024-11-09 13:38:11,"서울시 따릉이 잘 이용하고 있습니다. 운동삼아 타고 다니기에 너무 좋아요. 1시간권, 2시간권 필요한 시간권 구매가 가능하구요. 24시간 이용이 가능합니다."
DH,5,2024-11-09 10:49:24,따릉이 때문에 편하게 이동하고 있어요 :)
성만박,5,2024-11-09 10:45:33,경제적으로 좋고 운동도 되고..너무 좋아요..전국적으로 확대되어서 어디서나 이용했으면 좋겠어요..~^^
비니비니비니비니,5,2024-11-09 09:43:57,애매한 교통일때 따릉이가 최고입니다. 점점 더 좋아지고 있어서 진짜 대만족입니다 : )
관리,1,2024-11-09 07:02:34,"출퇴근 시간 1,2분이 중요해 죽겠는데 반납 안되는게 말이 됩니까? 수동반납 절차를 간소화 시키던가, 센서를 잘만들던가 제발 아"
ᄒᄉᄒ,5,2024-11-08 16:44:24,"출퇴근할때, 이동거리가 버스나 지하철타기는 애매할 때 이용하면 너무 편리하고 좋아요. 따릉이 자체도 대체적으로 깨끗하고 고장나지 않은 채로 잘 관리되고 있고 앱도 점점 안정화되고 있는 것 같습니다. 2시간 정기이용권으로 열심히 타면서 지구 살리기에도 동참하고 있습니다!"
그레이,5,2024-11-08 13:00:06,따릉이 앱을 이용해서 저렴한 가격에 서울시에서 관리하는 공유 자전거를 사용 할 수 있습니다.
최효빈,5,2024-11-08 12:36:07,잘 사용하고 있습니다~
Ok코뜨,3,2024-11-08 01:49:12,따릉이를 타고 출퇴근을 할 수 있어서 운동도 되고 차비도 절약할 수 있어서 좋다. 차편이 없는 곳도 따릉이를 타고 가면 버스나 지하철보다 빠르기도하다. 그런데 자전거가 부족하다고 신고한지 6개월도 넘었는데 여전히 자전거는 부족하고 시정이 되지 않는다. 거치대도 있는 곳에는 여러개가 있고 없는 곳은 거치대와 거치대간의 거리가 너무 멀어서 자전거를 타더라도 걸어야하는 거리가 너무 길다.
John Doe,1,2024-11-07 22:13:09,다 고장나있는데 뭘타라고
이형민,5,2024-11-07 17:31:36,서울에서 자취하면서 학교 오고가는데 따릉이 덕을 많이 보고있습니다. 곳곳에 대여소도 많고 이용도 편리하여 접근편의성도 굉장히 좋은거같습니다ㅎㅎ
윤상혁,5,2024-11-07 15:36:25,공공기관에서 만든 앱중에선 가장 원활한 사용감..입니다.. 개인적으로 만족도도 괜찮고 비용도 저렴한 편이라 출퇴근이나 산책할때 자주 애용해요. 더말할거없이 최고입니다.
siusiu,5,2024-11-07 14:56:46,언제나 어디서든 빌릴 수 있어서 좋아요. 출퇴근때도 종종 이용해요. 3시간 짜리 이용권도 출시되면 좋겠어요.
김현경,5,2024-11-07 10:28:40,자전거 구매는 부담스러운데 덕분에 운동도하고 이동도 하고있습니다:)
Rosebell,5,2024-11-07 07:59:17,따릉이 덕분에 서울 이동이 너무 편리해요! 기존 자전거 길에 따릉이 로드라고 이름을 붙여 따릉이 지도도 생겨서 관광상품화해도 재밌을 것 같아요! :)
20min,5,2024-11-07 03:39:05,"편하고 자전거 이용시 좋아요,,"
안소현,4,2024-11-06 21:53:21,매우 잘쓰고 있습니다! 전에 반납을 안했는데 해당 자전거를 다른 분이 빌려가셔서 당황했던 적이 있는디 빠르게 대응해 주셔서 좋았습니다!
Ka Hyun Jung,5,2024-11-06 16:55:32,따릉이를 타며 즐거운 날을 만끽할 수 있어 행복했습니다.
슬기,5,2024-11-06 11:52:25,가끔 오류가 뜨긴하지만 따릉이 제도가 참 잘 되어있는 것 같아요
허충무,5,2024-11-05 22:54:12,따릉이 너무 좋은 서비스입니다. 서울에 인접하고 있는 지역과도 연계해서 이용할수 있도록 확대되면 더욱 좋을 것 같습니다.
박소현,5,2024-11-05 17:55:49,블루투스 연결도 꽤 원활해졌어요~ 따릉이 최고ㅎㅎ
요밍,5,2024-11-05 17:52:10,가격도 저렴하고 서울 어디든 탈수있는 따릉이 최고에요
해피쥬쥬네,5,2024-11-05 15:02:46,간편하게 대여하고 반납할 수 있어 정말 좋아요😀
JJ Lee,5,2024-11-05 12:22:48,따릉이 진짜 편리하고 좋아요 어플 사용도 편하네요
해달맨,5,2024-11-05 09:40:58,좋아요. 따릉이는 최고의 친환경 정책이자 최고의 가성비 이동수단이자. 최고의 건강관리 수단입니다. 시간절약도 돼요. 자전거 이동 거리 측정이 잘 됐으면 좋겠어요. 집 근처 한 정거장에서 빌려서 이용하고 장을 보거나 멀리 갔다 돌아와서 같은 정거장에 반납하는 경우가 있는데 그럴 때는 이용 실적이 인정이 안되고 거리 측정이 인정이 안되는 경우가 있더라고요. 그게 개선되면 좋겠네요.
김명길,4,2024-11-05 09:38:18,서울살이 필수에요.하지만 한가지 불편한점 있다면 지정위치에 주차해야 된다는점
쿤,5,2024-11-05 07:35:55,항상 잘 이용하고 있습니다. 옛날에는 QR연결도 잘 안되고 그랬는데 그래도 요즘은 별문제 없이 잘타고 있어요ㅎㅎ 점점 발전하는 따릉이 좋아요!
TREY papa,5,2024-11-04 22:06:37,사용이 편리하고 좋아요
CHANGHYUN SUNG,5,2024-11-04 20:27:58,너무 좋아요. 아주 편리하게 잘 활용하고 있습니다.
주식회사정안,4,2024-11-04 18:27:22,전반적으로 좋습니다. 다만 가끔 연결에 실패하면 지속적으로 가서 불편할 때가 있습니다.
유미광,4,2024-11-04 18:27:10,내나이에도 쉽게 이용할수 있어요 좋아요
조용석,5,2024-11-04 17:41:39,따릉이 매일 이용하고 있어요. 자전거 최고!
강정희,5,2024-11-04 16:12:59,유용하게 잘 이용하고 있어요~
허진영,5,2024-11-04 13:08:15,"대여, 반납의 정보를 PUSH로 받습니다. 체크는 PUSH 앱 알림, 미체크는 카카오 알림톡 인데 미체크시 알림톡이 오질 않아요. 그래도 따릉이 언제나 잘 이용하고 있어요"
soyoung Yang,5,2024-11-04 12:09:05,버스노선이 너무 우회해서 따릉이로 빠르게 다닐수 있어서 좋아요! 고장 자전거 신고 기능도 추기되면 좋겠네요.
나유리,5,2024-11-04 10:29:40,따릉이로 자전거 처음 배웠어요 대여하기도 쉽고 접근성도 좋아요 무엇보다 고장등 관리도 알아서 해주고 천원이면 무한대여반복으로 종일 이용이 가능해서 좋아요
최예진,5,2024-11-04 09:42:30,지하철 막힐때 대안으로 따릉이 이용하고 있어요 안장만 자주 교체 해주시면 이만한것도 없다고 생각해요 세금으로 하는만큼 깨끗히 타면 좋겠어요
이종혁,5,2024-11-04 08:08:39,이젠 따릉이 없는 서울시는 상상할수없어요
if else if,5,2024-11-04 05:32:11,"시간 내 재대여시 추가요금 없는게 진짜 큰 메리트입니다. 버스타기 애매하거나 답답해서 한강 바람 쐬고 싶을 때, 혹은 그냥 돈아끼며 이동 하고 싶을 때 이용하고 있습니다."
이현미,5,2024-11-04 02:04:37,1. 편리한 인터페이스로 사용이 용이함 2. 대여 가능한 자전거 갯수 확인 가능 3. 고장 신고 등의 편리한 기능 4. 착한 가격으로 교통비 절감 5. 운동 6. 가끔 QR인식(혹은 번호 입력) 후에도 블루투스와의 연결이 늦거나 실패한 경우도 가끔 있음 앞으로도 따릉이 애용할게요!
Musk Melon,5,2024-11-03 23:47:54,등하교시 따릉이 자주 이용하고있네요^^
갓노운,5,2024-11-03 22:23:47,매년 잘 쓰고 있어욤
신민주,4,2024-11-03 18:44:07,다른 자전거랑 비교도 할 수 없는 가성비 정기이용권 끊어놓으면 가까운 곳 갈 때 최고예요
백미희,5,2024-11-03 18:00:36,"여러장소 곳곳에서 편리하게 언제든지 이용할수 있어 서울 방문하면 자주 이용합니다. 새로운 자전거도 있지만, 보수가 필요한 오래된 자전거도 많네요. 저는 보수가 필요한 자전거 등록 신청을 자주합니다. 수리가 빠르게 되면 더욱더 이용이 편리할듯 합니다."
손 호선,5,2024-11-03 16:43:57,정말 혁신적인 시스템입니다. 이렇게 저렴한 가격에 자전거를 이용할수 있다니요.. 덕분에 교통비 절약 쏠쏠하게 하구있구요 덤으로 체력도 기르고 있습니다. 한달 1시간 정기권이 5000원 밖에 안되는데 커피1~2잔 아끼고 다들 자전거 타고다니는게 어떨런지요??
황성은,5,2024-11-03 15:22:14,정기이용권으로 타면 편리하고 운동도 되고 좋아요
김오둥,3,2024-11-03 08:27:47,"최근 다리를 다쳐 깁스를 하고 2주동안 목발을 집고 지하철과 버스를 이용하는 과정에서, 방치된 따릉이로 인해 많은 불편을 겪었습니다. 특히, 출퇴근 시 지하철역과 버스정류장 근처에 방치된 따릉이 때문에 이동이 어려워 정말 매우불편했던 기억이있어요 따릉이 대여소의 효율성을 높이기 위해, 이용자가 많은 지역에 대여소를 더 많이 설치하고, 이용이 적은 곳의 대여소는 수요가 많은 지역으로 이전하는 방안을 고려해주셨으면 합니다. 이를 통해 시민들의 편의성이 향상되면서 긍정적인 변화가 눈에 띄게되면 자연스럽게 시민인식도 개선될 듯합니다"
빈영덕,5,2024-11-03 02:05:08,따릉이 앱을 잘 사용하고 있어요. 1.주간 이용기록도 월간처럼 상세히 나오면 좋겠어요. 2.그리고 아동 동선도 맵형태로 보여주묜 좋을것 같구요. 3. 마지먹으로 즐겨찾는 동선 아용시 교통 유의구간이나 실시간 도로 작업정보등도 커뮤니티나 교통절보로 표시되면 좋을것 같아요. 너무 감사합니다. 4. 폼에 사진첨부가 안되요. 나만그런가요?
루씨의잡화점2,5,2024-11-03 01:10:12,"따릉이 이용 9년차입니다. 서울에 자전거 도로가 너무 잘되어 있어서 따릉이 타기에 너무 좋고, 목적지까지 따릉이만 이용할때도 있고, 버스나 전철타고 환승해서 애매한 거리는 따릉이를 이용하기도 해서 너무 편리합니다. 간혹 불량 자전거가 있어서 아쉽지만 대부분 정비도 잘되어 있어 만족합니다. 따릉이 이용자분들이 본인 자전거라 생각하고 소중히 타고, 안전하게 운전하시길 바래요. 고장난 자전거는 표시를 해서 알리는 방법이 있었으면 좋겠네요. 저 역시도 공용자전거인 만큼 안전하고 소중하게 타겠습니다. 없어서 못타는 경우가 자주 있는데 그만큼 따릉이의 인기를 실감하고 있습니다. 아무튼 오래오래 따릉이와 함께하고 싶네요.~^^"
REY C,4,2024-11-02 20:16:12,"장점: 복잡하지 않고 사용이 간편하고, 심플해서 좋음 단점: 763 목동11단지에 따릉이 많이 부족."
ts k,5,2024-11-02 19:18:05,주로 공원 근처에서 자전거 타고 싶을 때나 버스타기 애매한 거리 갈 때 종종 애용하고 있습니다. 주요 기능인 대여나 반납 시 문제가 된 적은 아직까지 없습니다. GPS로 가까운 대여소 위치와 자전거 현황도 쉽게 확인할 수 있고 각종 이벤트나 가이드도 제공해서 좋네요.
하정목,5,2024-11-02 16:28:15,집 주변에서 사용할 수 있는 플랫폼이 있어 좋습니다
박수빈,5,2024-11-02 15:27:52,타고싶을때 싼 가격으로 편하게 탈수있어서 좋은거 같아요 반납할수있는 곳도 많아 졌구요
신미영,5,2024-11-02 08:41:24,매일 하루에도 몇번씩 이용하고있는 제발이 되어주고 있는 따릉이 ~~ 진심 사랑입니다. 이런 정책은 꾸준하게 시민들을 위해 펼쳐주세요^^
박은영,5,2024-11-01 19:04:07,제 친구들이 다해서 저도 사용하는데 좋네요ㅋ 운동도 되구 추천이요ㅋ
HYUN JO,4,2024-11-01 15:13:00,가끔 무선연결이 안돼서 어플을 껐다 키고 연결 취소하고 다시 연결해야 되는 것 외엔 좋아요
완두콩,5,2024-11-01 13:14:47,끊을수없는 따릉이 정기권으로 구매해서 타고다녀요 진짜 최고!
강혜민,5,2024-11-01 12:49:34,굿이예요
김수정,5,2024-11-01 12:02:03,"환경도 챙기고, 건강도 챙기고, 교통비도 줄이는 따릉이! 연간회원권 끊어놓고 열심히 타고 있어요! qr인식으로 바뀌면서 연동도 더 잘되고 고장신고 잘 처리 돼서 너무 좋아요! (어플과 관련없지만 따릉이 대수가 너무 부족한거같아요ㅠㅠ 타고 싶어도 근처에 없어서 못타네요)"
빠라빠라빠라밤,4,2024-11-01 08:51:59,자전거 빌릴때 연결되는 속도가 느린편. 오류로 인해서 몇분씩 핸드폰을 붙잡을 때는 시간이 오히려 들어 빠른 이동수단의 장점이 사라져버림. 업데이트를 통해서 연결성 문제를 꾸준히 보완했으면 하는 바람.
블루그린,5,2024-11-01 08:20:11,서울 어디서나 찾을 수 있고 반납할 수 있어서 너무 편리하고 이용할 수록 건강에도 많은 도움이 됩니다. 고마워요 ~^^
BoHyoung kim,4,2024-11-01 06:23:48,"잘 사용하고 있고, 무선이어폰이 일상이 되었는데 무선이어폰으로 인해 접속이 잘 안되는 점은 좀 고쳐졌으면 좋겠습니다."
EZ해,1,2024-10-31 23:23:25,어플 실행하면 까만화면에서 넘어가지지가 않아요.. 삭제후 재실행해도 똑같은 증상이구요ㅠ 계속 따릉이 못쓰고있는데 방법이 없을까요ㅠ
휘소,4,2024-10-31 15:36:55,"1.따릉이 지도상에 나오는 대여가능개수는 많았는데, 막상 QR을 찍으면 '죄송합니다. 고장났습니다..' 이런 팝업 문구가 나옵니다 2.QR/번호 입력 후 한참동안 연결이 안되는 경우 가끔 있습니다 (이럴때 대여취소도 잘 안눌러지고, 빨리 타고 가야하는데 시간이 꽤 걸립니다) 3.대여성공해서 잠금레버 띠리링~ 열리는 소리 듣고 출발하려고 하면 철컥. 반납처리 되었습니다. 잠금레버가 다 열리지 않고 살짝만 열리는 경우가 있습니다 1.따릉이 대여소가 많아 웬만하면 어디서든 자전거를 이용할 수 있다👍🏻 2.대여소에 자전거가 잘 정돈되어 있는 편이라 대여도 쉽다 3.출퇴근 및 근거리 이동에 매우 유용하게 쓰인다 4.가격이 좋다 5.앱이 깔끔하다 위 내용은 저의 주관적인 사용경험입니다~ 따릉이 화이팅 따릉따릉~🚴🏻"
bsKim (bsK),4,2024-10-31 09:59:59,"편리하게, 쉽게 자전거를 이용할 수 있어 좋아요 역 근처나 사람들이 몰리는 곳에 가끔 자전거가 없을 때가 있어 이런 곳에 많이 배치되면 좋을 것 같습니다"
조동열,4,2024-10-31 09:51:38,아이들에게 자전거를 사줘도 관리가 힘들고 중간중간 자전거가 놓고 가야할 때도 많아 따릉이를 이용하니 너무 편하고 좋습니다. 다만 가끔 qr이 인식안될때가 있어 난감한적도 있었어서 별하나 뺐습니다.
L Eh,5,2024-10-31 09:33:53,유용하고 없어선 안됨ㅠㅠ
오경선,5,2024-10-30 22:19:27,따릉이~따릉이~ 완전 좋아요! 운동+건강+교통비절약+생활반경넓어짐 등등의 효과네요 사용법도 쉽고 주변에 정류소 많아서 지인들에게 추천하고 있어요 9월부터 2달간 평일에는 출퇴근 30분씩 주말에는 온가족 한강 라이딩 은근 칼로리 소모가 좋아서 체중감량의 효과까지 장점이 너무나 많습니다 1년 정기권 끊었는데 1년후에도 계~속 출퇴근은 따릉이와 함께해야겠어요^^
뭐요,5,2024-10-30 20:35:04,버스나 지하철 타기 애매한 거리 이동할때 따릉이가 최고...👍👍 요즘 날씨도 좋아서 자주 타고 있어요 굳. 다른 지역까지 사업 확장은 안될까요🥹🥹
박라임,5,2024-10-30 19:24:28,이전에 비해서 오류도 많이 없고 대여도 바로바로 되어서 너무 좋다~다만 와이파이상태에서는 아무래도 불안정한거같다 이점이 개선되었으면좋겠다
김jh,5,2024-10-30 14:58:20,덕분에 운동도하고 상쾌한 공기도마시고 좋아요:)
김현주,1,2024-10-30 14:54:51,따릉이 앱이 접속이 안되고있습니다 업데이트하라는 말도없습니다
신대근,5,2024-10-30 13:57:44,몇년째 잘 쓰고 있어요
전영순,5,2024-10-30 10:54:49,봄가을 출근길에 가끔 사용하지만 만족도 너무 좋습니다. 지하철타고 따릉이로 환승해서 한강뷰와 지자체의 관리 잘된 꽃구경에 커피 한 잔으로 하루의 시작이 가능하게한 황홀한 요즘입니다.
진화정,5,2024-10-30 09:51:15,출근할때 회사가 지하철역에서 멀어서 따릉이를 이용하는데 정기권도 싸고 타기도 좋아요~
S Y,4,2024-10-30 07:32:38,"N년째 사용하는 따릉이, 서울시민의 특별한 혜택이 아닐까 싶어요! 수만명의 출퇴근길을 책임져주고 따릉이 데이트 등 교통수단뿐만아니라 추억도 쌓아주는 따릉이!! 앱으로 간편 대여는 물론 위치도 한눈에 알 수 있어서 너무 편합니다. 다만 종종 연결의 딜레이, 오류가 발생하는건 아직 있어서 4점 드려요🥹 점점 개선되는 따릉이앱 기대할게요🫧"
Kang Ho,5,2024-10-30 05:40:20,"서울에서는 출퇴근길을 같이하는 제 보조교통수단, 빠르고 편리합니다,어플반응속도도 빨라서 좋아요"
Ted Lee,5,2024-10-30 02:17:43,정말 따릉이 덕분에 건강해지고 교통비용 절감 효과 극대화입니다.
민트우주,5,2024-10-30 01:10:00,따릉이 앱으로 언제 어디서든 편리하게 따릉이를 탈 수 있어서 너무 좋아요. 앱이 간단해서 어려움 없이 사용중입니다.
사도사도,5,2024-10-29 23:04:39,"와 진짜 많이 좋아졌어요 따릉이 자전거들 자체는 전에 비해 노후화되긴 했지만.. 기술적 문제(먼지 조금 있거나 플라스틱 기포 방울때문에 QR인식 안됨,따릉이 연결 오류)가 진짜 현저히 많이 줄어서 너무 좋습니다!!"
빛아해,4,2024-10-29 16:57:35,따릉이를 정기권으로 끊어서 사용하게 됩니다. 장점 : 서울 어디든 많다. 그래서 필요할 때마다 이용할 수 있다. 기타 정말 많다. 단점 : 가끔 연결이 안되어 사용하는데 시간이 걸린다. 특정 지역에는 잘 없는 곳이 있다. 나머진 정말 좋아요~~ 그래서 별 하나 뺍니다.
TaeBum Lee,5,2024-10-29 12:58:26,요즘 제가 바빠서 시간될때 가끔씩만 이용하는데도 따릉이 자전거를 타며 산책을 하다보니까 기분 전환이 제대로 잘돼요~~!! 자주 이용하지 못하더라도 시간될때 이용해서 따릉이에서 진행되는 이벤트도 한번 참여해볼게요~~!!
Jin Hee-won,1,2024-10-29 09:25:09,잠금 체결했는데도 반납이안돼서 굳이굳이 다시 돌아가게 하고 벌금까지 무는게 너무 열받네요.
꿀치즈,4,2024-10-29 09:04:02,가까운 거리 내에 따릉이가 있다는 것은 분명 장점이다. 대수가 많아서 하나하나 점검하지 못 할수도 있다는 생각은 들지만 내가 탄 따릉이가 벨고장이 나는 것은 아쉽다. 한대도 없는 보관소에는 빨리 보충이 되지 못한다. 대여시 인식을 못 할때도 있다. 그럼에도 불구하고 이 제도는 참 좋다.
정연희,5,2024-10-29 08:38:34,언제 어디서든 편하게 빌릴 수 있고 반납도 편해요. 운동도 되고 교통비도 아끼고 일석삼조네요.
투더무운,4,2024-10-29 07:48:38,다 좋은데 한번씩 주기적으로 자전거가 아예없을때가 잇다. 직장인이 퇴근하는시간이 일정한데 그쯤에 수거해가는것같음. 그시간을 피해주면 좋겟다
나무,1,2024-10-29 06:26:56,지도에 1이라고 떠있어서 가니까 자전거 없거나 대여중이라 뜸 한두번이 아님
Hope,5,2024-10-28 22:43:42,리소스 업데이트가 때로는 당황하게 하지만 그만큼 앱이 안정적이어서 좋아요!
onoy AN,5,2024-10-28 22:18:06,따릉이 덕분에 서울 풍경보면서 자전거 마음껏 탈 수 있어서 너무 좋아요👍
홍영기,5,2024-10-28 21:48:52,"따릉이 매일 이용하는 이용자로서 가성비 훌륭하고 오류는 별로 없다고 생각합니다. 다만, 가끔 반납 오류가 있어 이점은 조치가 필요해 보입니다."
Aeva,4,2024-10-28 21:40:29,따릉이 이용 너무 편리하고 좋아요 가끔 앱이 먹통이 되서 안될때도 잇지만 그때를 빼면 관리도 잘되고 잘 이용하고 있습니다!
YD Kim,5,2024-10-28 16:44:27,Very goood
ᄋᄋ,5,2024-10-28 12:34:17,교통비 아낄수 있어서 좋아요 앱도잘만든것같아요
jINHyUn,5,2024-10-28 07:41:51,"몆 년전부터 쭉 이용하고 있어요! 근거리 이동시 가성비도 좋고, 운동도 되고^^ 생각보다 따릉이 상태도 좋아서 만족하면서 타고 있습니다. 따릉이 스테이션(?)이 없어서 불편했던 곳도 민원신청하니 바로 생겨서 만족도가 매우 높습니다^^"
Kwangsup Shin,5,2024-10-27 22:38:31,서울 사는 매력 중 하나가 따릉이입니다. 퇴근 시간과 주말에 따릉이 타며 운동하고 짧은 거리 이동 시에도 너무 편하게 사용하고 있습니다. 앞으로도 없어지지 않고 유지되면 좋겠습니다.
야미,5,2024-10-27 21:39:55,너무 감사하게 잘 이용하고 있습니다. 서울시민이라 행복합니다.
비누,5,2024-10-27 19:20:17,저렴한 가격에 어느정도 먼 거리도 편하게 이동할 수 있어요!
김동우,5,2024-10-27 13:40:21,"따릉이 대여, 반납 장소가 항상 가까이에 있어 편리하게 이용 가능합니다. 또한 자전거 유지보수 관리가 잘되어 감사하며 이용중입니다. 출퇴근 자전거로 하는데 이용료는 6개월에 15000원으로 경제적이고 환경친화적입니다. 따릉이 애용자로서 따릉이와 포장된 자전거도로가 서울시의 강력한 경쟁력이라고 생각합니다."
황금콩,5,2024-10-27 09:16:40,건강에도 좋고 어디든있어서 너무편리해요 서울시민임이 자랑스럽습니다.
전해인,5,2024-10-27 04:19:30,따릉이 정말 좋아요!!
Newchance,3,2024-10-27 00:14:21,폰이 없을 때 워치로도 이용할 수 있는 서비스도 출시하면 좋을 것 같습니다.
신지홍,5,2024-10-26 20:49:40,"장점 1. 편리한 인터페이스 2. 저렴한 이용료 및 탁월한 접근성 3. 간편한 대여, 반납 단점 1. 가끔 블루투스 연결실패현상 발생 2. 다수이용으로 페달, 손잡이 등 상태불량(지속적 고장신고 및 개선으로 많이 좋아졌지만 이용자의 인식개선도 필요할것같습니다) 3. 그외 단점이 없다는점이 3번째 단점"
김전준,4,2024-10-26 18:57:41,서울따릉이 스마트 QR/코드 4887. 호돌이상가 대기번호를 시청해주셔서 감사합니다😊
손Daniel,5,2024-10-26 16:07:33,저렴하고 편리하게 이용할수있어요. 애매한거리 갈때 유용하게 활용하고 있습니나😁
Yunsun Jung,5,2024-10-26 14:48:01,잘 사용하고 있어요. 감사합니다.^^
이지영,4,2024-10-26 13:50:30,가끔 대여할 때 오류가 발생합니다. 대여중이니 기다려달라고 나오는데 3분 넘게 먹통.. 잦은 오류 개선 부탁해요~~
윤서경,5,2024-10-26 13:24:41,곳곳에 있어서 이용하기 편리해요! 관리도 잘 되어 있어서 좋아요! 대중교통이 어려울때 자주 이용합니다
Ji Sun Kang,5,2024-10-26 12:51:25,"직관적으로 구성된 메뉴가 보기도, 찾기도 편해서 좋습니다!"
김성화,4,2024-10-26 09:23:06,자주 이용했던 유저로서 별다섯개 드리고 싶지만 살고있는 곳에 따릉이가 없어 하나뺐어요 바쁘게 이용해야하는데 좀 불편하거든요 지금도 여러군데 설치돼있지만 많은곳에서 따릉이 이용할 수 있길 바라는 맘입니다
최인찬,5,2024-10-26 07:09:01,사용하기 편리하며 주변에 많이 있어 생활교통수단으로 근거리 이동시 최고입니다. 게다가 비용도 저렴해요
여분희,4,2024-10-26 03:25:06,가까운곳 다닐때 자주 사용하기좋은데 아쉬운점은 대여시 연결이 안되어 재부팅할때가 가끔 있고 대여하려고 할때 자전거부족인 경우 난감합니다. 저렴한 가격에 편리하게 사용하면서 가지고 있던 자전거처분하고 따릉이탑니다. 펑크나 고장수리걱정없고 관리도 잘 되어있어서 좋아요.
수학의정석,4,2024-10-25 20:45:35,"QR코드로 간편하게 대여할 수 있는 것도 좋고 현재 대여소에 몇 대가 남아 있는지, 또 터치 몇 번으로 추가 배치 요청을 할 수 있는 것도 편합니다. 그런데 네이버 설문 폼에 캡처 화면을 올릴 수가 없네요. 소소한 오류는 자꾸 있지만 고쳐 주시겠지요?"
Km Song,3,2024-10-25 19:03:34,편리한 인터페이스는 좋지만 블루투스 연결실패가 잦아요.
박도연,5,2024-10-25 18:52:01,좋아요
DY Kim,4,2024-10-25 18:48:24,따릉이 잘 타고 다니고 있어요~ 앱 오래 켜두면 나중에 반납이나 대여가 안되는 경우가 있는데 개선됐으면 좋겠어요 그리고 고장난 자전거 신고하는 기능도 있으면 좋겠어요
조윤재,5,2024-10-25 16:49:19,출ㆍ퇴근시간 따릉이 잘 이용하고 있습니다
배린이,5,2024-10-25 16:31:38,따르릉완전 좋아요 최고!!!
Christ Jesus,5,2024-10-25 15:30:33,평소 따릉이를 자주 이용합니다. 편하고 좋습니다
최수연,4,2024-10-24 21:05:14,버스는 붐벼서 따릉이 따고 다니기 좋아요. 운동까지되니 신나요~ 따릉이 슝슝~ 잘나가고 가격도 저렴하고 어플에 안내도 잘되있어서 사용하기 어렵진 않아요 . 단..자전거 벨소리가 너무작아요.. 차가 옆에다니면 벨소리가 작아 잘안들려요..ㅠ.ㅜ 그거빼고 좋아요.
구미젤리,5,2024-10-24 19:13:47,대여소가 많아 좋은데요. 어떤 대여소엔 1대도 없고 어떤 대여소는 인도를 꽉 채울 정도로 자전거가 많았습니다. 이런 경우 따릉이 측에서 자전거를 이동시켜 없는 대여소에 분배해주면 좋을 것 같습니다.
차은교,5,2024-10-24 18:20:54,따릉이 자주 이용하려고 어플 다운로드 받았는데 이용권 구매나 따릉이 대여 방법이 어렵지 않게 구성되어있어서 좋습니다
김건휘,5,2024-10-24 17:36:04,서울 한강변 달리기 좋아요
sh park,4,2024-10-24 11:47:42,가끔 시스템 오류로 출퇴근시간에 대여가 되지않아 당황스러운적 있는데 그때말고는 이용이 편리하고 좋습니다
SORA LEE,5,2024-10-24 10:23:04,"처음 이용해봤는데요, 어플깔고 회원가입 해야하는 번거로움이 있지만 시간당 1천원에 자전거 이용할 수 있고 반납도 대여한 곳이 아닌 따릉이 있는곳 어디에나 반납가능하니 너~~무 좋아요. 그리고 10분 남았다고 알림이 오더라고요. 이용료도 저렴한데 사용하기 편하고 경로가 직관적이다보니 어려울게 없었어요. 누가만드신 복지인지는 모르겠지만 너무 감사합니다^^"
토도,5,2024-10-23 20:46:06,사용이 쉽고 편리합니다 다만 지도화면 에서 대여이력 번납이력도 같이 볼 수 있게 했으면 하는 아쉬움이 있네요 발전하는 따릉이 파이팅입니다
머니가득,5,2024-10-23 20:02:39,출퇴근용으로 쓰려고 1년 정기권 끊고 쓰고있어요. 예전에 한참 타다가 잠시 쉬고 다시 끊었는데 여전히 앱도 잘 작동되고 자전거 관리도 잘되어있구 만족도가 진짜 높아요. 무엇보다 엄청싸서 교통비 부담 하나도 없는게 젤 좋아요. 다만 역근처 따릉이 경쟁 치열해서 잔여대수 눈치 싸움하는데..정확하지 않아 헛발질한적 있어요. 정교한 시스템 부탁드립니다~
오효성,5,2024-10-23 15:20:30,따릉이는 사랑입니다. 자전거 상태도 좋구요. 대여시스템. 이용료도 저렴해서 전동류의 자전거는 손도 안가요. 여러곳에 있어서 편도만 이용하기 좋구요. 2시간짜리 6개월권 이용이 제일 잘 사용해서 지인들께도 널리널리 권장하고 있습니다.
임홍규,5,2024-10-23 12:09:14,"자전거 상태, 성능, 가격 모두 만족스럽스럽고 따릉이 어플 사용도 간편해서 좋아요^^"
HYOUNG SOO LIM,3,2024-10-23 08:01:35,"사용하는데 불편은 앖으나, 해제가 좀 더 빨리 되었으면 합니다"
이상준,5,2024-10-22 19:39:53,따릉이가 주변에 어디서든지 찾을수 있어서 너무 편리 합니다. 앞으로 자주 많이 이용 하겠습니다.
minkyu kang,5,2024-10-22 15:41:03,"따릉이 정말 강력 추천합니다. 일단 현대인에게 부족한 운동과 더불어 서울시내 교통혼잡을 피해 자전거로 막히지 않고, 효율적으로 다닐수 있어서 너무나 좋습니다. 따릉이를 이용한 후로 차를 잘 안타게 되네요. 기름값도 절약하고 건강도 챙기게 되니 1석 2조 입니다."
노인기,5,2024-10-22 14:57:40,따릉이 있어서 너무 좋운데 개선 사항이 있습니다 비가 오고 난 뒤 물이 고여 있는데를 지나가면 등에 물이 튀어서 옷이 더러워지고 머리까지 물이 튀어 묻습니다 저전거 흙받지를 더 길게 해서 물이 옷에 튀지 않게 해주세요 ~ 잘이용하고 있는데 비오고 난 뒤 이게 불편합니다 ~
장석민,5,2024-10-22 01:33:55,"자전거 찾기도 쉽고, 대여도 빠르게 할 수 있어서 좋습니다. 실시간으로 자전거 위치를 알 수 있는 점도 마음에 들어요. 하지만 가끔 자전거 상태가 별로인 경우가 있어서 아쉬운 점도 있네요. 그리고 대여소에 자전거가 부족할 때가 있어서 계획이 틀어질 때도 있어요. 그러나 전체적으로 이 가격에 이정도의 시간을 줄여주는 이동수단이 없습니다. 왜 구매안하는지 이해가 안 갈 정도에요."
박지윤,5,2024-10-21 21:22:17,어플로 자전거 현황 알 수 있는 게 너무 좋습니다. 자전거를 세울 수 있는 정류장 간 길찾기 기능이 더 발달돼서 음성모드도 있으면 좋겠습니다.
Kipeum Kim,5,2024-10-21 21:00:05,집 가까이 따릉이 있으니 편하게 이용할 수 있어서 매우 좋습니다! 이걸로 환경을 조금이라도 지킬수 있으면 좋겠습니다!
Hyeon Gyeong Lee,5,2024-10-21 20:08:46,서울자전거 따릉이 1년 정기권 구매해서 이용 잘하다가 출퇴근 하는데가 바뀌어서 못쓰고 있어용 힘들어 죽겠어용T.T
김동언,4,2024-10-21 18:00:28,자주 이용하지 않고 필요한 구간에 없을때가 있어요. 어떤날에는 자전거가 다 비는 날도 있어요. 그외는 편하고 급하게 이동해야될때 좋습니다 👍
조래연,5,2024-10-21 16:45:54,"저는 1년 정기권으로 따릉이를 이용하고 있습니다. 출,퇴근, 시장보기, 약속장소 이동하기 등 서울시내의 거의 모든 지역을 따릉이로 이용하고 있습니다. 대여시 가끔 접속지연외에는 불편한 점은 거의 없습니다. 감사합니다."
Heungsik Kim,5,2024-10-21 13:19:24,운동도 하고 탄소 배출도 줄이고 원하는 목적지도 빠르게 이동하고 1석3조 가성비 최고 입니다.
강혜정,5,2024-10-21 11:34:33,1시간이용권사서 한시간마다 빌리고반납하면 24시간내에 여러번 사용할수있어서 너무 꿀템임 어플도잘되어있음
SeungWoon Baek,5,2024-10-21 07:01:16,서울에서 따릉이 덕분에 생활이 편해요
안경미,5,2024-10-20 21:58:43,"자전거 대여,반납 절차가 매우 간편하게 되어있어서 사용하는데 어려움이 없습니다"
대략난감넌귤,5,2024-10-20 19:49:21,"회사 이직하고 새벽출근이라 셔틀버스까지 갈 방법이 없었는데, 따릉이 덕분에 새벽출근도 굉장히 저렴하게 가게 됐네요. 대중교통 역할 24시간 해줘서 고마워요. 덕분에 이직 결심하는데도 도움됐네요."
이상범,1,2024-10-20 18:56:02,"따릉이는 주로 출퇴근할때 이용하는데 여러가지면에서 장점이 많은것 같습니다. 교통비 절감, 체력증진 그리고 거리가 멀지 않아서 그런지 출퇴근시간도 대중교통보다 더 빠른것 같습니다. 앞으로도 자주 이용할 예정입니다. 다만 특정 위치에만 자전거가 몰려 이용하지 못한 경우도 있어 자전거위치에 대한 관리가 잘 되었으면 합니다. 감사합니다."
un yeom,3,2024-10-20 17:51:33,따릉이 탄지 2달 정도 되었는데 매우 만족합니다. 우선 비용이 매우 저렴하고 대여소도 곳곳에 있어 빌리기도 쉽습니다. 하지만 자전거 관리 상태가 썩 좋은것 같지는 않습니다. 제발 브레이크 만이라도 관리가 제대로 된다면 더 이상 바라는게 없습니다.
진효원,4,2024-10-20 17:10:16,"매일 어플을 사용하고 있습니다. 다른 자전거는 타지않고 있어서 따릉이만 검색되어 편리합니다 그렇지만, QR코드로 대여하기를 누르면 절반정도는 연결이되지않아 위치정보와 블루투스를 다시 연결해야할때가 있어 번거럽습니다 그럼 티머니GO를 이용하게 됩니다 이점 개선해주시면 감사하겠습니다"
김도도,3,2024-10-20 16:24:43,따릉이 정류소 지도 뜨는데 너무 오래 걸립니다.
장재현,5,2024-10-20 12:26:54,서울시 최고의 선택!
장선영,5,2024-10-20 12:25:16,티머니고에비해 반응속도가빨라서 사용하기좋아요..다양한카드사포인트로 연결제가능했음좋겠어요
7517 mount,3,2024-10-20 07:02:24,잘 사용중입니다.
seven W,5,2024-10-20 04:37:20,사용하기 간결하고 편합니다
CookieLove Lee,5,2024-10-19 17:25:40,"따릉이 대여 사업 너무 좋습니다!! 저렴한 연간 이용권으로 끊으면 따릉이가 대여하고자 있는 곳에 있는 한 매일매일 몇 시간이고 탈 수 있으니까요. 다만 어플에 대해 아쉬운 점이 있다면 블루투스 이어폰 음악 감상 중일때에는 따릉이 대여가 원활하지 않을 때가 많아서 그럴 때면 이어폰을 빼고 어플 재실행시켜야 한다는 점이에요! (늘 그런건 아니고 안그럴때도 있구요ㅎㅎ) 그 점 좀 개선이 되었으면(버그가 수정🔮이 되었다면) 좋겠네요!! 이 사업 오래도록, 아니 영원했으면 좋겠어요!"
리쿤,4,2024-10-19 15:32:44,따릉이 저렴하게 이용하기 너무 좋습니다. 다만 처음 대여시 오류가 나서 대여가 안되는 부분은 빠른 조치가 되었으면 좋겠습니다.🙃
민트베리,5,2024-10-19 15:03:09,천이나 한강 달릴때마다 따릉이가 있어서 고맙고 행복하다는 생각을 합니다 마음 시끄러울때 도움 많이 받고 있어요! 앱도 큰 불편없이 늘 잘 쓰고 있습니다
ᄋ아아,5,2024-10-19 14:36:49,"최고의 전기자전거 어플, 지자체 및 공공기관에서 운영해서 안심하면서 탈 수 있음"
Junmin Kim,5,2024-10-19 14:02:58,따릉이 서비스 좋아요. 지속적으로 관리되는 부분도 좋아요. 자동결제기능이 있으면 좋겠어요
dh ha,5,2024-10-19 12:18:28,가끔 연결이 한번에 안될 때가 있지만 공유자전거 서비스 너무 유용하게 잘 쓰고 있어요!
파르페딸기,5,2024-10-19 11:16:59,서울시 어느곳에 가도 쓸 수 있어 좋아요 근데 가끔 반납이 제대로 되지 않거나 잔여 자전거 대수가 제대로 뜨지 않을 때가 있어서 개선 요청드립니다
시하[SIHA],5,2024-10-19 11:16:36,좋아요! 따릉이 편리하게 사용할 수 있습니다.
mmm,5,2024-10-19 10:11:38,"30일권 5,000원이라서 퇴근 자전거로 도전해보려고요"
조운,5,2024-10-19 00:46:57,1년 결제해놓으면 편해요
뿌꿍놀이터,4,2024-10-18 18:14:11,가끔 앱 작동오류가 있긴한데 유용하게 잘쓰고있습니다
Seoyun Lee,3,2024-10-18 15:21:55,잘 사용했습니다
S L,4,2024-10-18 10:00:55,따릉이가 간편하긴하지만 자전거 수리를많이 했으면좋겠습니다
윤정빈,5,2024-10-18 09:10:49,7년째 사용중입니다. 제 네트워크 문제가 아닌 이상은 늘 대여와 반납이 안정적으로 됐던 것 같네요. 문의에 대한 전화 안내도 친절하셨던 기억이 나고요. 종종 어르신들이 어떻게 사용하는건지 물어오셨던 기억도 납니다. 디지털 장벽이 좀 낮아졌으면 하는 바람은 있네요. 시민의 건강 증진에 도움이 되고 뚜벅이들의 낭만적인 대중교통으로서 따릉이라는 공공 시스템을 응원하겠습니다.
이현숙,5,2024-10-18 08:06:42,안녕하세요 저는 꾸준히 따릉이를 잘 이용중입니다 어느날 족저근막염으로 많이 걸으면 발바닥이 아픈데 따릉이가 있어서 너무 행복합니다 발바닥도 아프지 않고 운동도 되고 좋아요 손목닥터랑 연계가 되서 손목닥터 포인트로 따릉이를 구매하구요 몸무게도 4kg가 줄었답니다 기존 집에 있는 자전거는 외출제한이 되지만 따릉이는 타고 갔다가 반납후 다른 교통수단으로 갈아 탈 수도 있지요 그리고 그때그때 관리도 잘되고 상담도 되니 정말 좋아요 앞으로도 감사하게 잘 이용하겠습니다 따릉이 화이팅!
비보라,5,2024-10-18 07:26:48,"4년 넘게 이용중인데 잘 쓰고 있어요. 빌릴 수 있는 자전거수를 미리 알 수 있고, 문제 있을 때 상담받을 수 있는 고객센터에서 1~2번 상담도 잘 받았어요. 얼마전엔 자전거교육도 다녀왔는데.. 몰랐던 사실들을 알게되어 유용한 시간이었습니다~"
Sara H,3,2024-10-17 22:08:48,따릉이는 정말 최고인데 앱은 자전거 연결이 바로안되고 실패했다가 연결되거나 앱을 껐다 다시 들어가야하는 일이 종종 일어나서 불편해요 ㅠㅡㅠ
CHARNY,5,2024-10-17 20:54:13,"4,5,7,8개월 쿠폰도 만들어주세요"
조준호,2,2024-10-17 17:34:08,대체 왜 요즘은 강남에 따릉이가 부족한지 모르겠습니다 대책마련시급
한극수,5,2024-10-17 11:36:44,자전거가곳곳에많아서좋아요
쵸코프라페,4,2024-10-17 09:23:36,좋아요 자전거 탈때마다 잘 쓰고 있어요
카이루,5,2024-10-17 00:34:36,자전거 구매하기 부담 스럽고 관리 하기 힘들어서 따릉이 타고 다닙니다. 필요 할때 잘 탈 수 있어서 좋네요 ^^
임지언,4,2024-10-16 23:36:11,대중교통비가 비싸서 따릉이로 출퇴근을 해볼까 했는데 곳곳에 따릉이도 많아서 대여 반납이 용이했습니다. 다만 연결이 안된다고 종종 뜰때가 있는데 조금 불편하긴 했어요
제리제리,4,2024-10-16 21:39:20,넘 유용하게 잘 쓰고 있어요. 한번 사용할 때 마다 탄소배출 조금이라도 줄일 수 있고 몸도 튼튼해진다고 생각하니 일석이조입니다.
남경미,4,2024-10-16 21:34:14,따릉이 반납장소를 좀더 늘려주시면 좋을거 같아요 지하철역 중간에도 만들어주세요
우미,5,2024-10-16 18:44:11,"따릉이 덕분에 뚜벅이는 행복합니다...😍 같은 거리도 자전거 타면 기분 전환도 되고, 교통비도 아끼고, 탄소 절감도 되고.. 심지어 저렴해요! 진짜 요즘 운동부족인 현대인에게 안성맞춤.."
Soyeon Kim,5,2024-10-16 18:09:01,따릉이 덕분에 가을을 너무 잘 누리고 있어요. 한강에서 따는 따릉이는 최곱니다.
권혜정,4,2024-10-16 16:20:57,동네나 가까운 곳 이동시에 따릉이를 이용하고 있습니다 따릉이 대여소가 곳곳에 있어서 쉽게 따릉이를 이용하고 반납할 수 있고 정기권을 구매하면 할인혜택도 있고 매번 구매하는 번거로움도 없어서 참 편리합니다 다른 교통수단보다 장소에 빠르게 이동 할 수 있고 운동도 되는 장점이 있어서 따릉이를 자주 이용할 수 밖에 없어요
혜원,4,2024-10-16 15:08:08,출퇴근시 따릉이 매우 잘사용하고 있습니다. 다만 빌릴때 특정 대여소는 관리가 필요한 자전거라 대여가 안되는 경우의 자전거들이 많습니다.. 그리고 정작 출퇴근시에 자전거가 많이 필요한 대여소들에는 많이 배치되었으면 좋겠습니다 추가배치요청도 0대일때만 가능해서 불편합니다..
김동현,5,2024-10-16 14:49:32,양재천에서 타고 있습니다 참 재미있어요
tangolf kim,5,2024-10-16 13:18:10,서울에 사는게 참 좋다고 느껴질때가 따릉이탈때입니다 시장을 갈때도 따릉이 한강을 갈때도 따릉이 출퇴근을 갈때도 따릉이 와이프 심부름 갈때도 따릉이 너무 좋아요 한가지 아쉬운점은 한강길이나 지천들을 이용할때 따릉이 포인트가 멀어서 1시간씩 갈아타기가 불편합니다 접근성이 좋은 산책로 입구쪽에 (물론 폭우시 침수안되는곳)따릉이 포인트를 만들어주시면 감사하겠습니다 앞으로도 애써주세요^°^ 서울시 따릉이 화이팅👍👍👍🚴🚴🚴❤️❤️❤️
박민욱,3,2024-10-16 09:51:15,알림도 잘 안 오는 거 같고 대여와 반납을 하면 그게 실시간으로 앱에 바로 반영이 돼서 화면이 바껴야 되는데 대여중인데도 화면은 지도 화면 그대로고 대여하기 버튼이 그대로 있고 실시간으로 앱에 반영이 안되는게 불편합니다 대여하기 버튼을 누르면 지금 상태에 맞게 앱에 반영이 되는 거 같은데요 그게 아니라 그냥 바로바로 상태에 맞게 앱 화면이 바뀌어야 될 거 같습니다. 반납하기도 마찬가지로 반납해도 화면이 바로 바뀌는 게 아니라. 대여하기 버튼을 한 번 눌러야 반납된 화면이 뜨는데 빠른 조치 부탁드립니다. 감사합니다
사크재리,5,2024-10-16 09:46:34,"서울 생활 최고의 이득! 따릉이를 언제, 그리고 어디서나 이용할 수 있다는 작지만 확실한 행복💚"
Enos Lee,2,2024-10-16 06:26:08,"데이터도 잘 켜져 있고, 블루투스도 잘 켜져 있는데 한 번에 연결 안 될 때가 너무 많아요. 따릉이라는 공공자전거 시스템은 가격도 저렴하다고 생각하고 너무 애정하지만, 어플은 개선이 필요해 보여요."
이혁민,2,2024-10-16 05:44:03,따릉이 주변지도만 있는데 내가 가야할 목적지 주변에도 따릉이가 있는지 알수 있게 정보가 필요합니다
강원재,5,2024-10-15 23:26:53,너무 유용한 앱입니다. 사용 편리하고 오류도 거의 없어요
박쇼숑,5,2024-10-15 22:37:05,정말 유용해요 잘사용하고있습니다
doldol 2,4,2024-10-15 22:23:31,정기권을 이용해서 벌써 4년째 꾸준히 만족하며 이용하고 있다 장점은 첫째 대중교통 타기와 걷기로는 애매한 거리에 이용하기 좋다는것 둘째 비교적 대여소가 많아서 대여와 반납이 좋다 셋째 따릉이 고장신고를 하면 바로 해결해주시는 서비스로 자전거 상태가 잘 관리 되는점 단점 첫째 많이 아쉬운점 원격 자동 잠금이 안되는점 둘째 대여시 연결이 안되어 여러번 시도할때도 있다는점 전반적으로 만족하며 잘타고 있다
윤지성,5,2024-10-15 22:14:15,서울에서 1시간씩 24시간을 1000원에 이용이라니 너무좋아요 앱이 가끔 제대로 안될때도있지만 껐다 키면 바로 앱이 실행이 잘됩니다 잘쓰고있어요
김한나,5,2024-10-15 20:20:03,"이제 따릉이는 없어서는 안될 저의 분신입니다~^^ 따릉이 어플로 미리 정거장에 유무 먼저 확인하고 빌리는 거 잊지않고 있어요. 이용권가격도 착하고, 온 가족 따릉이 연간권 끊어서 주말에는 함께 자전거도로 다니기도 합니다. 물론 가까운 거리 이동에도 늘 이용하구요."
Hyemin Oh,4,2024-10-15 19:01:18,잘 사용하고 있습니다
U Kim,5,2024-10-15 18:18:25,"서울에서 언제 어디서나 편하게 이용할 수 있어서 좋아요. 내가 얼마나 탔는지 기록이 되어있어서 정말 좋습니다. 출퇴근, 가볍게 이동할 때 너무 좋아요. 따릉이 대여소가 더 많아졌으면 합니다."
Zentanglekim,5,2024-10-15 18:18:21,올해도 따릉이와 함께 길을 만들게 되어서 좋았습니다~~
동우정,5,2024-10-15 15:08:03,대중교통과 연계까지 되어서 너무 좋습니다
오늘은어떤지수,5,2024-10-15 15:05:09,기후동행 나오기전에 정기권 끊어 알차게 탔는데 통합되어서 또 유용하게 잘 이용하고있습니다 ☺️
정민식,1,2024-10-15 13:28:41,대여할때 한정적인 곳에서 정상적으로 대여가 자주 안되고 있고 자전거 수량도 너무 부족합니다 다른곳들은 넘쳐나는데 고른 분배 부탁드리고 고장이 아닌걸 대여해서 타다보면 자전거 안장이 자꾸 내려가는게 많습니다 빠른조치 부탁드립니다
hwajin Jang,5,2024-10-15 10:44:54,너무 잘 이용하고 있습니다. 우리가족의 건강은 따릉이가 지켜주고 있어요.
안소현,4,2024-10-15 08:37:06,따릉이 잘 이용하고 있는데 오류가 하나 있어요. - 6개월 이용권을 구매했는데도 대여하기 버튼이 아닌 이용권 구매하기 버튼이 보이는 오류
이현선,5,2024-10-15 07:58:32,어디서니 유용하게 탈 수 있어요. 점검도 정기적으로 해주시네요!
나나,4,2024-10-15 01:04:13,너무 좋은데 유아이가 조금 더 세련됐으면 좋겠고 어플 디자인을 귀엽게 해주세요!!! 나머지는 너무 좋음 !!!
자유슝가,5,2024-10-14 23:08:25,안녕하세요.. 이제야 따릉이를 타기 시작했어요 1. 처음 실수 30일 결제후 1시간이 지나면 자동차감으로 생각했네요 추가요금이 한달의 반이상 사용~~ 추가요금도 좋지만 2시간 최대요금은 안넘었으면 합니다. 특히 처음 이용자들은 모르기에 2. 타다보면 알겠지만 매일 1시간 이내에 반복적으로 탈 수 있다는 내용이 잘 안보이네요. 역시 며칠이 지나야 알 수 있었어요 3. 티맵처럼 자전거정류장 가는 길이 보였으면 좋겠어요 1번 정류장에서. 5번까지 가는 방법 예측시간 등등 4. 주소를 입력하면 가장 가까운 정류장을 알려줬으면 좋겠어요 ^^ 감사합니다 잘 사용할께요
이윤배 TV,5,2024-10-14 23:04:05,출근할때 퇴근할때 너무너무 잘 사용하고 있습니다. 따릉이 스팟을 ㄷㅓ욱 늘려주세요.. ㅎㅎ
이재림,3,2024-10-14 22:34:16,가끔씩 따릉이 연결이 안되거는 경우가 열에 두번정도 입니다. 또는 레버를 눌렀는데도 반납이 안되는 경우가 있어 불안할때도 있습니다.
Hana Park,5,2024-10-14 21:58:34,서울살아서 참조아요 따릉이 타고 이곳저곳 빠르게 달려갈수있어요
지베리,5,2024-10-14 21:51:08,대중교통이용하기 애매할때 이용하기 좋습니다
JᅳJᅳ,5,2024-10-14 19:47:52,돈없던 대학생때부터 지금까지 정말 열심히 잘 썼습니다. 개인적으로 서울시 정책중 최고의 결실이라고 생각합니다
SHU N,5,2024-10-14 18:37:57,가끔 인식이 한번에 안될때가 있습니다만 리소스 업데이트도 자주 하셔서 개선을 위해 노력하신다고 생각하고 있습니다. 운동하고 교통비 절약할때 너무 유용하게 잘 쓰고있습니다. 감사합니다.
in spring,5,2024-10-14 18:34:29,딱 필요한 기능만 있어서 앱이 가볍고 괜찮은데 무선이어폰이 블루투스로 연결된 상태에서 따릉이 연결이 잘 안돼서 불편해요
유희선,5,2024-10-14 17:40:18,서울 언제 어디서나 이용할 수 있는 따릉이~ 정말 편하고 여기저기 다니기 넘 좋아요
이학준,5,2024-10-14 17:39:59,정말 좋은 교통수단으로 자주 애용하고 있습니다.
김성훈,4,2024-10-14 17:09:16,손목닥터 9988 앱에서 포인트를 서울페이 전환하였는데 따릉이 결제에 사용이 안되는점이 아쉽습니다. 개선되면 좋겠습니다.
Paul Kim,5,2024-10-14 17:07:37,아까운 에너지를 태우지 말고 내 몸의 체지방을 태우세요~~
이지수,5,2024-10-14 16:49:46,올 여름부터 너무 잘 이용하고 있어요! 다만 가끔 고장 자전거가 많아서 이용이 어려워요
박재근,5,2024-10-14 16:24:59,정기권을 이용해서 매일같이 회사 출퇴근시 이용하고 있어요. 너무 사용하기 편리하고 집. 회사 주변 가까이 있어 사용하기 편해서 잘 사용하고 있어요~~
달카테,5,2024-10-14 16:23:31,제가 자주 애용하는 따릉이입니다. 건강도 챙기고 환경도 챙기고.. 앞으로도 더 많이 많이 이용할게요
hak jae kim,4,2024-10-14 15:07:12,자전거를 이용함으로써 건강에도 좋고 효율적으로 이동 가능합니다. 비교적 관리도 잘 되고 있는 편이고요. 다만 인도에 가끔씩 보관구역 아닌곳에 방치되 있는 자전거들은 처리가 빨리 이루어졌으면합니다.
천미림,5,2024-10-14 12:32:58,따릉이 타고 교통비도 아끼고 건강해졌어요. 앞으로도 지속적인 운영 부탁드립니다
소라고동,4,2024-10-14 08:42:51,"정기권 끊었놓고 사용 중 입니다 서울 내에서는 가까운 거리에 늘 따릉이가 있어 사용하기 편하긴 합니다 가격도 매우 합리적이고요 그런데 가끔 qr인증이 에러가 걸리는 경우가 많고요 고장 난 자전거도 많다보니 쓰면서 불편한 점이 많습니다 그리고 한강 내 따릉이 이용자가 많은 것에 비해 반납장소가 많이 없습니다,, 그래서 늘 멀리까지 나가서 반납하는데 어려움이 큽니다 자전거 관리와 반납소를 늘려주세요"
seeun lee,5,2024-10-14 08:39:53,따릉이 훌륭해요. 67세인 시니어도 건강이 허락 되는 한 계속 참여하여 이용할 것 입니다. 감사합니다.
유혜순,5,2024-10-14 08:38:42,옛날부터 다양하게 이용권 끊어서 잘 쓰고 있어요~ 자전거 정거장마다 자전거 부족하지 않게 배치가 더 잘 이루어졌으면 해요~ 따릉이 적자여서 없어지네 마네 하는데 없어지지 말고 오래오래 해주셨으면 합니다~
조수빈,5,2024-10-14 04:10:04,여기저기 다닐때 잘 사용하고 있습니다. 따릉이 너무 편리해요 잘 쓰고 있습니다.
이동건,5,2024-10-13 20:13:47,자전거가 필요할때 유용해요
강수민,5,2024-10-13 17:33:11,한달권끊고 자주 애용하는데요 전체적으로 관리도 다 좋고 앱도 편합니당 네비게이션 서비스만 추가되면 완벽한 앱이 될거같아요!
이윤회,5,2024-10-13 17:20:21,사용하기 편리해요
안은영,5,2024-10-13 15:12:11,따릉이 있어서 편하게 이용하고 있어요. 따릉이 앱도 잘 작동합니다
지니티비,5,2024-10-13 13:54:11,서울시민으로 유용하고 편리하게 잘 사용하고 있어요.
Junga Lee,2,2024-10-13 13:48:56,QR찍으면 블루투스 무선연결 페어링 실패가 자꾸 뜹니다 여러번 해야 될 때가 많아서 너무 번거롭습니다. 제가 이용하는 곳은 따릉이가 항상 부족합니다. 자전거부족신고를 해도 반영이 잘 안되는 것 같습니다.
강미종,5,2024-10-13 11:47:32,따릉이 이용한지 2년이 넘었어요 ㅎㅎ 환경도 지키고 건강도 지킬수 있는 따릉이를 추천합니다! 가끔씩 진행되는 이벤트도 재미있고 유익해요 :)
이가을,5,2024-10-13 11:17:36,언제나 잘사용하고있어요. 자전거보관소 설치를 어플로 할수있으면 좋을거같아요!
김상훈 (Robert Kincaid),1,2024-10-13 10:21:07,안장 좀 높일 수 있게 해주세요. 따릉이 타다가 무릎나가겠어요
까망토끼,5,2024-10-13 08:18:27,따릉이 현황도 잘 보여주고 좋네요. QR코드가 잘 안찍히는건 단점이에요.
in su sung,4,2024-10-13 07:58:22,좋은 앱입니다. 다만 길찾기 하면 네이버맵으로 떠서 다른 맵 쓰는 사람들에게 불편하고 또 네이버맵이 따릉이랑 바로 연계가 안되는거 같아서 별4개 드립니다.
이혜자,5,2024-10-13 07:37:32,"지하철 퇴근길에 전통시장에서 하차, 장 보고 집에 갈 때 이용하기 딱 좋습니다. 환승 마일리지도 받으니 너무 좋아요."
Charlie Han,4,2024-10-13 01:15:40,전체적으로는 좋은데 네트워크 연결 안되는 시점과 사용완료 시점이나 잠시 보류된 시점의 에러 팝업이 잘못나올때가 있고 사용성의 문제 일수 있겠지만 잠시 보류된 자전거에 대해서 테크를 안하게 하면 더욱 좋을듯합니다
eunhye Lim,5,2024-10-13 00:46:55,사용하기 간편하고 고장접수가 쉬움
전민영,5,2024-10-12 23:03:47,"초기부터 지금까지 따릉이 잘 이용하고있습니다. 장기권으로 끊어서 버스타고가기엔 애매한 거리일때, 기분전환겸 나들이 다녀올때 등 신체적, 정신적, 경제적으로 도움이되었어요. 불편한 점이 있을때도 있었지만 계속 개선되고 있어서 항상 유용하게 감사하며 잘 사용하고 있습니다. 앞으로도 계속 사용할 예정입니다. 따릉이 파이팅"
샐리의위단속,5,2024-10-12 22:06:07,따릉이 대여및 반납이 쉽고 이용권구매도 다양한결제수단이 있어서 편하게 자주 이용하고있습니다.
밤이,5,2024-10-12 21:55:20,평소에 따릉이 자주 이용하는 시민입니다 운동 할 때나 가까운 거리 갈 때엔 아주 유용하게 잘 쓰고 있습니다 대여소가 자주 있어서 이용하는데 큰 불편함은 없지만 많은 자전거들이 관리가 안된 기기들이 많아 아쉬웠습니다 눈에 보이지 않는 사소한 관리까지 꼼꼼하게 부탁드립니다
jaehyung alfonso Yoo,5,2024-10-12 20:28:21,따릉이 최고에요. 앱오류도 없었고 자전거 사용도 너무 편리합니다. 잘 사용하고 있습니다.
YONG HEE LEE,5,2024-10-12 19:42:34,따릉이를 알고나서 생활패턴이 바뀌었어요. 서울 살아서 행복해요♡ 하지만 앱 사용시 에러가 자주나고 연결이 잘 안되는 부분은 개선이 필요할것 같고 자전거들 수리가 잘 되었으면 좋겠습니다
wj,5,2024-10-12 18:55:03,평소에 운동량이 없었는데 따릉이 덕분에 퇴근길 역에서 집까지 타고 다니며 가벼운 운동이 가능해졌어요~
Jake An,5,2024-10-12 18:11:31,따릉이 이용하기 너무 좋습니다! 다만 가끔 대여가 안되는 자전거가 많아서 이용하는데 불편함이 있습니다. 그것만 개선되면 좋을거 같아요!
K HW,1,2024-10-12 17:17:31,어플 안켜지는데요?
chang woong park,5,2024-10-12 16:03:43,따릉이덕분에 건강관리 잘하고 있습니다. 따릉이정거장이 각 한강공원 입구쪽에 더 생긴다면 더 많이 활용할 수 있을 것 같습니다.
심리나,5,2024-10-12 15:38:24,앱이 약간 느리지만 따릉이는 너무 좋아요!
이로리,5,2024-10-12 14:59:05,따릉이 몇년째 이용중입니다. 따릉이가 가끔 반납이 제때 이루어지지 않아 애를 먹이는것을 제외하고는 잘 사용하고 있어요. 따릉이 대여및 반납장소가 표시되어 편리합니다 ^^
Mi Jung kim,5,2024-10-12 13:09:31,사용하기 편하고 친환경적이라 좋아요
이지원 (지원),5,2024-10-12 12:30:53,따릉이 제도가 있어서 서울시민으로서 너무 행복해요! 1천원의 행복!
아라비카도,5,2024-10-12 11:28:15,쉽게 잘타고있습니다
유현정,5,2024-10-12 09:11:48,저는 50대중반 여자입니다 가끔 1일권(1000/1시간)으로 이용하는데 이번에 30일(5000원/1시간)으로 이용권구매해서 열심히 타보려구요 앱도 아주편리하고 내소비 칼로리도 나와서 운동량 알수있어 만족합니다
lucky always,5,2024-10-12 09:07:38,예전보다 많이 안끊김 공공앱치곤 괜찮음
김민수,5,2024-10-12 07:54:23,사용하기 편리함
이희우,5,2024-10-12 06:12:29,따릉이 너무너무 편하고 좋아요 이제 따릉이 없으면 못살 것 같아요 평생 나랑 함께하길!
장창룡,4,2024-10-12 01:59:07,"물론 편리하지만, 단점만 적자면 qr코드가 안장 밑에 있어 허리숙여 보기 불편합니다. 핸들 중앙에 위를 보고 있었으면 합니다."
랑준,5,2024-10-11 22:42:37,깔끔한 인터페이스로 쉽게 사용 중
ᄀᄃᄋ,5,2024-10-11 20:57:23,따릉이가있어서 생활에 많은 부분이 편리하지만 앱 자체도 사용자편의성이 높아 보기편하고 복잡하지않아서 좋습니다. 아직까지 불편한 부분을 못느끼겠네요
그소년,4,2024-10-11 20:37:26,지도상에 자전거 대여 가능 대수가 표시되는데 녹색 원안에 검정 숫자라 가독성이 떨어집니다 그리고 앱내의 녹색이 좀 촌스런 컬러같아요 그 외에는 만족합니다
이한얼,5,2024-10-11 19:38:50,전세계 어느 도시도 부럽지 않은 선진 어플!
우아한달빛,5,2024-10-11 18:56:31,집 앞에 자전거 길이 잘 되어 있어서 자주 애용합니다. 정기권 훨씬 경제적이고 무제한이라 너무 좋아요
사쿠라이마루꼬,3,2024-10-11 17:48:06,대여가 잘 안되요
이성민,5,2024-10-11 17:46:57,대중교통도 잘되어있지만 짧은 거리 이동하는데는 이만한게 없습니다.날씨도 시원해졌으니 자주 이용해야겠네요
Park셀라,3,2024-10-11 17:44:57,우와
총깡,5,2024-10-11 16:10:04,따릉이는 내 발이 되어 열심히 달린다 어디든지 있는 따릉이 덕분에 차끊기거나 짧게 이동해야할때에 너무 필요한 이동수단이 되어버렸어요 서울시 감사합니다
장성민,5,2024-10-11 15:27:15,가까이서 언제나 편리하게 환경도 지키는 따릉이~
121 df343,5,2024-10-11 14:47:46,따릉이 서울의 자랑 세계10대 문화유상
Google 사용자,4,2024-10-11 14:29:15,대여와 반납이 좀 빨라졌어요
Happy day KIM,3,2024-10-11 14:22:19,큐알 스캔할때 흔들리는 부분이 스캔이 안된것처럼 느껴져 다른자전거를 재스캔 하게 되는경우가 있습니다 이부분 좀더 세밀한 개선 필요해 보입니다
주기돈,5,2024-10-11 13:59:19,너무 좋아요 매우 만족을 해요 !!
타코,5,2024-10-11 12:37:52,따릉이가 어디 있는지 지도로 한눈에 보고 대여할 수 있어 정말 편합니다!
seunghee baek,5,2024-10-11 12:12:20,따릉이 타려고 받았아요. 몇대 있는지도 보이고 편하게 이용할수 있어 좋았어요. 덕분에 가족들 자전거 나들이로 좋은 추억 만들었습니다.♡
쿠코쿄,5,2024-10-11 08:00:26,좋아요
OngGuni Son,1,2024-10-10 17:59:45,... 비번찾기 안되는데요?
엄인철,1,2024-10-10 17:51:14,임시폐쇄 하고 전산에서 막으면 끝? 폐쇄에 대한 홍보를 제대로 보이게 하던가..A4용지 코팅한거 몇개 붙여놓고 그마저도 바람에 다 날라가있는데...반납할곳 찾아 삼만리는 사용자 몫인가요?
shinko 01日本,1,2024-10-10 11:12:11,이용하려고 했는데 오류가 걸림.
Hite C,1,2024-10-09 12:10:29,"참다참다 리뷰씁니다. 지금까지 무한 연결로딩, qr코드가 인식불가 등 여러 오류나도 참고 탔는데, 대여소 바로 앞에서 잠갔는데, 임시잠금이라니...덕분에 다시 가서 재반납하게 만드네요. 시스템 퀄리티가 너무 낮네요."
Geonwoo Park,2,2024-10-06 16:30:32,좀 제발 제발좀 아이디찾기에서 아이디 전체를 알려주세요
최오정,5,2024-10-04 16:46:28,매우 편리함
이름,3,2024-10-01 16:17:49,서비스 장애 해결 안됐네요
ws s,1,2024-09-30 20:32:24,오류
아스모디아,3,2024-09-29 16:45:17,"자전거 대여 서비스는 좋습니다만 블루투스 서비스 구현을 어떻게 하셨는지 대여,반납시 랜덤으로 걸리는 오류를 기다려야합니다. 당연히 개선해주시지 않겠지만 한번씩 반납실패로 몇백원 나오게 되는거랑 대여시 앞에서 대기하는 시간이 너무 짜증나네요."
맨따야 (따따따따ᅡ따따따따ᅡᄄ),1,2024-09-28 14:25:54,결제시스템 카카오페이가 안돼가지고 다른수단으로 결제 하려는데 삼성페이는 카드마다 다 안되고 휴대폰결제도 안되고 카카오페이만 쉽게 해놨네요 카카오페이 옹호하는것도 아니고 좀 결제시스템 간편하게좀 바꾸세요
임경민,1,2024-09-26 23:38:11,앱 관리 안 하시나요? 아예 안 켜지네요
오승재,1,2024-09-19 16:22:11,어플리케이션 열면 흰바탕만 뜨고 아무 작동이 안되요
SE:0,1,2024-09-19 09:56:56,이용권 구매인식율은 너무 좋은데 기후동행카드 대여권은 인식율 10프로 자전거 빌리는데 너무 오랜시간 잡아먹는 쓰레기 어플 대전 타슈도 이용해봤는데 인식률로 신경써본적이 없었는데 프로그램 문제가 많은듯 합니다. 이정도면 대여료 받으면 안되는 수준.
빠쀼,1,2024-09-15 17:03:54,와 가는데 체인이 빠져서 앞으로 나가질 않음... 덕분에 출근 지각했네요ㅎㅎ 하... 큐알 인식도 잘 안되서 3번만에 찍어서 했는데 자전거도 가다가 고장나버리고 이게 진짜 뭐 쓰라고 만든건지;;ㅋㅋㅋㅋ
곽다영,1,2024-09-15 08:39:50,앱을 몇번을 지웠다 깔아도 실행이 안돼요... 실행이 돼야 뭘 하는데...
koi,3,2024-09-11 16:39:47,따릉이 너무 좋은데 앱이 문제가 많음....공공사업이니까 세금이 쓰이는 만큼 제대로 유지보수 해줬으면 하는 아쉬움이.... 문제가 너무 많아서 너무 불편하고 문제 있는 기능은 수정을 하거나 수정이 어려우면 기능을 제거하던가 뭔가 조치를 해줬으면 합니다.
color kim,4,2024-09-11 09:19:56,아 따릉이 좋은데 아침에 급해죽겠는데 앱 열리는데 천년만년에 맨날 에러나고 겨우 대여완료했는데 자전거 안장 고장나있어서 못타고 이런 경우 너무 많음
Y G,1,2024-09-10 18:31:17,대여하는데 너무 오래걸려서 걸어가는게 더 빨라요
윤미선,1,2024-09-09 13:32:51,돌아가야하는데. 앱실행이 안돼네요... 어째야해요??
김범진,1,2024-09-08 16:11:25,화면이 안뜨네요
김호운,1,2024-09-08 14:47:38,복잡하고 쓰기 어려워요
亗성진亗,1,2024-09-07 20:07:24,"자전거 대여 하려고 하면 깨끗한것들은 다 관리가 필요하다고 하고 후진거는 빌려져서 타보면 막상 고장나있고, 뭐하자는건지.. 지각 안하려고 타면. 오히러 지각함"
임승민,1,2024-09-06 20:51:08,전에는 잠구기만 해도 반납 됐는데 요새는 왜 즉시반납을 해야 돼죠? 이것때문에 돈 더 나갔습니다
김경윤,1,2024-08-31 23:16:17,어플을 다시 삭제했다가 깔아도 까만화면만 나오고 아무것도 안뜨네요
김민지,2,2024-08-20 11:40:32,정기권이 있는데도 자꾸 사라고 뜹니다
이종찬,1,2024-08-19 18:44:28,사전대여 취소버튼좀 만들어라 그리고 뭘했길래 앱이 이리느려
Merry Mac,1,2024-08-19 08:13:05,앱 실행이 안돼요 업데이트도 하고 종료를 여러번 하고 껐다 켜봐도 안돼요 아침에 급하게 이용하려는데 앱이 실행이 안된다구요 7월에 해결됐다고 다른 후기에 답변하셨으면서 왜 또 이런 오류가 발생하는거죠?
김예림,1,2024-08-18 19:31:32,아니 돈은 결제가됬는데 앱이 먹통이라 전원도 다시켜고 앱도 다시설치하고 해도 안되서 타지도 못하고 늦어서 그냥 왔는데 이게 뭔가요 환뷸도 해주시고 서비스 개선도 하셔야할것같습니다 연락쥬십시오
박찬규,3,2024-08-13 18:27:11,"다 좋은데 버튼 및 아이콘 크기가 좀 더 큼직했으면 좋겠고, 아울러 잘못 눌리는 것을 방지하게끔 적절히 배치됐으면 더욱 좋겠습니다."
이은주,1,2024-08-13 16:51:37,한달권 결제하고 그날 앱이 업데이트 한다고 계속 안열립니다.
myeong in,1,2024-08-13 12:39:54,진짜 개 x같네요 잠금 레버 내려도 잠금 인식 안되고 저녁에 그 x랄 나니까 고객센터 전화해도 받지도않고 상담원이랑 연락해보니까 대충 이용자가 반납 완료까지는 책임이다 하는데 아니 물건이 개x같아서 불량난걸 왜 이용자가 책임져야하는지 꾹참고 상담원도 직원인데 무슨 잘못이 있겠나 싶어서 상담원님에게 별말 안하고 끊었습니다 이런식으로 이용도 안하고 추가요금으로 돈뜯긴게 한두번이 아니에요 성능 그지같아도 저렴하고 날씨좋아서 출퇴근길에 타고는 했는데 이딴식으로 돈뜯어가니까 너무 괘씸하네요 길가다 따릉이 보이면 다깨뿌사 버리고 싶어요 다른분들 제발 이글보고 따릉이 타지마세요 애매한 문제 생기거나 인식안되는 자전거 불량 문제 생기면 다 이용자 탓으로 돌립니다 따릉이 서버 개발자한테 시원하게 욕처박고싶은데 꾹 참습니다 정기권까지 끊어놨었는데 그냥 앱 지우렵니다 다들 이글보고 따릉이 이용하지마세요 이런 문제 말고도 다른분들도 계속 피해 사례 나오고있습니다 나는 아니겠지 탔다가 괜히 피해보지마세요
ᄀᄋᄌ,1,2024-08-13 10:35:06,앱이 안켜지는데요
최종복,5,2024-08-13 08:22:11,가끔 서울가는데 따릉이 사용하려 합니다
우으,1,2024-08-11 04:56:01,따릉이 없는데 해당 대여소에 있다고 뜸
시고르자브냥,1,2024-08-08 08:29:19,정부나 지자체에서 만들 어플중 멀쩡한게 있을수 없지
강홍림,1,2024-08-03 03:03:42,앱실행 오류가 3~4일전부터 한번에 앱이 실행되지않고 몇번을 재실행해야 앱이 작동하고 대여시에도 에러발생으로 여러번 반복해야 대여되거나 앱자체가 자동종료되는 문제발생 불편하네요 .....
이상훈,1,2024-07-31 08:55:09,이제 뭐 운영 아예 포기한건가요; 어제부터 8번이상 시도해봐도 안빌려지네요 무료어플도 아니고 돈받고 운영하는데 쓰레기네요
장철희,1,2024-07-30 13:01:04,설치가 되야 뭘쓰지 참
루이스,1,2024-07-29 19:26:31,먼 리소스에러로 설치도 안되냐
홍승완,1,2024-07-29 19:07:27,리소스 업데이트 켤때마다 하는데 무슨 알수 없는 에럽니까?
우뀨,1,2024-07-25 09:08:39,아니 앱쳐열려야 사용을하지ㅡㄷ
Locketgoma,1,2024-07-20 15:32:19,"실행이 안되서 업데이트, 재설치까지 했는데도 0%에서 전혀 진행이 안됩니다."
홍의석,1,2024-07-19 22:41:10,대여번호주질않아요.
qerw wef,1,2024-07-14 13:45:52,처음 써볼라고 깔았더니 검은화면만뜨네 세금살살 녹는다~~~~~
김현정,1,2024-07-14 12:29:44,어플 자체가 실행이안됨 검정화면에서 벗어나질 못함 삭제했다 다시 깔아도 안되고 핸드폰을 껏다켜도 안됨
킴리지,1,2024-07-11 20:56:56,오늘 다운 받았는데 핸드폰 재부팅해봐도 왜 실행이 안되나요?
호호호,1,2024-07-10 19:22:39,무한 로딩땜에 메인으로 가지지도 않고... 트래픽 몰리면 결제 되지도 않고... 쪽팔린줄 알아라
김민성,1,2024-07-10 06:17:15,어플 실행하면 검정화면만 떠요.. 몇번째 재설치하는건데 그대로네요..
이상현,1,2024-07-04 18:28:23,페어링 연동 거지같이 어플만들어놓고 참 잘쓰겠다 거지같은거 연결 20분동안하다가 열받아서그냥 환불하고 어플지운다 어플 운영하는수준 ㅉㅉ 돈쳐받고운영하면서 수년째 같은문제는 고치질못하네
빈털털이,2,2024-07-03 21:13:04,개인적스로 토스로도 결제가 가능했으면 좋겠습니다..
hh C,1,2024-06-28 18:19:26,앱이 로그인도 안되고 동작속도 느림
송승헌,1,2024-06-28 12:02:43,인식도 잘 안 되고 렉걸리고 별 1개도 아까움
조준범,1,2024-06-28 11:58:55,1점도 아까움 핸드폰을 다시키래서 5번을 껏다켜도 네트워크 문제라질 않나 개발자 업데이트를 하라지 않나 쓰라고 만든거임?
grains six,3,2024-06-28 11:56:52,현재 따릉이 먹통입니다. 구동 시에 0%에서 그대로 머물러있어요.
Ssb천사,1,2024-06-28 11:45:39,따릉이갑자기안열리는데요계속사용하다가못하니너무불편합니다ㅜㅜ
kyungjin yoo,1,2024-06-28 11:36:25,사용해야되는데 앱 업데이트가 안된다고하고 지웠다 다시깔아도안되고 계속서서 뭐하는짓인지 모르겠음
뚜따콩,1,2024-06-28 11:30:03,아니 왜 따릉이 안되나요 아예 장애나서 안켜지는데 고객센터도 통화량많다고 돌려버리고. 공지라도 문자로 주세요
pianistin Oh,1,2024-06-28 11:21:26,앱을 업데이트 할 수없습니다. 네트워크 통신중 오류가 발생했다고 나오네요 어플 삭제하고 다시 깔고 폰도 재시작했는데 안됩니다.
진희준,1,2024-06-28 11:15:41,"업데이트하고 통신오류라면서 전혀 안 되는데요... 폰 껐다 키래서 재부팅도 했는데 안 돼요ㅡㅡ 이거 땜에 더워죽겠는데 땡볕에서 이십분 낭비해서 짜증나요... +와이파이, 데이터 다 안 되고 앱삭했다 다시 깔아도 안 돼요 빨리 고쳐주세요 하 내 이용권... ..."
Ji Young Park,3,2024-06-28 11:12:21,"따릉이는 좋은데 어플이 좀.. 폰을 몇번을 껐다켜도 지금은 먹통이네요., ㅜㅜ"
배성학 (배준영),1,2024-06-28 11:07:30,대여하고 잠깐 정차해놓고 왔는데 앱이 안열려요
김학영,1,2024-06-28 11:04:11,앱을 재설치하기도 핸드폰을 재부팅하기도 했는데 앱이 실행이안되네요 자잘한 연결안되는 이슈들은 앱을 껐다키면서 참을만한데 앱자체가 실행이안되면 어떡해야하나요? 부담없는 금액으로 자전거를 탈 수 있는건 감사한 일이지만 그래도 지불한만큼 이용은 할 수 있어야하잖아요. 리뷰안다는데 오늘은 정말 섭섭해서 남겨봅니다. 켜지지도 않는 앱을 돈을 주고 이용한다는게 정말 애석하네요
김성태,2,2024-06-28 10:55:33,앱에 각종 오류가 너무 많습니다 연결도 한 번에 안될때가 너무 많고 네트워크 오류도 너무 잦습니다 신속한 해결이 필요한 사항입니다
김제영,1,2024-06-25 16:06:30,업데이트하고 먹통이 되버렸는디 해결좀 해주세요
최원재,1,2024-06-25 06:31:27,정기권을 사면 뭐 합니까 며칠째 집 근처에서 3개 정류장에 따릉이가 한 대도 없는데
초롱,3,2024-06-24 20:55:57,개선될 점이 많습니다 다른 사설업체랑 비교하자면 너무 차이가 납니다 가장 중요한 점이 자전거를 폰과 페이링해서 탈 수 있어야 하는데 무슨 뽑기처럼 못타는 자전거가 많습니다 반도 안돼요. 큐알코드 인식은 거의 안돼서 그건 그냥 번호로 누른지 오래됐습니다. 큐알은 둘째치고 자전거를 탈 수 있어야 하는데 못타는 경우가 정말 많아서 어느 날은 대여권이 있어도 못쓰고 사설업체 자전거 쓰는 날도 있습니다 어쨌든 그래도 쓰게 되면 간편하고 가성비가 좋아서 별 3개 드립니다
young ju choi,5,2024-06-22 18:28:54,넘 깔끔하고 최고
O K,3,2024-06-21 19:25:57,자전거가 3대가 세워져있는데도 다 불량으로 못탄대요 대여자체가 안되네요 자전거 관리가 너무 안되는듯;; 어제도 그러더니 오늘도 그러네
Livia,1,2024-06-20 08:45:19,플립4 이용자인데 어플 관리를 어떻게하는지 모르겠음. 일단 QR인식 거의 안됨. 일반 자전거 한대남읏거 페어링 계속실패해서 포기하고 새싹이라도 타려하니까 다른사람이 일반 연결해서 타고감. 한두번 이러는게 아니니 짜증날 정도.
F P,1,2024-06-19 18:47:35,고장나서 대여 불가능하면 지도에 표시를 하지 말던가 좀..
이영환,1,2024-06-16 02:28:47,아래와 같음 검정색 화면 뜨고 아무것고 안뜸 갤럭시고 모든 상태 최신업데이트 완료임
조영훈,1,2024-06-16 02:05:00,이러니 공무원들이 욕먹지 ㅋㅋ
김수범,1,2024-06-13 19:39:44,최근 업데이트 : 이용권 구매 안정화 비회원 이용권 구매하다가 오류만 주구장창뜨고 빡쳐서 지움 그냥 안탈게..
하하,3,2024-06-12 23:39:04,질문이 있습니다 만약 하루에 2시간 짜리 일일권을 사고 만약 더 사용하고 싶으면 더 사용해도 되는건가요? 한마디로 하루에 3~4시간 사용도 가능한가요?
강강,1,2024-06-10 19:19:16,어플 똑바로 쳐만들어라 허구한 날 페어링 실패 계속 쳐뜨네 실패하면 바로 재시도할 수 있게 쳐만들든가 계속 대여중 뜨네
북배,1,2024-06-09 14:53:29,나라에서 쳐 만드는 앱은 왜 다 이 꼬라지 이 모양인가요?
Hu VB,3,2024-06-03 08:38:14,기기가 연결 안되는 경우가 너무 많습니다.
김한나,3,2024-05-30 22:08:51,가끔 잘 안될때가 있고 고장나고 오래된 자전거가 있어요 그래도 편리하고 좋아서 가끔 사용하는거 추천해요
김승현,1,2024-05-30 17:54:21,안장높이 너무낮음 ㄹㅇ로 개선좀 많이 불편함
wvstwf1 1e3,1,2024-05-29 20:50:42,회원가입할라는데 전에 제번호쓰던사람이 가입해놔서 저 가입안돼요 ㅡㅡ
Ramsey Kim,3,2024-05-27 07:07:40,개선할점은 1일 이용권 구매후 24시간이 지나야 이용권을 구매해야 한다는 점입니다 예를들어 1일 1시간 이용권을 구매했는데 5분 남기고서 반납을 하면 그다음날 이용할수도 있는데 24시간이 지나려면 30~40분 남아서 기다려야 하는 부작용이 발생합니다 1시간 2시간 이용권은 당일 소진으로 개선해서 다음날 이용시에 차질이 생기지 않도록 개선해주셨으면 합니다
지현명,1,2024-05-24 06:43:17,"qr코드 스캔을 zxing말고 android,ios에서 제공하는거로 바꿔주세요. 스캔 잘 안되요."
김소연,1,2024-05-23 18:21:16,앱 개발을 할 생각이 없어보여요. 대여중이라고 나오고 기다려달라고만 계속 뜨거나 아무것도 안떠서 보면 수리 대기 중인 것들. 앱 좀 잘 쓸 수 있게 해주세요
road long,1,2024-05-22 03:59:45,자꾸 대여신청중이라고 하면서 대여가 안됨
김준교,1,2024-05-21 15:58:43,검은화면만보이네요 빨리 업데이트 부탁드립니다 재설치 재부팅해도 같은 증상이에요
MINSUN KIM,1,2024-05-20 22:52:48,s24울트라 사용 중인데 어플 실행이 안돼요. 어플 선택하면 켜지긴 하지만 검은색 바탕만 나와요. 업데이트를 해도 똑같네요.
HJ HH,1,2024-05-20 12:06:41,최악의 쓰레기 자전거앱 대학생한테 돈주고 시켜도 이것보단 오류 덜하고 깔끔함 세금 얼마나 해처먹었는지 궁금할지경
조현규,1,2024-05-12 20:32:25,앱 상태가... 무슨 앱을 이런식으로 관리하는지 화면 켜지지도 않네요
크림,1,2024-05-12 16:53:07,어플 접속 안됨
KwangHo Shin,1,2024-05-12 16:28:50,따릉이 처음 사용해서 회원가입 할려고 하는데 네이버나 카카오로 가입은 안되는 건가요? 일반가입 창밖에 안뜹니다.
추아름,1,2024-05-10 08:41:46,어제부터 계속 어플을 키면 검은 화면만 나오고 먹통입니다. 휴대폰 재부팅 해보고 백그라운드 프로그램 다 중지하고 어플 삭제했다가 재설치 했는데도 동일합니다. 공공 어플이라도 사용자가 사용할 수 있게는 운영해주셨으면 합니다.
공룡,1,2024-05-08 17:51:29,앱이 까만화면이고 안켜져요!
한재훈,4,2024-05-04 20:56:25,서울 따릉이를 잘 사용하고 있는 유저인데 반납 요청이 자꾸 안되는데 어케해야 하나요
Lllli,1,2024-05-03 17:22:09,쓰레기
채원식,1,2024-04-30 18:06:05,너무 느려터져서 짜증남. 좀 개선 좀 합시다...한번에 연결이 되는 경우가 거의 없으니...ㅉㅉ
승원백,2,2024-04-30 08:44:28,블루투스 연결이 한번에 되는 일이 없음
정진호,1,2024-04-26 20:16:53,업데이트 엉터리로 했네요. 아이디를 찾지를 못하게 했습니다 ㅎ 아이디**** 왜 전화 인증까지 했는데 안보여주는거죠?
Hyeon jeong kang,1,2024-04-20 06:18:43,"문제 0, 0, 0 다 맞췄는데 틀렸다면서 이미 참여한 이벤트라고 하네요."
안유현,4,2024-04-19 22:04:28,"안녕하세요 잘 이용하고있는데요, 저번에 따릉이대여소에서 주차를했는데 잠금을 안해놔서 3천원 추가요금을 냈었습니다. 대여소에서 10분이상 방치될 시 자동잠금해주는 그런기능이 있으면 좋을거 같습니다"
REAL I,1,2024-04-18 15:15:16,대여신청 진행중이라고 뜨면 뭐 기다려봤자 아무것도 안되네요 신청취소 눌러도 알빠노 기다려라 도르마무 어쩌라는건지
문지호,1,2024-04-18 08:22:45,페어링 실패는 왜 맨날 처 뜨는건지 모르겠네
강민규,1,2024-04-14 06:38:24,다시는 안써
김성태,1,2024-04-13 19:12:56,볒신가튼앱
MY K,2,2024-04-13 17:11:51,인식좀개선좀해라 작년부터 담당자 바뀌었냐
류현명,1,2024-04-12 11:44:41,네이버로 로그인하려면 로딩창만 계속 뜨고 로그인이 아예 안 되고.. 새로 회원가입하려면 이미 회원가입해서 안된다 하고.. 비회원으로 이용권 구매하려면 회원이어서 안된다 하고.. 대체 뭘 어쩌란걸까요? ㅋㅋ
박민근,1,2024-04-11 18:42:16,네이버로그인 안됨 자꾸 대여중이다 대여소정보가 없다 라는식의 오류가 발생함 한번빌리는데 20분소요됨
송대현,1,2024-04-09 21:01:03,결제가 안됩니다.....진짜제발좀....한두번도아니고 약속시간 일정 다날리고 진짜 스트레스받아서 미칠것같아요
한누리 (한누리),1,2024-04-09 16:42:04,제발 사용자 위치 표시되는 기능좀 있었으면;;
JH Lee,1,2024-04-09 14:56:00,로딩중 무한뺑뺑이에 결제포기
서태희,1,2024-04-08 23:20:47,어플 먹통돼서 홈페이지에서 이용권 구매했는데 이용하려면 또 어플로 들어가라네요 홈페이지에서 이용권은 왜팔아요?
melt snow,4,2024-04-05 13:39:40,현재 네이버 로그인 미작동 일단 고객센터 경유해서 우회적으로 해결했지만 해결이 필요
윤미현,1,2024-04-05 12:53:36,오랜만에 다시 앱 다운하고 이용하려는데 로그인이 안되네요. 네이버2단계인증 까지해도 반응없고 다시 네이버 아이콘 누르면. 네이버아이디로 로그인 중이라는 창만 뜨고 무한대기 앱 설치삭제하고 다시 다운로드해도 같은상황 반복이네요
서센스,2,2024-04-05 11:40:11,페어링 실패 진짜 개허ㅏ남
신이안호수성신래와,5,2024-04-05 05:10:16,"아파트 밀집지역 따릉이 대여소 줄여도, 늘려선 안됩니다, 새벽엔 아파트 밀집공간 대여소는 50대~ 102대 까지 봤으나, 그 외 구역은 1대도 없어서, 이거 관리 해 주시는 기사님들도 힘들어지고, 저처럼이 피해보시는분들이 많아졌어요. 불편하더래도 항상 5~70대 이상 거치되는곳은 최대 거치 가능 제한 수를 둬야, 당장은 불편하겠지만, 그 불편을 감수하고서 생기는 순환이 널널해질거라고 봅니다."
시엪,1,2024-04-04 10:22:16,네이버로가입 가능이라 그걸로 했는데 앱에서 네이버로그인 하면 로딩만 무한이고 로그인이 안되네요 쓰라고 만든게 맞나요
이영란,1,2024-04-02 10:08:46,안녕하세요. 따르릉10번시도시9번 연결실패해서 불편합니다. 블루투스와전화간의 연결정상 답변 받고싶습니다.
JUHEE BHANG,3,2024-03-29 17:07:37,대여가 잘 되다가도 바로 안 될 때가 있어서 짜증나요 로딩만 뜨다가 자전거 대여가 안 되서 여러 번 시도하다가 횡단보도 신호 바뀌면 짜증나요
Hyun Ji Chang,1,2024-03-28 11:44:03,버스 파업으로 다운받으려고 했는데 앱 설치한후 실행하면 오류나요
D JJ,1,2024-03-28 05:09:46,네이버로 로그인시 무한로딩걸림. 삭제 후 다시 설치해도 그대로임.
Shin Kim,2,2024-03-27 14:59:02,"어제부터 갑자기 앱을 켜면 검은 화면만 뜨네요.. 평소에도 최근 들어 특히 대여 오류가 너무 많이 발생하는 것은 물론, 반납 처리가 제대로 되지 않으며, 횡단보도 하나 거리두고 인접한 정류소에 있는 따릉이를 혼동해 횡단보도 한번 더 건너게 만드는 등 자잘한 문제가 많습니다. 페어링 실패했는데 취소 버튼 바로 안 떠서 고생하는 경우도 너무 많습니다. 이건 반드시 업데이트해야 하는 부분 같아요. 바로 취소되게"
붕어,1,2024-03-27 09:37:40,욕나오게 만드네 네이버 로그인이 되긴하냐 이거?
김은비,1,2024-03-24 20:10:09,아 진짜 안되는것도 하루이틀이 아니고 몇달동안 같은 문제를 대체 왜 안고치시는거에요?? 몇달동안 로그인이 안되어서 지금 돈만 썩히고있어요. . 티머니 고는 네이버 소셜아이디로 로그인이안되고 따릉이 앱은 소셜로그인 버튼 누르면 접속이 아예안되고... 작년부터 이랬는데 대체 언제 고쳐주실건가요??
김태민,1,2024-03-24 19:57:11,"네이버 아이디로 로그인 시, 계속 로딩 걸리다 오류가 납니다. 카톡으로 이용하려니까 회원가입하라고 하고, 회원가입하려니까 기존 가입되어있어서 안된다고 합니다. 비회원으로 이용하려니까 또 기존 회원이라 안된다고 하고, 어떻게 이용을 해야되나요..."
K2 CHi (KEITUCHi_K2CHi),1,2024-03-18 22:25:40,로그인도 안되는 쓰레기앱이군요 정말로 구역질납니다 4천원 뱉어주세요 강력히 항의합니다
아진,1,2024-03-16 20:06:01,계정을 만들면 바로 로그인이 되는줄알고 회원가입 할때 아이디를 막쳐서 아이디 찾기를 했는데 숫자부분은 나오는데 뒤에 *** 숫자 or 특수기호 아예 안나오고 네이버 로그인도 안돼서 너무 답답하네요
Danny Jeong,1,2024-03-16 15:04:10,이번에 개발사가 바뀐건지 초기 실행시 로그인이 안되거나 리소스 다운 멈춤 현상이 심각합니다. 빠른 수정바랍니다.
정준호,1,2024-03-15 23:56:02,대여 안 되고 티머니GO에서도 안 되어서 서비스 이용도 못하는데 환불해주세요;;
Doughnut,5,2024-03-15 19:19:05,반납처리는 제대로 되는데 이후에 다시 대여를 시도하면 페어링이 실패하고 앱 강제종료후 재구동했을때 반납화면이 보였다가 사라지고 나서야 페어링 성공하는 문제는 고질적이군요 원인이 무엇이며 어떻게 해야 고칠 수 있습니까?
방영혁,1,2024-03-14 08:55:36,페어링 언제고칠래
kakao,2,2024-03-13 10:17:27,"페어링 오류로 빌릴 때 문제가 자주 있고, 요즘은 데이터를 켜고 접속해도 대여가 안되고 검은화면만 뜨네요. 그래서 요 며칠 새 이용을 못 하고 있어요. 그거 말곤 괜찮아요."
이대한,1,2024-03-09 10:24:56,"핸드폰을 재시작 하는 것도 한 두번이어야 하지 않을까요? 다른 앱들과 블루트스 연동도 다 정상적으로 이루어지는데, 따릉이 앱 하나만 안 켜져서 2주에 1번씩 껐다 키는건 문제가 있는 것 같아요"
JACK,1,2024-03-09 08:32:14,계속오류...대여안됨
융융,1,2024-03-06 17:38:13,블루투스 이어폰과 페어링되어있은상태론 계속 오류뜨는것 같아요. 대여취소도 때론 먹통입니다
박재현,5,2024-03-06 15:23:51,소소하게 잘타는 중입니다ㅎㅎ
차파카,1,2024-03-06 11:55:27,이전까지는 오류 많아도 그냥 썼는데 폰 바꾸고 이제 켜지지도 않네요 ㅋㅋㅋㅋ
고전파1,5,2024-03-06 10:09:39,간결하고 쓰기 편함
ᄋᄒᄌ,1,2024-03-04 23:32:40,아니 로그인조차 안되는데 뭘하라는건지 하루종일 계속 시도했는데도 안되고 새로 가입하려해도 이미 등록된 전화번호라면서 안되고 쓰라는 건지 말라는건지 앱을 만들었으면 제발 관리좀 제대로 해주세요
바리바리,3,2024-02-28 17:35:51,네이버로 로그인하려는데 계속 로딩화면만 뜨고 안되네요.
excalibur1089w,1,2024-02-25 18:23:22,비회원으로 이용권 하나를 사고 실수로 앱을 나갔는데 이용권이 사라진 건 무슨 경우인가요? 돈만 날아갔네요.
Korea Underground_ K,1,2024-02-19 18:07:57,안드로이드에서 갑자기 앱이 작동이 안되네요 지우고 다시 깔고 리소스 업데이트 했는데 앱이 멈춰요 자세한 설명 부탁드려요
장이이,1,2024-02-19 17:21:56,잘 사용하고 있었는데 갑자기 앱이 계속 멈추고 정지 되네요
[32반]이정우 _1215,1,2024-02-16 18:24:36,블루투스 연결 잘 안 되게 만든 놈 누구냐
임포스터,1,2024-02-13 17:53:39,진짜 별로
이은교,2,2024-02-13 13:40:32,30일권 결제했는데 네이버 로그인이 안돼서 사용하지 못하고 있습니다. 조치 취해주시면 감사드리겠습니다.
수연,1,2024-02-13 12:38:18,아니 무슨 연결이 10번이넘게 안돼요... 연결이 안되면 빨리 끊기기라도 하던가 연결은 되지도 않는데 대여 취소하려면 1분을 기다려요....
jiyoon lee,1,2024-02-07 16:38:39,세금으로 또 쓰레기를 만들었네
양념감자,2,2024-02-07 15:16:35,페어링 실패는 어쩌다가 한번 나는데 반납 오류가 매번 나요 자전거를 대여하는 시스템 자체는 너무 좋고 편한데 반납 오류가 계속 나서 추가요금이 발생하기도 하네요 아까도 오류가 계속 나고 어플이 아예멈춰서 껐다가 키니 오류나고 어플이 안들어가졌는데 반납은 안되고 어플은 안 들어가져 어쩔수없이 그냥 가고있었는데 30분 쯤 지나니 반납이 안되어 추가요금이 발생했다며 추가요금이 자동 결제되었더라구요 결국 고객센터에 연락을 해서 취소는 받았는데 힘드신건 알지만 반납오류는 안생기게 고쳐주시면 감사합니다 이런문제가 계속 발생한다면 따릉이 이용이 힘들거같아서요 대여 시스템에 아주 만족하고있었어서 아쉽긴하지만 추가요금 문제를 해결하려고 고객센터에 전화하면 통화요금은 통화요금대로 나와서 좀 곤란하네요
Logi,1,2024-02-07 14:03:43,네이버 아이디로 회원가입 하려는데 로그인중이라고만 뜨고 가입이 안되요 답답해 죽겠어요 아주 해결 방법이 뭔가요
김훈,1,2024-02-07 13:59:35,대체 무결성 검증 실패 (6603) 이 뭐길래 이용을 막는걸까요
라따뚜이,1,2024-02-07 13:58:58,무결성 오류 오바임 진짜 ㅋㅋㅋ
코리니,1,2024-02-07 13:50:09,쓰레리같은앱 맨날 오류나서 반납도 안되고 고객센터도 연락안되서 반납하고싶어도 반납할수없게만들어서 서민들 돈뜯어먹는 앱
윤립,1,2024-02-07 13:37:28,무결성 검증 오류라고 앱에안들어가짐
Flower Kim,1,2024-02-02 18:39:35,진짜 말하기도 귀찮은데 요즘 자전거 관리 상태 진심 손놓은 수준인듯 방금도 한대 빌렸는데 바퀴가 덜그럭 거림ㅋㅋ 타다가 바퀴 빠지는거 아닌가 ㅋㅋ요즘 따릉이 자전거 상태가 진심 안전이 걱정될정도임 ;;
이종영,1,2024-01-30 09:09:30,페어링오류 진짜 심각함 돈받고 이용하는시스템이면 개선하려는 의지라도 보였으면 좋겠음 어떻게 자전거 6대가 다 오류가뜰수있음? 시간지나서 추가요금이 생기면 분단위로 칼같이 부과되면서 사용할때 불편한 부분들은 계속 방치하는게 어이가 없음
아크루루크루,1,2024-01-28 18:02:23,네이버 로그인이 안되면 어쩌자는겨... 그렇다고 비회원이나 다른 회원가입 하려면 아이디 있다그러고 걍 쓰지말라는겨?
싸장님나이스샷,5,2024-01-28 15:24:54,대여 할 장소에 자전거는없고 숫자는 표기되어있어 주위를 둘러보니 도로(왕복6~8차선)건너편에 자기만쓰려고 거기 떡하니 세워놓은거보니 정말이지 불쾌한 반납 꼼수가 아닌가 싶더라고요 이점 개선해주었음면 잡니다
야누,4,2024-01-26 15:59:53,원래도 사용하고 있었지만 대중교통 요금 오른 뒤로 더 잘 사용하고 있습니다. 다만 몇년전에는 교통카드를 등록해두면 핸드폰이 없어도 이용이 가능했는데 지금은 핸드폰이 꺼지면 이용권이 있어도 사용할 수가 없어서 아쉬워요.
김라원,2,2024-01-20 15:03:14,네이버로그인이 왜 안되나요?????????? 계속 무한로딩이네요
파멸의악마,1,2024-01-19 14:10:54,오랜만에 앱 깔아서 아이디를 까먹어서 찾으려고 했는데 뒤에 세 글자는 왜 안 알려주는지 이해가 안 됩니다. 하.....
은하플딩,3,2024-01-18 19:22:30,한참 쓸 때는 잘만 연결되다가 안돼서 그냥 버스탔다 연결을 몇 번을 했는데 먹히질 않으니까..후.... 밖에서 15분넘게 껐다키고 블루투스 연결끊고 데이터쓰고 난리를 쳐도 안되니까 답답하다
박민재,1,2024-01-16 23:47:22,쓰레기임 그냥. 무슨 자전거 한 번 타겠다고 페어링을 30분씩 해야되는지 이해가 안 됨. 자전거 퀄리티도 진짜 별로인데 무슨 번호 하나하나 바꿔가며 자전거 스무대를 빌려본다 했는데 다 안 되더라. 타지 마셈 걍
Hyunwoo Lee,1,2024-01-14 03:59:40,이런 xx 같은 앱이 대한민국 수도 서울 공식 운영 어플 이라니... 뭐 리뷰 남긴다고 신경이나 쓰겠냐만 반성하세요 세금을 이따위로 쓸 거면..
킴차노,1,2024-01-13 16:34:11,안됨
Jeongwoo Kim,5,2024-01-11 19:24:19,예전에 페어링 실패 10번 중 8~9번이라 항상 조마조마하며 페어링 시도하곤 하였는데 어느순간 업데이트 이후로 페어링 실패해 본 적 없음. 게다가 예전엔 QR도 인식 잘 안되서 일일이 손으로 숫자 입력해서 연결하곤 하였는데 QR 인식도 잘 됌. 앱이 점점 안정화되가고 있는 듯.
대충이름,1,2024-01-08 19:48:49,대여할때마다 연결실패라고떠서 쓸때마다 화만나요
김유승,3,2024-01-03 10:16:16,따릉이라는 앱자체와 기능은 정말 좋은데 자전거가 연동이 잘 안되는 경우가 너무 많다
지구미순간,2,2023-12-31 15:06:12,티머니 고에 있는거랑 이앱이랑 그냥 통합하면 안되나요 굳이 불편하게 나눌필요는 그리고 단체권 개같이 만들어놨네
akjssdf,1,2023-12-29 12:31:52,이 앱을 사용하고 암에 걸렸습니다. 구글 플레이스토어 등장 후 역대 최악의 앱 JOAT
YOUNGTAE CHOI (YT),1,2023-12-29 01:32:54,도대체가 자전거 관리를 어떻게 하시는겁니까 뭐만하면 고장이고 자전거 타다보면 안장 질질 흘러내리고 배터리 없는건 이해하겠는데 고장신고에 뭐에 도대체 뭘 타라는거에요 타긴 할 수 있는건가요 만들어놓고 돈내고 타는데 관리좀 똑바로 하세요
배대영,1,2023-12-25 09:42:50,오류가 넘 많응
JUNE,1,2023-12-21 21:14:06,겨울만 되면 얼어붙는 변속기 덕분에 다리는 터질것같고 숨은 헐떡이고 이게 과연 한대에 90만원 하는 자전거가 맞는지 따릉이 특검법 도입이 필요하다
Audrey 0,1,2023-12-19 09:50:30,앱 만드신 분들.. 앱이 너무 형편없어요..! 항상 결제 할 때마다 에러 뜨고 제대로 한번에 된 적이 단 한번도 없어요. 이렇게 불편해서 어떻게 사용해요? 저를 제외한 주변사람들도 이용권 구매시 단 한번도 바로 된 적이 없어요. 오늘도 이용권 구매하려고 자전거 앞에서 10분을 낭비했어요. 출근길에요. 결국은 영원히 결제가 안되서 이용을 못했어요. 제 낭비한 10분 그리고 그 전의 낭비한 시간까지 어떻게 compensate해주실 거죠? 공무원들이 관리하시면 진짜 반성좀 하세요..!! 대충 대충 일 해도 받는 월급 본인들 수준이 딱 그 정도밖에 안되는 거에요? 그동안 차곡 차곡 경험하게된 불편함이 한번에 터지네요!
이신선,4,2023-12-13 16:37:58,따릉이
호야,5,2023-12-11 15:45:39,너무 싸서 좋다...가격올리지마요ㅠㅠ
정재욱,1,2023-12-10 11:17:30,자전거 부족 신고를 눌러도 자전거 배치를 잘 안해줍니다
Hyunwook Park,1,2023-12-09 14:51:16,따릉이 정말 필요해서 쓰고있긴 하지만 서울시와 따릉이앱 개발업체간 관계를 조사해봐야함. 솔직히 사기업이라면 이런 퀄리티의 앱을 내보낼 수 없다
조아낭,4,2023-12-06 18:50:41,따릉이 결제도 이젠 안되네요..
이찬,1,2023-12-01 18:50:03,정말 별 1점 주기도 아까운 앱이네요.. 로딩은 오래 걸리고 처음 앱을 깔고 사용했는데 시간은 시간 데로 사용하고 데이터 낭비만 하고 자전거 빌리지도 못했습니다. 정말 최악입니다
얼음호박,3,2023-11-30 19:07:21,로그파일을 자꾸 생성합니다
itsin,1,2023-11-27 07:10:07,연결도 오지게 안되고 취소하려면 몇 분 걸리는 기 너무 열받음 연결안되면 바로 취소누를 수 있게 해주면 좋을 거 같음
아짱,1,2023-11-26 05:47:03,화면이 검정만떠요..로딩이 왜안되죠?
a a,1,2023-11-25 22:21:49,페어링 한두번 실패하면 그냥 넘기겠는데 앱 자체에 그냥 오류가 너무많고 페어링 한번 실패하면 7~8번까지 연속으로 실패하기도 함 그럼 또 네트워크 문제다 폰 재시작 해봐라 그러겠지 ㅇㅇ 그리고 반납오류도 뒤지게 많아서 분명 내렸는데도 불구하고 반납안되는 경우가 허다함;
김윤성 (Yachung),1,2023-11-23 15:52:14,네이버 로그인이 아무리 기다려도 로딩에서 안넘어감 비회원으로 탈랬더만 회원은 비회원 이용이 안됨 넌 쓰지말라는거같아서 삭제함
김구,2,2023-11-15 23:44:46,용량 너무 많이 차지함 이미지 용량 줄이면 좋겠음
Setila,3,2023-11-15 22:39:51,"따릉이 밤마다 재배치한다고 고생하는 건 아는데, 그래도 한두개씩은 남겨놔야 되는 거 아닙니까? 누가 써서 없는거면 그러려니 하겠는데 아예 다 실어가버리니 어이가"
한량,3,2023-11-14 16:11:32,네이버 로그인이 안돼요 삭제했다 다시 깔아도 마찬가지네요 무한 로딩입니다 오류 확인 부탁드립니다ㅠㅠ
배정환,1,2023-11-07 21:56:27,최악이네요 앱은 켜지지도 않고 몇번을 지웠다 깔아도 무한로딩중입니다. 나중에 앱이 켜진 후에도 로그인이 안됩니다. 쓰지 말란건가요? 덕분에 길거리에 30분을 서있었네요
Mane's Pie,2,2023-11-04 11:41:54,"다른 분들도 그렇고 연결 실패가 거의 절반 정도이다 보, 시스템 정비가 필요해 보이네요. 가장 기본적인 연결 오류를 몇 년 째 방치하고 있는 건 문제가 있어 보입니다."
박준형,5,2023-11-03 21:15:37,3시간권도 만들어주세요
asdf eq,1,2023-11-03 16:20:58,티머니 어플을 통한 따릉이 사용시엔 페어링 문제나 qr인식문제가 전혀문제가 없음 사용 기기문제라면 티머니에서도 동일한 문제가 있어야 하지 않을까요 사용자에게 책임전가하는게 불쾌하네요 페어링 실패가 잦음 반납 완료가 떴는데도 대여중이라고 떠서 다시 대여하기가 안됨 반납했는데도 반납완료창으로 안넘어가서 반납 됬는지 보려면 어플을 껐다켜야됨
이도형,5,2023-11-02 21:35:19,따릉이 덕분에 제가 원하는 회사에 취업할 수 있었습니다 따릉이가 없었다면 10분거리를 1시간에 갔을듯 흑흑
An Qusiehayw,2,2023-11-02 14:39:25,따릉이 시스템은 너무 좋아요 앱 평가만을 보면 별점 다섯개는 어렵네요 오류가 많고 오늘도 하루종일 무결성 점검중으로 떠요 핸드폰 전원 온.오프 해보고 어플로 삭제했다 재설치했는데도 안되네요 앱 활용이 수월하면 좋겠습니다
이수민,1,2023-11-01 18:43:55,어플 키면 까만 화면만 나옴
SH KIM,2,2023-10-30 18:15:04,반나절째 먹통인건 무슨 심보냐? 장난쳐? -추가- 근 한달간 문제없어서 별 하나 올림
Juno,5,2023-10-30 14:49:21,좋네여 편하고 저렴하고
김경록,4,2023-10-28 12:52:07,30분 단위로 빌릴 수 있으면 좋겠어요 학원 갈때나 끝나고 올 때 쓰는데 30분정도 걸려서요
ᄆᄉ,1,2023-10-28 08:22:49,아 진짜 앱 문제가 너무 많아요..허구한 날 페어링 연결 실패하고..
최지혜,1,2023-10-27 20:43:28,아오 씹팔 걸핏하면 결제오류창 뜨고 앱 먹통되고 앱관리 안해요??!!! 도대체 앱삭제 재설치을 얼마나 하는거야?!!! 계속오류네요. 글구 따릉이앱 결제오류 계속되면 앱을 오류수정해야지. 왜 티머니고앱을 또 설치하나요??!!
殺印相生食神制殺,1,2023-10-27 12:36:51,여러분~ 혹시 앱 업뎃 해도 실행 먹통 상태면 걍 지우고 다시 깔아보셔요. (그정도로 요즘 따릉이가 ㄸㄹㅇ되브림...;)
Dony J,1,2023-10-26 19:06:46,"안되는 경우가 태반, 블루투스 문제좀 어케 안되나요. 매번 껏다 키는거귀찮"
하하호호,1,2023-10-26 12:24:00,지금 저만 연결이 안되나요?
김수진,1,2023-10-26 09:24:10,오늘 출근시간에 반납완료하고 반납완료 화면도 떴는데 계속 대여중이라고 되어있어서 다른 자전거 대여도 못하고 오류나서 다시 지우고 다시 로그인했습니다. 왜 제대로 앱관리 하나 못하는 겁니까?? 업데이트 해야 하는거 아닌가요????? 자전거 부족 신고 매일 하는데 매일 없고 아님 부족 신고도 못하게 새싹만 있는데 요즘 초등학생도 새싹 안탄다고 합니다. 새싹 없애고 부족 신고 들어 온 곳에 배치좀 해주세요 제발.
권새해,1,2023-10-23 15:09:35,페어링 연결 진짜 너무 짜증나요 한두번이여야지 자전거 상태가 안좋아서 다른 곳가서 다시 빌릴려고 반납후 다시 빌리면 계속 대여중으로 떠서 대여하기는 보이지도않고 앱을 다시 종료하고 다시 연결하려하면 계속 대여중으로 떠있고 블루투스 해제도 몇번을 하고 다시 연결하고 하.. 진짜 몇번째 이러는지ㅡㅡ 개선 좀 해주세요.
이선화,3,2023-10-21 10:55:55,따릉이 잘 타고있는데 요즘 먹통이 넘 잦습니다. 해결 좀 해주셔용
Damning XXX,5,2023-10-20 23:55:46,"최고예요~! 짱짱맨! 와우 롼투쓰리 남바완인데요, 간지 쩌는데요, 짠슨데요, 짠스 살려야죠, 꼴~ 꼴이죠. 간지 쩌는데요."
최잉기다3,5,2023-10-20 23:51:09,늘 저렴하게 이용할수 있어서 좋네요
서jyounhoon,5,2023-10-20 23:39:12,대여소가 많아서 이용하기 편하고 좋다. 리소스 업데이트하라는게 계속 뜨고 가끔 자전거 연결이 잘 안돼서 곤란할 때도..
Chan Kyu Choi,5,2023-10-20 22:40:42,저렴한 가격으로 가까운 거리를 이동할수 있어서 너무 좋네요 차비도 아끼고 건강도 챙기고 일석이조라 너무 좋습니다
MaliS,5,2023-10-20 22:31:00,가끔 버벅이기도 하지만 쓸만합니다*~
비스,5,2023-10-20 17:00:36,일상생활에서 너무 큰 행복을 주는 앱을 만들어 주셔서 감사합니다 늘 열심히 타고 있습니다 따릉이는 신이에요!!
구자영,5,2023-10-20 13:57:22,서울시에서 제일 만족하는 사업 따릉이 저렴한 비용으로 시민의 발이 되어주셔서 오늘도 감사합니다. 따릉이 최고입니다 👍 💕 😍
성원태,5,2023-10-20 13:52:41,따릉이 이용하며 건강도 되찾고 교통비로 절약되어서 아주 만족하고 있습니다. 서울특별시의 따릉이 아주 칭찬합니다 ㅎㅎ
이응호,5,2023-10-20 13:17:10,"요즘 교통비도 많이 올라서 부담스러울 때가 있는데 따릉이 덕분에 교통비 지출을 절감할 수 있어서 정말 좋습니다. 또, 친환경적이기까지 하니 더 많은 시민들이 이용했으면 좋겠네요. 이따금씩 블루투스 관련 오류가 조금은 있지만 그외에는 아주 잘 만든 어플이라고 생각합니다. 앞으로도 따릉이라는 훌륭한 공공자전거 사업을 꾸준히 이어나가 주세요:)"
권태식,5,2023-10-20 02:23:02,"저렴한 이용비용으로 체계화된 어플이있어 편리한 자전거 활성화로 서울시의 교통체증, 대기오염에 도움이 많이 될것 같습니다."
대장간사나이,5,2023-10-19 05:34:56,사용하기 편리하면서도 직관적입니다 가끔 로딩속도가 오래걸리는데 그것만 개선되면 완벽합니다
박희준,5,2023-10-19 05:08:54,잘 쓰고 있어요
에뮤,1,2023-10-18 22:10:43,업데이트후 자전거가 아예 페어링이 안돼네요....
진성성,1,2023-10-18 07:55:40,따릉이 어플 사용하면 휴대폰 미디어에서 따릉이 반납할 때 까지 사이렌 울리게 해주세요 따릉이 이용자들 10중 8이 무선헤드셋 무선이어폰 끼고 달립니다 길거리에서 볼 때마다 화병납니다
이흥섭,5,2023-10-17 16:08:03,"총 이용시간, 총 주행거리 등 사용량 정보도 나오면 좋겠습니다.."
전승덕,4,2023-10-17 13:15:55,집과 전철역간 근거리를 이동할 때 가장 편리한 수단으로 앱을 이용해 사용가능 자전거를 검색 후 정기 이용시 특히 저렴하게 이용할 수 있어서 좋은 것 같습니다~
유정연,5,2023-10-17 03:21:18,요즘같은 고물가시대에 너무 저렴하게 이용할수 있어서 좋습니다. 게다가 운동도 되고 친환경 교통수단이니 지구환경보존에도 큰 도음이 되겠죠. 앞으로도 계속 이용할 겁니다 !!!
신석운,5,2023-10-17 03:08:42,180일권과 365일권 너무 저렴해서 좋아요 출퇴근을 하는 사람들을 위해서 저렴하게 해주셔서 감사합니다 자전거로 출퇴근하게 되면 탄소배출도 적게할 수 있는데다가 비용까지 아낄 수 있으니 완전 일석이조 입니다.
임선민,1,2023-10-13 17:59:46,앱이 안열리네요
TimV,1,2023-10-13 17:31:24,중학생이만들었냐??미친앱. 개선요구사항 1. 검색어근처정류장 찾아주는 시스템 도입 2.어플 재부팅 없이도 새로고침 기능 도입
Jaeeun Jo,4,2023-10-13 12:48:03,따릉이 연결이 최근 또 말썽입니다. 연결이 안되면 빨리 대여취소를 할 수 있는 기능을 만들어주시면좋겠습니다
김순주,5,2023-10-13 12:45:00,따릉이를 본격적으로 이용하고자 다운받았습니다 아주 좋습니다 빨리타러나가야겠어요
mj J,3,2023-10-13 11:36:11,1년 이상 사용자입니다. 2023년 10월 31일 금. 현재 이틀 동안 따릉이 접속이 안 되고 있습니다. 문제 해결 부탁드립니다.
Yong Rae Lee,5,2023-10-13 11:07:38,2016년9월 첫사용이후 8년이 지났네요. 가끔 페어링 실패로 대여되지 않지만 그래도 항상 개선하는 앱이라 큰 불편은 없습니다. 사용에 만족합니다.
루아리스 (루아리스),5,2023-10-13 10:36:25,어플이 사용하기 좋고 기능이 많아서 편리성이 좋습니다!! 따릉이 넘 좋아요😀
pemguin (pemguin),5,2023-10-13 05:02:44,"서울시 공유자전거 따릉이 앱의 장점은 다음과 같습니다: 1. 접근성: 어디서든지 스마트폰을 통해 가까운 따릉이 대여소를 찾을 수 있고, 자전거를 즉시 대여하거나 반납할 수 있습니다. 2. 편리성: 앱에서 실시간으로 자전거의 사용 가능 여부와 대여소의 상태를 확인할 수 있습니다. 또한, QR코드를 이용한 빠른 대여가 가능합니다. 3. 비용 효율성: 일정 시간 동안 자전거를 저렴한 가격에 이용할 수 있어, 짧은 거리 이동에 대한 경제적 부담을 줄일 수 있습니다. 4. 환경 친화적: 자전거는 친환경적인 교통수단으로, 따릉이 이용은 환경 보호에 기여하게 됩니다. 5. 건강 증진: 자전거 타기는 유산소 운동으로, 일상 생활에서 운동량을 증가시키는 데 도움이 됩니다. 6. 연계 서비스: 다른 교통수단과의 연계가 잘 되어있어 교통 네트워크 내에서 원활하게 이동할 수 있습니다. 기억해야 할 것은 사용 후 반드시 지정된 장소에 반납해야 하며, 안전 운행과 보호장구 착용 등도 중요합"
김병수,5,2023-10-13 04:03:49,최고사양 어플입니다^^/
오건,5,2023-10-12 22:35:25,좋아요 자주사용하고 있습니다 응원합니다 감사합니다 화이팅 언제나 기도하겠습니다 좋은날이 많을거예요 힘내자고요 아자아자
Crown First,1,2023-10-12 21:48:55,리소스업데이트해야한다면서 앱이안켜져요
이은주,5,2023-10-12 21:22:16,편리하고 이동수단으로 너무 좋아요
PK SKY,5,2023-10-12 19:59:18,따릉이 앱으로 이용 잘 할 수 있어 편리하고 좋아요
Min Kyoungyong,5,2023-10-12 18:43:29,최근에 따릉이를 타게 되면서 어플도 깔고 잘 사용하고 있습니다. 요즘 대중교통보다 더 많이 이용하고 어디든지 타고 놓고 갈 수 있어 편해요..가끔 페어링 오류가 있는거 같은데 그래도 전 대만족입니다 👍
해성_2조_정호영,1,2023-10-12 17:57:03,가지가지한다
하늘바라기,5,2023-10-12 17:10:09,따릉이 앱 개선 이후로 사용하기 너무 편해 졌네요. 대여시 연결 안되던 오류가 특히 개선이 잘되서 사용시 편리 했습니다. 그동안 사용하면서 고장 접수되어 대여 불가한 따릉이도 많이 걸렸는대 그 점도 개선이 많이된 것 보니 관리도 잘 해주셔서 그런가 봅니다. 이런 업데이트와 개선 너무 감사드리고 많은 분들께 사랑 받으시길 바랍니다~홧팅^^!♡
sin tan,1,2023-10-12 17:02:55,연결 한번에 안되고 반납해도 대여중이라뜨고 진짜 너무 거지같음 나의 스트레스를 유발하는 어플임 개발을 어케한건지..
유선민,5,2023-10-12 16:20:49,"따릉이를 통해서 자동차 이용이 줄었고, 탄소배출량이 줄어 우리나라 환경개선에 도움이 되었다고 생각하니 많이 뿌듯해요. 앞으로도 따릉이 자주 이용할 예정이에요. 어플도 편리하고 이용하기 쉬워서 좋았어요."
NEWJA,5,2023-10-12 15:50:13,따릉이는 최고죠!! 항상 잘 쓰고 있습니다 ㅎㅎ
천재용원,5,2023-10-12 13:30:07,종종 쓰고 있는데 아주 좋습니다! 앞으로 더 많이 이용할게요~
phoenix Kim,5,2023-10-12 12:34:21,서울 살면 남녀노소 필수앱! 지도의 따릉이수가 정확해서 한번 더 놀라고 원터치 이용권 구매까지~! 앱반응 속도도 빨라 답답함이 없습니다.
장웅조,5,2023-10-12 12:25:16,지도로 정류장 보기도 용이하고 반납도 편리해서 자주 이용하고 있습니다.
서호진,5,2023-10-12 11:11:27,따릉이 대여 1년차입니다! 직장 출퇴근시에 큰 만족도를 느낄 수 있고 지구 환경 절약차원에!! 너무 편한 이동수단이 되는 것 같아요! 꾸준히 이용하는 서울시 따릉이 안전 어플이 되었음 좋겠습니다
Yena Kim,5,2023-10-12 11:05:21,"전반적으로 만족스러우며, 정류장의 따릉이 조회 시 고장 등으로 이용불가한 따릉이자전거의 고유번호가 나오면 대여신청을 반복적으로 안해도 되서 좋을것 같습니다."
김은진,5,2023-10-12 10:37:38,더확대 되길 바래요
김선우,5,2023-10-12 09:28:36,플랫폼이 너무 우수합니다
이온조,3,2023-10-12 09:06:19,"간단,간편한거 같아요.이용하기 편하네요.다만 오류가 나는 경우 다시 해야하는 때가 좀 불편해요"
이주승,4,2023-10-12 09:02:39,"대어 및 반납이 편하도록 구성된 것 같습니다. 추가 의견을 제안 드리면, 사용한 자전거의 상태에 대해서 의견을 남길 수 있도록 하면 좋을 것 같습니다. 의견을 바탕으로 관리 업체에서 자전거를 고치는 것에 활용하면 될 것 같습니다."
최인,5,2023-10-12 08:55:35,잘쓸게요^^* 따릉이~~
soul 1722,1,2023-10-12 07:59:44,따릉이를 찾을수가 없어요. 관리 좀 해요
바다표범,5,2023-10-12 07:53:06,따릉이앱 일단 위치를 바로 알수있게 되어있고 왼쪽 4줄무니 글릭하면 카테고리 나오네요 간단하고 쉽게 그리고 내가 위치한 곳 주변에 자전거 이용할수있게 쉽게 구성되어있어 너무좋네요 . 이앱을 출퇴근 교통수단 자전거 아주 편리하게이용할 것같네요
지앨,5,2023-10-12 07:48:00,서울시 공유자전거 따릉이 다운 편리함 안전하게 이용하면 최고에요
비구름,5,2023-10-12 07:23:15,서울살면 따릉이는 필수! 건강도 환경도 챙겨요
강정우,4,2023-10-12 07:16:35,따릉이 어플 너무 좋고 편리하네요. 앞으로도 자주 이용할깨요.
송중석,5,2023-10-12 06:50:54,따릉이앱 업데이트후 사용하기 편해졌어요. 출퇴근시 편하게 사용하고 있습니다. 감사합니다.
joohwan you,5,2023-10-12 06:43:28,앱이 심플하면서도 굉장히 잘 짜야져있어 상당히 앱 이용시 만족합니다. 하지만 연결 끊김 현상에 대한 부분은 보강이 필요해보입니다. 그 외에는 너무나 잘 이용하고 있습니다.
김김만진,5,2023-10-12 06:14:48,자전거를 어디서든 빌려서 사용하기가 편리합니다.웹 사용시 보기도 수월합니다.
유기선,5,2023-10-12 05:48:29,자전거 대여 따릉이 너무 이용하기 편하고 좋아요 자주 이용할거같아요
ᄋᄋ(Hoon),5,2023-10-12 04:00:40,따릉이로 자전거 너무 쉽게 대여할 수 있게 되니 굉장히 편리하고 요즘 편리해졌네요! 오류도 잘 안일어나서 어플도 안정적이라 더 만족중입니다 ❤️
은냥이,5,2023-10-12 03:42:58,"따릉이가 서울시 곳곳에 배치되어 접근성도 좋고 앱을 통해 배치되어 있는 일반, 새싹 따릉이 갯수를 알 수 있어서 좋아요"
MJ K,5,2023-10-12 01:59:16,앱이 직관적으로 이용하기 편리하네요 :) 잘 쓰고 있습니다. 무엇보다 대여소마다 자전거 몇 대 있는지 미리 알 수 있어서 편리한 점과 결제 방법도 여러가지로 늘어나서 좋은 것 같아요. 앞으로도 더 발전하는 따릉이가 되길 바라요!
아침선,5,2023-10-12 01:43:34,지도가 있어서 좋습니다
designmem,5,2023-10-12 01:12:31,이렇게 저렴한 가격으로 서울시내 어느곳이든 이용할수 있는 서비스라 오래동안 유지되길 바랍니다 환경도 살리고 운동도 되고 다만 자전거를 위한 도로 확충은 오래 걸리더라도 차근차근 확충이 되면 좋겠습니다
윤만현,5,2023-10-12 00:24:46,따릉이 너무 편리하고 좋아요 ㅎㅎㅎ
디얼케이,5,2023-10-12 00:04:00,🤔음...앱의 버그 부분에 대한건 아직 없어 보입니다...사용자 편의성에 맞춰 잘 만들어 졌다고 생각합니다...좋아요(*^ー^)ノ♪
한진희,5,2023-10-12 00:03:29,서울여행할때 큰 도움 되었어요!!
지혜로움,5,2023-10-11 23:54:00,유용한 어플 입니다!
shin mart,5,2023-10-10 10:56:58,최고 서울이 좋아진다.
hy s,5,2023-10-10 10:36:08,확인했습니다 감사합니다 //잘 쓰고 있습니다. 고장신고하려는데 신고하기 버튼이 전에 있었는데 이제 안보이네요. 수정해주세요.
채성준,1,2023-10-10 10:08:33,재고 1개 남아있다고 떠서 가보면 없음 한두번도 아니고 덕분에 아침부터 기분 참 좋네요
코코,5,2023-10-09 18:48:11,"안녕하세요 저는 따릉이가 나오기 시작한 때부터 가끔씩 이용을 하고 있는 이용자 입니다. 오랜 만에 와서 어플을 설치하니 디자인이 굉장히 편리하고 말끔하게 바뀌었네요. 결제 오류 같은 것도 줄었어요. 예로 들면, 자전거 QR을 찍고 핸드폰 앱 렉이 먹어서 분명 대여 완료 되었다고 나오는데 오류로 인해 대여가 안되는 경우 들이요. 두번째, 대여 종료 후 반납할때 가까운 반납지는 자전거끼리 자물쇠처럼 연결시켜야만 하며 마치 무덤을 연상시켰는데 이제는 그런게 없네요. 세번째, 안장이 좀 더 편리해졌다 입니다. 쇠 안장 고정이라서 녹이 슬어 손을 다치고 안되는 경우가 많은데 이제는 손이 다칠 일이 없어서 좋아요."
촉촉한초코칩,3,2023-10-09 15:52:04,아이디찾기 했는데 아이디 끝자리 3개가 안나와요 어떻게 해야 하나요??
DongKook Kim,4,2023-10-08 20:09:00,앱 사용하기 편리합니다. 따릉이 위치 즐겨찾기 기능이 있어 쉽게 따릉이 찾을수 있구요.
나인비,5,2023-10-07 14:07:18,대여소 이름이 길어서 잘려 나오기도 하던데 즐겨찾기 하는 대여소들은 알아보기 쉽도록 이름 수정할 수 있는 기능이 있으면 좋겠습니다. (자주 이용하는 곳이 다리 이름들이 많아서 헷갈리기도 합니다)
오지소,5,2023-10-06 23:46:33,정말 삶의질을 높여주는 편리한 따릉이 강추합니다. 따릉이를 만난지 3년차입니다. 가까운거리는 무조건 따릉이를 이용합니다. 주변사람들에게도 많이 추천하게 됩니다 자전거를 조심하고 아껴서 사용합시다~서울자전거따릉이 포에버!!
최화자,4,2023-10-06 15:54:00,따릉이 앱이 전보다 오류가 줄어서 만족합니다. 자전거수가 많아졌지만 사용자가 증가해서 그런지 간혹 이용이 어려운 경우도 있지만 무난하게 이용하고 있고 계속 이용할 겁니다~
군고구마,3,2023-10-05 18:44:14,삭제하고 다시 깔아도 앱이 열리지 않아요.
young-geun choi,1,2023-10-05 18:34:30,"오늘 아침부터 절대로 페어링이 되지않음 앱 완전 닫기, 재설치, 블루투스 완전해제 후 연결, 폰 재시작 등 할 수 있는 모든 조치를 취했는데 되지 않음 어쩌란건지?"
Jerusha A,4,2023-10-05 17:24:45,안내멘트 검정색 툴팁 뜨는 시간이 너무 짧고 검정이라 잘 안보여요
김놉,5,2023-10-05 14:26:48,2년째 잘 사용하고있어요! 날씨가 좋을땐 자전거부족으로 대여가 어려운 경우 빼곤 만족 합니다.
시명숙,4,2023-10-03 15:02:01,"1.따릉이 지도앱이 좀 느린거 같아요. 무슨말이냐하면 대중교통 이용 후 도착지 근처에 따릉이가 있나 알아볼려고 지도로 이동하면 지도에 따릉이가 표시되지 않아 불편합니다. 대중교통으로 도착하는 곳이라 따릉이 명칭으로 검색할 수 없으니 지도로 따릉이를 검색하거든요 2.띄어쓰기 유무로 따릉이 검색이 안되거나 되거나 합니다 예를 들면 (송파구에 있는) 문정중 사거리, 문정중학교 이렇게 검색하면 검색이 안뜹니다. 실질적으로는 두 대여소 모두 문정중 근처에 있거든요 그래서 ""문정""으로 검색하게 되는데 아는 지리라서 이렇게 검색할 수 있는거지 초행길엔 절대 ""문정""으로 검색할 수 없지요"
Jeans Blue,4,2023-10-02 17:32:31,"역시 나만 페어링이 잘 안되는게 아니었군요. 한번에 성공한 적이 절반이 안되는 것 같습니다. 로그아웃 후 재로그인, 비행기모드 실행했다 끄기, 블루투스 끊었다 다시 연결 등을 거친 후에 대여 성공하는 루틴을 자연스럽게 하고 있네요. 너무 불편하지만 어떡합니까. 그래도 따릉이만큼 제가 낸 세금이 아깝지 않게 쓰이고 있구나 체감하는 공공서비스가 드문걸요. 고객센터도 늘 친절하시구요. 따릉이 관계자 여러분 힘내시고 페어링 문제는 꼭 좀 해결해주세요.^^y"
Sung Chul lee,1,2023-10-02 14:06:38,핸드폰을 갤럭시23+로 바꾸다음에는 계속앱이 안열려요.
엄희진,5,2023-10-01 23:05:49,따릉이 앱을 처음 써보는데 요번에 쓰게 돼서 좋아요
안혁,1,2023-10-01 20:08:14,실행불가
Jospolos Achels,2,2023-10-01 19:59:39,민간 회사 어플이었다면 이렇게 오류가 많이 나올까..?
동해바다,1,2023-10-01 19:42:43,편하게 자전거쓰게 해주신건 너무감사합니다만 도대체 qr인식을 왜이리못하나요? 블루투스기기를 안써도 오류가 한두번은 꼭나고 저만 그런줄알앗더니 많은분들이 다 그러시는듯한데 개선아니면 방법을 바꿔주시든 하세요 정말 너무 짜증이납니다
oos K,1,2023-10-01 00:16:59,정말 쓰레기 연결에 똑같은 대응 핸드폰껏다켰다 시키며 GPS도 정확하지않다고 스스로 인정하며 애매한어플이란것을 증명함
Ariane Rodrigues,5,2023-09-29 15:02:14,진짜조믐 해보삼
뀨뀨,1,2023-09-25 18:47:53,어플이 개 쓰레기임
정승준,1,2023-09-24 03:08:41,따릉이 타고 가려는데 앱이 업데이트 되지 않는다고 껐다 키라고 했는데 계속 앱이 열리지 않아서 결국 오밤중에 걸어가네요;; 앱 관리 제발 제대로 부탁드려요....
고양이,1,2023-09-24 03:05:01,야 왜 안들어가지는건데 이유를 말해봐 어이가 없다니까?
한만두,1,2023-09-24 02:33:14,9/24일 오전 2시 20분경인데 앱이 왜 안켜지나요? 껐다 켜보라고 해서 그렇게 했는데도 똑같네요. 매번 페어링 실패하는 것도 화나고 자전거 대수 계속 줄여가는 것도 짜증나는데 덕분에 꼭두새벽에 집에 잘 걸어갑니다 ㅎㅎㅎ
이효민,3,2023-09-24 02:28:57,어제까지 잘이용했는데 지금갑자기 오류뜨면서 앱실행이 안됩니다
박상현,1,2023-09-24 02:05:07,앱 잘쓰다가 갑자기 서비스 종료가 반복되는데 뭐? 껏다 키라고? ㅋㅋㅋㅋㅋㅋㅋ 잘도 되겠습니다! 껏다 키라고 해서 40분쯤 반복하면서 시간 날렸는데 반납은 반납대로 안되고 감사합니다!
이우석,1,2023-09-24 01:57:46,앱이 실행이 안대요.
이건호,1,2023-09-24 01:45:18,네트워크 통신중 오류라면서 폰을 재부팅하라는데 재부팅을해도 앱을 재설치해도 오류가 계속떠서 덕분에 걸어가네요 항상 조금씩 오류나도 사용은 되어서 참고썼는데 이건 뭐 사용도 안되는데 관리가 필요해보이네요
김은비,1,2023-09-24 01:25:55,왜이렇게 통신 오류 같은게 빈번한가요 일부러 자전거 있는곳까지 갔는데 대여가 안됌
의두이,1,2023-09-23 14:31:04,따릉이 1년권으로 5년정도 탔습니다. 최근 1년간 따릉이 반납오류 및 대여시 오류가 매우 급증 했으나 수정이나 해결 의지가 전혀 없어보입니다. 관리 좀 해주세요 고객센터 전화도 여러번 해봤습니다 전혀 고칠 생각 없어 보이는 답변 뿐입니다. 시스템적으로 관리 절실합니다
gigigi No,1,2023-09-22 23:35:40,내가 앱 개발해도 니네 보단 잘 만들겠다
김가현,2,2023-09-19 21:19:42,왜 다 영어로뜨죠..설명을 읽을수가없어요 ㅠㅠ
김즈,1,2023-09-19 19:30:08,"90%확률로 매번 페어링 실패가 뜹니다. 실패는 성공의 어머니라는데, 페어링 성공 확률이 높아지길 기원하며 따릉이라는 이름 말고 '어머니'로 어플 이름 바꾸는 건 어떨까요"
too me,1,2023-09-19 19:10:46,대여반납 이력에는 바로 업데이트가 되는데 고장신고 > 최근이용목록은 업데이트가 바로 안되네요ㅡㅡ
Kory,1,2023-09-19 19:06:32,앱이 위치 업데이트가 느려서 지도에 분명 있다고 해서 가도 없는 경우가 많아요 너무 화가 납니다.
노해민,1,2023-09-17 11:25:53,개 ㅆㄹㄱ어플
ᄋᄋᄋᄋ,1,2023-09-16 15:01:17,리소스 업데이트 후에 자꾸 결제가 잘 안되요 어플 삭제하고 다시 해야 되고요. 문제해결 좀 해주세요
최재호,5,2023-09-16 10:47:09,"따릉이 정말 우렁차게 많이 이용하고 있어요. 따릉이 없으면 못 살아, 정말 못 살아입니다. 허나 대여하기 눌러 인식하고자 할 때 버벅이고, 로딩이 너무 느립니다. 이러한 부분 개선 요청드립니다! 더불어 따릉이 지도와 업데이트 속도 저하가 부분적으로 발생하고 있어 자주 이용하는 따릉이 애청자로서 부탁 들어주세요~ 따릉이가 있어 서울 곳곳 나만의 자전거 도로가 완성돼요! 이 벅차오르는 기쁨, 매일 누릴래요"
임성근,1,2023-09-15 21:26:38,맨날 앱 먹통되서 못씀
김병민,3,2023-09-12 12:02:37,로그인 고쳐졌네
YUEN GAAP LEI,1,2023-09-12 10:26:45,반납불가 버그 반납불인정 버그 반납소위치인식 버그 블루투스인식 버그 너무너무 심하고 가면갈수록 심해져서 환불 및 탈퇴한다 이것때문에 묻지마 칼부림이 나도 할말없는 수준
dong-young lee,4,2023-09-12 08:28:26,간혹 오류가 있긴하지만 자주 유용하게 잘 쓰고 있어요. 문제 생기면 고객센터에서 바로 조치해주고요.
Junghoon Lee,5,2023-09-11 18:36:44,"2020년 남들보다 늦게 따릉이를 접했으나 지금은 퇴근 시간을 즐겁게 해주고 하루 1~2시간 꾸준한 운동을 할 수 있게 해주는 고마운 존재가 되었습니다. 2021년부터 매년 1,000km이상 달리고 있고 올해는 아직 9월이지만 이미 1,200km를 넘었네요. 어느 날은 몸이 좀 피곤해서 그냥 갈까하다가도 오늘 쉬면 내일도 쉬고 싶지 않을까하여 따릉이를 탔던 날도 있고 강남이라 따릉이 전쟁이라 따릉이가 없어서 있는 곳까지 멀리 가보기도 하고 따릉이를 타는 많은 사람들과 왠지 모를 친근함도 느끼고 어느 날은 노을이 너무 보기 좋아서 타기 잘했다 뿌듯하기도 하고 늘 달리는 곳이지만 계절 변화도 느껴지고 그렇게 늙는구나 생각도 들고 한강 어디엔가 앉아서 시원한 물 한잔하는 여유도 즐겨보고 어느 날은 운이 좋게 공연도 보고 맛난 푸드드럭 음식도 맛보는 나에게 따릉이는 이제 아주 익숙한 무엇이 되었습니다."
aet_ M (Maet [마엣님]),4,2023-09-11 11:43:45,계정 초기화는 어떻게 하나요?
J.G. K,3,2023-09-11 11:28:02,요즘 따릉이 관리가 제대로 안되는듯요 오늘은 앱 접속이 전혀 안되네요.
카인드,3,2023-09-11 11:17:49,9998에러 계속뜸
liny,5,2023-09-11 11:08:31,출근시간인데 따릉이가 안열려요 --------------------- ----------------답변 감사합니다 평소 따릉이를 너무 잘 이용하고 있습니다 2년 넘게 사용하면서 이런 상황은 처음이라 당황했는데요 빠른대처 감사합니다 앞으로도 잘 부탁드립니다
SB C,1,2023-09-10 12:56:13,오세훈 시장 이후로 툭하면 먹통
황진기,5,2023-09-10 10:58:36,바쁜 직장인 제 건강을 항상 지켜주는 따릉이 최고입니다^^
태클꼬장주접,1,2023-09-10 00:41:48,되는것도 없고 매칭도 하나도 안됨 몇대 있다는데 동작되는거 없고 왜 해놨을까?
BAEK,1,2023-09-09 20:29:13,내가 발로 개발해도 이거보단 잘 만든다ㄹㅇ
Yeahi,1,2023-09-09 18:43:29,어플이 점점 별로에요. 대여하려고 읽으면 10번 중 9번 다 큐알을 못읽고 재부팅했던 폰을 재부팅 해야 겨우 됩니다. 블루투스 이어폰 쓴거 아니냐 핸드폰 껐다 켜보셨냐 이런 말만 전화할 때마다 되풀이 하는데 그러지 않고도 저런 현상나고요 사용을 할 때마다 빡칩니다. 하루에 두세번도 빌리는데 빌릴 때마다 매번 재부팅을 해서 써야하나요? 그래도 그 전에는 정기권이 싸기라도 했는데 이젠 가격을 두 배나 올려버렸는데 사용성은 이전보다 더 거지같아져서 제 값을 못하는 것 같아요. 이런 내용을 고객센터에 직접 전달 하려고 해도 15분을 그냥 자동응답 돌려버려서 포기하고 씁니다. 제발 공공이라고 대충 운영하지 마시구요. 어플 개선이든 서비스 개선부터 좀..
金 永祐,3,2023-09-09 11:21:22,한 번에 되는 적이 없고 5번은 해야 될까말까 합니다
pinetree hi,4,2023-09-09 11:15:34,따릉이 어플이 갑자기 로딩이 ㅇ않되여! 잘쓰던 건데 갑자기 로딩이 않됨. 삭제해보고 재설치해도 않되요. 해결됬읍니다.
영원한자유,5,2023-09-09 09:30:46,"따릉이 처음 사용자입니다. 생각보다 자전거 타기 넘 편하고 시간절약, 교통비 절약, 하체운동까지 되네요 감사"
Joseph Lee,2,2023-09-09 07:50:50,잘쓰고 있었는데 3일전부터 먹통입니다.
아싸버디,1,2023-09-09 06:26:38,오류천지임. 결제할때마다 15분 소요. 외주좀 똑바로 해라 공무원들아
이동선 (동선씨),1,2023-09-08 18:13:28,대체 무결성 검증 실패는 뭐에요? 여태 잘 썼는데 저번에도 한두번 그러더니 언제는 무결성이 검즘됐다가 언제는 검증이안되는거는 뭐라 설명을 해주실까요?
Mino Klee,5,2023-09-08 18:10:11,자꾸 무결성 검증 실패라고 뜨면서 앱 자체가 안 들어가지는데 해결법좀 알려주세요 180일 결제된 상태인데 3일째 못 쓰고 있어요
Da-Nim Hah,5,2023-09-08 18:09:30,"따릉이🚴‍♀️는 이제 필수예요! 운동할 때도, 가까운 거리 이동할 때도 너무 편하고 좋아요😍"
채르,2,2023-09-08 18:08:38,어제 오늘 나만 안 되는게 아니였구나.. 어제는 오후 6시 퇴근하고 타려고 하니까 9998에러에 오늘은 출근 때는 되더니만 또 퇴근할 때 [7000] 무결성 검증 실패ㅠㅠ
윤재,1,2023-09-08 13:52:34,서버랑 최적화 개구림 새벽만되면 앱 안켜지고 잠금장치 잠군거 확인하고 갔는데 버그로 반납 안돼서 문의하면 확인 안한 사용자 탓이라고 뭐라뭐라함 정말 유용하고 쓰기좋습니다
seonghwa Park,1,2023-09-08 09:45:42,QR 연결이 드럽게 안됩니다. 한번에 성공한적이없어요 인식도 잘못하고 인식해도 페어링 실패하고 시간낭비 심각합니다
Seungkyu Lee,5,2023-09-08 09:05:42,정말 잘 이용하고 있습니다!! 서울시에서 하는 것 중에 유일하게 만족하는 혜택이에요~ 자전거 관리도 앱 관리도 힘드시겠지만 부디 오래오래 유지해서 좋은 서비스 계속 이용할 수 있게 잘 부탁 드립니다 :)
Ost_reilia,3,2023-09-08 02:46:32,오랜만에 접속 했더니 어플 시작 구동 자체가 안되네요 무슨 문제가 있는건가요?
Jwook Je,1,2023-09-07 19:53:34,엉터리앱
화내지말아요,1,2023-09-07 19:30:42,진짜 관리 제대로 안해서 사람 열받게하는 어플 1위. 바빠 죽겠는데 어플 켜지지도 않고 툭하면 연결안된다고 페어링 어쩌고저쩌고. 어느때는 반납한줄 알았는데 반납 로딩 길어져서 반납 안됐다고 연체료 문자오면 또ㅈ그거 처리한다고 전화해야하고 하
유유,1,2023-09-07 19:25:43,이전에는 종종사용하다가 올해부터 정기권 끊어서 일주일에 평균 3번정도 따릉이 타고 다니는데 대여할때 QR인식 잘 안되는거 껐다가 다시 키는거 몇번하면 돼서 그러려니 했어요. 그런데 오늘 사용하려고 했는데 10분동안 어플 로그인조차 안되더라구요 출퇴근 시간에 사람들 많이 쓰는거 알면 미리 제대로 이용할수 있게 해야하는거 아닌가요? 자전거 타는거 빼고 어플 이용하는 부분에서는 정말 불편합니다
김희정,3,2023-09-07 19:23:25,아니.....왜.....그동안 한번에 연결 안되는 건 그렇치고. 오늘 이용하려고만 하면 로그인자체가 안되는거죠? 하아......오전에도 그랬다 12시즘 부터 다시 되던데....저녁시간 사람들 많이 이용하는 시간되니 또 그러네요 ㅡㅡ 하아...속이 터진당
Qwert Sdfghj,2,2023-09-07 19:23:19,따릉이 자체는 좋은데 어플 오류가 너무 잦음
JH Y,2,2023-09-07 19:21:51,무슨 9998 에러낫다고 로그인 안됐다가 로그인 되면 자전거 대여인식 못하다가 지 혼자 버그 때문에 강제종료했다고 하고 제대로 좀 만들어 주세요. 잘쓰다가 이따금이 이러면 진짜 짜증나요
이병수,1,2023-09-07 19:18:46,앱 자체가 지금 계속 안들어가집니다. 갤럭시 s22 기종이고 오늘부터 갑자기 앱에 들어가려 해도 렉과 동시에 화면 터치하면 다시 실행화면으로 넘어갔다가 시간초과로 오류가 뜹니다.
김희원,1,2023-09-07 19:17:41,앱왜안돼또
고구마,1,2023-09-07 19:17:00,오늘 하루종일 9998 오류 왜 자꾸 뜨는거에요 일년권 구매했는데 이것때문에 못씁니다.
다마,1,2023-09-07 19:14:06,평일 출퇴근 시간 때마다 서버오류로 정기권 끊어놓고 쓰질 못하는데 대체 언제 쳐 쓰라는거임? (진짜모름)
정우성,1,2023-09-07 19:10:24,출퇴근 시간대 오류
안승민 (tttt),1,2023-09-07 19:09:55,왜 접속이 안되나요? 돈까 받아가면서 이러기 있어요??
이지환,1,2023-09-07 19:09:09,앱에 버그가 있다고 하면서 자동 종료됩니다. 어제까진 멀쩡히 썼는데요
최성범,1,2023-09-07 19:07:59,앱진짜 로그인도 계속 팅기고 개판이네 진짜 30분을 로그인하고있다
이경 (Bright),1,2023-09-07 19:06:48,복구되었다는 기사떳는데 저는 안되네요 지웠다가 다시까니까 이젠 앱 들어가지지도 않아요 내일 출근 망했네
ᄌᄒᄌ,1,2023-09-07 19:04:32,오류개심함 인증번호 눌러도 응답초과 나오는 앱첨봄
오정은,2,2023-09-07 19:04:31,지금 왜 안될까요?;;;;
김연우,1,2023-09-07 19:04:07,로그인만 30분째 버그로 튕김
Aiden Runner,1,2023-09-07 19:03:17,아이 왜 아직도 안되냐
association kos,1,2023-09-07 19:03:03,9998 에러로 실행이 안 됩니다
구독자1호,1,2023-09-07 19:02:49,뭘해도 응답없음. 로그인하는데 제 기기 잘못 일까봐 삭제하고 재설치하고 비번바꾸고 온갖 난리 다했는데 결국은 응답없음이네요. 진짜 더운 와중 불쾌함까지 잔뜩.. 요즘 왜 이러나요? 운영한지도 꽤 된 것 같은데.
HAN NOEL,1,2023-09-07 19:02:47,지금 몇시간째 접속이 안되고 있는데 뭔 고쳐질 기미가 안보이네
ray kim,2,2023-09-07 19:02:08,오늘 하루종일 장애네요. 9998에러가 발생했다고 나옵니다. 언제 사용할수 있나요?
young gun ha,2,2023-09-07 19:02:05,앱이 자꾸 튕기네요 계속 로그인 아웃 반복되네요
Jihoon “TopHoon” Kim,1,2023-09-07 19:00:56,9998에러 계속뜨면서 리셋해도 로그인 계속 안되네요 잘되다가 갑자기 이러니깐 시간낭비하고 아쉽습니다
이준태,2,2023-09-07 18:59:46,돈쳐먹고 이따구면 안되는거아닌가?
HEESU MOON,1,2023-09-07 18:58:15,"진짜 너무 짜증난다. 약속이 있어서 따릉이 타고 가려고 했는데, 덕분에 지각하고 지하철 타고 가네요. 9998네트워크 에러때문에요"
쫄병스낵&Snack,1,2023-09-07 18:54:42,따릉이 타려고 앱 접속해 보니 안돼서 나갔다 들어와도 안되길래 검색해 보니 기사 떴길래 복구하셨다고 하는데 앱 먹통 장애 고친 거 맞나요 안되는데요.
wellbeing 0,1,2023-09-07 18:53:50,9998에러가 떳다면서 계속 오류가 있어요. 자전거 타고 집가야되는데 오류로 1시간째 서있습니다...
라씨,1,2023-09-07 18:53:48,어플 실행이 안되어서 재설치했는데도 9998 오류가 뜹니다. 정기권 결제했는데 이게 말이 되나요?
NAME KNOW,1,2023-09-07 18:53:11,걍 쓰레기됬네
Sangmin Woo,1,2023-09-07 18:52:46,1달에 1번 이상은 어플 오류로 못탐
yio sas,1,2023-09-07 18:52:26,업뎃 이후 에러코드 9988과 함께 로그인이 불가능합니다. 최악이네요.
안승찬,5,2023-09-07 18:51:23,"오늘 출근, 퇴근길에 다 먹통이네요 ㅠㅠ. 그래도 따릉이는 정말 좋아요."
농구의신,1,2023-09-07 18:50:56,아니 오늘 타릉이 대여도 안돼고 튕기는 현상만 있는데 빨리 고쳐주세요...
heungju yang,5,2023-09-07 18:50:28,잘 사용했는데 오늘 아침부터 부한리부팅 되네요;;;; 이용을 못하고 있어요. 빠른 조치 부탁드립니다.
Frisson,1,2023-09-07 18:47:04,9998 오류 뜨면서 뭐 아무것도 안되네요
주현식,1,2023-09-07 18:46:59,2023.09.07(목) 출퇴근시간 999에러발생으로 사용불가 ㅛㅛ
이름,1,2023-09-07 18:42:39,오늘 갑자기 접속자체가 안되네요..
유병훈,1,2023-09-07 18:42:07,계속 에러걸리고 먹통이고 사용이어렵네요 결제한거다 환불해주세ㅛ
Wr Song,1,2023-09-07 18:41:31,9998에러 응답시간 초과했습니다. 하고 로그인이 안됍니다.
bg c,1,2023-09-07 18:39:44,출근시간에 어플 무한 로딩으로 안켜져서 재부팅후에도 같은 증상이 나네요. 퇴근시간도 안되네요
이레몬,2,2023-09-07 18:35:52,앱 오류가 너무 많이 나요 앱을 시작하면 꺼지는 건 기본이고 대여할 때 자전거와 연결이 안되어 다시 종료하고 대여를 해야합니다
최광선,1,2023-09-07 18:33:29,어플이 켜지지가 않네요 관리좀...
SungHun,2,2023-09-07 18:32:33,"2023.09.07 오전 따릉이 어플키니 무결성 검사한다고 팽글팽글 계속 도는거 30분정도 보다가 이정도면 지각하겠는데 하고 지하철 탓는데 지각함. 어플 호환성이라던지 개선좀 해줘요. 2023.09.07 오후 아침 출근때도 못타고, 퇴근 때는 9998에러로 못타고...? 업데이트하고 로그인도 안됨... 버스, 지하철 환승 애매한 곳에 약속 잡았는데 하루종일 이게 무슨..."
hyemin Park,5,2023-09-07 18:30:53,언제나 잘 사용하고 있습니다. 오늘 (23년 9월 7일) 접속하려하니 9998 에러라고 접속이 되지 않네요~ 접속조차 안되는 상황이라 조속히 해결이 되면 좋겠네요!
엄지윤,1,2023-09-07 18:27:39,현재 어플 껏다키고 삭제후 다시 깔아도 로그인이 안되네요
지승현,1,2023-09-07 18:25:46,진짜 내가 만들어도 이거보단 나을듯(진짜 개발자임) 이렇게 간단한 어플이 버그투성이라니 이해가안됨
K 직장인 (-),3,2023-09-07 18:25:13,"9.7일 오전 앱열리지 않음 9.7일 오후 앱 다시 실행하니 리소스 업데이트 안내떠서 진행함. 이후 로그인페이지까지는 실행되나 9998 에러가발생하였습니다. 응답시간을 초과하였습니다. 알럿 뜨고 아무것도 안됨. (간편 로그인, 아이디 직접 입력, 아이디 찾기 등을 통해 진행해도 다 똑같습니다.) 그리고 앱 실행 자체도 너무 느려요...."
Se Won Yoo,1,2023-09-07 18:25:00,에러가 나면 공지라도 띄우시지... 누가 공공기관 아니랄까봐 그냥 침묵으로 버티기..
캠퍼스,1,2023-09-07 18:24:18,무슨 앱이 로그인도 안 됨? ㅋㅋㅋ 맨날 9998 오류 뜬대..
UiJeong Maeng,1,2023-09-07 18:24:02,따릉이 지금도 오류나고 있는데 해결부탁드립니다 전화해도 통화량이 많아 안된다고 하네요
Jupiter,1,2023-09-07 18:21:54,9998 에러났다고 재설치해도 안되는데요??
훈(FOMoney),3,2023-09-07 18:21:02,정기권 잘사용하는 유저입니다 근데 앱구동이 안됩니다 빨리 고쳐주세요
서형만,1,2023-09-07 18:20:10,진짜 안정성 제대로 해라..
시지프여리,1,2023-09-07 18:19:49,이건 진심 왜 이렇게 만든건지 쓰레기만도 못한게 맞음
June,1,2023-09-07 18:18:57,최악임.. 퇴근시간에는 맨날 자전거도 없고 앱은 수시로 에러나고 자전거 관리도 잘 안되고 환불도 안됨 ㅠ
W K,1,2023-09-07 18:18:32,로그인이 왜자꾸안돼요 9998에러 고객센터 전화해도 수십분째 연결불가
정군,1,2023-09-07 18:18:01,앱 진짜 ...개노답...에러 계속 떠서 타지를못해요
히에tachseo,1,2023-09-07 18:14:33,왜 아침부터 먹통임? 폰이 이상한 줄 알았는데 앱이 이상한거였네..타려던 곳에서도 3명이 시도하다가 그냥 가고 다른 곳도 마찬가지라네요!! 회사 지각하면 책임질껀가?? 와아 출근할때 안됐는데 퇴근할때까지도 안됨 9시간동안 뭐함?
이시은,1,2023-09-07 18:14:07,장난치는것도 아니고 아침에 따릉이 오류나서 회사 지각했는데 오후에 고쳤다는 공지보고 퇴근시간에 빌리려니까 또 오류뜨네요? 이럴거면 수정했다는 공지는 왜올리는건데요 아침 저녁으로 계속 오류나는거면 문제있는거 아닌가요 그리고 이 오류에 대한 보상은 대체 왜 그 시간대에 이미 빌린사람들에 대해서만 하는건가요? 못빌린사람들이 더 문제 아닌가요???
유유,5,2023-09-07 18:14:05,따릉이가 자꾸 맛탱이가 가네요 제 출퇴근수단인데 얼른 살려주시라요
박범철,5,2023-09-07 18:14:02,요즘 에러가 너무 자주 발생합니다 대여소에서 대기하는 시간이 10분이 넘어가네요 빨리 이동하려고 빌리는건데 에러때문에 계속 시간 지연되네요
JH K,1,2023-09-07 15:27:43,따릉이 아침에 계속 에러 떴는데 앞으로 이런 문제 생기면 공지사항이라도 좀 올려주세요 보니까 따릉이 앱 자체 문제인거 같던데 저만 안된게 아니더라고요 저는 제 폰에 문제 생긴줄 알고 앱 지웠다가 깔기를 반복하고 핸드폰 전원도 껐다가 다시 키고 날도 더운데 따릉이 앞에서 서서 시간낭비만 했잖아요
이도열,5,2023-09-07 13:14:30,이런 저런 장애가 있지만 더 멀리가게 해줍니다
위고바리,1,2023-09-07 11:33:30,"23년9월7일 오전 9시 20분-50분까지 앱 오류로 이용하지 못했습니다. 오늘 사용하지 못한분 환불요청드립니다. 답변이 이상하네요? 앱 오류로 빌리지도 못했습니다. 저는 정기권을 결제하여 필요할 때 따릉이를 대여하여 사용할 수 있는 권한을 가지고 있으나, 오늘 앱 오류로 필요할 때 이용하지 못했으므로 환불을 요청하는 것입니다. 애초에 대여를 하지도 못했는데 정상반납이 됐다니.. 어떻게 받아들여야하나요?"
Lee “Katie”,1,2023-09-07 11:28:12,1. 무결성점검중이라고 계속 뜨면서 다음화면 안넘어감 2. 로그인 시도하니까 계속 오류 3. 껐다켰다 반복하니 휴대폰을 다시껐다키라고함 4. 다시 껐다키니 1번으로 되돌아옴 오류 해결좀 해주세요. 아침에 당황햇고요. 지각해썽요...하 ㅠ +++ 아이디찾기 인증문자도 안와요 에휴 문자오니꺼 이제 인증실패 자꾸뜹니다......업데이트.대체 어떻게.하신건지.......
NH K,1,2023-09-07 11:06:30,오류가 많고 9/7 오전 부팅이 안됨 답변 추가 -> 앱이 열리지가 않아서 이용을 아얘못했는데 강제 반납은 어떻게했나요..?
표기하,2,2023-09-07 11:05:16,작동이 안됩니다 사용권 구매해서 오늘이 마지막인데 쓰지도 못하고 종료될거 같네요 이건 어떻게 처리가 되는지 알고 싶습니다
연연시,1,2023-09-07 11:03:29,뭡니까?출근할때 타고 다니는데 오늘 아침에 앱 자체도 안 열려서 그나마 열리는 티머니고에 접속했지만 거기서도 따릉이 숫자도 안맞고 계속 대여실패..덕분에 택시비 날리고 지각했는데 어떻게 책임지실건가요?!!! 대여도 못했는데 무슨 강제반납이요??!!
JJ C,1,2023-09-07 11:03:16,"따릉이 연결에 최소 4-5번은 시도를 해야 합니다. 거기에 따릉이가 있어도 아예 잔여 대수가 확인되지 않고 연결도 안되는 경우가 있습니다. 따릉이 자체는 훌륭한데 필요할 때 쓸 수 없으면 이게 다 무슨 소용일까요 ㅡㅡㅡㅡㅡㅡ답변 받은 후 추가: 아니, 대여를 못 했는데 강제 반납이라니 무슨 말씀이신지..."
단,1,2023-09-07 11:01:41,앱이 제대로 실행되는 날이 없습니다. 장기간 사용했는데 매번 오류가 떠요
권기석,1,2023-09-07 10:57:39,접속이안되요..
EH K,1,2023-09-07 10:56:09,"사용하려니까 무결성 검증한다고 해놓고 무한로딩돼서 쓰지도 못하고 여러 번 재설치해도 똑같은 현상 발생에, 겨우 로그인창까지 가도 비번 입력할 때마다 인증시간 초과라고 에러뜸 비밀번호 찾으려고 핸드폰번호 인증해도 에러뜸 뭐 쓰라는 건지 말라는 건지"
예지,1,2023-09-07 10:53:09,너무 느리고 잦은에러 갑자기 자동 로그인이 풀리고 다시 로그인안되는건 뭔경우죠 장기권끊엇는데 환불해주세요 ㅡㅡ
장애리 (미끄럼틀),1,2023-09-07 10:43:04,9998에러입니다 하면서 로그인이 안됩니다. 무슨에러인가요
Kyle Bas,3,2023-09-07 10:39:56,잘 써오다가 갑자기 오전부터 응답시간 초과 오류가 뜹니다. 캐시도 삭제해보고 재설치에 재부팅까지 해도 여전하네요. 심지어 컴퓨터로 인증번호를 보내도 휴대전화로 오지 않아요. 뭔가 문제가 있는 것 같은데 확인 부탁드립니다.
Yeseul Kim,1,2023-09-07 10:26:42,어떤 버튼을 눌러도 응답시간 초과라고 뜨네요 어플 관리 좀 잘 해주세요...ㅎㅎ...
Carrot Kim,1,2023-09-07 10:24:01,지금 앱이 정상적으로 이용안되고 전화도 안되어요
정햇살,2,2023-09-07 10:22:30,9988 에러 떠서 뭘 할 수가 없는데 이게 대체 뭔가요?...
이상미,1,2023-09-07 10:19:20,"로그인 안됩니다, 9998 에러나요"
김서현,1,2023-09-07 10:14:20,일좀하자 제발 이거 들어갈게 뭐가있다고 어플이 이리 무겁냐 ㅋㅋㅋ진짜 나랏돈으로 뭐하는거임 진짜 돈 따박 따박 받으니 일하기 귀찮나보네 ㅋㅋㅋㅋㅋㅋㅋ
dhsw,1,2023-09-07 09:58:54,안정성이 매우 떨어짐
방기현,3,2023-09-07 09:52:19,지금 업데이트 및 로그인 오류가 있는 것 같습니다? 몇년째 쓰는데 이런적 처음이라 리뷰 남깁니다
?,1,2023-09-07 09:52:01,아니 이틀사이에 뭔일이있었기에 업데이트가안돼?
No현정,1,2023-09-07 09:51:50,아니.왜 갑자기 안되는대?급해 죽겠는데
J Ryu,1,2023-09-07 09:46:49,무결성 확인 이랑 네이버로그인 오류가 나서 사용못하고 있습니다
Aster Johann,2,2023-09-07 09:45:21,서버 업데이트할 때 원상복구 할 백업을 만드셨으면 좋겠습니다.. 서버 업데이트 하다가 망가뜨리고 그냥 두시면 어떡해요.. 적어도 이전 버전으로 복구할 시스템은 하나 구비 하셔야 하지 않나 싶습니다
이서경,1,2023-09-07 09:44:21,앱 너무 후짐
A,1,2023-09-07 09:43:11,오늘도 무결성검증부터 먹통..버스비 1500원으로 올랐는데..버스타게 하려는 것인가 ..ㅎ
웨딩박사,4,2023-09-07 09:41:54,껐다켰다 반복해도 실행이안되요ㅋㅋㅋㅋㅋㅡㅡ
Zangs J,1,2023-09-07 09:36:49,지금까지 잘 사용하다가 오늘 아침부터 접속조차 안되네요? 계속 지우고 깔고 해도 업데이트도 안되구요. 어떻게 된건가요?
박의근,1,2023-09-07 09:35:03,지금 따릉이 앱을 켜도 업데이트가 0에 멈춰있는 문제 반복돼서 삭제 후 새로 설치하여 로그인중인데 9998 에러가 발생했다며 로그인되지 않습니다
홍진우,2,2023-09-07 09:32:06,편하게 잘쓰고 있었는데 출근시간에 앱이 고장나네요 티머니고도 안되고요
Cathy Kim,2,2023-09-07 09:23:12,잘 쓰다가 갑자기 어플 들어가지지지가 않음. 계속 기다려도 안되고 핸드폰 껏다켜도 안되고 어플지웠다깔아도 안들어가져서 택시타고감
송샘,1,2023-09-07 09:22:27,어플실행이 안될때가 너무 많고 연결도 너무 안돼요 하 ㅠㅠ
조경미,1,2023-09-07 09:22:27,따릉이 왜 먹통되죠???
이승철,1,2023-09-07 09:21:57,아오....답답해서 못쓰겟네... 무슨어플은 전원을껏다켜도 실행이안되네 ...걍 이용안할렵니다
김재은,1,2023-09-07 09:18:37,어제까지 잘만사용하다가 오늘 앱자체에서 통신장애가 났는지 앱 열면 무결점 검사중이라고 로딩만 계속 돌아갈뿐 그냥 먹통이라 사용을 못했습니다 하루빨리 개선되었으면 좋겠습니다
안녕,1,2023-09-07 09:13:40,갤럭시22울트라 지금당장안돼요
김주현,3,2023-09-07 09:10:31,평소엔 불만없이 잘타는데 오늘 갑자기 무결성 검사한다더니 완료되고 뜨는 시작페이지에서 게이지가 0%에서 안올라가네요 출근시간에 이게 뭔짓인지
ROCKY PARK,2,2023-09-07 09:08:11,평소에도 오류가 진짜 많은데... 오늘은 출근해야되는데 계속 켜지지를 않아서 딥빡ㅡㅡ
D.S Park,2,2023-09-07 09:06:53,오늘 따릉이 어플도 접속 안되고 고객센터도 계속 통화가 안됩니다 반납여부가 확인이 안되는데 어떻게 확인하죠?
Isaac Go,1,2023-09-07 09:04:16,아침에 출근길에 갑자기 스플래시화면에사 더 넘어가지 않네요 덕분에 지각했습니다 감사합니다
Sanggyu Lee,1,2023-09-07 09:03:09,리뷰 처음 씁니다. 이거 안되서 지각했어요. 아침시간에 안되는건 좀 아니지않나요?
이준호,1,2023-09-07 09:02:58,무결성 검증중에서 넘어가지 않습니다. 아무리 지웠다 깔아도 실행이 안됩니다..
Google 사용자,1,2023-09-07 08:58:03,결제가 한번에 된적이 없음
미미,1,2023-09-07 08:56:02,갑자기 앱 실행이 안됩니다
손건희,2,2023-09-07 08:53:59,자전거를 빌리는 거는 용이합니다. 그런데 이제 어플 자체가 안켜져요. 덕분에 출근 늦었네요. 무결성 검사? 그거한다고만 뜨고 어플이 켜지질 않아요
mememymein i,1,2023-09-07 08:52:27,따릉이 지금 오전 8시 5분부터 52분 현재까지도 켜지지않고 블랙아웃 먹통입니다 아무 공지도 안하시나요?
Kisu Kwon,5,2023-09-07 08:52:12,23.09.07 목요일.오믈 아침 앱이 먹통이에요 ㅠㅠ
SoulFree,1,2023-09-07 08:51:59,이젠 어플 실행하면 까만 화면만 뜨고 안들어가지네요.. 개발자분들 어플 관리 진짜 안하시네요.. 무선 이어폰 꼈다고 안빌려지고.. 몇년간 개선이 없어요 관리 좀 해주세요 제발
리치굿,1,2023-09-07 08:51:51,앱이. 안열려서. 반납을못해요
R A,1,2023-09-07 08:51:42,중요한 일정이 있어 따릉이 타고 이동하려 했는데 무결성 검증한다며 로딩이 안 돼서 좀 기다리다 세 번을 재설치했는데도 대여 페이지로 안 넘어감. 덕분에 예약한 셔틀버스 놓치고 예약금과 이동시간도 날림. 처음부터 지하철 탈 생각이었으면 여유 있는 시간이었는데 따릉이가 안 돼서 당황하다 욕봤네요. 토요일에는 잘 탔는데 왜 갑자기 안 되는 건지 모르겠고 무척 당황스러운 데다 화가 납니다. 믿을 만한 앱은 절대 아니에요. 꼭 시간 맞춰 가야 한다면 다른 수단을 이용하세요.
월광화영,1,2023-09-07 08:50:28,따릉이 어플 실행이 안돼서 직장 지각했습니다 무결성 검증 단계에서 한참 걸리더니 파일 업데이트 단계에서? 로딩이 안돼고 먹통이네요
All A-Round Player,3,2023-09-07 08:47:26,ONE UI 5.1 버전 업데이트 이후에 앱 실행이 안 됩니다
chan hee Park,1,2023-09-07 08:47:01,아니 무결성 검증어쩌고 하면서 작동안되는건 안고칩니까? 재설치해도 안되고 어플자체가 먹통되서 쓰지도 못하고 어쩌라는건지
정상화,1,2023-09-07 08:46:34,무결성 검사를 10분이상 하는 이유가 무엇인지요????
SH H,1,2023-09-07 08:46:17,무결성 검증한다고 어플 안열려요;
JY K,1,2023-09-07 08:45:23,장애나고쳐라 서버업체 유지보수 징계해라
오태성,1,2023-09-07 08:44:34,따릉이고 티머니go 고 서버터져가지고 자전거도 못타고 생돈써서 지하철을 타고 아침부터. 이러고나선 죄송하다 한줄 쓰고 끝나겠지 뭐
YR H,1,2023-09-07 08:44:00,실행안됨. 최악이네요
박상우,1,2023-09-07 08:42:46,오류 해결 방안이 없음. 콜센터 전화 안됨
SH Lee (The Korean Wolf),3,2023-09-07 08:42:18,2023년 9월7일-따릉이오류 발생. 무결성검증이라고 멈추더니...겨우 첫화면뜨니까 업데이트 0/100%에서 진행이 안됨.
명진우,1,2023-09-07 08:41:44,왜 로딩만 주구장창하고 켜지질 않는건데
KIM HS,1,2023-09-07 08:41:25,"화가 치밀어 오름. 특히 오늘같은 경우 아침에 급해 죽겠는데 30분이나 일찍 나왔는데 앱 자체 오류때문에 공지사항 들어가서야 겨우 확인함. 앱 오류 있다고 주변에 자전거 그대로 있고 사람들은 거의 몇 십분째 기다리는 중 전체 알림공지를 해야하는데 그것 조차도 안 함 따릉이 앱,자체가 안 열려서 티머니 고 앱을 통해 따릉이 9/7 에 오류있단,사실 겨우 알아차림. 그래서 급히 버스로 갈아탐 다른 사람들은 아직도 앱 시도중"
박모씨,1,2023-09-07 08:41:08,갑자기 무결성 검증 중입니다 무한으로 뜨는데 왜 이러는 거예요
이혜원 (BELL),1,2023-09-07 08:39:58,앱 안정성이 안좋네요. 아침에 타려고 앱 켰는데 무결성 검증 어쩌고 화면도 안캬지고 로그인도 안되고.
Alexa Jung,1,2023-09-07 08:38:22,갑자기 무결성검증중이라면서 앱 화면이 검게 변합니다. 계속 기다려도 첫화면에서 멈추고. 삭제하고 다시 깔아도 안 똑같은데 왜 이러나요?
실루드,1,2023-09-07 08:36:59,업데이트 이후 실행이 안됩니다
: winnie,1,2023-09-07 08:36:36,"2023년 9월 현재 따릉이 앱 업데이트후 ""무결성 점검중입니다."" 안내만 뜨고 이후 앱 실행이 되지않습니다ㅠㅜㅜ 살려주세요"
Royal Dia,5,2023-09-07 08:36:33,어플이 갑자기 먹통되서 다른 대중교통 이용했네요..ㅠㅠ잘되다 갑자기 아침에 이런일이 발생한건가요?
SW Shin,1,2023-09-07 08:32:30,실행시 무결성 검증을 하루종일 합니다. 다시 설치해도 마찬가지
K Doc.,1,2023-09-07 08:32:11,제대로 될 때가 없음
김떠중이,1,2023-09-07 08:31:45,연 이용권 구입함. 맨날 따릉이가 없어서 몇번 못탐.. 개짜증
이소은,3,2023-09-07 08:30:05,따릉이 어플 접속시 '무결성 검증중입니다. 잠시만 기다려주세요' 라고 알림이 뜨고난후 로그인이 되지않고 화면이 까맣게 멈춰버립니다. 어플도 삭제했다가 다시 설치해봤고 혹시나해서 핸드폰도 껐다켜봤는데 똑같네요.. 해결부탁드립니다
이승환,1,2023-09-07 08:29:46,아니 출근시간에 앱이 안켜지면 이게 어쩌자는 겁니까 가뜩이나 따릉이탈수있냐 못타냐가 30분넘게 차이나가지고 탈수있으면 무조건 타야하는데 일찍나와서 망정이지 무결성검증에서 넘어가질 않는데 제발 관리좀 똑바로하세요
재혀뮈,3,2023-09-07 08:29:36,출퇴근용으로 아주 잘 이용중 입니다. 다만 오늘 아침부터 어플접속이 안됩니다. 굉장히 당황스럽네요. 어플삭제 재설치 핸드폰 껏다켜도 안됩니다.
Andrew Kyoung Hooney KWAK,1,2023-09-07 08:29:18,2023 9/27 07시 50분부터 7시28분 현재까지 영등포구 일대에서 계속 따릉이앱 먹통입니다
SANGUK OH,1,2023-09-07 08:28:37,무결성 검증 뜨네 이딴앱 만들어놓고 월급이 목구멍에 들어가냐 이런 조잡앱 하나 못만들면 서 밥은 잘먹지? 진짜
Yujin Kim,3,2023-09-07 08:28:06,잘 사용하고있었는데 오늘 아침부터 어플이 응답하지 않습니다 ㅠㅠ 응답시간이 길어 핸드폰을 재시작하라는 팝업이 떠서 핸드폰 여러번 껐다키고 어플도 수차례 제거후 재설치했는데 같은 문제가 발생합니다.
김hy,2,2023-09-07 08:24:52,하필 출근시간에 안됨 미쳐
문보석,3,2023-09-07 08:23:08,지금 어플 안켜집니다.
김영훈,1,2023-09-07 08:21:19,어플을 이따위로 만들어놓고 평가 이벤트를 한다구요? 양심 있어요? 웹기반으로 만들지 말고 차라리 새로 하나 만들어요
리리,1,2023-09-07 08:21:05,"뭔 문제만 있으면 껐다켜래 어플속도, 인식문제 다 심한데 고치지도 않고 뭐하나요? 사기업도 아니고 공무원이 관리한다고 지원을 안해주나요? 느려터지고 시도때도없이 안되고 최악이네요"
seul-ki lee,1,2023-09-07 08:20:09,무결성 검증에서 안넘어감
뀨뀩꾸,1,2023-09-07 08:16:07,폰을 껐다켜도 안되고 앱 재실행해도 안되고 출근때마다 사용중인데 갑자기 이러면 어떡함?????????? 오늘 지각 확정 아...진심ㅠㅠ 무결성 검증중만 무한대 진짜.. 아침부터ㅠㅠㅠㅠ 고쳐주세요제발
con tigo,1,2023-09-07 08:15:11,출근시간에 무결성 검증 중이라고 안넘어감 다른 사람들도 안되는지 그냥감 따릉이 3년쓰면서 첨보는 오류
백만돌이,1,2023-09-07 08:14:05,오늘 왜 어플 작동이 안됨?
Dong kook Jang,1,2023-09-07 08:12:32,안됩니다 무결성검증만 무한으로 떠요. 재설치 해도 안되고 껏다 켜도 안돼요.
byungki kim,1,2023-09-07 08:11:40,왜 안돼나요... 앱사용이 ....
김하위,1,2023-09-07 08:10:32,어플 만든사람 뺨 올리고싶음ㅋ 무결성 검증이니 뭐니 하고 왜 다음화면 안넘어감? 덕분에 지각 안하게 택시타고 감
kiwook Kang,3,2023-09-07 08:08:33,무결성 검사가 뭔디 안되요 계속 지각할먼 ㅠ
GC LEE,1,2023-09-07 08:08:21,앱을 테스트도 안하셨네요 무결성검증에서 계속 먹통
김민재,1,2023-09-07 08:06:07,와이파이 연결이 됐는데도 검은색 로딩 화면만 뜨고 실행이 안됨 이것 때문에 지각할 뻔한 경험 다수 신뢰가 안되는 앱임
MerKury,1,2023-09-07 08:02:36,23.9.7 어플 실행 시 시작화면에서 멈춰 이용이 불가합니다. 에러 수정 부탁드립니다
BOMI CHOI (BAmi Log),3,2023-09-07 08:01:33,오늘 아침에 따릉이를 이용하려고하니 무결성 검증중입니다가 계속 뜨다가 검정화면으로 바뀌고 따릉이가 앱 접속이 불가능합니다. 지우고 다시 설치했고 핸드폰도 재시작했지만 결과는 같습니다. 5G 사용중입니다.
송바울,1,2023-09-07 08:01:00,무결성검증중 창만 계속 돌아가는데 확인요망
Harry Kim,2,2023-09-07 08:00:28,금일 8시쯤 무결성 검증 중입니다 라고만 로딩 뜨고 계속 열리지가 않았네요..앱 다운 상태였나요? 출근 시간에 다운되니 불편하네요
박선홍,1,2023-09-07 07:59:44,애초에 돼야지 비이이잉신 같은 어플
tkddus qkr,1,2023-09-07 07:59:09,문과가 니네보다 개발 잘할듯
Porter J,1,2023-09-07 07:58:31,무결성 검증 이라고 뜨더니 안되네여
궁내쳬고의씡카볼투수,1,2023-09-07 07:57:10,요며칠 따릉이 이용한 사람입니다 오늘 아침 이용 전만 해도 어플이 정상작동 되었는데 자전거 대여하려코 켰디니 오류난건지 계속 안되네요? 이런 경우가 어디있나요? 소홀한 어플관리 덕분에 1000원 지불할거 택시타고 갑니다 아침부터 짜증 제대로 나게 하시는군요 어플관리좀 제대로 하세요 좀
네찌미디어,3,2023-09-07 07:56:34,삼성 노트20 울트라 사용자 입니다. 금일 업데이트이후 앱 사용이 불가능합니다. 체크바랍니다.
AR IOCH KIM,1,2023-09-07 07:54:01,아니 어플 진짜 개같이 만들었네 무결성검증만 계속뜨고 꺼다가 다시켜서 해보라해서 하니까 안되고 출근시간에 이용하기에는 진짜 문제가 너무 많다
BbooBboong Bboo,1,2023-09-07 07:52:00,어제까지만 해도 잘 쓰다가 23.8.1 One UI 업데이트 이후 갑자기 시작 로딩화면을 못벗어나네요.
나물이,4,2023-09-07 07:50:01,잘쓰고 있습니다 그런데 오늘 자전거를 타려니 무결성 확인중만 계속 떠서 출근길에 심히 당황스러웠습니다 ㅠㅠ 확인주착드립니다 폰껏다 켜도 똑같아요...
떠오르는말야,1,2023-09-07 07:47:35,어플 오류가 너무 많아요. 오늘 아침에는 앱이 안켜져서 지웠다가 다시깔고 폰 재부팅해봐도 안열려요
박규혁,1,2023-09-07 07:44:10,ㅋㅋ ㄱ갑자기 반납이 안됨
정재엽,1,2023-09-06 20:23:35,"여의도에 자전거 하나도없음 여의도주민이 하나도못탈정도로 매일 자전거가 다른데로가면 (영등포,마포등) 더배치좀해여하는거아님,? 타고싶어서 집에서 1키로있는데있다해서걸어가면없고 없고없고 여의도가 큰데 전체에2대밖에없는경우도 빈번함"
X Hyde,4,2023-09-06 17:58:26,단체권 왜 사라짐?? 유용했는데
yongjin hwang,5,2023-09-06 17:36:13,대중교통 환승할때 최고입니다
남혜수,5,2023-09-06 16:21:34,이용권이 저렴해서 좋아요
하강뀨tv hayan,5,2023-09-05 23:09:33,따릉이 덕분에 교통비도 아끼고 건강도 챙기고 서울에 이런게 있어서 정말 좋네요 ㅎㅎ!!! 벌써 5년째 애용중이에요 감사합니다^^
SunJoo Yoon,5,2023-09-05 09:31:46,너무 좋아요ㅎㅎ걸어가기 애매한 거리에서 출퇴근시 잘 이용하고있습니다
Chotory,1,2023-09-05 08:56:39,"결제에러는 몇달째뜨는데, 당최 개선할생각이 없어보임"
김주원,4,2023-09-02 16:17:24,급한일이 생겨 반납처리 없이 이동했는데 상담사께서 친절히 도와줌
labubu,2,2023-09-02 15:58:39,아디찾기에서 아디를 다 알려줘야 찾지!!
유영규,1,2023-09-01 23:13:08,전형적인 탁상행정 어플 최악. 후회막심
Jaehee Hwang,4,2023-09-01 12:32:16,자주 연결이 안되는 경우가 있어요...제 핸폰이 문제인지 휴대폰을 껏다 키면 연결이 되더라구요. 어플이 완벽하지는 않지만 크게 불편은 없어요. 점점 좋아 지겠죠 ? 하여간 따릉이 시스템은 너무 너무 좋고 평생 애용할 예정입니다. 어플을 좀더 나이스하게 다듬어 주세요 ! 감사합니다 😀
jaehong lee,5,2023-09-01 08:14:01,서울에서는 이제 필수제가 되어버린 따릉이!! 없어지면 절대 안되요!!
JUNGWOO CHOE,1,2023-09-01 00:13:34,"결제 오류는 나만 있나. 홈페이지 가서 하라는데, 거기서도 안됨. 이래서 공공으로 세금쳐먹고 하는 일은 잘 되는게 없는 듯."
BBUNG BBUNG,1,2023-08-31 17:50:39,좋은 따릉이에 거지 같은 앱...하
김민재,4,2023-08-31 10:59:02,일단 교통비도 절약되고 편리하게 잘 이용중입니다. 근데 가끔씩 qr인식이 잘 안되는 경우가 있는데 그게 조금 아쉽네요
이승한,5,2023-08-31 10:44:21,따릉이 GPS 확인 및 거리기록이 남아서 좋았습니다 중간에 MMS로 반납시간 얼마 남았는지도 알려줘서 편했습니다!
ball ball,5,2023-08-30 23:16:05,따릉이 너무 좋아요^^
JUNGWOO KIM,5,2023-08-30 15:37:08,따릉이 앱이랑 함께한지 벌써 4년이네요.. 4년전에는 자전거도 많이 없고 앱도 사용하기 힘들었는데 지금은 많이 발전한 듯 합니다. 자전거도 늘었고 블루투스 연결도 잘되구요!! 앞으로 좀 더 발전하라는 의미에서 지도상에 시내 도로 통제현황 같은 정보를 실시간으로 표기해줬으면 합니다!!
조찬형,5,2023-08-29 17:56:14,따릉이로 출퇴근시나 가까운 장소 이동시 이동수단 으로 운동할때는 자전거 도로에서 운동 자전거로 넘넘 잘 사용 하고 있습니다
Silver Bong,5,2023-08-29 16:18:06,이 시스템을 사람들이 모르는 경우가 많다!!서울시민 이라면 이건 꼭 사용해야 함~정말 저렴하고 차막히고 할때 정말 최고예요!
noir pulp,5,2023-08-29 14:18:27,매우 편리합니다
Eve Lyn,4,2023-08-29 09:35:52,오류가 전보다 줄어 이용이 더 수월해졌습니다. 원격잠금기능이 추가되면 더 좋겠습니다.
송현분,5,2023-08-29 09:14:44,가까운 거리는 따릉이..^^ 따릉이 대여소도 많인지고 대여 반납도 편리하고 좋아요. 버스요금도 올라서 더 많이 이용할 생각입니다. 가끔 대여소에 따릉이가 없어 당황스럽기는 하지만 계속 이용할 생각입니다
명이,5,2023-08-29 08:55:19,가싸운 거리도 차로만 다니다 따릉이 이용후 운동도 되고 가격도 저렴해 왜이제야 이용해ㅛ을싸 하느뉴생각이 들었어요 . 사용도 편리하고 자전거상태도 좋아서 별5개입니다
익명의고양이 (익명의 고양이),5,2023-08-29 07:42:06,"교통비가 높아져가는 이 때, 서울따릉이만이 제가 세금 내는 보람을 느낄 수 있게 해 주는군요. 세금은 이런 데 쓰라고 내는거니까 가격 유지 바랍니다."
홍인선,5,2023-08-29 07:23:04,서울 내 전용 고급 이륜차~! 따릉이 덕분에 이동시간은 down! 건강수치는 up!
최석왕,5,2023-08-29 06:18:57,정말 편리하고 자전거에 기어도있어 오르막도 쉅게 올라갈수있어 너무 좋습니다.월결제 년결제시스템도있어 부담도없고 건강도 챙기고 너무 만족하면서 타고있습니다.짱짱!!
정말인데_모른대요,4,2023-08-29 05:53:46,"요즘 자전거 펑크, 인장 높낮이조절이 잘 안되요, 그외는 만족합니다"
Google 사용자,5,2023-08-29 01:32:41,이전보다 빠르고 정확도도 높습니다.
김서연,5,2023-08-29 01:21:36,놀러갈 때 따릉이를 많이 이용하는데 가까운 곳에서 이용할 수 있어 좋아요!
Yj L,5,2023-08-29 00:08:31,따릉이 덕분에 하체가 더 굵어졌어요
spalways,5,2023-08-28 23:31:46,출퇴근때 매일타요
오이행잡다한그림,5,2023-08-28 22:35:50,환경+절약+건강=일석삼조 따릉이
이원재,5,2023-08-28 22:17:50,애매한 거리나 유산소겸 자주타요~ 건강하게 즐길수 있어서 너무 좋네요 감사해요!
맨롱,5,2023-08-28 21:15:09,서울시내 어디든 실시간 검색이 가능해서 매우 유용합니다.
Hyun- Joo Seo,5,2023-08-28 21:02:11,쓰기편해요~ 출퇴근길동반자♡
김석진,5,2023-08-28 20:53:00,따릉이앱이 지도와 연동되어 있어 사용하기 편리하여 잘사용하고 있습니다. 대여시 번호를 잘못 입력하여 취소하고 다시 입력하고 싶은데 조회중이라 즉시 해제가 안됩니다. 대여취소를 빠르게 할수 있었으면 합니다.
chain J. (Gangnam_chain),5,2023-08-28 20:33:28,사용하기 편하고 이용요금도 합리적이예요. 외국 관광객에게도 편하게 사용하도록 잘 알려지면 좋겠습니다. 아쉬운건 출근시간 특정지역에는 자전거가 항상 부족합니다. 그래서 저는 사용하다가 포기했어요. 이용빈도가 많은 지역은 배치가 많이 되게 조정해주세요.
Sean R,5,2023-08-28 20:22:44,다 떠나서 따릉이 없으면 몬산다
박재영,5,2023-08-28 19:59:39,"따릉이덕에 출퇴근 시에도, 여행 목적으로도 잘 이용하고있고 각 대여소 별로 남은 댓수를 비롯해서 많은 유용한 정보가 담겨져있어서 굉장히 만족스럽게 사용하고 있습니다."
장소영,5,2023-08-28 19:45:06,예전에 비해서 많이 간편해졌어요 큐알 인식도 잘 되고 연동도 잘 됩니다. 근데 가끔 수리용 자전거이거나 다른 자전거로 바꿔서 대여하려고 반납처리 하면 버벅거려요. 그땐 앱 종료하고 다시 켜면 제대로 돌아와 있어서 로딩 안기다리고 바로 새로켭니다. 그 점만 좀더 원활하게 바뀌면 아주 좋을거 같아요!
채송재,4,2023-08-28 19:41:06,고장만 없으면 정말 펀하게 이용하고 있어요.
장현준,5,2023-08-28 18:49:23,Gooooooooood
원일,5,2023-08-28 18:47:55,따릉이 앱을 통해 출 퇴근을 해결하는 한 사람으로써 서울자전거 따릉이에 감사 표현을 하고 싶습니다 특히 새벽 시간 택시타기가 싶지 않은 상황에서 따릉이 덕에 편리하고 내 건강도 지키며 출근을 할 수 있어 더 할나위 없이 좋은 시민을 위한 서울자전거 따릉이에 감사한 마음을 가지고 있습니다 앞으로도 잘 이용 하겠습니다
ahreum lee,5,2023-08-28 18:09:04,너무 잘 쓰고 있어요! 덕분에 탄소절감도 하고 건강도 챙기는 기분입니다😆 요즘 노후된 따릉이도 수리되고 있어서 아주 쾌적한것 같아요. 좋은 공공 서비스 운영해주셔서 감사하구 앞으로도 쭈욱 계속되었으면 좋겠습니다!!!
윤빛기둥,4,2023-08-28 18:06:25,연결 오류나 자전거 점검에 조금 더 신경 써주면 훨씬 좋을 거 같음 전반적으로 만조하며 쓰는 중!
대의성,5,2023-08-28 17:42:41,"앱 속도 빨라졌어요. 티머니앱에 따릉이는 조잡스러운데, 따릉이앱은 글자 사이즈도 커서 나이든 어르신도 편하게 이용할 수 있다 하더라구요"
김인구,4,2023-08-28 17:22:55,"6년째 대중교통 대체 수단으로 유용하게 사용하고 있습니다. 아쉬운점은 블루투스 이어폰 착용 후 페어링 오류가 잦은점, 한번 대여가 안됬을때 바로 대여취소가 안된다는 점입니다. 그래도 따릉이 어플이 점점 개선되어가고 있어 좋습니다."
오대근,5,2023-08-28 17:06:34,저희 출퇴근 따릉이 이만한게 있나?
Y S,5,2023-08-28 17:01:04,건강해지고 재밌고 따릉이 짱!
한다운,5,2023-08-28 16:36:50,너무 늦게 따릉이를 이용해서 아쉬운 사람이에요 너무 좋아요 쉽게 이용가능하고 저렴하고 운동도 하고 너무 좋네요!!
Heaven is a world of love forever,5,2023-08-28 16:25:55,"따릉이와 함께한 1년 6개월, 급할 때마다 쌩쌩 달렸고 한가할 때는 여유롭게 서울을 누볐습니다! 고마운 내친구 따릉이~ 앞으로도 부탁한다!"
HS H (다시 직장인),5,2023-08-28 16:14:24,근처에 따릉이 많아서 한번씩 이용합니다. 근데큐알로 사용등록이 잘 안되서 매번 번호를 눌러서 사용등록해요. 조금 아쉬운 부분입니다. 그것 말고는 저럼하게 너모 잘 사용중입니다.
HYUNYONG PARK,5,2023-08-28 15:53:11,따릉이 덕분에 일상에서 탄소중립에 기여할수있고 가까운거리는 더 편리하게 이동할 수 있어서 좋습니다. 따릉이 관리하시는 분들 힘내세요
man suk kim,4,2023-08-28 15:45:40,모든면에서 만족한다. 다만 가끔씩 이용하는데 있어 오류가 발생 하곤한다.
Soeun Park (Chloe),5,2023-08-28 15:40:40,따릉이만 있으면 라스트마일도 부담없지요:D 잘 쓰고 있습니다.
Jung-Il Eom,5,2023-08-28 15:33:05,1년 정기이용권이 환승마일리지 혜택으로 혜자인듯 합니다. 대중교통과 따릉이를 이용하면서 체중감량과 함께 건강을 되찾았습니다.
in J,5,2023-08-28 15:27:27,좋아용
이미경,4,2023-08-28 15:10:45,편리합니다.다만 학교 근처에는 아이들 하교시간에 없을 때가 많아 이용권이 있어도 이용을 못하는 불상사가 생깁니다.
박수종,5,2023-08-28 14:53:10,공공 자전거 서비스가 굉장히 유용하네요. 다른 종류의 공공 서비스도 만들어주세요.
김인후,5,2023-08-28 14:24:24,저렴한 가격에 짧은 거리를 이동하기 너무 좋아요~
김은경,5,2023-08-28 13:43:00,"따릉이를 쉽고 편하게 이용할수 있어서 좋아요. 교통카드 연계해서 버스나 지하철을 환승하면 마일리지도 쌓을수 있구요. 자전거 보관소도 많고, 이용하기 편해요."
FRUY,4,2023-08-28 13:05:01,"교통비를 매우 많이 절약해주기 때문에 유용하게 쓰는 앱입니다. 자전거 대여 시 블루투스 연결할 때 페어링 실패하는 경우가 좀 있습니다. 평소에 무선이어폰은 쓰지 않고, 비행기모드 / 앱 끄고 켜기 / 폰 끄고 켜기 등을 다 하다보면 언젠가 연결 되겠죠.. 안 되면 뭐 걸어야죠"
frank lee,5,2023-08-28 12:58:56,꾸준히 문제해결하고 앱 관리해서 좋아요~!
keon san,5,2023-08-28 12:15:03,비용도 낮은데 자전거도 사실상 거의 무제한으로 탈수있어서 좋아요
김효경,5,2023-08-28 12:11:00,좋아요
임찬,5,2023-08-28 10:05:51,늘 감사드립니다
백호,5,2023-08-28 09:40:34,너무 유익하게 사용을 잘했습니다. 너무 편리하고 좋더라구요.
이진주,5,2023-08-28 09:02:34,"앱 통해 따릉이 위치확인, 잔여 자전거 현황 파악 및 반납이 용이해서 만족합니다! 또 불량 자전거 신고 서비스도 좋아요"
Yang Dennis,5,2023-08-28 08:56:50,오랫동안 벼르다가 처음 사용했는대 따릉이 진짜 대박이네요..
윤여훈,3,2023-08-27 20:58:33,"시간이 없을때 빨리 이동할수있지만,대여가 안되고 오류가 생길때 불편한거같아요."
chloe,3,2023-08-27 18:52:01,연결도 잘 안 되고.. 특히 데이터 킨 상태에선 다 실행되는데 따릉이 앱만 안 돼요..
헤헤헤,5,2023-08-27 18:23:40,벌써 따릉이로 출퇴근한지 1년이 넘었네요. 따릉이 정거장이 많아서 출퇴근 외에 장보러가거나 포장주문 픽업하러 갈 때도 잘타고 있습니다.ㅎㅎ 한달에 몇천원만 내면 서울에서 언제 어디서든 자전거를 빌릴 수 있다는게 정말 좋은거같아요^^
play ball,1,2023-08-27 00:38:10,왜 어플 실행이 안되나요?
한승순,5,2023-08-26 23:22:50,출퇴근 시간 잘 이용하고 있어요~~! 여름엔 더워서 출근시간은 못타고 퇴근시간만 타고 있었는데 이젠. 선선해져서 출근시간도 다시 타야겠어요. 앞으로도 잘 이용하겠습니다 ♡
이인이_나이지리아,4,2023-08-26 14:34:20,"일주일전 따릉이를 처음 시승해 보았습니다. 한강을 따라 자전거를 타면서 꽃도 보고 나무, 풀들을 볼수 있어 매우 만족스러운 시간이었습니다. 한시간 반쯤 타고나니 운동도 되고요. 앞으로 자주 이용할 생각입니다. 도시에서 빌리는 지전거 말고 한강길을 따라 자전거를 배치해 주시면 더 좋겠다는 의견을 남깁니다. 지전거 정류소까지 올라갔다 내려갔다 하려니 조금 힘들어서요 ^^"
Y SS,5,2023-08-25 19:09:48,늘 잘 사용하고 있습니다. 가끔 대여/반납시 연결이 느리거나 오류가 있는 경우도 있지만 대체로 잘되는 편이에요. 앱 리뉴얼되고 나서 훨씬 개선된게 느껴집니다. 보기 편하고 메뉴들도 간결해져서 이용하기 편합니다.
김호호,5,2023-08-25 19:08:45,편리하게 사용중이예요 다만 가끔 큐알이 연결이 안되어 불편 할 때가 있는데 다른 자전거 큐알을 대면 또 연결이 되더라구요
yumi m,4,2023-08-25 16:36:48,간편해서 자주 타고 있어요.
kkk lee,5,2023-08-25 16:27:58,언제 어디든 간편함.버스보다 빨라요
허진희,5,2023-08-25 16:09:03,출퇴근 지하철역에서 회사까지 잘이용하고있어요
김동우,5,2023-08-25 15:56:21,택시 잡기도 그렇다고 대중교통이 애매한 여의도 에서는 비싼 주차비로 인해 따릉이를 자주 이용하고 있습니다. 주말은 이묭자가 많이 따릉이를 찾아서 많이 걷기도 하지만 다른 어떤 교통수단 보다 따릉이가 최고예요. 한마디로 따릉이 없인 못살아 ㅋㅋㅋㅋ
di po,5,2023-08-25 15:46:09,자전거 타고 운동하려고요~ 좋아요!!
랑돌,4,2023-08-25 15:45:33,방학 때 따릉이로 운동합니다... 아직까지 크게 불편한 점은 없었지만 큐알코드 인식이 빠르게 되지않는 점 하나만 빼면 괜찮았습니다. 앞으로도 종종 타고 운동하려고 합니다
이주영,5,2023-08-25 15:23:14,따릉이 너무 좋아요.어디서나 쉽게 이용 할수 있어요. 서울에 자전거도로가 없는곳이 너무 많고 인도가 좁아서 다니기가 불편하지만 저렴한 가격에 최고예요. 거치대가 큰도로 위주인것이 아쉽지만 주택가에 있으면 좋겠습니다.
삼십춘기,3,2023-08-25 13:43:36,대여소 늘려주세요 자전거 없는 곳은 맨날 없고 찾으러 다니는 것도 힘들어요
김대영,5,2023-08-25 13:21:17,일상 속에서 편하게 타는 자전거!
김미래,5,2023-08-25 13:09:07,"최대로 잘 누리고 있는 서울시 혜택+_+ 건강도 좋아지고 교통비용도 아끼고 정말 만족스럽습니다. 가끔 페어링 오류가 뜨긴 하지만, 앱 다시 접속하면 되더라구요. 앞으로도 꾸준히 이용할게요."
송희정,5,2023-08-25 12:43:49,일단이런게잇다는게자체가너무도고맙고좋고너무도잘사용하고잇습니다 서로서로아끼고내자전거처럼 잘사용하고주차도잘해서 오래오래마니쭉유지하길진심으로바라구요 점점더발전하는업그레이드되는 따르릉이가되길바래요
kasey kang,4,2023-08-25 12:18:50,따릉이 사용 너무 좋고 즐겁습니다. 다만 앱 연동 오류날때가 자주있습니다. 실패시 다시 시도할때도 시간이 오래 걸립니다. 안정화가필요합니다.
념코카,5,2023-08-25 11:12:08,조와요 대여반납도 잘 되는거 같음
지니,5,2023-08-25 11:07:01,여기저기 다닐때 정말 도움이 되고 가성비가 좋아 애용하고있습니다. 더 커져서 전국으로 획대되면 좋겠어요
Ernest Sundance,5,2023-08-25 10:25:36,여자친구랑 어디갈때계속쓰고 한강 데이트할때도 너무 유용~
한정수,5,2023-08-25 09:29:20,"마을버스 기다림없이 집에서 지하철까지 빠르게 이동할 수 있어서, 저렴한 가격으로 유용하게 이용하고 있어요 :)"
파전해물,5,2023-08-25 09:22:17,최고임 진짜.. 가성비도 너무 좋고 가까운거리 이동하기도 너무 좋고 운동도 되고 액티비티도 겸할수 있는 최고의 사업.. 제발 이대로만 평생 해주세요.. 짐 고정 로프도 있고 자전거 신형은 반납하기도 너무 쉽고 깔끔하고 의자 조절도 편하고 진짜 완벽함.. 진짜.. 세금이 옳게 쓰이는 몇 안되는 예. 진짜 최고임. 이런사업이 진짜 시민한테 실질적으로 도움이 되고 유용한 사업인듯. 국민 건강 증진에도 도움이 되니까 진짜 좋은듯. 어느정도 적자가 나더라도 꾸준히 유지해 줬으면 좋겠음
신동준,5,2023-08-25 09:19:12,좋네요.
김짱두만,5,2023-08-24 20:19:50,따릉이 너무 편리하게 잘 시용하고 있습니다! 어플 개선을 통해서 더 바르고 신속하게 이용할 수 있게 되어서 좋아요! 이전 보다 인식하는 속도가 확실히 빨라졌고 그 전에는 대여를 하려고 하는데 자꾸 반납했다는 페이지가 나와서 대여시 불편했어요 어플에도 신경을 많이 써주시는 것 같아요! 그리고 고장신고도 아주 편리하구요 감사합니다!
한바오로,5,2023-08-24 18:15:51,버스나 차로 애매한 거리와 출퇴근 짱!!!
김동현,5,2023-08-24 14:55:22,없었으면 교통바 폭탄
자넨누군가,5,2023-08-24 14:18:16,시민들에게 꿀이되는 복지서비스이다 서울 행정중 손에 꼽히는 업적중 하나
이지한,5,2023-08-24 12:05:14,따릉이어플을 이용하면 편리하게사용할수있어요. 처음에는 조금 어려울수 있어요.
Gee K,5,2023-08-24 11:53:48,"지하철 역이 걸어가기엔 좀 멀고, 버스도 기다리는 시간이 있는데 따릉이가 있어서 너무 편하게 출퇴근하고 있어요. 날 좋을 땐 따릉이로 한강 산책도 하고, 버스 끊겼을 때도 광역버스정류장까지 잘 이용했어요. 임시잠금 되고 바구니도 있으니 가볍게 장 볼 때도 따릉이가 유용합니다. 저희 동네는 중고등학교도 있고 출퇴근 회사원도 있어 따릉이가 너무 인기라 집앞 보관소엔 따릉이 부족인데 해결하기 위한 대책을 마련하고 있는 것 같아 다행입니다. 앞으로도 잘 이용할게요."
왕벚나무 (나무),5,2023-08-24 10:09:45,항상 잘 이용하고 있습니다. 따릉이 최고!!
조혜경,4,2023-08-24 10:04:16,메뉴가 구체적이고 다양해진것 같네요. 사용하면서 계속 불편사항을 개선하면 될듯합니다
맹승현,5,2023-08-24 08:49:06,좋아요
작은새,5,2023-08-23 16:20:35,출퇴근시 잘 사용하고 있습니다!!
강은하,5,2023-08-23 03:51:15,지도로 정류장보기도 편하고 좋아요. 출퇴근길 도보는 부담되는 거리고 버스노선이 하나고 배차간격이 길다보니 따릉이를 이용 하는게 훨씬 편하고 좋네요
노래듣는게쩰좋아-,5,2023-08-22 23:29:33,출퇴근길 지하철 1정거장인데 운동할겸 매일아침 자전거 타고 출근하니 몸도 마음도 정말 좋은거같아요ㅎㅎ 너무 너무 애용중입니다!! 다들 안전하게 타세여
추현규,5,2023-08-22 17:26:50,서울시민의 발로써 큰 역할을 하고 있습니다. 마일투마일 에서 강점을 보이는 따릉이 앞으로도 잘 부탁해
송유미,5,2023-08-22 16:47:55,가까운 거리 타고가거나 가끔 자전거 타고싶을때 타면 좋아요 자전거 전용 길이 많이 생겼음 좋겠어요 :)
정준성,5,2023-08-22 16:08:41,건강하게 경제적으로 서울 시내 이동하기 좋습니다!
Sungmi Lee,5,2023-08-22 15:09:03,"따릉이앱으로 출,퇴근,운동이 편해요. 앱도 불편함 없이 잘 쓰고 있어서 너무 좋아요!"
조아영,5,2023-08-22 14:58:53,자유롭게 사용하고 반납할 수 있어서 참 좋습니다. 많이 보급되면 좋겠어요.
조현철,5,2023-08-22 13:41:14,다좋은데 결제 방법이 조금 더 다양했으면좋겠어요.
허재석,5,2023-08-22 13:41:05,따릉이 편하고 좋네여ㅎㅎ
q낑깡,3,2023-08-22 13:40:20,페어링이 언젠가부터 잘안되네요ㅠㅠㅠ 옛날에 쓸땐 이런적 없었는데 오랜만에 새로깔고 타려니 페어링안됨... 비행기모드바꿨다가 다시연결하면 되간한데 이것도 가꿈 안돼서 여러번 시도해야함...
구본무,5,2023-08-22 12:25:37,앱 사용하기 편하고 깔끔합니다 가끔 연결 안되는 문제는 기다리면 해결됩니다.
준영,5,2023-08-22 12:14:06,편리해요
배민식,5,2023-08-22 12:12:14,편리합니다
이준하,4,2023-08-22 11:43:27,예전에는 qr연결이 끊어지고는 했는데 요새는 연결도 잘 되고 좋습니다. 앞으로도 잘 관리되었으면합니다
두유노샘숭,4,2023-08-22 11:38:32,대여시 간혹 여러번 시도해야하는 경우를 제외하고 안정성이 많이 좋아졋습니다 블루투스쪽으로 연결만 개선이 되면 100점 될것 같습니다ㅎ
김은주,5,2023-08-22 11:14:08,서울시내 교통으로 짱 입니다 버스보다 빨라요 앱이 잘 되어 잇어서 이용하기 편해요
쑤지니아범,5,2023-08-22 10:52:36,환승할때나 운동이 필요할때 아주 요긴하게 쓰이며 나를 한층더 업그레이드 해주는 좋은 어플인것 같습니다
다니엘찬,5,2023-08-22 09:36:12,"유럽에서 시민들이 편하게 공공자전거 이용하는거 보고 참 부러웠는데, 서울자전거 따릉이 이용해 보니 이만한 게 없네요^^ 저렴한데다가 곳곳에 자전거 대여소가 있어서 가까운 곳은 굳이 자동차 안타도 되겠어요~~"
Junbin Im,2,2023-08-22 08:39:49,블루투스 새로켜도 연결이 원할하지않음
조은영,4,2023-08-22 08:35:43,퇴근을 따릉이로 하고 있는데 사람들이 밀리는 시간이 아니라서 그런지 잘 이용하고 있습니다. 다만 자전거가 없는 경우가 있는데 2대미만 혹은 1대 있을때에도 재배치신청을 할 수 있었으면 좋겠습니다. 2명이 같이이용할 때는 불편할것 같습니다
문하윤,5,2023-08-22 08:26:15,서울시 공유 자전거 따릉이 매일 잘타고 다니고 있습니다. 그야말로 혜자라 할수있지요 ㅎㅎ
윤여운,5,2023-08-22 08:22:49,너무 편리해요 따로 보관할필요가 없고 무엇보다 가성비가 최고에요. 관리하기가 쉽지 않을것 같지만 너무너무 감사합니다
이혜수,5,2023-08-22 03:34:57,걷거나 버스타기 애매할 때 이용하고 있는데 편리하네요~
진보라,5,2023-08-21 20:46:50,사용하기 편리합니다. 환경에 도움도되고 건강도챙기고
태현,1,2023-08-21 19:26:24,제발 연결좀한번에되게해주세요 진짜 맨날할때마다 화나네요
Sean Kwon,4,2023-08-21 18:39:36,개선의 여지는 있지만 잘쓰고있습니다. 따릉이 칭찬합니다
KYOUNG DEOG PARK,5,2023-08-21 18:39:26,대중교통을 이용하기 애매한 경우(거리가 가까운데 대중교통으로는 돌아가는 경우) 저렴한 가격인 1000원으로 빠르게 이동할수 있어 넘 좋았어요 ^^
꾸이꾸이,5,2023-08-21 18:34:23,"따릉이를 올 봄에 처음 쓰고 있는데요 신세계네요~ 왜 진작 안썼는지 후회가 될 정도에요~ 걸어가긴 멀고 버스타긴 애매한 그런 거리들 사이에서 이용해도 좋구요, 운동이나 기분전환겸 타기에도 좋고 가격도 저렴해서 너무 좋은 서비스 같습니다."
박지환,5,2023-08-21 18:26:34,"작년 가을에 처음으로 따릉이를 이용하기 시작했는데, 앱 인터페이스 자체도 이용하기 쉽고 무엇보다 가격이 싸서 좋아요. 저는 1년권 이용해서 이제 곧 만료되는데 한 번 더 결제할 의향 있습니다. 서울시에서 하는 거라 웬만한 사설 업체보다 믿을 만합니다. 실제로 저번에 따릉이 대여 관련해서 전화로 상담했을 때에도 직원분들이 친절하게 대해주셔서 너무 기분이 좋았고요. 앞으로 더 발전할 따릉이를 기대합니다! 그리고 이건 좀 번외이긴 한데, 따릉이라는 이름 누가 지었는지 너무 귀엽고 입에도 잘 달라붙는 것 같아요"
진민관,5,2023-08-21 18:16:43,2년째 이용 중입니다. 앱 이용이 편하고 좋아요~~
범종윤,3,2023-08-21 17:55:38,앱 반응 속도가 느리고 표시된 것과 다르게 실제 정류소에는 자전거가 없는 경우가 있습니다.
Haehye,5,2023-08-21 17:36:52,가까운 거리에 있고 사용하기가 편하여 너무 좋습니다. 착한 가격 역시 최고입니다.
Joonhwan,5,2023-08-21 17:34:19,항상 잘 이용하고 있습니다!
임순주,5,2023-08-21 17:15:26,사용이 편리해요.
alicia jang,5,2023-08-21 17:15:02,앱 속도 좀 더 빨라짐 좋겠고 따릉이 없는 곳 신청하면 빨리 채워주세요
골드피쉬,5,2023-08-21 17:07:27,"한강, 중랑천, 우이천 이용하는 고정 따릉이고객 입니다. 앞으로도 계속 이용할꺼에요 너무 좋아요 감사해요 그런데 한강, 중랑천,우이천 나가는 입구에 따릉이 대여소가 있는곳을 표지판이나 그림으로 알려주시면 안되나요? 어렵겠죠? 암튼 최고입니다."
Kyungtae Lee,5,2023-08-21 16:59:34,"좋아요. 특히 블루투스로 연결되어 빌리기, 반납이 잘 되어서 좋습니다."
SH KIM,4,2023-08-21 16:54:56,- 대체로 깔끔한 UI 디자인 - 자동로긴 지원필요 (매번 로긴시 비회원 초기화면) - 실제 잔여대수와 앱상의 가용대수가 불일치하는 현상 개선필요함
현지,5,2023-08-21 16:53:36,"따릉이가 있어서 서울을 마음껏 누빌 수 있어요! 서울특별시 최고의 자전거, 따릉이 최고!"
Seon-uck Lee,4,2023-08-21 16:52:42,자전거 반납시 반환 레버를 내린 후 밬납 처리 안 되는 경우가있어 푸시 설정에서 임의 설정시간 단위로 알려주는 푸시기능 요청.
이윤성,5,2023-08-21 16:46:29,좋아요
전수진,5,2023-08-21 16:44:07,교회가 멀리 있어서 가기가 불편한데 따릉이가 있어서 가기도 편하고 운동도 되고 좋습니다.
Steve lee,5,2023-08-21 16:42:37,따릉이 정기권 이용중입니다. 주3회정도 1시간정도 지속적으로 타다보니 운동도 되고 살도 빠지고 탄소배출도 줄일수 있으니 일상생활과 환경에도 도움이 많이되네요.
이희정,5,2023-08-21 16:39:45,편리하고 친절해요^^
노재철,5,2023-08-21 16:33:16,자주 애용합니다! 좋아요^^
Zion Ko,5,2023-08-21 16:31:48,열심히 이용중이에요!! 계속 진행해주세요~~ 감사합니다:)
Jsk August,5,2023-08-21 16:23:27,너무 좋아요!!
지우일,5,2023-08-21 16:20:55,가끔씩 오류나는거 빼면 다 좋아요 아주 잘 타고 다니고 있어요 😸
박진완,5,2023-08-21 16:17:11,이용료 저렴하고 이용이 편리해서 좋아요.
King Lee,5,2023-08-21 16:00:46,코로나 시대를 지나는 시점에 정말 좋은 서비스입니다 대여장소에 손세정제도 있고 어플로 합리적이고 편리합니다
이수진,4,2023-08-21 16:00:25,따릉이는 저의 최우선 교통수단입니다. 보이는곳이 어디든 대여 가능하고 편리한 곳에 반납이 가능하니 자전거를 끌고 다니지 않아도 되어서 좋아요. 따릉이를 이용하려면 따릉이 앱이 필수죠. 사용하기 심플해서 어렵지않게 따릉이를 이용하고있습니다. 한사람이 두대도 빌릴수있는 기능이 추가되면 좋겠어요!
Eun Shill Kim,4,2023-08-21 15:58:09,사용하기편해요
Manwoo Park,5,2023-08-21 15:41:49,앱 디자인 메뉴등엔 문제 없습니다 다만 자전거보충 등 사용자 요청에 대한 보충결과 등 시스템 응답 등이 즉시 표시되도록 조금더 발전햤으면합니다
박지혜,5,2023-08-21 15:23:31,따릉이는 서울시민을 위한 최고의 교통수단이에요:) 사용도 쉽고 오류도 적고 위험도도 낮고 좋아요!
Bellic Niko,5,2023-08-21 15:06:46,가성비 좋습니다
Vise Versa,3,2023-08-21 15:00:40,공공자전거라 손잡이 끈쩍거리고 불쾌해요ㅠ
김보열,4,2023-08-21 14:44:50,핸드폰을 삼성폰으로 바꾸고나서 페어링이 한번씩 안될때가 있는데 비행기 모드 했다가 다시 풀면 연결되요. 해결책은 있으니 별4개.
이유진,5,2023-08-21 14:43:42,실시간으로 자전거 잔여 수량이 맞는 편이예요
David Hwang (builder),3,2023-08-21 14:35:07,"따릉이 매니아 입니다. 앱 장애가 심해요. Qr은 동작되는 걸 못봤구요. 담당 회사가 티머니인지 어딘지는 모르겠지만, 성찰하세요."
네모난농부,5,2023-08-21 14:31:41,서울시민복지중 가장마음에 들어요
배태석,5,2023-08-21 13:58:17,자전거를 사용하기는 편리하다 다만 아쉬운점은 거치대에 자전거 수급을 빨리해주길 바란다.
soyo min,4,2023-08-21 13:56:17,따릉이 정기권 이용하고 있어요.편리하게 이용하고 있지만 따릉이 연결이 원활히 안될때가 있어서 개선해주시면 좋겠어요.
몰라요,5,2023-08-20 19:08:24,따릉이 없으면 왕복3시간30분 출퇴근 못해요. 이벤트도 많아서 진짜 공짜수준으로 타요. 가끔 자전거가 아예 없는데 가능하면 골고루해주심 더 좋구요. 너무 너무 감사합니다. 😚
김태경,5,2023-08-20 16:23:26,아이가 10살이 되어 자전거를 배우고 싶어하는데 자전거를 사두기에는 공간도 부족하고 이용할일은 적을것같아서 고민이었는데 새싹따릉이 덕분에 잘 배우고데이트도 자주하게 되었네요 새싹 따릉이가 어느 학생의 제안으로 만들어졌다고 들었는데 목소리를 내어준 친구와 제안을 듣고 실행해 준서울시 모두에게 감동이네요 대여와 반납도 아이가 하기에도 어렵지않아서 잘 이용하게 될듯하네요 한가지 아쉬운 점이 있다면 전에 있었다는 단체권이 있다면 휴대폰이 없는 아이와 이용할때 좀 더 수월할것같습니다 좋은 시설 편하게 잘 이용할께요~~👍
정연두,4,2023-08-20 08:25:08,직관적이고 이용하기 편리해요!
S.J,5,2023-08-20 05:16:43,앱이 무겁지 않아서 앱 이용시 오류나 딜레이없이 잘 구동되구요 이용가능한 자전거 현황도 잘 표시되어 이용하기 좋은것 같아요 다만 고객센터 연결시 시간이 오래걸리는게 좀 아쉽습니다
닥터고든,5,2023-08-20 05:12:42,"처음에는 응답속도나 인터페이스가 완전하지 않은것 같았는데, 이제는 전혀 불편함을 못느끼고있어요. 발전하는 따릉이앱인것 같아서 내가 키운것 같이 뿌듯합니다.따릉이 절대 없애면 안됩니다요!"
Chan hyung Lee,1,2023-08-20 01:26:48,따릉이가 반파가 나서 환블요청을했는데3일까지 걸린다 하시네요집까는 걸어가야하네요다른분들이 이런 피없으시길 바람니다
이수연,4,2023-08-19 20:22:35,"따릉이 사용한지가 4년째입니다. 대체적으로 레이아웃이 양호한 편입니다만, 시스템적으로 보안이 필요해 보입니다. 5번중에 3번꼴로 큐알코드 한번만에 연결된 적이 없습니다. 두서너번 대여취소를 하고 앱닫기 누르고 재연결을 시도한 적이 있습니다. 사람들이 거의 사용하는 블루투스 기기인데 타 블루투스 연결 충돌로 인식이 안된다는 오류 역시 시정할 필요가 보입니다."
J K,5,2023-08-19 15:05:30,너무 잘 사용하고 있습니다. 이런 공공서비스 확장되었으면 좋겠어요.
이상민유튜브,5,2023-08-19 09:04:25,"따릉이 타려면 따릉이 앱 사용은 필수고, 사용하기 쉽고, 친환경 생활의 기본이라서 믿음이 더 가네요.!"
김정구,4,2023-08-19 08:47:36,근거리 이동 시 자가용 차량 대신 따릉이를 이용하면 주차 걱정도 덜고 주차비도 아낄 수 있어서 매우 만족스럽게 이용하고 있어요. + 온실가스 Zero! 대기오염물질 Zero! 고질적 문제인 페어링 실패 문제만 개선되면 더 좋겠네요. 이 부분만 개선되면 별 다섯개요.
김솔지,5,2023-08-18 21:30:44,앱 사용이 직관적이고 편리해요! 따릉이 대여소를 앱 자체에서도 장소별로 쉽고 더 빠르게 찾으면 좋겠어요.
조현상,5,2023-08-18 21:08:09,버스를 이용할 비용에 따릉이를 이용하면 돈도 절약되고 건강도 좋아져요. 따릉이가 천원에 하루종일 탈 수 있기 때문에 아주 가성비가 좋은 거 같아요. 따릉이 자전거도 안장도 잘 맞고 친구들에게 추천하기 딱 좋아요
Josephine Ddukbo,5,2023-08-18 19:00:01,전반적으로 잘 사용하고 있는데 대여취소 후에 버퍼링 시간이 있어서 해당 문제만 개선되면 좋을 것 같습니다
JH J,5,2023-08-18 16:37:36,큐알로 빠르게 인식할 수 있어 편하게 이용 가능 합니다
안상언,5,2023-08-18 16:17:55,길가다가 언제든 필요할 때마다 탈 수 있는 대중교통이란 점이 완벽합니다.
youngji lee,5,2023-08-18 16:12:58,대여하기에 가끔 오류가 날때는 있지만 따릉이 어플을 아주 잘 사용하고 있구요. 예약제도가 있다거나. 따릉이가 많은곳이서 없는 장소로 이동해줄 경우 포인트를 주면 좋을것같아요
ᅳᅳ,5,2023-08-18 15:56:00,기본적으로 필요할 때 바로바로 이용권을 결제하고 자전거를 대여할 수 있도록 시스템이 잘 갖춰져 있기도 하지만 금요일 늦은 저녁과 토요일 오후에 고객센터에 급하게 연락드릴 일이 있어 연락드렸는데도 친절하게 답변해주셨습니다! 일주일에 한 번씩은 꼭 이용하고 있지만 늘 만족합니다 :)
박찬경,5,2023-08-18 15:52:20,정말 따릉이 시도하신 서울시장님 정말 감사합니다. 더욱더 시민을 위한 정책 해주십시오.
장한별,4,2023-08-18 15:30:51,QR 인식이 가끔 안 될 때도 있지만 티머니와 연동되서 너무 좋습니다. 그리고 매일 따릉이 타고 다니는 사람으로서 이젠 없으면 안 되는 존재다.
hl y,5,2023-08-18 14:57:21,너무 좋은 제도입니다 따릉이는 사랑입니다 💚
장주은,5,2023-08-18 14:41:10,비교적 깨끗하고 잘 정비가 되어있어요~이용자가 깨끗이 이용하면 좋겠어요!쓰레기는 본인이 처리하고요
안효민,5,2023-08-18 14:24:42,퇴근길에 자주 이용하는데 아주 만족합니다. 갑자기 서비스 중단이 안되길 바랄 따름입니다.
민지애,4,2023-08-18 14:23:50,따릉이 이용하는데 쉽게 할 수 있어서 넘 좋아요
김주현,5,2023-08-18 14:18:52,따릉이 어플로 쉽게 빌릴 수 있어서 너무 좋아요~~! 따릉이가 더 많이 있었으면 더 좋을 것 같습니당~^^
김연수,5,2023-08-18 14:08:32,첨에 따릉이 깔았을때 앱 실행이 안됬는데 다시 설치하니까 잘 되네요!! 가까운 거리 이동할때 잘 쓰고 있어요!!
H K,5,2023-08-18 13:44:03,따릉이는 이동수단으로 저는 최고입니다. 잔고장이랑 부족분은 바로 앱신고하면 해결되더라고요. (단 페어링실패라고 자주 나오는건 업데이트부탁드립니다.) 계속 잘 운영되었음 합니다.
남명호,4,2023-08-18 13:37:58,갤럭시워치를 통해서 따릉이 대여가 될 수 있도록 추가 개발 되면 좋을 것 같습니다.
권용성,5,2023-08-18 13:22:18,3년 동안 꾸준히 출근 따릉이 촤고♥
이현민,5,2023-08-18 13:21:29,서울 이사와서 어제 처음 써봤어요. 1시간권 썼는데 오고가고 가성비 너무 좋네요. 1시간 알차게 썼어요. 위치 수량까지 파악되니까 더 좋은거있죠. 세상 진짜 편해졌다 생각드네요. 기간 설정해서 나눠타는권도 있더라구요. 다음엔 그걸로 해보려구요. 곧 가을이니 더 시원하게 탈 것 같아요. ^^
난누구게,5,2023-08-18 13:19:18,일상생활에서 자주 사용하게 되는 친환경 이동수단입니다. 곳곳에 정류소가 많아져서 사용에 유용합니다
신재일,5,2023-08-18 13:10:59,서울구석구석 연결되어 너무나 편하게 이용하고 있어요 서울근교인 광명 부천 등 경기도로도 확장되었으면 더욱 편리할듯합니다
조세호,4,2023-08-18 13:00:41,정기권사용하면 싸고 편하고 좋아요 인기있는지역에서는 따릉이가 없어 불편할때도 있습니다
Seung-hyub Jeong,4,2023-08-18 12:55:55,따릉이 앱과 티머니앱의 이벤트나 환승혜택을 통일해서 일관되게 해주셨으면 좋겠습니다.
박찬영,5,2023-08-18 12:39:36,따릉이 정말 잘쓰고있어요! 편리한 이동수단 많은사람이 알았으면 좋겠어요~
이은아,4,2023-08-18 12:32:28,가까운거리 걸어도 좋고 자전거로 이동해도 좋구요. 이벤트 있을때 앱 버벅거리는거 제외하면 이용하는데 어려움 없습니다.
신가네,4,2023-08-18 12:17:00,단순해서 사용하기 좋습니다. 지도에 자전거 수량이 나와 한눈에 알수있어 좋습니다
아아,4,2023-08-18 11:59:00,주변에 따릉이를 어떻게 이용할수 있는지 바로 확인할수 있어서 좋습니다
이미자,4,2023-08-18 11:42:56,"출퇴근 하거나 집 근차 가까운곳 방문 시에 잘 활용하고 있어요, 앞으로 자전거 도로가 더 확보되고 여러 사람들이 많이 이용해서 환경에 도움이 되길 바랍니다."
양승일,5,2023-08-18 10:52:15,서울 구석구석 다니기 너무 편리합니다. 최고에요
홍뮤직 HM,5,2023-08-18 10:48:35,따릉이 덕분에 운동을 열심히 하게 되었어요. 특히 1시간 권을 구매하면 24시간동안 자유롭게 한시간을 이용할 수 있어서 정말 편리해요!^^
김진국,5,2023-08-18 10:42:45,편하게 이동하구 싸구 좋아요
은준우,5,2023-08-18 10:40:40,확실히 초창기 작년보다 기능이 좋아졌고 블루투스 연결할때에 아직도 연결이 안되는 경우도 있으나 점점 나아지고 있어서 좋은거 같아요
최정훈,5,2023-08-18 10:34:16,다좋은데 가끔 연결이 안돼서 슬퍼요~
피인,4,2023-08-18 10:25:44,"자전거를 어디서든 빌리고 버릴 수 있어서 좋습니다! 지도로 정류장 보기도 용이하고 편리합니다. 정말 잘 이용하고 있습니다. 요즘은 대중교통 보다도 따릉이를 타게 되네요. 다만 페어링 오류(같은 자전거를 또 빌릴 시, 자전거가 새로 대여되었다가 다시 대여취소가 되는 것을 무한반복)가 조금 잦은 것을 수정해주셨으면 합니다. 고장신고기능에 5분간만 대여정지같은 페어링 끊기 기능을 넣어주시면 좋을 것 같습니다."
김민희,5,2023-08-18 10:08:28,"퇴근 길 함께 하는 따릉이:) 한강길 따라 자전거타고 퇴근하다보니 풍경보며 힐링됩니다. 장기 이용권 끊어놓으면 더 경제적, 효율적으로 이용가능합니다. 임시잠금기능도 있어 좋습니다. 타다가 상태가 좋지 않은 자전거일경우 다른 보관장소에서 환승도 가능하구요.^^ 좋습니다. 앞으로 낡거나 고장난 자전거 관리도 잘 부탁드립니다!"
정옥균,5,2023-08-18 09:52:00,정말 굿입니다
몹시에뽀이,5,2023-08-18 09:42:52,2시간용 연회원권 2년째 이용중입니다. 연회원권 이용하면 적립포인트가 있어서 잘 사용하고있어요! 이벤트도 자주 해주세요^^
Doo Han Lee,5,2023-08-18 08:52:19,따릉이 덕분에 생활이 윤택해졌어요!!
Young-lea Yoo,2,2023-08-18 08:40:45,앱 접속이 느림 반납 과정 오류가 많음
배민지,5,2023-08-18 08:37:39,몇 년 째 잘 쓰고 있습니다. 대여소도 처음보다 많이 늘어나고 높낮이 조절 방식이 몇 번 바뀌면서 점점 더 편해지는 것 같아요. 앞으로도 애용할게요~!
E.J. Yoon,5,2023-08-18 08:28:44,너무 편리하고 좋은 교통수단입니다 서울시 최고의 정책이라 생각합니다
박소연,5,2023-08-18 08:27:59,출퇴근 할 때 이용하는데 체력도 좋아지고 이용도 편리해서 좋아요!!
"옥종민 / Ock, Jongmin",5,2023-08-18 08:27:23,"공유형 시스템이라 도난 등 이슈도 없이 짧은거리 이용하기에 너무 편하고, 운동도 되는 1석 2조 입니다. 덕분에 퇴근은 따릉이로 하고 있는데 한강 노을 보면서, 따릉이를 이용하시는 다른 분들과 눈인사 하면서 즐겁게 이용하고 있습니다. 간혹 보관소에 자전거가 없는 경우도 있는데 보관서가 근처에 많이 있어서 심각하게 불편하지는 않습니다. 따릉이 홧팅!"
m m,5,2023-08-18 08:19:56,출퇴근 시에 이용하는데 정말 간편하고 좋아요 따릉이 너무 좋아요 비용도 저렴하고 운동도 되고 여로모로 만족해요 :)
최의진,1,2023-08-18 08:18:50,제발 개선좀 해주세요 오류가 너무 많고 기본적인 대여/반납조차 잘 안되는경우가 반은 넘어요
GEONTAE KIM,5,2023-08-18 08:07:21,따릉이 이용하기에 편리하고 좋아요
cs k,5,2023-08-18 08:06:43,도시의 필수적 이동수단 🙂
Tock Gun,5,2023-08-18 07:52:22,지옥같은 출퇴근길에 한줄기 빛처럼 존재하는 따릉이..오랜시간 기다린 버스가 배신할 땐 따릉이로
김정순,5,2023-08-18 07:42:03,따릉이타고난후 건강해지고 몸에 에너지가 올라가고 너무너무 따릉이 강추입니다.
이효경,5,2023-08-18 07:39:36,서울 내 지역별로 자전거가 몰림 현상이 보완되어 골고루 배치되어 있는다면 좋겠습니다👍 항상 잘 이용하고 있습니다~!
SJ Lee,4,2023-08-18 07:38:12,QR코드 인식이 잘 안되고 반응이 좀 느린거 말고는 괜찮네요
무적KS,4,2023-08-18 07:30:20,서울에 따릉이가 있어서 너무너무 편하고 좋아요. 그런데 반납시 정거장인데도 블르투스연결이 잘 안되서 임시잠금되거나 미반납 사례가 좀 있어요
Hyejin Joo,4,2023-08-18 07:21:30,이용 잘 되고 좋습니다.
이경윤,5,2023-08-18 07:12:09,아주 거의매일 잘이용하고 있습니다. 저렴한비용으로 연장까지 가능해서 저의 발이되어준 따릉이 저에게는 최고의 선물같은 존재입니다..
이희영,5,2023-08-18 06:57:20,자전거와의 통신이 좀 불안정하지만 앱 사용은편리함
조두현,5,2023-08-18 06:46:04,출퇴근시 지하철역까지 타고 다니거나 가끔씩 한강을 달리는데 사용하곤 합니다. 예전보다 대여장소가 많아진거 같아서 이용하기에도 많이 좋아졌습니다.
정여진,5,2023-08-18 06:30:27,"딸이랑 우연히 탔다가 맘에 들어 1년 정기권으로 샀습니다. 교통비절감 및 운동도 되고 너무 좋네요. 제로페이 결재시 더 싼걸 나중에 알았어요, 환승으로 마일리지도 적립 된다니 앞으로 이용해 봐야겠어요~ 벌써 2년이 지났는데 따릉이 타며 건강도 챙기고 너무 잘쓰고 있습니다. 다만 제로페이 결재시 할인이 없어 졌는데 9988서울포인트로 1일권이 아닌 연회원권도 결재되면 좋을듯 합니다"
Kijoong Kim,5,2023-08-18 06:24:48,출퇴근 버스를 타는 정류장이 걸어가기는 애매한 20분거리로 바뀌면서 어떻게 해야 하나 고민하던중에 정류장 근처에 있는 따릉이를 보고 이거다 하는 생각이 들었습니다. 따릉이 앱은 UI가 직관적이고 간편합니다. 또한 알람을 통해서 사용시간을 알려줘서 초과이용에 따른 과금을 막아줍니다. 앞으로도 따릉이 잘 사용할 수 있도록 앱 유지보수 잘 부탁드립니다 :)
Yu승진,5,2023-08-18 06:12:07,따릉이 단거리 이동에 정말 좋아요. 주말에만 서울 가지만 연간이용권 사용 고려 중임.
Josh Kim,5,2023-08-18 05:31:39,큐알코드 인식이 가끔 안될 때 자전거번호로도 대여가 가능해서 매우 편리하고 좋아요! 자전거가 몰리는 대여소에 이벤트해서 분산하는 아이디어도 좋은 것 같고 나날이 발전해 나가는 앱구동이나 서비스들이 많이 좋아졌어요.
퉁퉁이,5,2023-08-18 02:02:25,따릉이 최고 버스비올라서 더더욱 애용중
hyeonjae lee,5,2023-08-18 01:44:32,따릉이 너무 편하게 사용하고있어요 이제는 대여 반납도 빨라졌어요
윤달웅,5,2023-08-18 01:38:31,자주 이용합니다^^
연변거지,5,2023-08-18 00:55:56,출 퇴근용으로 사용중인데 만족합니다 무엇보다 정류소가 많아서 좋은건데 같아요 자전거도 튼튼하고 잘나가네요 추천합니다
H H,5,2023-08-18 00:43:40,"출퇴근할때나 자전거 타고 싶을때 좋고, 이용료도저렴하고 대여소가 많아서 좋네요."
박재형,5,2023-08-18 00:16:53,따릉이가 있어서 좋습니다. 아주 좋아요.
최지애,5,2023-08-18 00:12:57,정기권 끊어서 출퇴근용으로 잘 이용하고 있어요
흰바우,5,2023-08-17 23:37:26,어플이 간결하고 쉬워서 좋다. 대여나 반납절차도 초간단 편리하다. 고장신고도 쉽다. 전체적으로 친근하고 따릉이 답다. 참 좋은 어플이여.~
royal,5,2023-08-17 23:31:49,언제나 가족들과 함께 애용하고 있습니다. 따릉이 경기도로도 확장 운영해 주세요~ 화이팅!
아치울,3,2023-08-17 23:31:06,앱은 간혹대여가 안되거나 대여안된상태에서 대여되었다고 나와서 기다리다가 취소하고 앱몇번켰다껐다하는 상황이 거의 매일 발생하는것같네요(매일 하루에 2회이상 사용중)
Mar El,4,2023-08-17 23:12:46,따릉이를 두번정도 타봤는데요. 생활용 자전거 없을때 가끔 타고 다니면 즐거을 것 같아요.
김규리,3,2023-08-17 23:07:30,대여방법이 간단하여 누구나 손쉽게 이용 가능함. 블루투스 연결은 잘 되지만 대여하기 반응속도가 느림. 급할 때 너무 불편함. 자전거 부족신고를 해도 잘 안채워짐. 유동이용장소가 많은 곳은 넉넉히 채워줬음 좋겠음
손혜수,5,2023-08-17 22:56:04,따릉이를 타고 주로 10~15분 정도 걸리는 거리를 달리곤 하는데 6개월 정기권으로 저렴하고 편리하게 잘 사용하고 있습니다. 자전거 번호가 큐알코드식으로 바로 인식되지 않아서 로딩이 걸리는 점이 살짝 아쉽긴 합니다ㅠ
김하영,4,2023-08-17 22:51:56,"잘 사용하고 있습니다. 그런데 대여권을 구매할 때 자꾸 비회원으로 구매하는 경로가 떠서 두번씩 시도해야하는 경우가 생기고, 간혹 자전거가 대여가 안돼서 대여취소를 하고 다시 시도하는 일이 있습니다. 위의 두가지만 개선된다면 정말 좋을 것 같아요!"
Sojin Yeon,4,2023-08-17 22:49:10,"출퇴근 지하철까지 10분이내로 매일매일 타야하는데 매번 결제 할 수 없어서 1년 정기권 사용 중 입니다. 따릉이 없이 어떻게 살았지? 라는 생각이 들 정도로 지금은 너무 애용 중 인데요~ 블루투스 연결이 보통 잘 되는데 가끔 잘 안 될때가 있어요! 그럴 땐 블루투스 이어폰을 해제하시고 차분히 진행하면 되더라구요~ 바구니에 쓰레기 안치우고가시는분들 계시던데 제발 기본 매너는 지키셨으면 해요☹️ 그거보고 다 따라 버리실까봐, 제가 쓰레기 담긴 따릉이 대여해서 근처 쓰레기통에 대신 버려드렸어요😖"
오진영,5,2023-08-17 22:28:12,따릉따릉 신나는 자전거 타고 서울 곳곳을 누벼요! 이용도 편리하게 운동도 하고 에너지도 아껴보아요!
최승민,5,2023-08-17 22:17:12,Good👍
김도연,5,2023-08-17 22:02:15,집에서 지하철역까지 자주 이용합니다. 참 유용하게 잘 사용하고 있어요.
조영도,4,2023-08-17 21:58:14,대여/반납 장소가 많아서 어디든지 이용가능해서 좋고 경제적으로 교통비 부담을 많이 덜 수 있습니다. 그러나 노후된 자전거가 최근에 많이 늘어난거 같습니다.. 연식이 오래된 자전거는 고장접수 들어오지 않더라도 정기적으로 관리에 힘써주셨으면 좋겠습니다!
박동혁,5,2023-08-17 21:51:06,출퇴근하거나 주말에 이용하는데 교통비 아낄때마다 기분이 좋아요
Choi JW,3,2023-08-17 21:41:55,자주사용하고있는데 문제있는자전거 신고하는부분이 메인화면에 있으면 좋겠어요! 찾아서 쓰려고 하니 약간 불편해요!!@
황덕기,5,2023-08-17 21:39:43,"매일 출근에 따릉이를 이용합니다,시원한바람, 힘찬페달에 언제나 상쾌한 아침을 맞이합니다.ㅋ"
이혜선,5,2023-08-17 21:07:10,곳곳에 있는 자전거 타고 운동도 하고 이동해서 좋아요
둘리임,5,2023-08-17 20:59:47,서울에 따릉이가 여러 곳에 위치해 있어서 이용하기 편리해요. 자전거 없어서 탈 줄도 몰랐던 제가 따릉이 앱으로 자전거 시작했어요
keechang kim (근돼 레옹),5,2023-08-17 20:54:49,"내 인생은 따릉이 앱을 알기전과 후로 나눠진다. 따릉이 이용한지 2년이 넘어간다. 대중교통을 이용하지 않고, 따릉이로 출퇴근을 하며, 운동을 겸하고 있다. 최고의 교통수단이자 최고의 운동수단 따릉이 단연코 추천한다. 돈들이지 않고 다이어트하는 법: 따릉이!!!"
JUNGHWA KIM,5,2023-08-17 20:51:33,따릉이앱 입장할때 도로위 주행자 안전수칙이 인상적입니다 로그인후 현재 위치와 따릉이가 있는 장소표기 지구 온난화시댈 맞아! 따릉이의 선힌영향력을 기대해 봅니다 ~
박수진,4,2023-08-17 20:51:19,잘 쓰고 있어요
미호,5,2023-08-17 20:46:39,"역 두세정거장 정도 따릉이로 달리니 운동도, 교통비도 아끼는 일석이조! 저렴한 비용으로 언제 어디서든 탈 수 있어 좋아요. 단, 한강길 따라 달리는 중간중간에 찍고 달릴 수 있게 해주세요~ 한강길 따라 신나게 달리고 싶은데 반납시간 때문에 많이 아쉽습니다."
강휘성,5,2023-08-17 20:42:35,유용하게 잘쓰고 있어요 경기도를 비롯한 타도시에도 필요합니다.
CRUISE HONG,4,2023-08-17 20:25:41,잘사용하고있어요. 특정지역에 몰리는 현상이 완화되길 바래요
김순애,5,2023-08-17 20:18:13,실생활에 운동도되고 너무좋아요
Kyunghee Yu,5,2023-08-17 20:17:42,잘 사용하고 있습니다~~
롤로호롤,3,2023-08-17 20:16:06,대여장소 감 자전거 선택 케이스1. 불량자전거라 대여불가->기껏 걸어온 보람 없이 헛수고 함 케이스2. 대여중이라고 뜸. ->1분 이상 기다려도 반응없음. ->홈버튼으로 나가서 다시 앱들어옴 ->다시 들어와도 대여중에서 진행안됨 대여취소 누름 ->반응없음->종료시키고 다시들어옴 ->그제서야 취소버튼이 작동함 ->이것을 반복하다보면 한참 뒤에서야 대여완료 이미 시간낭비와 밖에서 더위에 찌들어 스트레스 올라감
HY Y,5,2023-08-17 20:05:11,"마흔아홉에 따릉이에 푹 빠졌습니다. 어디서나 쉽게 탈 수 있고, 자전거 상태 및 앱 사용도 편리해, 출퇴근까지 고려중입니다. 따릉이때문에 자전거 타기에 취미가 생겼는데 보관이 월등하게 손쉬운(길에 놔두는 ^^;;) 장점에 일반 자전거 구입을 주저할 정도입니다. 수리도 잘되고 있어 고장 신고를 해놓으면 오래된 것도 부품이 잘 교체돼 있어요. 서울 시내는 모두 따릉이로 이동하길 바라는 타릉이 겁나 사랑하는 서울 시민입니다."
후로,5,2023-08-17 19:51:17,"따릉이 정말 유용하게 잘이용하고 있습니다. 정거장이 좀더 많았으면 좋겠어요ㅠㅠ 그리고 자전거 정류장 순환이 잘되고 모두 안전하게 자전거 타면 좋을거 같습니다.!! 따릉이 최고, 할인도 많이해주면 좋을거 같아요"
추기순,4,2023-08-17 19:47:45,안장높이를 더높게 해주면좄아요
정주신,5,2023-08-17 19:46:44,서울 살면 따릉이 한번은 몰아봐야죠
졸린지니,5,2023-08-17 19:46:41,생활에 꼭 도움되는 앱입니다^^
허윤영,5,2023-08-17 19:43:52,편하고 좋아요
신기한마린,5,2023-08-17 19:42:10,너무 재미 있게 탔습니다.
러브카일,5,2023-08-17 19:41:25,따릉이 앱을 자주 이용하는데 너무 편리하고 좋습니다. 자전거를 이용한 후 절감되는 탄소량도 표기되어 환경보호하고 있다는 느낌이 들어서 좋습니다.
고광덕,5,2023-08-17 19:37:23,따릉이타고 다니니까 편하네요
오주영,5,2023-08-17 19:29:27,전반적으로 운영에 불편한 사항은 없습니다. 과다거치대가 어딘지 표시가 되어 있지 않은 것 같아 이벤트에 참가하지 못하고 있습니다.
성현철,5,2023-08-17 19:29:11,따릉이 이용후 출퇴근시간이 행복해졌어요
헌혈커피,1,2023-08-17 19:25:42,연결이 너무 자주 안된다.
구한나,5,2023-08-17 19:23:45,언제 어디서나 사용할수있는 따릉이 너무 좋아요!! 교통비도 절약되고 무엇보다 따릉이로 운동도 할 수있었어 너무 좋아요👍🏻👍🏻👍🏻
박민지,5,2023-08-17 19:22:05,자전거 대여시 연결이 한번에 안될때가 종종 있는것 외에는 불편함이 없습니다
현태,5,2023-08-17 19:20:53,노인전용으로 좀 가볍고 페달이 부드럽게 돌아가는 따릉이가 있으면 좋겠습나다 항상 고마운 마음으로 탑니다
김미화,5,2023-08-17 19:20:43,사용자 중심 플랫폼으로 자전거 이용이 너무편리합니다. 따릉이 너무 좋아요
JongYoun Park,5,2023-08-17 19:09:16,"회사에서 근거리 외근을 자주 다니는데, 정말 내게는 없어서는 안될 필수템 ""따릉이"" 널 많이 많이 예뻐하며 애용할꼬야! 사랑한다 따릉아!"
너부리,5,2023-08-17 19:07:37,서울시 따릉이 흥하세요!
김근,5,2023-08-17 19:02:47,따릉이도 따릉이앱도 좋아요. 다만 가끔 오류나서 늦을때가 있는데 기다리면 되더라고요. 따릉이 대여와 반납할 때 오류가 적어지면 좋겠어요
달밤,4,2023-08-17 18:47:31,자전거부족인곳은 아무리신고해도 데이터가 제때 수집이안되는지 늘 부족이라 그점이 너무아쉽고 가끔가다 반납이안될때 고객센터연결도 빨리안되서 답답할때가있어요 그점빼고는 잘 이용하고 출퇴근때 잘 쓰고있습니다 ❛ ֊ ❛
Seongwon Baek,5,2023-08-17 18:44:45,너무너무 편리하구 좋아요! 도로에서 달려야해서 좀 무서웠는데 그냥 사람들 가는데로 따라가도 괜찮더라구요. 글구 가격도 넘 저렴합니다!
KS KIM,4,2023-08-17 18:39:47,개선있으나 더 빨리 구동되기를
안우석,5,2023-08-17 18:38:56,리뉴얼되어서 편하게 사용하고 있습니다. 한번에 이용권 여러개 살 수 있으면 더 좋을것 같네요
Andy Jeon,5,2023-08-17 18:24:31,자주 사용하는 어플입니다. 따릉이 찾기도 편하고 걷는것보다 빠르게 이동해서 서울에서는 대중교통이 필요없을정도네요 ㅎㅎ 앞으로도 잘 유지되어서 오래탈수 있으면 좋겠어요!
JK,4,2023-08-17 18:19:06,출퇴근 시간에 잘 이용하고 있습니다. 정기적으로 점검을 하시겠지만 특히 브레이크의 유격이 넓은 자전거가 좀 있어 수리가 필요해 보입니다. 수리 자전거를 더 잘 파악하기 위해서 고장신고 후 고장이 실제로 맞으면 인센티브 마일리지를 제공하는 옵션이 있으면 잘 관리가 되지 않을까 싶습니다
Grace Kwon,5,2023-08-17 18:14:02,처음 이용자로써 편리하게 사용했고 기회가 되면 종종 써야겠다는 생각을 가지게 되었습니다.
ji yeon yeom,5,2023-08-17 18:11:16,좋아요 개선된게 맘에 들어요😃
광모문,5,2023-08-17 18:10:08,너무좋아요 서울시짱 따릉이짱 !!!
로사,5,2023-08-17 18:09:53,저렴한가격에 운동도 되고...항상 잘 이용하고있네요.
insuk kim,5,2023-08-17 18:09:38,따릉이 있어서 시간절약해요~^^ 고맙습니다
여행배움,4,2023-08-17 17:56:34,"QR따릉이로 바뀌고 난후 어플 상에서 대여, 임시잠금도 잘됩니다. 대여소 자전거현황 파악할 수 있어서 편리합니다. 다만 현재 외국인 여행객이 국제 신용카드를 어플 상에서 등록 후 바로 따릉이를 사용하는 것은 어렵고, 따릉이 pc버전 홈페이지에서 절차를 거쳐 부여받은 PIN번호를 다시 어플상에서 입력해야 하기때문에 이용 접근성이 떨어진다는 단점이 있습니다. 이러한 부분이 보완 된다면 세계인이 즐기는 따릉이가 될수 있을 것이라고 생각합니다"
이혜원,5,2023-08-17 17:56:21,예상했던것보다 앱활성화가 잘되고 반응속도도 빨라요. 인터페이스도 사용자편의에 맞게 적절히 구성된앱입니다.
문민석,4,2023-08-17 17:53:42,가끔씩 자전거 신호가 오류나는것이 있지만 블루투스 이어폰 사용때만 주로 발생하는 문제입니다. 그외에는 자전거의 문제지 앱문제는 아닙니다.
ddowl,5,2023-08-17 17:49:13,대중교통 요금도 오르고 운동도하는검 출퇴근시ㅠ이용하고잇습니다 여러모로 따릉이 개꿀!!!탈수록 이득인듯
Young Lee,5,2023-08-17 17:46:59,서울시내에서 간편하게 이용할 수 있어서 좋아요. 다행히도 아직까지 접속이나 안정성 문제없었어요.
전잎새,5,2023-08-17 17:44:16,서울시 따릉이 너뮤 잘 이용하고있습니다 !! 근데 하나 있었으면 하는기능이있어요 정류장에 자전거가 0개있을때만 추가배치신청이 가능한대....1개있거나할때 정류장가다보면 없어지는경우가 많아 미리 배치신청하고싶어요ㅠㅠ
바닐라 스카이,5,2023-08-17 17:40:04,따릉이가 있어 서울이 더 즐거운 곳이 되었어요!
박기범,5,2023-08-17 17:37:10,30분내에 전철타고 가는거리는 따릉이로 이용하고 있는데 사용하기 편리하고 운동도 되고 교통이용도 절약이되고 여러모로 만족합니다.
김경진,4,2023-08-17 17:36:00,잘 쓰고 있습니다. 앱 접속이 느리고 지연 및 업그레이드를 너무 자주합니다. 놓고 싶은 지역에 반납 위치를 찾기가 어렵습니다 미리 가고자 하는 구간에 반납 위치를 찾기 어렵습니다
아자,5,2023-08-17 17:30:13,2년째 꾸준히 이용중입니다.
매우빡동,4,2023-08-17 17:17:31,정말 편리한 기능입니다 가끔 고장난게 방치되는것만 빼면 좋아용
효진,5,2023-08-17 17:11:18,"따릉이 처음 생기고부터 타서 4년 넘게 타고 있어요! 여전히 저에게는 따릉이 없는 삶은 너무나 불편해서 하루에도 3번씩은 타는 것 같아요 ㅎㅎ 따릉이 정거장에 분배도 잘 되어 있구, 점점 더 정거장 많아져서 너무 좋아요 😆😆 앞으로도 롱런해 주시길 바랍니당!!"
이병국,5,2023-08-17 17:11:00,따릉이 넘 잘 사영하고 있어요 최고에요
지니팡,4,2023-08-17 17:02:27,가끔 대여할 때 오류 뜨는것 빼면 괜찮아요
re fresh,5,2023-08-17 16:52:10,"따릉이로 출퇴근은 물론 주말이나 공휴일에 정말 잘 이용하고 있습니다.^^ 주변 왠만한 곳에 늘 따릉이 정류소가 있어 평소에 쉽게 접할 수 있고 따로 시간내서 운동할 필요없이 자전거로 유산소운동과 근력운동이 함께 되니 정말 좋습니다. 그리고 버스,지하철 한 달 이용금액 보다도 적은 금액으로 따릉이 1년 정기권을 끊을 수 있어 비용도 절감되고 일석이조입니다. 주변인들에게도 적극 추천해주고 있어 지구환경 살리기 동참으로 뿌듯함은 덤입니다.^^ 고장 자전거는 어플을 통해 고장 접수를 하면 바로 조치해주시고 어플 UI도 개선 돼서 참 편하게 이용중입니다. 앞으로도 따릉이가 국민 자전거가 되길 기원합니다~"
Song,5,2023-08-17 16:49:08,따릉이 덕분에 지나가는 따릉이 이용자들을 보면 지역공동체란 느낌이들고 덕분에 출.퇴근이 즐겁고 운동까지 되니 일석삼조입니다. 정말 감사합니다~~^^
박오륜,5,2023-08-17 16:46:18,항상 잘 사용하고있고 좋은 취지로 운영해주셔서 감사합니다. 앞으로도 더 발전하는 따릉이가 되길 바라고 잘 애용하겠습니다 :)
키싱구라미,5,2023-08-17 16:43:18,앱 이용하면서 한번도 불편한적이 없어요 출퇴근길의 영원한 동반자 따릉이 응원해요
ys p,5,2023-08-17 16:41:10,잠궜는데 반납이 안되는 경우가 자주있어요 보완해주세요 잘 사용하고 있어요^~^
쫑룡2,5,2023-08-17 16:36:36,베리베리 굿굿굿~👍👍👍👍
김아름,4,2023-08-17 16:30:57,따릉이 진짜 넘나 좋아요 처음 3개월 써보고 좋아서 1년권 구매해서 지금도 잘쓰고있고 또 끝나면 1년 재구매할거에요 따릉이 덕분에 마을버스 놓쳐도 걱정없고 운동도되고 따릉이 정거장도 많아서 동네 어디든가기 부담 없고 너무 좋아요!!
Dayoung Jung,5,2023-08-17 16:25:05,전반적으로 만족
cat포도,5,2023-08-17 16:24:47,"따릉이 아주 유용해요, 일상의 즐거움입니다 :)"
ᄋ배린이ᄋ,5,2023-08-17 16:22:59,따릉이 정기권끊고나서 건강도 얻고 버스비도 굳고 개이득이랍니다. 허허 서울시 이런복지 너무 좋ㅇ요
박명신,5,2023-08-17 16:17:44,가까운거리는 따릉이 이용하니까 대중교통비용 많이 아꼈어요!
박근상,5,2023-08-17 16:15:13,출퇴근에 아주 유용하게 이용하고 있습니다 꼭 필요할 때 이용 할 수 있도록 대여소 관리에 조금만 더 신경 써 주신다면 더 할 나위가 없겠습니다 항상 100% 만족 할 수 는 없겠지만 저는 현재로서도 감사 드립니다 귀사의 무궁한 발전을 기원합니다
feel park,5,2023-08-17 16:14:58,씽씽 신나게 잘타고 있습니다 건강도 챙기고 절약도 하고 최고에요~
ocalret k,5,2023-08-17 16:08:18,"서울 생활을 20년이 넘었지만 이번에 따릉이를 처음으로 타게 되었는데요. 처음에는 2시간을 2000원을 내고 타다가 1일 1시간 한달 대여료를 끊고 탑니다. 따릉이를 타고 불광천으로 드라이브를 가는데 스트레스가 확 풀립니다. 이 좋은 걸 왜 이제서야 알았을까 하면서 매일 열심히 타고 있습니다. 건강에도 좋고, 탄소절감에도 최고입니다. 여러분 따릉이 타세요"
뉴캠퍼,5,2023-08-17 15:40:27,따릉이 앱을 몇년간 사용하면 과거에 비해 직관적으로 이용하는 것이 아주 용이해 젔습니다. 예전에 너무 어려워 몇차례 전화하고 짜증냈던 기억이 납니다.
BEN KIM,5,2023-08-17 15:33:39,가끔 불안정할 때도 있지만 다른 시도 앱이랑 사기업 앱 쓰고도 느꼈어요. 원조가 역시 낫긴하더라구요. 문제 발생해도 대처도 빨리 잘 해주시구요. 특히 에러 발생했을 때 고객센터에서 빨리 대응 잘 해주셔서 항상 감사하고 죄송해요. 앞으로도 좋은 서비스 부탁드려요. 거치소도 많이 늘려주세요 -! ㅠㅠ
Joohee Lee,5,2023-08-17 15:29:24,따릉이 어디서나 이용하기 편해서 좋아요.
이광희,5,2023-08-17 15:28:21,편리하게 잘 이용하고 있습니다.^^
내셔날두루그래픽,5,2023-08-17 15:21:09,아주좋아요 근데 제휴할인되는것없어서아쉽지만 운동되고 건강도챙기고잘이용합니다
Insun Park,5,2023-08-17 15:14:06,서울따릉이는 매일 출퇴근시 편리하게 이용하고 있는 교통수단입니다. 비용도 저렴하고 비온뒤 관리해주셔서 가성비가 참 좋은 대중교통이라 참 좋아합니다
woosung kim,5,2023-08-17 15:09:12,따릉이 자주이용해서 앱사용하는데 편리해서 좋아요. 환승시 마일이지까지 건강도 지키고 계속 이용할께요
임문자,5,2023-08-17 15:06:17,대중교통 타기 애매한 가까운 거리 따릉이 타기 아주 유용했어요~ 특히 봄 가을 선선할때 더욱 좋더라구요~
hyoju CHANG,5,2023-08-17 15:05:07,따릉이 덕분에 이동시간도 딘축하고 짬짬히 운동도하고 너무 좋습니다. 청계천 근처 살아서 더 질 이용하고 있어요♡
justlogz,5,2023-08-17 14:50:35,1년권 끊어서 퇴근할때나 주말에 자전거길로 운동갈때 항상 잘 타고 다니고 있어요
이은영,5,2023-08-17 14:49:21,"따릉이 대여, 반납, 대여소 확인 등을 앱을 통해 쉽게 할 수 있어 편하고 좋네요! 앞으로도 좋은 서비스 부탁드립니다^^"
양성현,4,2023-08-17 14:47:26,약간 버벅이는게 있지만 잘사용하고있습니다
잔존,5,2023-08-17 14:44:37,서울 놀러오면서 지역자전거인 따릉이 처음 타봤는데 너무 만족스러워요. 자전거 잘 못타는데 따릉이덕분에 자전거 마스터했고 가까운곳 자전거타고 돌아다니니 너무 재밌고 운동도되고 좋네요. 정액권 바로 가입했어요ㅎㅎ 따릉이최고 영원하길 따릉이
김도형,5,2023-08-17 14:37:33,어플 사용하기에 편리하고 좋습니다 필요한 곳에 어디든 구애 받지 않고 자주 자용하는데 요즘 시대에 없어서는 안되는 필수 어플 입니다
JY Lee,5,2023-08-17 14:34:53,디자인이 세련되고 업데이트 빨라서 바로 이용하는데 불편함이 없어 우수한 앱이다. 실시간 현황 보기 편리하다
조성진,5,2023-08-17 14:32:35,가끔 QR 인식이 잘 안되네요. 그리고 다른 블루투스 기기가 연결되어 있을 시에도 연결이 되지 않습니다...이 부분이 불편합니다!
ByungJun Lee,4,2023-08-17 14:24:26,많이 편해져서 좋습니다. 다만 대여 오류는 조금 더 개선이 필요해보입니다.
김명식,5,2023-08-17 14:23:27,한번씩 이용하는데 너무 편하고 좋아요
주환,5,2023-08-17 14:22:05,따릉이 너무 잘타고 있어요~
우명이,5,2023-08-17 14:18:38,따릉이 위치와 대수 표시가 잘되어 있어 이용하기 편리합니다 쵝오!!
Brown Jack,5,2023-08-17 14:15:46,따릉이 대여 신청을 하고 대여 취소를 할 경우 시간이 2~3분 가까이 지체되는 경우가 있는데 해당 문제가 해결되면 더 편리하게 앱을 이용할 수 있을 것 같습니다. 그밖에 평소에는 편리하게 사용하고 있습니다.
고준혁,1,2023-08-14 11:00:17,"공지 이벤트창 들어가면 뒤로가기도 안 되고 그냥 애초에 어딜 들어가든 뒤로 돌아가기 버튼이 안 먹힘 뭐 하나 눌렀다가 다시 뒤로 돌아가려면 앱 끄고 다시 켜야 됨 자전거 이용내역은 무조건 10,20,30일 단위 원하는 날짜만 볼 수가 없음"
권우진,1,2023-08-11 16:26:35,데이터 있는데도 무결성 검증 뜨면서 앱 자체가 안돼네요 미치겠습니다
New Brand,3,2023-08-10 06:08:39,"버그 제보합니다. ​ 일반적으로 자전거 대여를 실패하면 약 1분정도 기다린 뒤, 다시 대여하기를 누르면 대여 취소하기가 뜨고, 취소 후 다른 자전거를 대여하면 되지만 1.최근(경험상 30분 이내)자전거를 반납한 상황에서 2.다시 자전거를 대여하려는데, 대여 실패가 뜬 경우 아무리 기다려도 대여 취소하기가 뜨지 않으며, 대여하기를 누르면 따릉이 반납 완료 안내 창이 뜨면서 메인으로 돌아가집니다. 무한히 반복되는 건 아니고, 10분정도 기다리면 대여 취소창이 뜹니다만 사실상 자전거 이용 못 하는 것과 다름 없더군요. 서브폰으로 이용할때도 마찬가지 증상이 일어나는 걸 봐서는 앱 자체의 문제같습니다. 출퇴근시 역까지 따릉이를 타고, 지하철로 약 3~4정거장을 지난 뒤 해당 역에서 다시 따릉이를 대여하는 식으로 이용하고 있었는데 최근 이때문에 많은 불편을 겪고있습니다. 개선 부탁드립니다."
백작왕자,1,2023-08-08 09:55:36,어플실행을 하면 까만화면이 나오면서 실행이 안되서 지웠다가 다시 설치를 해도 동일증상이 발생됩니다. 어떤원인인지 답변부탁드립니다.
지수송,1,2023-08-07 08:30:12,자전거 부족 신고를 몇달째 하는지 모르겠네요. 교통비 절악하려고 따릉이 타는 건데 이렇게 관리하신다면 제가 따릉이쪽에 기부하는 것밖에 더 됩니까ㅋㅋㅋ 이용 못 한만큼 환불받을 수 있나요?
이원호,3,2023-08-06 22:24:01,최근들어 따릉이앱 실행이 안되서 1년치이용권 결제했는데 이용을 못하고있습니다. 따릉이앱을 지웠다가 다시깔았는데 실향이안되서 문의남깁니다 핸드폰기종은 s9입니다
mi mon,1,2023-08-04 11:00:08,이번에 업데이트하고 자꾸 자전거 연결을 못해요ㅠ 재설치하고 한번 사용하고 또 하려고하면 연결못하고 어떤거는 잠금이 안열리고 개선좀해주세요.
최연우,1,2023-08-03 11:23:06,대여실패 5번 뜨고 포기했습니다 다신 결제 안함
MYUNGHO KANG,1,2023-08-02 10:41:08,"아래와 같은 답변이 와서 다시 리뷰 남깁니다. ① 장기간 핸드폰 사용 → 핸드폰 재시작 ▶ 금일(23.8.2) 따릉이 대여 직전 핸드폰 재시작했는데요. 페어링 실패했습니다. ② 잦은 블루투스 연결 → 핸드폰 재시작 ▶ 잦은 블루투스 연결이 어떤걸 의미하는지 모르겠는데 요즘 핸드폰으로 무선 이어폰, 워치등 블루투스를 이용한 기기 사용은 다수가 흔히 사용하고 있는데요. 잦은 블루투스 연결로 페어링이 실패하는거라면 개발에서 다시 점검이 필요할 듯합니다. ③ 장시간 앱 활성화 중 → 앱 완전 종료 후 재실행 ▶ 출근(아침 6~7시 사이), 퇴근(저녁 6시~7시 사이)만 접속하며 앱을 항상 종료했다가 실행하고 있으며 마찬가지 페어링 실패합니다. ④ 저사양폰, 많은 앱 실행 → 즐겨찾기 탭 대여 ▶ 갤럭시S21 울트라로 고사양 핸드폰 사용중이며 많은 앱 실행 했다고 페어링 실패한다는건 이해가 힘듭니다. 나머지 고객센터로 남기겠습니다. 해당 내용 서울시 민원센터도 접수합니다."
백현일,1,2023-08-01 08:47:30,작동을 안하네요 검은화면만 나옵니다 제대로 만드세요
김명창,1,2023-07-29 19:43:09,네이버 로그인 먹통 회원가입 시 인증번호 발송 시 500에러 뜨는데 다른 분들은 사용 되나요??
장제이다,1,2023-07-28 16:18:50,"자전거 대여하기 왜 안되나요? 대여 중이라고만 뜨고, 기다리다 결국 걸어갑니다. 간혹 자전거 문제로 대여되지 않은 경우가 있어서 다른 자전거로도 해봤는데요. 5대 시도하다 포기했습니다. 다른 분도 몇번 시도하시다가 가셨어요. 필요할때 사용하려고 구매한 정기권인데 매번 이런 오류가 있으면 어떻게 사용하나요? 앱 안정화좀 제발제발 부탁드립니다."
Kiwon An,3,2023-07-28 07:20:28,패어링실패 왜이리 자주뜸
jaesik kim,1,2023-07-27 08:30:39,"완전 *따릉이 3일째 실패중,,,,"
정현욱,1,2023-07-25 22:22:24,어떻게 따릉이 10개가 다 대여불가일 수 있을까요. 장난하나요. 방금 사용자가 이용 끝내고 반납된 거 스캔하니까 페어링 문제라고 하고. 이거 장난하자는거죠?
김하영,3,2023-07-25 19:59:37,핸드폰 바꿔서 다시 로그인 하려고 하는데 아이디가 기억이 안나서 찾기 눌렀는데 뒤에 ****로 나와서 뭔지를 몰라서 로그인을 못해요.. 타고싶다...
홍관우,1,2023-07-24 15:29:07,자전거 하나 대여하는데 10분 걸리는거 보고 바로 평점 씀
서정민,1,2023-07-22 00:44:56,이용권구매가 안 되네요 결제시스템 하나 관리 못 하는 서울시 앱에 0점은 못 드려서 1점 드립니다
Jm Lee,1,2023-07-21 21:55:54,앱이 수시로 먹통되서 삭제 후 재설치만 이틀에 한번 꼴로 하고있슴... 자전거는 좋으나 어플이 쓰레기..
김현승,4,2023-07-21 09:15:53,앱 업데이트 후 지역별 대여 가능자전거 개수 표시가 사라진것 같은데요 확인부탁드립니다
Eunseo Kwak,1,2023-07-20 07:03:01,비밀번호 찾기를 하는데 왜 등록되어있지 않은 정보라고 뜨는지? ^^ 아이디도 맞고 수신 차단 되어있는것도 아니고 회원가입 다시하려니까 이미 있는 번호라고 다시 재가입도 못하겠고 ^^ 오류 수정 해주세요
은혜,3,2023-07-19 23:46:00,(● ˃̶͈̀ロ˂̶͈́)੭ꠥ⁾⁾ (● ˃̶͈̀ロ˂̶͈́)੭ꠥ⁾⁾ ㅑ666>
내 인생레전드,3,2023-07-19 22:29:19,앱 자체는 좋으나 연결에 문제가 참 많습니다 따릉이 하나 대여하려고 10분 넘게 시간을 소비해도 안되는 경우가 허다하더라고요 거의 대여가 뽑기 수준입니다
모까라떼,3,2023-07-18 18:05:17,안장 높이 조절 안되는것도 너무 많고 기어가 몇단에 있는지 안보이는것도 많네요. 설치하고 자전거 관리도 좀 주기적으로 해주세요..어느 주차장은 일주일 내내 자전거가 한대도 없는경우도 있습니다... 사람들 돈만 받지말고 관리 좀 해주세요
Dash _,1,2023-07-17 18:17:51,진짜 블루투스이어폰때 안되는거 연결 참담한거언제고칠예정인지 고칠생각도아마없을것 속터진다
Joon Beom Park,3,2023-07-12 19:24:24,따릉이 정류장 무분별 폐쇄 반대합니다 초기설치시 주변의 동의를 얻어 설치한 것으로 알고있습니다 누가 마음대로 없애는것인가요 반대 의견을 듣거나 문제 사항을 고지하여 올바르게 정착되게끔 유도해 맞는것 아닙니까 어느날갑자기 사라진 정거장때문에 상당히 불편합니다
minsoo Kim,1,2023-07-10 21:32:45,"따릉이를 켰는데 계속 검은화면 앱을 껏다도 켜보고 앱을 삭제하고 지웠다가 다시깔아도 그대로 검은색화면 넘어갈 생각을 안함 도대체 어떻게 하라는건지... 인줄 알았으나 알람설정 처음에 뜨는거 거부하면 검은색에서 돌아오질 않네요,, 바꾸셔야 할거같습니다"
조sd,1,2023-07-10 20:38:39,패어링 수준이 너무떨어져요 다른 공유 이동장치들 이용할때는 이슈가 없는데..
장민우,1,2023-07-08 20:40:07,업데이트 하고 나서부터 앱이 안열립니다. 기종은 s23+입니다
백승준,1,2023-07-07 17:18:09,"필요할때 앱 안열림, 짜증난 다"
잠이나자자,1,2023-07-03 18:55:26,"단체이용권 있던걸 없애고, 한번에 2장구매나, 1장씩 2번 구매를 없애버려서 여럿이 타기 불편함"
김민주,1,2023-07-02 16:05:15,처음에는 잘 작동하더니 몇번 타고 난 후에는 계속 오류만 뜸
Youngsup Choi,1,2023-07-02 06:27:02,아침에 사용하려했더니 검은 화면만 나오고 먹통.. 삭제하고 재설치하려니 설치도 안됨. 대체 뭐하는건지????
Beom Ju Park,1,2023-07-01 10:18:24,검은화면으로 안나와요
외않되,2,2023-06-30 13:22:59,진짜 맨날 연결 안되거나 오래걸리는거 너무 스트레스 안되는걸 시도한다고 기다리게하는 로딩 너무싫음
Amy Hur,1,2023-06-28 19:19:59,"연결 하는데 오류가 너무 많이 뜸. 7번 시도하고 겨우 페어링 되면 5초만에 지 혼자 반납되고, 껏다 키는 것도 한 두번이지 불필요한 시간을 너무 많이 잡아 먹어서 매우 불편."
ᅳ.,5,2023-06-28 15:57:35,아주 좋아요!!
김지영,3,2023-06-28 07:01:30,큐알코드 인식을 제대로 못 해서 직접 입력하는 경우가 다반수고 수시로 로그아웃되는 오류때문에 거슬립니다
이서혁,1,2023-06-25 02:20:26,싼값에 자전거를 타는건 좋지만 오류가 너무 많이 나는 것 같습니다 시간이 없을 때 타려고 하면 되는게 없을 때가 너무 많네요
Don Kim,5,2023-06-24 20:20:50,편해요
구자용,1,2023-06-23 08:53:38,"한번에 연결되는 경우가 없네ㅡㅡ 맨날 자전거 앞에서 앱 강종 2,3번씩 해야되는데 이게 맞는겁니까?"
ij h,1,2023-06-22 21:03:15,뭔가요. 설치하자마자 열었는더 시커먼화면
화니,3,2023-06-22 17:57:20,한번에 좀 연결되라 한번에 좀
김태희,2,2023-06-22 17:32:40,"신규 업데이트 이후, 앱을 몇번 사용하고나면 자전거 페어링에 무조건 실패합니다. 이후 앱을 삭제/ 재설치해야만 정상적으로 연결이 돼요. 처음에는 자전거 오류인줄 알았는데 같은 자전거 앞에서 앱 삭제후 재설치해보니 되더라고요. 앱 종료후 재시작 등등 해봐도 소용없었습니다. 처음에는 리소스업데이트같은게 꼬여서 그랬겠거니 했는데 몇번이고 이러는걸 보니 그 문제는 아닌 것 같습니다. 계속 삭제/ 재설치해야하니 번거로워요.. 기종은 갤럭시 s22울트라입니다."
DoYeob Kim,1,2023-06-20 19:57:24,너무느림
이주호,1,2023-06-19 05:06:37,오류 대마왕
Pajuilsan,1,2023-06-17 18:42:50,"정기권임에도 이용권 구매 창이 뜨는 경우가 부지기수. 앱 작동후 최초 1회 대여는 순조로운 편이나 반납후 다시 대여하려고 하면 먹통이 됨, 대여 취소도 안돼서 먹통인 상태에서 앱 강제 종료후 다시 켜면 대여중-반납완료 창 무한반복. 따라서 대여를 할 때마다 매번 앱 강제 종료 후 재실행 해야함. QR코드 카메라 인식은 포기한지 오래 주변 아이폰 유저들은 아무 불편 없이 잘 사용중"
00 0,1,2023-06-15 06:52:13,뭔 가입부터 그지같냐 비번이 틀리다하고 임시비번 보내준걸로해도 되지도않고;;; 관리자님들아 일좀해요...뭡니까 이게 쪽팔리게
Wendy Chang,1,2023-06-13 18:52:22,진짜 개화딱지남 ㅂㄷㅂㄷ
Haolin Zhang,1,2023-06-13 15:35:25,대여소에 자주 자전거가 없다. 자전거 부족을 신고해도 계속 없다.
Dope Flamingo,1,2023-06-13 08:07:15,공지사항좀 하루마다 띄우지 말고 일주일 정도로 안띄우기 버튼 넣어주세요. 앱 자체도 느린데 매일 쓸데없는 공지 떠서 짜증이나네요
GotBlessYou,5,2023-06-08 16:34:55,가끔 페어링 오류가 뜨긴 하는디 그래도 혜자
박종의,1,2023-06-08 13:32:52,제대로 입력했는데 몇번을 해도 카드 등록 안됨
김다인,1,2023-06-07 18:56:02,태블릿에 있음
김다인,1,2023-06-07 18:55:47,태블릿에 있음
강하띠,1,2023-06-07 18:43:04,아 진심 미친 거 아니에요? 버스 17분동안 안 와서 자전거 타려고 했는데 어플이랑 씨름하는 사이에 버스 지나간게 실화인가 ㅋㅋ 어플을 업뎃하고 실행해도 9998에러 삭제했다가 처깔아도 9998에러 어플 시스템이 왜 이렇게 거지같지? 황당해서 말도 안 나오네요 혹시나해서 실행중인 어플 싹 다 종료하고 했는데도 먹통ㅋㅋ 자전거 타고와서 반납하는 사람보며 부러워 미치는 줄 알았네요 개답답해서 복창터짐 마음만 같아서는 자전거 타이어 펑크내고 싶었어요 야마돌아서
박성용,1,2023-06-06 01:22:43,도대체 자전거는 어디에 있는겁니까?? 주변에 1대도 없는경우가 왜이렇게 많이 발생하는거에요 그리고 고장난거는 빨리 치우던가 바꾸던가 맨날 방치하고 사고 쓸수가 없는게 한두번이 아닌게 너무 화가납니다
민카,4,2023-06-05 21:55:33,갤럭시 A32 사용중인데 처음부터 영어길래 한국어로 바꿀려는데 안 바뀌어요
연우,5,2023-06-05 19:28:50,네이버페이도 해주게 해주세요!!
ᄎᄒ,1,2023-06-05 19:20:55,잠실역 정류소에 있는걸 대여하려고만 하면 허구헌날 이미 대여중이거나 정보가 없다면서 대여가 안됩니다. 이러려고 연간회원권 끊은게 아닌데 진심 아까워 죽겠어요 고객센터 상담원들은 하루종일 통화중이라 30분을 기다려도 연결이 안되고ㅡㅡ 대체 뭐하자는건지?
햄일톤,2,2023-06-03 12:00:16,따릉이는 참 좋고 훌륭한 시스템인데 앱은 어찌 이렇게 형편없이 만들었을까요... 예산이 부족해서 그런가...
박지현,1,2023-06-02 18:21:56,검은화면만 계속 된다. 새로 깔고 데이터 캐시 다 지워도 계속 검은화면만 나온다
DUI PO,1,2023-06-01 23:19:24,따릉이가 어제부터 안되서 일시적 오류겠거니 했는데 옆사람 타고 가는 동안 쟈는 페어링도 안되고 다시 깔아도 안되고... 왜 이러는지 모르겠어요 모든 자전거를 해도 페어링 실패라고만 뜨고.. 정기권 결제하고 왜 따릉이 못타고 걸어다녀야하는지 모르겠어요...
조준서,4,2023-05-31 17:03:38,평소에는 너무 잘 쓰는데 업데이트 후부턴가 검은 화면만 나와서 한달 넘게 못쓰고 있어요.. 폰 껐다 켜도 안되고 지우고 다시깔아도 똑같아요.. 해결좀 해주세요
B S,1,2023-05-29 18:29:56,따릉이 저렴해서 좋긴 하지만 자전거가 없어서 못타는 경우가 너무 잦아요. 자전거부족 신고해도 몇시간 기다려서 1대 생겼길래 가봤더니 다시 0되있고..아무리 지역별 시간대별 차이가 날 수 있다곤 하지만..거진 한달째 집근처 특정구역들만 가~끔 1이고 타려고하면 항상 0이여서 더 먼곳에서 빌리고있는데..나중에 배치자료로 쓰신다는데 솔직히 그 나중이 언제일지..솔직히 이젠 추가배치 신고하고 5분마다 들어가서 자전거 생겼는지 확인하는것도 지치네요..차라리 가격을 더 올리고 비어있는곳 가능하면 없도록 해줬음..아님 빌린곳에서만 반납가능하거나..아무튼 정기권 끊은게 조금 아깝게 느껴지네요..그래도 돈 낸게 아까워서 쓰고는 있지만..다시 끊게 될지는 잘 모르겠네요..음..
sj k,1,2023-05-27 02:11:40,왜 계속 검은화면만 뜨는지 고칠생각이 없는건가
조수현,1,2023-05-26 09:15:36,고객센터 도와주세요 회원가입 했는데 계속 안된다고 하네요 에러11
김영석,1,2023-05-26 02:47:23,결재오류가 왜자꾸나는건지 이해가안되네요 필요할때 결재하려면 자꾸오류나고 진짜 최악입니다
도담달,2,2023-05-24 08:26:32,오랜만에 따릉이탈려고 다시 앱 깔았는데 Notice떠서 OK눌렀는데 반복적으로 Notice만 뜨네요. 데이터기록 삭제도해봤는데 안들어가져요
지은,1,2023-05-23 16:23:36,검은화면만 떠요...
지석,2,2023-05-21 16:25:11,로그인을 하려는데 전화번호 인증 메세지가 안옵니다 이럴땐 어떻게해야하나요
Refu Lee,1,2023-05-20 16:22:02,환불을 해주시던가 해야할거같네요 앱이 실행이 안되는데 이용권날짜는 줄어들어도 되는건가요?
Youngsang kim,1,2023-05-19 18:34:57,자전거 정보를 가져오는데 느리며 정보가 정확하지 않음
김서영,1,2023-05-19 14:51:16,걍 안됨
Ryan Lee,2,2023-05-18 19:07:37,너무 좋은 서비스이지만 버그가 너무 심합니다 특히 요즘들어 한번에 깔끔하게 대여가 안되고 꼭 앱을 한번은 껐다 켜야해요
Piod S. Song,1,2023-05-18 10:42:03,"대여할 자전거도 없고, 막상 있어도 성인용 따릉이는 죄다 점검이 필요하자며 대여도 안되고... 관리가 예전같지 않네요."
강밍지 (밍찌),2,2023-05-16 17:31:26,잘 쓰고잇는데 오류 너무 심하네요 어지간해야지 오늘 급한일 있어서 역까지 잠깐타는데 10번 페어링오류나서 시간도 늦어지고 결국 계속 안돼서 버스 탓습니다
mpire mnm,1,2023-05-15 16:14:09,"업그레이드? 짜증만 업그레이드.. 이번 업그레이드 내용을 보니 이용권 구매 안정화라고 하는데 실제 내용은 다르지 않나 생각. 왠 영문 페지이가 자꾸 뜨나. 글로발 좋은데 따릉이는 기본 서울시민이 쓰는 것이기 때문에, 특별한 언어 선택 메뉴 누르지 않으면 영문 안 뜨게 하는 게 옳다고 생각. 제목과 다른 내용의 업그레이드, 이를테면 글로벌 따릉이 운운하는 개발자에게 불필요한 예산 낭비한 거 아닌지 의심됨. 업그레이드 전 1년치 이용권 구매했는데 종종 이용권 구매라는 메시지 버튼이 떠서 눌러야 하나 착각하게 만들고 혼선을 초래했는데 앞으로 그런 일 없다고 보증하는가. 대체 이번 업그레이드 사유가 무엇인가. 괜히 예산 퍼주려고 그런 것 아닌가. 업그레이드 탓에 화면이 먹통돼서 앱을 삭제하고 다시 깔아야 했고 그 과정에서 이용시간을 초과할 뻔 하는 등 크게 심려했는데, 이런 불편을 초래하면서 돈 들여 업그레이드 한 이유가 무엇인가."
Anonymous,1,2023-05-13 18:57:10,"내 인생 최악의 어플. 멀쩡히 대여소에 있는 자전거가 대여중이라며 대여도 안되고, QR코드 인식 성공률도 대단히 낮음. 정기결제했는데 꽁돈만 날렸네요ㅋㅋㅋㅋ 걍 따릉이 사업 접고 이 예산으로 다른데 쓰시는게 어떨까요?"
차분차분,2,2023-05-13 11:35:57,따릉이 자체는 너무 좋은데 자전거 대여할 때 한번에 되는 날 보다 몇 번이상 해야 되는 날이 더 많네요. 조치 좀 부탁드립니다.
sc kim,1,2023-05-12 08:55:18,출퇴근길에 이용하는데 왜 앱 실행이 안됩니까? 제발 이상한 업데이트좀 하지마세요
이은빈,1,2023-05-11 21:15:04,아이디를 찾을려고 했는데 앞에만 나오고 뒤 3자리를 안 보이게 해놔서 스무고개 게임하고 있는 느낌이에요 그러다보니 앱을 못쓰네요 이거 해결 좀 부탁드려요
범,1,2023-05-11 19:27:26,대여시 과다한 시간소요
리듬타는배추,1,2023-05-10 07:52:24,페어링 실패만 몇번이 뜨는거냐..
kikwang Kim,5,2023-05-09 20:46:52,굿굿 자전거 넘 편하고 좋아요~계속 해주세여~^^
Gee푸라기,1,2023-05-08 23:04:42,계속 검정 화면만 나오는 사람들 그냥 티머니고로 대여하세요 이전버전 깔아봐라 데이터캐시삭제해봐라 다해봐도 안되고 이전버전으로 어플 실행시켜도 대여하면 꺼지고 아주 대환장파티임 티머니고가 버퍼링도 덜하고 로딩도 빠르고 어째 단일 기능만 제공하는 앱이 이것저것 합쳐진 앱보다 더 오류가 많고 후진지 이해가 안되네
JH,2,2023-05-07 18:02:49,"페어링이 자꾸 안돼서 업데이트했더니 까만 화면에서 넘어가질 않네요 덕분에 강제 걷기 운동 했네요,,허허"
리상명,1,2023-05-07 12:18:43,그냥 쓰레기 고장난 자전거만 개많고 1000원 결제하고 나서 알아서 돈도 그냥 바닥에다 버림 걍 걸어다니세요
나능햐펭귄,1,2023-05-04 11:44:08,수정한다는 게 삭제해 버렸네여 하란대로 다 해도 렉 나여 어플 문제임 이건 지금도 다시 삭제하고 다운받는 중이에요ㅡㅡ 0331 또 삭제하고 다시 다운....^^ 0504 다시 다운...^^
슬로우퀵퀵,2,2023-05-03 23:23:51,어플먹통이 잦아요 여러번을 재설치 하고 겨우 사용하는데 오늘은 재설치 했다가 로그인하려니까 아예 먹통되버리더니 또다시 재설치하니 화면 자체가 안뜹니다 어플오류가 넘 잦아서 이용에 불편이 많아요
ᄋᄋᄋᄋ (누군가),1,2023-05-03 17:35:23,앱 자체 열리지 않습니다. 갤럭시s21 사용중인데 갑자기 열리지 않네요 업데이트 해도 검은화면 그대로 이고 사용중인 앱 정리해도 마찬가지 이네요 급한데 써먹지도 못하고 그냥 지우고 버스타고 다닐랍니다
yubin lee,5,2023-05-03 14:34:13,늘 잘쓰다가 얼마전부터 까만화면만 뜨고 앱이 완전 먹통이됬습니다ㅠ 지우기도해보고 캐시데이터삭제도 해봤는데 해결이 안되네요ㅜㅜ
김령동,1,2023-05-03 14:25:41,"어플을 여는데 계속 검은화면임 ㅡ.,ㅡ"
파이팅 ᅳDaesuk Yang,1,2023-05-03 12:08:02,앱 아이디 비번을 분실 하여 아이디 찾기를 했으나 결과로 끝이 3개가 가림 별표로 나와서 아이디전체를 확인 할수가 없어서 다음 비번 찾기를 할수가 없네요 어떻게 해야 아이디를 찾을수 있나요?
YoungJea Jeung,1,2023-05-02 17:48:14,갑자기 검은 화면만 뜨고 아무것도 못하는데요??
모현우,1,2023-05-01 22:37:25,지난주부터 흰 화면에 에러라고 떠서 필요할 때 못 쓰고있습니다. 기간권인데 1주 못 쓰는게 얼마나 큰건지는 잘 아실거라고 생각합니다.
glen Kim,1,2023-05-01 15:11:03,리소스업데이트가 안됨
임진아,3,2023-05-01 14:25:09,어플 잘 쓰고 있었는데요 2주전부터 까맣게 나오면서 먹통이라 몇번을 다시 깔았다가 티머니고에서 사용합니다 별로예요
noah yoon,1,2023-05-01 12:29:11,따른건 몰라도.. 레버를 안내린상태에서 반납하는 과정을 잊어버리고 이동했을때 다시 빌린 자전거가 있는 장소로 가서 반납을 해야하는것은 진짜 불편합니다. ㅠㅠ거기에 따른 책임은 사용자가 모두 져야하는것도요.ㅠ gps 를 잉용해서 한곳에 지정시간동안 오랫동안 있을경우 반납 관련 알림이 왔으면 좋겠습니다 ㅠ
Arleus,5,2023-04-30 23:22:12,따릉이는 신이고 무적이다
min j,1,2023-04-30 17:26:56,앱 너무 느리고 안켜집니다
is Kim,1,2023-04-30 16:24:14,만13세인 아들꺼 까는데 계속 오류떠서 1시간 버림
전서구,1,2023-04-27 18:42:40,언제부턴가 무결성 검증 이후 허용되지않는다며 에러메시지만 뜹니다. 추가로 설치한 앱도 없는데 계속 이러니까 정기권 비용만 날리는것같아 속상합니다ㅠ 캐쉬 데이터도 다 삭제하고 재설치도 해봤습니다.
박건우,5,2023-04-27 16:52:40,"따릉이 학교 다닐때 정말 유용하게 사용하고있어요!근데 갑자기 대여,반납 안내가 알림으로 안 와서요...기록마저도 입력되어있지 않네요.어떻게 해결해야하죠?"
대박이,1,2023-04-27 15:15:50,페이링 실패 좀 고쳐요 짜증나요
SOYEONG GONG,5,2023-04-27 12:35:35,따릉이 2년동안 잘 이용하고 있는 사람입니다 저번주부터 어플 들어갈 때마다 검은 화면이 보여서 앱 지우고 구글스토어랑 원스토어랑 지금 한 3번 정도 지우고 깔았는데 주기적으로 검은 화면이 보이네요 이 부분 빠르게 개선 좀 부탁드립니다ㅠㅠ 출퇴근마다 바쁜데 너무 불편하네요 ++해결되었습니다. 편하게 따릉이를 타게 해주셔서 감사합니다👍😊
Minjae Lee,1,2023-04-27 12:05:35,앱 공지문을 os에 맞게 만들어서 올려야될거 아니냐 공지문을 해상도에 안맞게 올려서 닫기 버튼도 안눌리고 뒤로가기 같은 키도 안먹히고 답답한 놈들 ㅉㅉ
김세원,1,2023-04-27 11:10:05,"짚플립3 사용자입니다. 다른 사용자의 리뷰도 있는데, 마찬가지로 잘 사용하고 있었는데 업뎃 이후 까만화면에 아무것도 보이지 않습니다"
t t,5,2023-04-27 10:18:13,업데이트하고 나서 사용성이 좋아졌네요.
Young Woong Lee,1,2023-04-26 16:31:45,앱이 아예 실행이 안되네요 ..
주세환,1,2023-04-25 22:39:39,진짜 연결 더럽게 안되네요 앱관리 최악
황황,1,2023-04-25 18:58:52,앱이 계속 검은 화면으로 바뀌질 않네요 돈내고 이용하는데 잘되게 해야죠
silvio cho,5,2023-04-25 18:55:34,급해서 다른보조폰으로 결제해서 사용하고 있습니다..다른폰은 프로그램을 지우고 깔아도 에러창이 뜹니다 문제의 폰은 갤럭시노트4입니다
김태섭,1,2023-04-25 13:31:36,"이전까지 제트플립4로 잘 사용하고 있었는데, 어느 순간 어플만 켜면 까만 화면이 뜨면서 아무 것도 작동되지 않습니다. 지웠다가도 깔아보고, 휴대폰 재부팅도 여러번 시도했는데 해결이 안 되네요. 정기권 끊어놓았던 거 타지도 못하고 있습니다. 해결 방안이 있을까요."
백혜원,3,2023-04-24 21:15:04,업댓하고나서부터 작동이 안됩니다.ㅜㅜ왜이러나요..폰을 다시시작해도 멈춰있어서 돈내고도 지금 이용을 못하고있습니다..해결좀해주세요
병곤김,1,2023-04-24 17:18:20,"최근 업데이트 후 앱 실행이 안됩니다. 나타나는 메시지는 로그인 되었습니다. 이후 무결성검증중입니다이며, 이후 이 두개 메세지가 반복되다가 앱 실행 실패가 뜨네요! 몇번 앱을 지웠다가 재실행했는데 같은증상입니다. 휴대폰 껐다켜도 같구요!"
J9 2,3,2023-04-24 16:02:22,잘 쓰고 있었는데 종종 어플오류로 열 수가 없네요. 며칠째 아예 화면조차 안나오고 재설치해도 안되는데 어떻게 하면 되나요? 못쓴 기간은 보상해주실까요?
Soyoung Yang,1,2023-04-24 14:11:45,갑자기 어플이 작동이 안되네요
svin,2,2023-04-24 08:04:27,"검정화면만 나오는 사람들은 설정 -> 애플리케이션 -> 따릉이 클릭 -> 저장공간 -> 캐시초기화, 데이터삭제 하시면 됩니다."
김용철,4,2023-04-22 05:48:11,어디서든 이동하는데 도움이 돼서 좋은거같아요 감사 감사 ~^^^^~
전다정,1,2023-04-21 18:17:42,어플 들어가도 아예 까만 화면으로 나오고 넘어가질 않아요; 몇번을 삭제하고 재설치해도 똑같아요;; 정기권 6개월권 결제해서 사용중이였는데 막상 써야할때 안켜지면 어떻게 쓰라는거죠....?
까까과자,1,2023-04-21 12:53:02,검은화면만 나옴
박형근,1,2023-04-21 06:31:54,로그인이 자주 안되요 ㅠㅠㅠ
eunwoo Lee,1,2023-04-20 15:31:16,이용할때마다 기본 3번씩는 연결오류가 발생합니다. 바로 취소할수도 없어서 15초씩은 기달려야되구요. 눈앞에서 신호등 한번은 그냥 놓칩니다.
RaiWest (라이웨스트),1,2023-04-19 19:58:03,한개도 아깝다 뭐가 됬던 실패했으면 왜 실패했는지 메세지를 크게 띄워야지 손톱만한게 왜 슉 지나가냐고.... 타려는 자전거는 못타고 시간만 태웠네 망할
박세준,2,2023-04-19 09:05:38,"최근 업데이트를 하고난 뒤부터 카메라 인식으로 대여를 하려고 하면 대여가 원활하게 되지가 않습니다. 1. 시스템 메시지로는 대여조회라고 뜨는데 어플 화면은 예전과 달리 대여조회가 뜨지 않습니다. 다시 사진을 찍으려 하면 무결성 확인 화면으로 튕겨져 나가고 대여조회 이전으로 돌아갑니다. 2. 이렇게 어플을 킨 초기화면으로 튕겨져 나가기를 몇번 반복해도 대여신청은 되지 않으며, 오히려 에러 9998 메시지만 반복해서 뜨며, 이 시점이 되면 화면전환도 이뤄지지 않습니다. 3. 회원권 문제인가 싶어 내정보를 확인하려 하니 어플이 한참 로딩에 걸리더니 로그아웃 되어버립니다. 4. 어플에 더미데이터라도 쌓여서 그런가 싶어서 어플을 삭제 후 다시 다운받아 로그인 했습니다. 문제는 동일하게 나타났습니다. 여기까지가 최신 업데이트를 받은 어제까지의 일입니다. 5. 방금 궁여지책으로 이미지 인식이 아닌 번호식으로 대여조회를 넣으니 예전처럼 대여가 됐습니다. 기종은 갤럭시 노트 9입니다."
정민성,5,2023-04-19 00:18:02,좋아요
애옹,5,2023-04-17 15:26:54,따릉이 사랑해요 최고
송환승,5,2023-04-16 00:50:31,자전거를 탑시다 지구를 지켜야지요
최연준,1,2023-04-14 19:24:13,오류덩어리 개열받음 참다참다 너무 열받아서 처음 평점남김
김주형,1,2023-04-10 20:31:23,페어링 실패... 토스앱 업데이트. 강제종료. 오늘도 20분 넘게 하다가 버스 이용합니다. 언제까지 이렇게 써야됩니까. 삼성폰 토스앱 문제라고 하면 끝인가요??
orange ade,5,2023-04-10 17:02:38,최근 따릉이 켜려면 서너번은 오류로 튕겨야 접속 됨
진진,1,2023-04-10 16:11:39,페어링실패하면 바로 취소할수있게 하세요 불편해요 몇번이나 눌러야 다음단계로넘어가요
Jaehee Won,1,2023-04-09 23:24:45,앱 좀 어떻게 해봐요 요즘 계속 안열려요 좀 제발 관리 좀.도대체 앱 자체가 안열리는걸 알고는 있는지. 최근 한달 안에 벌써 몇번째인지.블랙 화면인건 왜인건가요?
김하윤,1,2023-04-09 22:11:09,결제오류 진짜
록센,1,2023-04-09 20:59:35,너무 불편하네요. 연결도안되고 이거 돈주고 만든앱아니죠? 무료 봉사로 만들어도 이거보다 잘만들거같네요. 길가에 떠있는 정류소 등등 즐겨찾기위치 등등. 이거 돈주고 만든거면 업체랑 비리가 있는지 의뢰해봐야 할것같은 느낌이드네요. 너무 불편해요
멍때리고 싶다,5,2023-04-09 16:45:13,편리합니다.
변진우,1,2023-04-08 14:47:24,열리지 않음..
JINYOUNG JUNG,1,2023-04-07 23:02:39,진짜 무한 페어링 실패 아 진짜 따릉이앞에서 5분이상서있다 걸어가게만드는 아주 아주 쓰레기 아 진짜 시간아까유신분들은 걷는게 더 빨라요 아주 아주 이완용같은 앱
Jooney land,5,2023-04-04 22:34:10,퍼핀카드로 결제도 잘 되고 필요할 때 편하게 잘 이용해요~
조재일 (지크릴),5,2023-04-04 21:00:47,별 한개도 아까워요 돈내고 타준다고해도 페어링 실패했다고 대여도 안됨. 20분동안 시도하다가 그냥 지하철 타고갑니다. 그냥 다른 자전거 이용하세요
김용민,1,2023-04-04 09:15:52,정기권 하면 뭐하나 페어링 때문에 암걸려서 건강 더 나빠지겠는데 저럴거면 qr 뭐하러 달아놨나...
이성원,5,2023-04-02 22:40:57,원격 반납 좀 만들어주세요 미치겠어요
Sehoon Lee,2,2023-03-31 22:17:07,따릉이 되게 잘 사용하고 있었습니다. 하지만 요즘 페어링도 잘 되지않고 자전거 자체가 없어요. 수거하셨으면 최소한 정거장 당 2~3대는 배치를 해야한다고 생각합니다. 그것만 된다면 따릉이 최고!
김승민,5,2023-03-31 15:24:34,구병헌? 상담사님이 너무 친절하셨어요 제가 말을 바로 이해 못했는데도 너무 잘 설명해주셨어요 ㅜㅜㅜ
Jcw,5,2023-03-31 08:27:48,진짜 상담사 직원도 착하고 편리하고 좋아요 제가 따릉이 반납을 못하고 학교에 왔는데 상담사직원분께 전화하니 관리자권한으로 직접반납해주시고 관리지원을 보내서 잠궈주신다고 하시더라구요 ㅜ 감동받았습니다.
박종희,5,2023-03-29 18:58:09,아주좋아요
백승재,1,2023-03-28 18:25:11,3년째 사용중 블루투스 키고 한번에 연결된적이 단 한번도 없음 ㄹㅇ 개답답
강형석,1,2023-03-27 16:09:45,한마디로 말하면 쓰래기같은 시스템 이용권 시간이 남아있고 확인차 조회를 했을때 사용이 가능했는데 대여를 하지 않아도 조회만 하면 시간이 지나가서 그렇게 증발함
이경민,1,2023-03-27 15:02:20,"따릉이 대여,반납 알람이 갑자기 안와요. 왜그런거죠?"
Seong Bok Jang,2,2023-03-27 07:30:04,"다인권 부활시켜주세요. 아이들과 함께 탈 수 있어서 좋았는데, 부모와 함께 타지 못하고 있어요. 폰을 가지고 있지 않은 아이들도 많은데, 어떠한 안전상의 이유로 다인권이 폐지되었는지 모르겠네요. 다인권 부활시키면서 어떠한 안전상의 이유가 있는지 공지하고 교육시켜서 방지하면 될 것을, 갑자기 일률적으로 폐지하는 것이 납득되질 않아요."
따뜻한제로콜라,2,2023-03-25 16:23:16,왜 회원가입을 했는데 ID와 PW가 틀리다고 할까요...? 제가 잘못친건가 싶어서 PW를 새로 발급받아 입력했는데도 불구하고 틀리다고 나오네요. 기종은 S21입니다
deok hwa Jeon,1,2023-03-24 08:48:10,안정성 문제 진짜 좀 해결해주세요. 무슨 오류 에러가 매일 한번이상 안나면 이상할 정도인게 말이 되는건가요
백528백령도,3,2023-03-24 01:44:10,좋아요.
우태헌,1,2023-03-20 22:20:24,앱 좀 똑바로 만드세요 뭐만 하면 페어링 실패 뜨는데 진짜 스트레스네요
하도하도,1,2023-03-19 14:35:10,"저는 만 11세 인데 키가 160cm이라 어른 따릉이도 탈수있는데 회원가입이 안됩니다. 만 14세 부터 회원가입이 되서 저는 제 폰으로 회원가입을 못합니다. 그래서 엄마, 아빠께서 단체권을 사려고 해도, 추가구매도 안되네요. 이 앱 이용연령이 만 13세 이상인데 그러면 새싹 따릉이는 중학생분들 타라고 만든건가요? 그러면 저는 엄마 아빠랑 어떻게 타는 방법이 있는거죠? 답변부탁드립니다."
이동철,1,2023-03-18 13:33:32,단체권은 왜 없엔거에요? 이해가 안가네.. 핸드폰없으면 타지도 못하나
샤넬,1,2023-03-17 16:48:24,토스앱도 없고 껏다키고 페어링 로그인 별짓해도안되네요 1달전부터 갤21 최신폰도아닌데 짜증 좀 고쳐라
박.,1,2023-03-16 13:50:20,삼성 업데이트 어쩌구~ 토스 앱과 저쩌구~ 그럼 빨리 버그 수정을 하던지 아님 고쳐질때까지 인증 방식을 바꾸던지 서비스 잠깐 중단 시켜 두던지 뭐라도 해라 벌레들아 리뷰 보니깐 그냥 안된다고~ 안된다고 말만 한지가 1달은 된거같은데 아직도 아무 대책도없네 별 그지같은 대응이야ㅋㅋㅋㅋㅋ
yuiop qwert,1,2023-03-16 06:58:51,결제수단 좀 늘려주세요
Loan Nguyen,1,2023-03-15 09:06:28,버호와 숫자 인식이 안됩니다
gyurim shim,1,2023-03-14 19:52:44,급할때 블루투스 페어링 더럽게 안되네 ㅎㅎㅎㅎ
경이,1,2023-03-14 17:55:25,하.. 제발 페어링 좀 어떻게 좀 제발.. 일찍나와도 연결하는데 시간 다잡아먹네요 개선 제발요
Skwang Kim,1,2023-03-14 17:36:13,페어링 연결오류가 많음
현민조,1,2023-03-13 19:00:06,"진짜 페어링 실패 미치겠네요 정기권끊어놓고 연결 안돼서 못탄게 몇번인지... QR코드 뿐만아니라 번호입력해도 마찬가지입니다. 네트워크초기화하면 되는거같은데 초반에만 좀 되다가 2~3주정도 지나면 다시 페어링실패 계속떠요 네트워크초기화하면 공유기정보같은 내역도 초기화돼서 비밀번호걸린 와이파이 일일이 연결 해줘야되는데 따릉이때문에 이짓을 계속 하는게 맞나요 저만 안되는게 아니라 연결안되는 사용자 많은것같은데 작년말 업뎃 이후로 문제생긴건 인식하고있는건지요... 핸드폰기종, 주변기기 문제가 아니라 블루투스 모듈문제는 아닌지 네트워크 초기화 외에는 해결 불가능한 문제인건지...답답하네요"
고양이는냐옹,5,2023-03-13 18:36:22,너무 잘 쓰고 있어요 가격 인상 안 돼요ㅠㅠㅠ 돈 없어서 자주 타고 다니는데 자전거까지 인상되면 큰일 나요
funny Kim,1,2023-03-11 13:56:11,qr대여도 안되고 이제는 핸드폰의 카메라까지 먹통이 되었습니다. 따릉이 어플 삭제하니 핸드폰 카메라가 작동합니다. 어플에 심각한 오류가 있습니다. 빠른 조치 부탁합니다.
studio mayo,3,2023-03-11 01:07:27,"단체 이용권이 살아졌나요??... 찾아봐도 없어요,,,"
Seonhwi Kong,2,2023-03-10 16:18:57,QR코드 인식 기능 개선 좀 부탁드립니다.
Min Hyun,1,2023-03-10 11:23:37,접속이 잘 안 됨. 이거저거 다 해봐도 안 됨. 댓글들 보면 상당히 오랜기간동안 개선이 안 된 듯 한데... 이 사안 자체가 앱스토어 별점만으로 해결되지는 않을듯해서 상부기관인 서울시청에 민원을 넣고싶어짐.
Light Day,3,2023-03-10 09:21:06,평소에 괜찮은데 가끔 계속 대여 실패하고 반납 제대로 안되는 거 개선 필요함
고영민,1,2023-03-10 08:22:40,어쩔때는 잘되다가 어쩔때는 안되다나 페어링 어락가락
taehyung,1,2023-03-09 14:36:44,최근 들어서 갑자기 한번에 대여가 안됨. 반납도 잘 안됨. 앱을 껐다켜도 안될때는 휴대폰 완전 껐다 켜야됨.짜증남. 한번만 그러는것도 아니고 맨날 매번 탈때마다 그럼.찐 짜증남
K JA,1,2023-03-08 17:49:13,"그냥 해도, 블루투스 이어폰을 해제하고 시도해도 빈번히 qr 인식을 실패합니다. 숫자 입력 방식은 화면에 숫자만 표시해 줄 뿐이고 연결은 되지 않는게 참 재밌네요^^ 따릉이 연결에 10분 이동시간 10분, 게다가 연결이 오래 걸려 추가요금까지 냈습니다 정말 너무 감사드려요~"
김동훈,1,2023-03-08 17:45:31,네이버 로그인하기 누르면 무한로딩 ㅋㅋㅋㅋㅋㅋ
kfcu154,1,2023-03-07 19:39:52,어플 업데이트 하고 리소스는 왜 하는지 모르겠네요 안드로이드 폰에서 진짜 무슨 짓거리 해도 5번중에 3번은 꼭 안되어서 블루투스 종료하고 어플 종료하고 이 짓거리를 몇번을 하는건지 아이패드로 한번에 되는데 거지같네요 안드로이드로는 진짜 거의 안쓸겁니다
Ella,2,2023-03-06 13:59:12,자전거 연결이 계속 안되네요 수기로 번호 입력해도 안됩니다;;;;
김지영,1,2023-03-05 14:52:31,단체권이 사라졌습니다
work_ daily maya,1,2023-03-04 20:40:11,작동이안됨 그 추운날 어찌나 다같이 자전거 엎에서 덜덜 떨던지..
성현함,2,2023-03-01 08:41:39,급하게 타려는데 대여나 반납 인식 안되서 시간날리는 경우 많음. 고객센터 대처는 빠름. 인식 잘되고 좀 더 가볍게 만들어 달라고요. 1년이 지나도 바뀐게 거의 없냐..
isu___ Ma_po,1,2023-02-28 14:36:01,씨이벌 불편한게 한두가지가 아니네 다신안쓴다
이래,1,2023-02-26 02:38:13,"사람 많이 사용하는 시간대에 연결 잘 안됨. 새벽에 어플 작동 안되고, 점검이 있다면 공지사항이나 배너로 알림이 있어야하지 않나요? 잠금체결도 제 멋대로이고, 하루에 두번 많게는 서너번 이용하지만 제가 왜 앱때문에 탈지 말지를 고민하게 될까요?"
김두리,1,2023-02-26 02:30:23,잘 사용하다가 이젠 켜지지도 않네요 핸드폰을 껏다키라 그래서 껏다켜도 오류로 불가네요 새벽3시라 참.... 버스도 없고다들 이런불만들이 많던데 개선하실 생각은 없는건가요?
정선희,1,2023-02-26 02:12:21,어플을 다시 깔아도 핸드폰을 다시 껐다켜도 어플이 실행되지 않아요. 네트워크 문제도 없구요. 이용권이 있어도 사용을 못하네요. 제가 사용 못한 시간 보상은 어떻게 하실건가요? 빨리 해결해 주세요.
안명수,2,2023-02-26 02:09:40,네트워크 통신오류 때문에 임시잠금 걸어둔거 반납도 안되고 계속 초과요금 들어가는데 어쩌실건가요 와이파이 풀상태에서도 안되고 데이터로 해도 안되고 어쩌란거죠?
박혜리,1,2023-02-26 02:08:20,업데이트 오류 나서 20분째 반납 못하는중
몽몽뫙,1,2023-02-26 02:04:10,아니 임시 잠금장치 내리고 앱을 키니까 안켜지잖어
옴뇸뇸,1,2023-02-26 01:55:23,켜지지도 않음
김동,1,2023-02-26 01:50:09,연결 후....
우민균,1,2023-02-26 00:24:50,20번 넘게 실패함
김수진,2,2023-02-23 12:15:46,좋긴 좋은데 앱 오류도 너무 많고 단체권을 샀는데도 자전거가 1대만 대여되고 그냥 빌리는것도 계속 대여실패를 하네요 제발 앱 오류좀..
scynada,1,2023-02-19 10:24:06,자동 로그인 가능 이용 불가. 지문 로그인 기능 이용 불가
JK,1,2023-02-14 17:50:05,대여 안돼서 버린 내시간 어쩔거야! 날도 추운데 딮빡이네.. 답변도 형식적이고.이럴거면 그냥 없애
Name Last,1,2023-02-09 17:28:18,대여가 안되고ㅜ강제중지됨. 이딴식으로 만들거면 하질마라. 세금아깝다
너굴맨Racoon.J,5,2023-02-07 20:42:25,평소에 잘 쓰는데 오늘업데이트 이후 8000무결성검증실패 뜨며 실행 못하고있습니다 현재는 티머니어플로 대여하고있구요...왜그런가요 해결법이나 업데이트부탁드려요
alaindebotton,2,2023-02-06 18:04:42,일주일 전부터 연결이 잘 안되기 시작하더니 어제부터 모든 자전거에 연결을 실패하고 있습니다. 어플 삭제했다가 다시 깔아봤구요 에어팟 연결도 끊어보고요 데이터도 껐다 켜보는 등등 네 모든 조치 다 해봤습니다. 오늘 오기가 생겨서 30분동안 씨름을 했는데도 연결이 안되네요. 잘 되던데 갑자기 안되는데 제 문제인가요 어플문제인가요? 복학 준비하느라 바쁜데 소중한 30분을 낭비하게 해주셔서 감사합니다.
syu J,3,2023-02-06 11:51:47,자전거 부족신고 의미가 없노 ㅋㅋ
강현진,4,2023-02-05 00:05:57,내 위치가 표시안되어 답답한면이 있음
ahn,5,2023-02-02 23:23:35,따릉이 반납했는데 반납이 안되어 있다고 통보되어서 몇번 당황했고 추가요금도 냈다 그래서 이젠 반납처리 되었다는 완료 문자도 확인하고 반납이력도 반드시 꼭 확인한다 따릉이 이용에 불안을 갖지않게 개선을 바란다
박종빈 (요르하),5,2023-01-15 13:11:51,10중 10 연결되고 매우 잘되네요 좀 느려터진게 단점이라면 단점
사이다좌,3,2023-01-12 17:12:31,한국인들도 종일권할수있게 해주십시오
송채원,1,2023-01-11 09:23:15,결제가 안됩니다.. 로그인 세션이 만료되었다고 결제 마무리 단계에서 자꾸 되돌아가요 왜 이러죠ㅠㅠ
하준철,1,2023-01-05 06:26:38,결제가 진행이 안됨
K MR,1,2022-12-29 18:54:37,반납이 제대로 안되는 문제가 있고 무리하게 과금을 매겨서 경제적 손해발생. 무대뽀식으로 시키는대로 하라고함.
Jimmy Katagiri,1,2022-12-27 08:37:28,분명히 대여소에서 자전거 잠금장치를 하고 반납이 안되서 콜센터로 했는데 나중에 확인결과 분실되었다고 뜬금없이 메시지가 왔습니다. 출장확인 좀 잘하시길..
쏘리아,1,2022-12-22 20:22:10,따릉이결재가안됨
이규선,5,2022-12-15 17:39:15,"언젠간 쓰겠지하고 정기권만 끊어놓고 진짜 가끔 타는 사람입니다. 진짜 안 타다가 최근에 몇번 탔었는데 요즘은 정류장도 많이 생기고 연결방법도 진짜 간편해졌네요. 옛날엔 비번 치고 연결기다리고, 대여하거나 거치할때 자전거에 딸린 기다란 자물쇠(약간 싱크대 수전같이 쭉 뽑아서 거치대에 걸고 하는거...) 정리하고 번거로워 뒤지는줄 알았는데 ㅋㅋㅋㅋㅋㅋㅋㅋ 블투로만 간단하게 되다니 진짜 기술의 발전으로 세상편해진게 느껴집니다. 이렇게 발전되었듯이 앞으로는 더 좋아지겠죠? 기사로 따릉이 관련 인력도 부족이고 적자도 많다고 들었습니다. 이러다 따릉이가 없어지는건 아닌지 걱정이되네요. 너무 고생하시고 노력하신게 지금의 변화만 봐도 충분히 알것같습니다. 앞으로도 소중한 서울시민의 발 따릉이가 없어지지 않도록 지켜주세요ㅠㅠ 너무 고생하십니다. / 이거 보시는 분들도 따릉이 좀 소중히 관리해주세요. 진짜 볼때마다 쓰레기 담겨있고 엉망으로 정리하고 대여불가한 곳에 버젓이 놓여있고.. 제발요 쫌!!"
신홍균,1,2022-12-15 10:45:58,"네이버, 카카오로 로그인된다면서 개인정보동의하라해서 동의했더니 네이버 카카오 로그인은 안되고 회원가입하라는건 뭔가요? 그냥 개인정보만 받아가는 용도인가요? ㅡ 그러니까 SNS연동방식으로 가입이 안된다는 얘기입니다. 정보제공 동의만 받아가고 로그인이 안됩니다"
23 1,2,2022-12-12 10:21:11,"거의 매일 대중교통보다 따릉이를 유용하게 타고 있고, 평소 걸으며 건강 관리하는 50대 직장인입니다. 장점은 많지만 아래의 후기에 대한 답글들이 너무 형식적이라 답답한 마음에 저도 남깁니다. 대여신청시 블루투스 접속 잘 안되는 거 맞습니다. 다른 앱들 다 정지하고 와이파이는 끄고 데이타만 켜두고 그 화면에서 기다리면 그나마 낫습니다. 와이파이와 데이터를 동시에 켜두거나 기다리는 동안 해당 화면만 지켜보지 않고 다른 일들(지도 검색 등)을 하면 1분 이상 기다리거나 두 세번 다시 시도해야합니다. 바쁜 시간에 1~2분은 너무나 길고 짜증나게 느껴집니다. 매번 반복되는 코멘트로 사용자에게 이리 저리 해보라, 고객센터로 연락하라면서도 정작 기능 개선이 안되는 이유가 뭘까요? 민영화도 아니면서 운영만 위탁해서 그런가요? 신경 좀 써주세요."
DH K,5,2022-12-12 09:09:15,3년전부터 따릉이 1년 정기권 결제하고 사용중입니다 올해초 부터 어플이 많이 개선되서 좋아졌어요 큐알코드 블루투스 연결 늦어지다 취소도 안 되서 몇분 동안 먹통되던 증상이 올해초부터는 가끔 있어도 연결취소도 빨리되고 좋아졌어요 어플도 많이 빨라졌고요 업데이트 자주 해 보세요ㅎ
김철수철수,1,2022-12-10 14:04:52,아니 어떻게 된 어플이 제대로 연결되는 법이 없나요... 다시 껏다 켜도 바로 반영도 안되고 지금 여러명이 이런 불만이 있는데 이정도면 어플 문제 아닌가요 반납도 제대로 안되고 제발 개선 좀 해주세요 부탁드립니다
김김,1,2022-12-09 15:00:58,개구데기 조회중입니다만 계속뜸
Jinwoo Noh,1,2022-12-08 07:53:32,담당자 있으면 그냥 솔직히 답해봐요 평점들 달린건 읽는거같은데 어플 개선하는것보다 그냥 욕이나 한번 먹고 메크로 답변 남기는게 더 편한거죠? 뭐 하라는데로 블루투스 껐다켜보고 모든기기 연결 해제하고 해봐도 겨우 다서여섯번만에 연결됩니다. 개선할 의지 없으시면 제발 민영화 시켜서 스트레스라도 덜 받게 해주세요
YC,1,2022-12-07 15:48:07,"10중 7,8은 자전거와 연결이 되지 않습니다. 블루투스 이어폰 연결하지도 않았고, 킬 때마다 모든 앱 강제 종료했다가 접속해서 하는데도 연결 확률이 극명하게 떨어집니다. 매일 같이 사용하는 이용자인데 너무 안타까울 뿐입니다."
GARI O SOTO,1,2022-12-03 13:03:35,페어링한번안되면 5분간 서서 기다려야한다는게 제일쓰레기같아요!
Donghyun Lim,1,2022-12-01 16:59:57,잘 사용하고 있었는데 오늘 갑자기 앱을 열면 검은 화면만 나오네요. 2번이나 삭제하고 다시 깔았는데도 마찬가지입니다.
never lose,5,2022-11-29 11:38:55,따릉이 요즘 없으면 안될 소중한 라이프아이템이 됐어오!!!!!! 앱 처음 시작할때랑 취소돼서 다시 들어가야할때 조금만 더 빨리만 되면 좋을거 같아요!! 감사합니다🖤
zbqmn (큐브),1,2022-11-23 09:03:30,답이 없음
Seung an Lee,1,2022-11-21 22:17:04,연결 짜증나게 안됨
김상헌,5,2022-11-21 01:12:46,최고.결제방법 어려워요
Y P,1,2022-11-16 11:23:07,앱 개판으로 만들었습니다. 툭하면 대여 및 페어링 안되고 불쾌합니다
Rame Kim (김뢰임),1,2022-11-13 18:28:25,페어링에 실패하면 바로 취소가 되라고요 좀 사람 천년만년 멀뚱멀뚱 망부석마냥 서있게 하지 말고
지나니,1,2022-11-12 10:47:04,리로스 업데이트 하면 99퍼에서 언논 에러 리트라이 라고 떠요. 잘되다가 갑자기 왜이런거죠?? 취소누르고 다시해도 결국 안되서 걸어갔네요.... 별점은 3점에서 1점으로 바꿀게요!
Juan Lee,1,2022-11-11 20:56:45,실행이 안됩니다
Peter S,1,2022-11-11 19:26:29,다운로드후 첫접속시 unknown err 반복 뮙니까 이게
Minseok Kim,1,2022-11-11 16:12:16,앱 처음 깔고 실행하면 리소스 업데이트 하라는데 99퍼센트에서 unknown error 라고 뜨면서 안됨.
권째즈,1,2022-11-11 09:25:40,별 0개는 없나요? 이것 땜에 지각을 더 많이 합니다 스트레스만 더 받네요
Kyoku Shin,1,2022-11-10 19:13:31,안받아져
정희태,1,2022-11-08 17:23:39,어플 참... 자잘한 에러가 왜이렇게 많은지
Inkyun Na,5,2022-11-08 12:46:20,식수대 음수 적합한가요 한강 수돗물은 피부에 적합한가요 수돗물로 자주 씻었는데 피부가 안좋아졌어요
감정홀드,1,2022-11-05 17:56:16,그지같은 앱을 만들고 독점할라그래 가입하고 무슨쓰를써도 로그인이 안되는 앱 ㅋㅋㅋ
Brb,1,2022-11-03 15:30:02,걸핏하면 페어링 실패 뜨고 서버 속도도 느려서 시간 아끼려다가 시간 더 잡아먹는 앱
조유나,1,2022-11-02 18:26:29,아 요즘 페어링 연결이 계속 안되서 기본 네다섯번 반복하고 지금은 열다섯번정도만에 됐는데 여기서 시간을 얼마나 버린거야ㅡㅡ 이 문제 진짜 고쳐야됨ㅡㅡ 인내심 테스트하는것도 아니고 진짜 너무너무 화남ㅡㅡ
Flower J (JFlower),5,2022-11-02 14:17:02,음 좋은추억
듀그,1,2022-11-02 09:00:34,대여소 가까이 주차했는데 반납도 제대로 안돼서 고객센터에 반납 요청했더니 이용자 탓이라고 하네ㅋ 어플을 제대로 만들어놓던가 보통 급한 출근길에 많이 타는데 이렇게 거지같으면 누가 이용하고 싶겠어 대여소에 따릉이가 한둘이 아니여서 연동도 제대로 안됨
김준헌,3,2022-11-01 08:25:57,전화번호 전 주인이 따릉이를 이용했던 것 같은데 그러면 아이디 비밀번호 모르고 비회원 사용도 못하네요 ㅜ
김수달,1,2022-11-01 01:41:22,이미 등록된 번호라며 회원가입이 안되네요
최현재,4,2022-10-31 23:55:19,좋긴한데 고장난자전거도 많고 qr인식이 잘안됩니다
김지영 (JY),5,2022-10-31 20:48:15,덕분에 퇴근길이즐거움
익명,5,2022-10-31 16:47:06,따릉이 정거장에 몇 대가 있는지 알아보기 쉬운 UI에요.
정예원,5,2022-10-30 22:27:12,"정기권 끊어서 몇 년째 사용중입니다. 지하철이나 버스를 타고가기 애매할 때, 걷기도 애매할 때 따릉이는 정말 최고예요. 킥보드는 위험하다고 느껴서 몇 번 타고 안 타는데 따릉이는 안전하게 컨트롤 할 수 있으니 애용해요. 몇 가지 개선했으면 하는 사항(가끔 연결이 한번에 잘 안되는 것, 수리필요한 것 등)들은 다른 분들이 잘 짚어주신 것 같네요! 따릉이 오래오래 운영해주세요 ☆따릉이 FOREVER☆"
금복,5,2022-10-30 10:05:49,"시민의 발 따릉이 앱 반응속도도 적절하고, 직관적인 UI가 마음에 듭니다. 저녁마다 퇴근할때 유용하게 씁니다. 앞으로도 잘부착드려요! 따릉이 사랑해!!!"
단단한순두부,5,2022-10-30 08:51:21,한강 가면 자주 빌려서 타고있어요! 너무 좋은 사업이라고 생각해요:) 다만 자전거가 몰리는 곳들이 있어서 그런지.. 반납되었는데도 처리가 잘 안 되었는지.. 30대 중 28대가 안 빌려져서 그 중 2대를 찾으려고 10명 넘는 사람들이 계속 QR찍는 일도 벌어지더라구요..😅 그런점들만 개선되면 너무 좋을 것 같아요!
황영아,5,2022-10-30 04:46:28,따릉이 너무 좋다..앱 연결이 조그만 더 정확하면 더 좋겠다
o o,5,2022-10-29 22:55:22,와 기관앱이 4.6은 첨보는듯. 친구들이 따릉이 거릴때 한귀로 듣고 한귀로 흘렸는데 막상 타보니 신세계네요! 가격도 너무 저렴해서 서울시 자선사업 맞죠?! 6개월 당장 끊었어요!!
김범석,5,2022-10-29 18:34:23,앱 리뉴얼 이후 쓰기 편해졌어요.
희영박,4,2022-10-29 16:53:28,건의사항 집 앞 점자블럭 근처에 따릉이 대여소가 있어서 따릉이가 점자블럭을 침범하는 것을 자주 보고 있습니다. 몇 번 옮겨 놓았지만 한계가 있네요. 울 동네에는 맹학교가 있거든요. 정기권이나 일일권 구입시 점자블럭에 침범하지 않게 주차하는 주의사항을 읽고 클릭하지 않으면 구입이 안 되도록 해 주세요! 어렵지 않으리라 생각합니다. 제발!!!
김태환,5,2022-10-28 02:53:20,결제 오류도 없습니다. 반응속도도 빨라지고 UI도 만족스럽습니다.
hyeyoung choi,5,2022-10-27 10:41:45,자동로긴되고 사용하기편해요. 선물하기는 자꾸 헷갈리긴하지만 로긴하고 대여하기만 주로 사용하니 나이많은 저도 불편함을 모르겠네요. 잘사용합니다
Jihyun,5,2022-10-27 06:35:12,따릉이 잘 타고 있어요 고장 신고도 반납 후 화면으로 떠서 비교적 쉽게 신고할 수 있고 자전거 유동성도 괜찮아서 유용합니다 가끔 페어링 안되는 경우가 10%확률로 생기긴 하는데 조금만 여유 갖고 다시 시도하면 정상 작동되어서 만족해요!
임수달,5,2022-10-26 22:43:35,처음 따릉이 시작할때의 어플은 ui도 좀 낡아보이고 느렸다고 해야하나 근데 전체적으로 업데이트하니 보기도 좋고 사용하기도 좋고
여느,3,2022-10-26 13:35:41,평소에 너무 잘 사용하고 있지만 반납했는데! 전산상 오류로 반납 안됐다고 문자 올 때마다 너무 스트레스 받아요 어떻게 해결 안 될까요?
류호찬,1,2022-10-25 21:11:12,아니 앱 내부에 오류신고하는것도 없네요 회원가입하고 로그인 하려는데 앵무새마냥 회원가입 후 이용하세요만 뜨고 비회원으로 하려하고 이미 가입된 번호라고 로그인하라하고 회원가입하라하고 뭐 이타치세요? 무한츠쿠요미인가요? 빨리 고쳐주세요
앙꼬,5,2022-10-25 13:39:48,날씨가 추워지면 타기 힘들수도있지만 운동도 되고 가까운곳 이동할때 너무 유용해서 중독되버렸어요 현재는 사용하는데 있어서 불편한거 모르겠네요
김민정,5,2022-10-25 10:22:17,대여실패 무한루프 어떻게 좀 해주세요
정민관,5,2022-10-25 08:54:48,년간 대여이력(회수 포함)등이 확인 되었으면 합니다.
이미애,4,2022-10-25 01:25:09,초기 시작때부터 따릉이를 잘 이용해오고 있는 사용자입니다. 큐알따릉이로 일괄적으로 점차 바뀌면서 반납할때 잠금걸쇠를 안해도 되서 편하긴 한데요. 대여할 때 qr인식이 잘 안될때가 많습니다ㅠ번호로 입력해도..페어링이 한번에 연결이 안 되면 대여취소 버튼을 눌러도 바로 반영 되지 않고 앱을 종료하고 다시 접속해도 불통이여서 불편해요. 이러한 불편사항들이 개선되었으면 좋겠어요. 그 이외에는 따릉이의 이점이 많아서 환경적으로나 앞으로도 따릉이를 잘 애용할 꺼예요!!
유양석,5,2022-10-24 17:48:47,새벽에 따릉이로 출근하는 따릉이 왕팬 입니다 자전거 중에 은색레버로 된 안장조절기는 잘 조절이 되지 않고 조절할때 손이 너무 아픔이다^^ 불만은 없고요
심장석,5,2022-10-24 17:42:12,편하게 잘 이용하고 있습니다.
남형석,5,2022-10-24 11:52:29,언제 어느 곳에서도 따릉이를 편리하게 이용할 수 있어서 좋아요
seongmin,4,2022-10-23 19:43:29,따릉이 앱이 계속 발전하네요. 익숙해지다 보니 편의성이 좋아진 것 같아요. qr코드로만 대여가 가능하다 보니 블루투스 기반으로 연결이 되는데 간혹 연결이 잘 되지않을 때가 있어서 아쉽습니다
이준형,3,2022-10-23 14:52:25,"기본적으로 새로운 모델도 유입되고 대여도 간편하고 비용 역시 저렴함. 하지만 새로 도입된 모델들이 하나 둘 씩 오류가 뜨면서 대여중 임시잠금이 해제가 안되거나 점검이 안걸린 자전거인데도 불구하고 대여 할 수 없다고 안내멘트가 나오는 등의 심각한 오류가 빈번하게 발생됨. 이러한 오류 덕분에 사용자는 짜증이남. 또한, 낙후된 모델들은 폐기 처리를 해야 하는데 폐기하는 움직임이 전혀 없음. 결과적으로 단점이 많은 앱"
조영호,5,2022-10-23 11:54:01,1. 좋은 경험 : 따릉이를 타고 둘레길을 다닙니다 집에서 도봉산역까지 가서 1구간 걷고 화랑대입구역에서 따릉이로 귀가하고 2구간은 화랑대역까지 따릉이로 가서 걷고 광나루역에서 귀가하는데 중간에 응봉역 1번출구에서 갈아타고 옵니다 다른 구간도 같은 방법으로 편리하게 사용하고 있습니다 2. 개선 희망 : 거치장소 잔여 수량 검색할 때 사용불가능한 수량도 포함해 줄 수 있을까요 좀 멀리서 1개 있다고 해서 갔는데 고장신고 등으로 사용불가시 난감합니다 시간 마춰 갈 일 있으면 더 난감해요 좋은 시스템 잘 이용하고 있습니다 더 나은 시스템으로 발전하기를 바랍니다
파랑물하늘꽃,5,2022-10-23 10:48:00,출퇴근 할 때도 놀러갈 때도 잘 이용하고 있습니다 가끔 연결이 안 된다 뜨고 자전거잠금이 안풀릴 때가 있습니다 할 수없이 다른걸로 타지만 이럴때 불편합니다
jul H,4,2022-10-23 05:29:01,곳곳에 정류장이 생겨서 이용하기 수월해져서 좋습니다. 바람 빠진 바퀴에 바람을 넣을수 있도록 펌프를 세워놓으면 유용할것같습니다. 때때로 따릉이 대란?이 일어나 따릉이 찾아 삼만리 하는 경우가 있습니다. 따릉이 운송 스케줄을 볼수 있으면 좋겠네요.
성찬우,5,2022-10-22 20:57:00,너무 좋아요
HC Shin,3,2022-10-22 18:43:52,갤럭시노트20. 10/22현재 절전모드 설정시 블루투스 연결안됩니다 절전모드만 끄면 잘 되네요
김연욱,5,2022-10-22 00:20:46,강아지와 운동할때 좋아요!
달콤한꿈,5,2022-10-21 22:45:09,정기권이 있어서 이용에 편리해졌다고 생각이듭니다. 앱도 개선되고 있는 것 같습니다. 많이 발전하길 바라며 탄소절감에 도움이되었으면 좋겠습니다.
채윤기,1,2022-10-21 21:35:36,진짜 어이가 없어서 리뷰남깁니다 가끔씩 대여소에서 반납 레버를 채워도 반납 안 되는 경우가 있어 다시 가서 임시잠금 해제하고 반납후 연체금을 물어야 하는것도 어이가없었는데 오늘도 같은 건으로 전화하니 고객센터에서 절대로 그런 기술적 오류가 없고 내 잘못이라고 하다뇨? 내가 사진으로 찍은게 있는데? 서버 관리나 똑바로 하세요 덤탱이 씌울 생각만 가득차서는
YH J,4,2022-10-21 18:11:14,업데이트되면서 이전보다 빨라진 건 좋아요. 블루투스 꺼진 상태로 대여시도하면 블루투스 켜지는데도 연결되지 않는때 있어서 취소하고 다시 대여시도해야하는 거 불편해요. 대여소에 있다곤 나오는데 빌리려하면 이용불가능한 거랑요. 서비스는 잘 쓰고 있어요. 고맙습니다.
이아현,4,2022-10-21 16:38:00,진짜 소소한 즐거움을 주는 따릉이 너무 좋아요 ^^
우부,5,2022-10-20 16:13:31,따릉이 앱을 통하여 편리하게 따릉이 대여 가능 정보를 확인해 대여하고 있습니다. 항상 감사합니다!
유주,3,2022-10-20 10:50:49,"그래도 초반에는 많이 이용했었는데, 얼마정도 이용 안하다가 들어가니까 로그인이 인되네요. 그래서 네이버로도 시도해보고 카카오톡으로도 시더를 해봤는데도 로그인이 인 되다라구요. 분명 제대로 입력했는데. 상황이 급했는데 앱은 제대로 로그인도 안 되고, 정말 실망입니다. 따릉이가 더 사용하기 싫어졌네요"
IVIIIVLᆞ,5,2022-10-19 23:41:09,"따릉이 애용하는 사용자입니다! 어느 정도냐면 지금까지 대여료만 99,000원 썼고, 지난 달이 제일 적게 탔는데 그마저도 73분 탄 거죠ㅎㅎ 따릉이 언제 타면 좋냐면요. 버스나 지하철 같은 대중교통이 질릴 때, 바깥 공기는 느끼고 싶지만 걷기는 싫을 때, 기분이 우울할 때 잠깐 전환하고 싶을 때, 무릎 또는 발목 아파서 걷기 힘든데 나가긴 해야 할 때, 장 보고 짐 무거울 때 등이 있죠. 요즘엔 집 가는 길 추운데 버스 타면 환승요금 드니까 따릉이 1년치 끊어놓고 후딱 집까지 따릉이 타고 가요! 따릉이 한강에서 타기는 생각보다 매우 어려워요. 그만큼 따릉이 인기가 많다는 거죠ㅎㅎ 따릉이 편하고 기어 3단 조절 가능해서 좋고 운행 중에는 데이터,위치, 블루투스 안 켜도 되어서 좋아요. 따릉이 진짜 많아지면 좋겠어요. 적자라고 들었는데 진짜 많이 애용하고 있으니 사라지지 말았으면 제발!! 남친이랑 따릉이 같이 타는 거 소원인데 그렇게 될 수 있게 오래오래 운영해주세요. 남친 안 생ㄱ"
오솔잎,4,2022-10-19 22:39:09,자전거 qr이 한번에 읽히지 않을 때가 있는데 앱상의 오류인지 시스템의 문제인지 궁금합니다.
진달래,5,2022-10-19 21:09:10,따릉이 너무 좋아요❤ 요즘 매일 1시간씩 타고있어요~ 주변사람들에게 따릉이 홍보자 겸 전파자로서 건의사항 몇가지 적어봐요~ 1. 업뎃이전보다 확실히 블루투스 연결부분은 개선이 조금! 되었어요 하지만 아직도 간간이 대여가 딜레이되고 대여취소버튼도 바로안떠서 개선되었으면해요 2. 고장신고를 더 쉬운방법으로 개선해주면 좋겠어요 원버튼 신고처리하는방법으로요~ 안하시는분들이 많아서 헛탕친적이 많네요 그래서 신고를 안하면 패널티가 있음 좋겠네요 3. 도난을 대비해서 일부러 시중 자전거보다 무겁게 만든것일까요? 너어어어무 무겁고 느려서 운동이 빡세게?? 되더라구요 조금 더 가볍고 빠르게 개선된 따릉이를 만나보고싶어요~ 4. 키큰 사람들을 위해 핸들높이도 조절가능했으면 합니다~ 안장최대로 하면 핸들이 낮아요 5. 근처 따릉이 정류소로 안내해주는 네비+ 자전거전용 길안내 연동 등이 가능했음 좋겠어요
Kr B,5,2022-10-19 10:57:03,따릉이는 정말 선진화된 공유교통 시스템 입니다. 서울 시민이라는 자부심을 느낍니다^^ 다만 자전거 형태를 좀더 다양화하여 mtv형도 추가했으면 합니다. 덩치 큰 남자가 타기에는 기존 따릉이 형태가 작고 좀 민망한 부분이 없지 않아 있습니다^^ 항상 따릉이에 대해 자부심을 느끼고 있습니다
김민규,1,2022-10-19 08:58:06,블루투스좀 고쳐
조은지,1,2022-10-18 18:27:56,퇴글길 자전거 타려고 했더만 대여가 안됨 폰 두대라 두대 다 해봤는데 두대 다 안됨ㅡㅡ상담은 ai가 받아서 대화 자체가 안됨
나는누구,5,2022-10-18 14:52:43,제작년부터 꾸준히 사용했다가 잠시 못 타고 있는데 앱은 직관적이어서 쓰기 편해요~지금이 딱 자전거 타기 좋을 때라 다시 타봐여겠어요
이현오,5,2022-10-18 10:53:32,"정말 잘 사용하고 있습니다, 다만 아주 가끔 고장난 자전거 카운팅이 안된다거나, 원하는 위치에 자전거가 없는경우가 있습니다ㅎㅎ 그래도 짧은거리를 차없이 자유롭게 갈수있어서 너무 좋아요"
신기현,4,2022-10-18 10:32:24,가끔 이상하게 대여안될때가 있는데 안정성은 좋습니다.
JiHeun Jo (HaO),4,2022-10-18 00:37:37,이용권 구매 메뉴를 찾기 편해졌지만 결제수단 선택항너 결제하는데 시간이 걸렸습니다
SEOKJUN RIM,5,2022-10-18 00:36:41,"지난 여름부터 잘 사용하고 있습니다. 다만 안장 높이가 낮아 무릎에 무리가 가고 있습니다. 또, 거치대에 사용 못하는 자전거가 너무 많습니다. 핸폰 거치대가 있으면 편리할 것 깉습니다. 핸폰을 가방에서 넣어다 빼어다하는 불편도 많고 앱알림을 보지 못하고, 앱지도도 보기 어렵습니다. 앱지도에 표시되는 대여소 범위가 좁아 다른 지도앱으로 재검색하는 어려움이 있습니다. 서울 외곽지역은 대여소가 부족합니다. 대안으로 주민센터 주차장 1칸정도 대여소로 활용했으면 좋겠습니다. 더욱 편리하고 서울특별시민에게 사랑 받는 따릉이가 되었으면 합니다. 따릉이 발전에 노력하시는 모든분들의 노력에 감사드립니다."
김아름,5,2022-10-17 23:51:24,자전거 관리를 서울시에서 신경써서 하시는거같아요 너무 편리하고 좋아서 한달짜리 정액권 끊었습니다. 우리 모두 지구를 살리기에 동참합시다.^^
김Ju,5,2022-10-17 16:54:02,몇년째 너무 잘 이용하고 있습니다 다만 한가지 아쉬운게 QR코드 인증시에 인증이 제대로 안될때가 제법 많은것같아요 ㅠ 이것만고쳐지면 정말좋을것같네요
동희,5,2022-10-17 16:24:18,회원가입이 안 됩니다.. 핸드폰 인증 과정에서 가입은 안 됐는데 번호가 등록되었다고 뜨며 진행이 더 안 됩니다. 해결해주시면 감사하겠습니다. 해결이 아직 안 됐습니다. (10.17)
정민서,1,2022-10-17 16:14:00,^^l발 ㅇ.? 제발 좀 제대로 만들자 앱 안들어가져서 눈앞에서 자전거 뺏김 앱안들어가져서 전원 재시작하는 사이에 뺏겼다고 와 개빡치네
2 2,5,2022-10-17 15:39:02,리뉴얼 후 튕기는 것도 덜하고 지도 보기가 편해요 +탄소 저감 효과도 시각적으로 보여서 재밌어요
도레미도,5,2022-10-17 14:52:20,전에 다른 어플 사용할때보다 확실히 사용성이 개선되고 어플도 깔끔해서 보기좋아졌어요 ~! 잘 쓰고 있답니다~
Hee Sun Kim,5,2022-10-17 14:41:23,정액권으로 구입하면 가성비도 좋고 너무 만족합니다
김혜선,4,2022-10-17 14:36:00,따릉이 자체는 아주 편리하나 가끔 오류로 자전거 대여가 안되는경우가 있어서 불편할 때가있고 결제할때 취소버튼이 안먹히고 바로 결재로 넘어간 경우도 있었습니다. 그리고 제로페이 말고 서울페이 결제도 연동되었으면 좋겠습니다
박현우,5,2022-10-17 14:28:34,QR로 인식하여 대여가 쉽고 지도로 가능한 자전거를 파악하기 쉬워 이용하기 좋습니다. 그러나 막상가면 새싹자전거만 있어 추가 배치 요청이 불가능한건 불편합니다. 유형별로 자전거가 없을 때 신청할 수 있게끔 수정되면 좋겠습니다
s k,5,2022-10-17 14:27:59,사용하기 편리합니다
so-young An,5,2022-10-17 13:05:39,서울의 이동수단으로 너무 잘 사용하는 따릉이^^ 너무 좋아요!!^^
Eriko Sakai,5,2022-10-17 11:19:57,이제 서울 구석구석까지 어디가도 따릉이가 있네요! 새로 업데이트 될 때마다 앱이 참 괜찮아진 것 같아요. 따릉이가 어디에 어떤 종류가 몇개 남았는지 한 눈에 볼 수 있고 대여하기도 참 편해졌어요. 혹시 개선해주신다면 언덕이나 공원 같은 따릉이로 가기가 어려운 길이 어딘지 앱에서 미리 확인할 수 있으면 더욱 편한 것 같아요~! 따릉이 대여 후 막상 출발하려다가 바로 긴 언덕이 나와서 포기할 때가 점점 있거든요 ㅠ
채채치수,5,2022-10-16 22:45:21,진정한 시민 서비스의 표본입니다.
Jung DoWin,3,2022-10-16 19:58:58,반납이 잘안된 경우가 있어요 시스템 불안정 조정해주세요
욤욤,5,2022-10-16 18:13:32,"시민의 발! 따릉이! 연간 회원권으로 따릉이를 이용하고 있는 시민입니다. 운동갈 때, 마트 장 보러갈 때, 모임끝나고 집으로 올 때 등 하루에도 여러 번 따릉이를 타고 있습니다. 덕분에 이동도 편리하고, 교통비를 아끼고 녹색 생활을 실천할 수 있어서 너무 맘에 듭니다. 전국적으로 시도에서는 친환경 자전거사업을 대대적으로 추진했지만 서울시의 따릉이만큼 성공적인 사례가 많이 없다고 들었습니다. 그만큼 서울시에서 신경써주시고 운영해주신 덕분에 점점 따릉이를 이용하는 사람의 수가 많아지고, 시민들의 만족도도 높아지는 것 같습니다. 앞으로도 지금처럼 시민의 발이 계속 되어줬음 합니다! 저 역시도 안전하고, 깨끗하게 자전거를 이용하겠습니다. 하루에도 짧게 여러 대 자전거를 타는데 랜덤으로 뽑히는 자전거들의 상태가 대부분 좋습니다. 정말 관리를 잘해주시는 느낌이 듭니다. 그 노고에 감사드리며 앞으로도 따릉이 흥했으면 좋겠어요! 따르릉~ 따르릉~"
김한형,1,2022-10-16 12:28:15,"반납할때 대여소 찾는거 정말 짜증나네요, 직접 반납요청도 먹통이고 약속시간 늦은건 기본이고 아직까지 반납처리 안되서 돈 싸이고 있네요. 진짜 욕나옵니다."
Yeongkyu Yun,5,2022-10-15 21:56:47,사용하기 편리합니다.
박수빈,2,2022-10-15 21:08:22,폰에 켜져있는 앱 모두 끄고 데이터도 한번 켰다키고 블루투스도 아무것도 연결 안한채로 매번 대여합니다. 근데 오류가 진짜 너무너무 많이 나요 ㅠ 제발 오류 많이 나는거 고치지 못할거면 대여 취소라도 바로 하게 해주세요!!!! 대여취소 기다리는데 시간 다 보내서 매번 약속시간에 늦고 너무 짜증납니다 .. 제발 개편 부탁드립니다
Seong-Joo Lee,5,2022-10-15 16:40:57,편하고 빠른 따릉이 이용 정말 최고 입니다. 탄소저감에 일등공신 따릉이~~
K.달래,5,2022-10-15 16:23:07,1시간권을 계속 구매해서 이용하다가 이번에 서울로 이사하면서 반년권을 구매해서 사용하고있습니다. 정말 따릉이는 제 교통수단의 빛과 삶이라고 하고싶어요ㅋㅋㅋ대중교통이 애매해서 도보로다녀야하는 데 도보로 25분거리를 7-8분만에 이용할수있으니 얼마나 좋나요. 제발 없어지지마ㅜㅜ대신 연결하다가 갑자기 연결실패하는 경우가 좀있기도하고.사람들이 남의자전거다보니 소중히대하지않아 체인이 좀 이상하다던지 그런경우도 와왕있어요. 그래도.많이 이용해주세요ㅠㅠ
jaksmn sjs,1,2022-10-15 15:25:40,장문의길과함께 연결안됌
김민혁,5,2022-10-15 11:57:44,로그인이 안 됩니다
하승미,5,2022-10-15 11:30:16,매일 정비해주시고 부족하지 않게 채워주셔서 감사합니다. 앞으로도 유용하게 사용하겠습니다 :)
사랑해,5,2022-10-14 23:35:50,따릉이 넘무 좋아요ㅠㅠ♡♡
김윤희,4,2022-10-14 18:17:28,블루투스 이어폰을 꼭 꺼야하는 불편함 외에 대부분 만족합니다.
신난다!!,5,2022-10-14 18:09:01,저렴하게 이용할수 있고 가까운거리 이동할때 주로 사용할수 있어서 너무 좋아요
이상협,5,2022-10-14 17:11:09,요즘 티머니 따릉이를 주로 이용하다 리뷰이벤트 한다고 해서 따릉이를 오랜만에 써봅니다. 티머니 따릉이보다 기능이 훨씬더 많은데도 쾌적하게 구동이 되었습니다. 옛날보다 사용자가 더 많아졌음에도 원할히 사용되고 기존의 여러문제들도 개선이 되어 다시 사용하고 싶습니다. 어플의 성능만 보자면 따릉이는 현재 어느정도 정점에 오른것 같습니다. 개발자들에게 참 감사드립니다. 따릉이 어플자체는 너무 훌륭합니다. 그러나 티머니따릉이는 환승포인트를 제공해주고 현재도 이벤트로 포인트를 마구 제공하고 있습니다. 따릉이도 예전처럼 포인트제공해 주시면 다시 돌아오겠습니다.
Hannah Yoon,4,2022-10-14 14:49:46,"편하게 잘 사용하고 있습니다. 다만, 가끔 블루투스 인식이 느리거나 무한로딩 걸려서 어플을 껐다가 키고있어오"
배민정,4,2022-10-14 14:28:23,요즘 주로 따릉이를 이용하여 이동하는데 따릉이가 있어서 가까운 곳에 갈때나 급하게 나갈 때 언제나 편하게 이동하고 있어요ㅎㅎ 이용하면서 불편상항이 조금 있어요 블루투스가 바로 연결이 안되고 한두번만에 되는 경우가 많아요ㅠ 또 정류장에 자전거가 많은데 고장신고 된 것들이 있으면 어떤게 고장신고 된것인지 알수가 없어서 일일이 큐알코드를 찍어서 확인해야되요 그래서 고장신고된것이 무엇인지 자전거 번호를 어플에서 확인할수 있으면 좋을것 같아요
댕댕이,5,2022-10-14 13:46:35,필요할때마다 어디서든 탈수있고 가격도 너무 착해서 정기권 끊어서 거의 매일 이용하고있어요.
Soodori,4,2022-10-14 11:09:45,1년 정기권으로 이용하는데 전반적으로 업데이트되어서 만족스럽습니다. 다만 스테이션별로 잔여대수 풍선이 줌에 따라서 잘 안보이는경우가 있어요~
오로라 (빛으로 나아가자),5,2022-10-14 10:03:24,항상 잘 활용하고 있습니다 출퇴근 시간대에 원활한 자전거 배치가 이루어졌으면 좋겠습니다
김갈대,2,2022-10-13 23:03:34,이용하기 위해 카톡 회원가입을 먼저 했는데 id랑 pw 넣어도 안되고 id찾기는 휴대폰인증이 되는데 pw 찾기는 등록된 휴대폰 번호가 없다며 인증이 안 되는 게 말이 되나요... 네이버 회원가입도 해봤지만 로그인중이라고만 뜨고 밑에서는 회원가입후 사용하라고 뜨는 게 대체 뭔지... 일반회원가입도 안되고. 가입절차가 힘들게 느껴지네요.ㅜㅜ
djemcol_ dong,4,2022-10-13 20:43:05,연결오류가 뜨고 재접속하면 지난번 반납처리가 그제야 로딩되는 오류가 종종 있습니다. 그 외에는 잘 쓰고 있습니다!
박태영,1,2022-10-13 17:03:16,연결 이씨 ㅋㅋㅌㅋ
박찬주,4,2022-10-13 14:37:24,우선 싼 가격에 자전거를 즐길 수 있어 좋습니다. 가끔 연결이 잘 안되거나 자전거 개수 업데이트가 안되어있습니다. 자전거도 사람들이 많이 쓰다보니까 기어 변경이 잘 안 되는 자전거들이 있습니다. 그래도 집근처 대중교통으로 이동하기 애매할 때 따릉이로 다니고 있어 계속 유지되어야할 만큼 좋은 사업이라고 생각됩니다.
혁리종,5,2022-10-13 11:09:09,"서울 살면서 따릉이는 알았지만 이번에 처음 이용했어요. 자전거도 깨끗했고 밤에 사용했는데 앞부분에 라이트도 나와서 안전하게 이용할 수 있었어요~ 이용해보고 좋아서 일일권씩 끊어 사용중인데, 앞으로 7일 정기권 끊어서 이용하는것도 좋을 것 같아요 자전거도 배치 많이 되어있어서 타기 전에 브레이크 등 확인하고 빌립니다~ 10분 전 반납 알림톡도 좋네요"
타고,5,2022-10-13 10:23:32,추가배치 및 혼잡시간대 추가배치 없어서 못타요
이수인,5,2022-10-13 08:42:41,가끔 오류가 나긴하는데 감안해도 너무 좋습니다! 스카 왔가갔다할때 이용합니다. 13분 걸려서 귀찮아서 안 갈 때도 있었는데 대여와 주차 포함해도 5분 컷 되어 가지고 매일 잘 가고 있습니다^^
Jin Kim,5,2022-10-12 23:55:20,"저는 서울에 거주하는 시민입니다. 따릉이는 서울시민의 자부심이라고 생각합니다. 따릉이는 저렴한 가격과 쉽게 접할 수 있는 대여소, 자전거 도로편의 등의 장점으로 자차 이용을 통한 이산화탄소 배출과 교통체증을 감소시킵니다. 또한, 따릉이는 24시간 이용이 가능하므로 심야시간에는 운행하지 않는 버스, 지하철 그리고 택시공급감소 등에 가장 적합한 해결방안입니다. 자차를 가진 주변이들의 달콤한 유혹과 화려한 자동차 광고에도 현혹되지 않을 수 있었던 이유는 따릉이가 있었기 때문입니다. 따릉이라는 이유하나로 주택가격이 부담되긴 하지만 반지하방이라도 서울에 끝까지 빌붙어 살아보렵니다."
김기태,5,2022-10-12 23:09:07,"빠르게 대여 가능하고, 대여할 수 있는 자전거 수량과 인근 대여소 조회를 하기가 더 좋아진 것 같습니다."
강승우,1,2022-10-12 20:32:15,1. 따릉이가 너무 적어요. 더 증차 해주세요
미라클 주식,5,2022-10-12 18:13:50,3년째 연간회원으로 잘 사용하고 있습니다 최근에는 대여소도 더 많이 생겨 일상생활 가운데 사용하기가 너무 편해서 좋습니다 거의 매일 사용하는데 늘 감사드립니다 앞으로도 잘 부탁드립니다
PARK R,5,2022-10-12 15:10:25,서울 시민의 동력
Jaewon Kim,5,2022-10-12 13:51:18,따릉이는 서울시 제2의 대중교통입니다 !!!
이혜란,4,2022-10-12 12:00:01,큐알코드 처리인식이 늦을때도 있지만 만족합니다:D 기타의견으로 반납할때 고장된 자전거 신고편하게 만들어주시면 좋을꺼같아요!
이예찬,5,2022-10-12 08:44:55,효율성과 가성비 쵝오!!!^^ 따릉이 이용후 건강은 덤~^^
이미진,5,2022-10-12 08:39:13,"따릉이가 생긴지 벌써 몇년이 지났습니다. 그만큼 오래된 자전거가 많아 안장부분이 헐거워진 자전거, 바퀴가 휜 자전거 등 잔고장이 있는 자전거들이 많습니다. 고장신고라는 기능이 있긴하지만 수시로 자전거 이용자들의 안전을 위해 자전거를 점검해주셨으면 합니다. 추가로 블루투스 연결이 잘 되지 않는 불편함이 있습니다. 이 부분도 개선해주셨으면 합니다. 따릉이 잘 이용하고 있습니다. 감사합니다.!"
이지훈,4,2022-10-12 04:47:23,따릉이 너무 좋습니다. 앞으로도 계속 이용할 예정이에요. 가끔 블루투스 연결이 잘 안되는 경우도 있긴한데~그것만 개선된다면 최고입니다
김인성,5,2022-10-11 22:51:17,자전거 대여를 편하게 할 수 있어 좋습니다. 또 각 위치별로 대여할 수 있는 자전거의 수도 알려줘서 좋네요!
오동석,5,2022-10-11 22:35:47,"편리하고, 좋아요. 콜센터 연결이 잘 되고, 절해요!!"
Su-jin Jung,5,2022-10-11 22:13:30,반납하면서 고장신고를 할일이 있었는데 앱이 버벅거리면서 고장신고창이 안나오고 바로 반납되버린적이 있었어요 그것만 빼면 이용하는데 편리했어요
김민철,5,2022-10-11 21:44:22,타이어 바람 수시로 채워주세요!
dummyman,1,2022-10-11 21:15:50,추운데 결제가 안되가지고 시도하느라고 40분이나 덜덜 떨었음. 평소에도 대여하면 씹히고 정류소에 반납해도 시간 흘러가는 경우가 다반사라 고객센터에도 몇번 전화했음. 왜 공공기관 앱을 외주 진행할때마다 이렇게 완성도가 떨어지는지 모르겠다
D,5,2022-10-11 20:24:26,따릉이서비스가 생겨 대중교통을 이용하기 애매할 때나 짐이 있을때나 늦은시간에도 편리하게 잘 이용하고있습니다~ 한 가지 부탁드리고싶은점은 늦은 시간에는 주택가쪽이용이 많고 역주변에서 이용하기 어려울때가 있어 순환이 자주 되었으면 좋겠습니다~대체로 만족스럽고 이런 서비스를 이용할 수 있어서 항상 감사드립니다~
새시조,5,2022-10-11 19:10:31,따릉이 편하고 좋아요
꾸모,5,2022-10-11 18:12:48,시내에서 따릉이를 아주 잘 쓰고 있습니다. 따릉이 빌리는 과정중(블루투스 이용) 가끔 연결시도하는중에 빌리려고한 따릉이와 연결반응이 없어 대여취소를 하고 다시 연결하여 빌리는 경우가 있습니다. 이 불편한점 개선되면 더 좋겠습니다~
김보람,5,2022-10-11 18:01:20,너무좋아요 진짜 가성비 완전 최고!
박상근,4,2022-10-11 16:50:15,"필요 할 때 언제나 편리하게 이용 할수 있어서 좋아요. 브레이크, 야간 램프 등 유지,보수 관리를 더욱 철저히 해주시면 좋겠어요."
이혁희,3,2022-10-11 16:13:16,어머니 폰에 따릉이가 다운로드가 안됩니다. 안드로이드 A32기종이신데 따릉이 어플 다운로드가 안되는데 기종이 문제인건지 한 번 확인부탁드립니다. 펌웨어 최신으로 업데이트 다 받은 후 설치해봤는데도 안됐습니다. 설치 버튼을 눌렀을때 다운 받을수없다는 오류 메세지와 함께 다운이 받아지지 않았습니다.
aiden maxim,5,2022-10-11 16:07:04,너무. 편하고 이용하기가 좋아요 아이들용 자전거가 더 많았으면 좋겠어요
Sung Woo Kim,5,2022-10-11 15:44:56,따릉이 생활에 필수앱! 단순 명료한 구성이 좋습니다!
Kyle Jo,5,2022-10-11 15:39:44,진짜 최고입니다. 가끔 오류나는거 빼고는 너무 좋아요! 따릉이 최고
김오뎅,3,2022-10-11 14:06:33,렉이 종종 걸려서 안되기도 하지만 최근에는 빠르고 정확하네요
김미연,5,2022-10-11 13:37:42,따릉이로 서울시내 어디든지 이동 할수있어 너무 좋아요~~ 나의 일상에 따릉이가 있어서 감사합니다 !
박수환,4,2022-10-11 13:25:43,블루투스 연결이 한번에 안되고 두세번해야 될 때가 있습니다
어허통제,5,2022-10-11 13:11:15,이용하는데 아주 좋아요 하가지 흠은 대여받기후 잠금해제중 꼭 한대이상 잠금연결 해제가 안되는것이 있내요
이서,5,2022-10-11 13:03:06,따릉이 이용하기 넘 편리하구 좋습니다~ 대여소 표시랑 따릉이 이용가능 댓수 표시기능 유용합니다
Wind swept snow,5,2022-10-11 11:18:40,오류없이 잘작동합니다.
이진형,5,2022-10-11 11:14:14,서울 내에선 급하게 자전거 이용할 수 있어서 편리 합니다. 지금도 따릉이 정류소는 계속 늘고는 있지만 번화가에만 몰려있는 경향이 있어 조금 아쉬움도 있습니다.
k -jun,5,2022-10-11 11:02:20,"따릉이를 몇년전 알고난 이후로 지금까지 잘사용하고 있습니다 불편한거 보다는 장점이 많아 서울시의 복지라고 생각하고 퇴근할때, 운동하러갈때,동네슈퍼갈때도 이용하고 있고 저렴한 대여료에 감동하며 주변에도 적극 추천중 입니다~ 앞으로도 번창하는 따릉이가 되기를 바랍니다~^^"
임길수,4,2022-10-11 10:59:46,블루투스 사용으로 연결이 안됬을경우. 취소가 바로 되지 않아. 전원을 재시작해야 사용이 가능한경우가 있는데.. 바로 이용이 어려운 단점
서ᆞ한솔,5,2022-10-11 09:45:37,이전보다 어플이 빨라지고 오류가 적어졌습니다.
Cheroo Lee,5,2022-10-10 20:42:39,서울 시내를 자전거로! 너무 편하고 좋아요!
JW,5,2022-10-10 19:56:21,2019년부터 3년넘게 연간이용권 사용중입니다 출퇴근길을 함께해주는 따릉이 항상 고맙습니다 앞으로도 자전거 지금처럼 잘 관리해주시면 좋겠네요 ㅎㅎ 따릉이 너무좋아요
김지영,4,2022-10-10 16:48:21,만족하고 사용하고 있는데 연결지연시 대여취소가 바로 될수있었으면 합니다
Seung wook Yun,5,2022-10-10 16:27:39,처음사용하는 사람들도 이용하기쉽게 직관적으로 잘 만들어진 앱인것 같아요. 따릉이 잘 이용하고 있습니다
angela J,4,2022-10-10 16:11:17,모든게 좀 빨라진듯 합니다. 예전엔 다음날 구매하려면 전날 예매시간을 기다렸다 구매했는데 지금은 그냥 한시간 연장되서 이용할수 있게되서 좋아요
JOOHYEON JEONG,4,2022-10-10 15:06:53,따릉이 모든게 좋습니다만 안장좀 높여주실수있을까요? 기존 따릉이 8단도낮은데 신형은 5단밖에안되네요..ㅠㅠ.. 안전운행하겠습니다 최소12단은 부탁드릴게요..!! 주변키큰친구들도 다불편하더라구요 낮은안장을쓸수록 무릎과가까운근육을 쓰게되고 높은안장일수록 대퇴부후면근육을 사용하게됩니다 조금만조절해주셔서 안장높일수있도록 부탁드릴게요
bi park,4,2022-10-10 14:51:15,대중교통을 이용하기 어려운 경우나 운동 할 때 너무 잘 이용하고 있습니다! 따릉이 대여소도 관악구 등에 더 많이 생겼으면 좋겠고 항상 자전거가 몰려있는 뚝섬유원지역이나 성동세무소같은 곳에서는 자전거를 더 자주 다른 곳으로 옮겨서 많은 사람들이 원활히 이용할 수 있도록 해주셨으면 좋겠습니다!
송주원,3,2022-10-10 13:33:42,우리 동네에도 설치해주면 좋겠다ㅠ
DW Kang,3,2022-10-10 13:07:52,새로고침을 해도 고장난 자전거가 표시되는 경우가 흔함. 헛걸음을 자주 하게됨. 오피스 지역같은 유동인구가 많은 곳은 만성적으로 자전거가 없고 많은곳은 항상 넘쳐남. 사람들이 많이 이동하는 시간에 유동인구 많은곳으로 자전거 이동이 필요함....
SH LIM,5,2022-10-10 12:07:43,가까운 거리 혹은 먼거리를 오갈 때 잘 쓰고 있습니다
양웅석,5,2022-10-10 11:27:55,불편사항없이 잘 이용하고 있습니다.
찰스막걸리,4,2022-10-10 10:49:56,"제가 소유하는 자전거가 아닌, 공유하는 자전거라 주차도 편리하고 원할 때만 사용할 수 있어 편리합니다 다만 간혹 타이어에 바람이 빠져 있거나 의자가 고정이 안되어 자꾸 밑으로 내려가는 등 개선점은 필요합니다"
Man Free,5,2022-10-10 10:12:09,너무나 편리하게 잘 쓰고 있습니다. 덕분에 빠른 발이 생겨서 이동력 좋아졌어요!
NATURE YI,5,2022-10-10 09:40:41,좋아요 잘 사용하고 있고 관리되고 있는 자전거라 이용에 좋아요 그런데 만약 안좋은 상태 자전거가 있으면 큐알 찍어서 리포팅 접수하게끔 만드면 더 편리할것같아요~~~
행복심,5,2022-10-10 08:26:33,"초창기에는 블루투스도 연결이 늦고, 앱 자체에 버벅 거리는 증상들이 있었는데 요즘은 앱 사용하는데 있어서 크게 불편함없이 잘 쓰고 있네요~ 많이 수정/보완된 것 같아요. 출/퇴근용으로 쓰고 있어서 카카오톡 다음으로 따릉이 많이 사용하는 어플인데요~ 사용하기 편리하고, 쉽게 쓸 수 있도록 잘 만들어진 것 같아요^^ 개인적으로 따릉이야 말로 서울시 사업 중 단연 최고라고 생각하는데요~ 내 건강도 지키고, 환경도 지키는 따릉이 최고입니다~ 헤헷~"
유규민,5,2022-10-09 22:56:49,밤에 종종 먹통이 되는 것을 제외하고는 항상 잘 이용중입니다
예예,5,2022-10-09 22:42:34,항상 잘이용하고있습니다
유좋은사람들은있다,1,2022-10-09 22:25:41,앞 이용자가 바구니안에 지갑을 두고 가서 술이 취한 상태라 발견하고 내일 우체통에 넣어줘야지 하고 습득했다가 현금 누명 쓸수있겠다싶어 망설히다가 일자리 구하는데 신경쓰다 그만 깜박했음 그러다 경찰서에서 전화가 옴 범죄자됨 따릉이 타지 마세요
SG Jeong,4,2022-10-09 21:30:08,따릉이 자체에는 매우 만족하는 이용자입니다. 다만 가끔씩 대여시에 페어링 오류가 나는 경우가 있는데요. 이때 대여취소가 바로 되지 않고 시간이 좀 걸리는 경우가 있습니다. 대여후 대여가 실패하면 대여취소가 바로 활성화되면 좋겠습니다.
오미경,5,2022-10-09 19:24:08,유용하게 잘사용하고있습니다.가까운거리 차를 타고 이용해야하는데 따릉이 덕에 잘타고다닙니다. 적자라하던데 제발 없애지말고 서울시민 계속 이용하게 해주세요
이상훈,5,2022-10-09 17:34:31,정말 서민들 발이되어주는 고마운 존재인 따릉이!!! 계속 응원할께요~
Ig Jung,4,2022-10-09 16:45:04,좋습니다.
문혜선 (문수니),4,2022-10-09 16:27:53,사용 할 때마다 블루투스가 자동 연결되어 배터리 소모가 조금 빨리 되는 느낌이고 한 번에 연결이 안 될 때가 종종 있어서 이 점 개선 되었으면 좋겠습니다~
Yongshin Lee,5,2022-10-09 15:27:18,매일 아침 출근길 따릉이
지수,4,2022-10-09 13:08:53,대여이력을 보는 게 이전과 달라져서 조금 어려움이 생겼지만 이전보다 훨씬 보기 좋고 깔끔해서 이용하기 좋습니다~~ 대부분 큐알코드로 대여하는 거로 바뀌어서 넘 좋아요ㅎㅎ 미리 대여하는 게 편하긴 했지만 하나 남은 자전거가 대여된 자전거일 때 얼마나 빡쳤던지...ㅎㅎ
권민진,5,2022-10-09 13:08:18,편리하게 이용가능해서 좋아요
Jane Lee,4,2022-10-09 11:42:12,싸게이용해서 좋아용ㅎㅎ 자전거도 잘나가고 근데 앱이 조금느린것같기도 하고요..ㅎ 그래도 많이좋아진듯 해요
she그녀,4,2022-10-09 05:52:12,따릉이 위치 파악도 쉽고 대여 가능 대수를 미리 알 수 있어서 편리합니다~~
조동민,5,2022-10-09 05:07:26,보다 간편하고 직관적으로 리뉴얼 된 것 같네요. 그런데 DB용량 때문인지 아니면 개인정보 이슈인지는 몰라도 과거 이용 내역이 3 개월까지만 조회되는 것 같은데...아쉽네요. 그릭고 퇴근 시간에 여의나루역에서 자주 타는데 버젓이 자전거가 있는데 해당 대여소에 없다는 메시지가 떠서 불편한 경우가 자주 있었습니다. 통신 속도때문인 거 같긴 한데 개선되면 더 편리하게 잘 이용할 거 같네요.
대야지,5,2022-10-09 03:54:13,자전거 효율 편리성 최고에요 다만 너무 몰린지역에는 160대씩있고 없는대는 0이에요 ㅜ 없는쪽 지역으로 좀 몰아줬으면좋겠습니다
이동욱,5,2022-10-09 03:43:07,따릉이 얼마나 오래썼는지 기억도 안나네요. 너무 잘 이용하고 있습니다. 감사합니다.
River “Up” Moon,5,2022-10-09 01:39:31,서울라이프의 soul 따릉이 늦은 밤 귀가길에도 ok 맑은 날 한강 달릴 때도 good 애매한 교통의 이동지점 갈때도 best 일년 이용권 끊고 대중교통과 연결해 사용하면 절약에 추가 마일리지 까지 홍보대사가 저절로 됨 물론 요즘은 앱이 따릉이를 잘 인식못하는 느낌. 로딩도 안되고 대여중만 뜨는 경우가 많아져서 아쉬움
박다은,5,2022-10-09 01:25:43,제 핸드폰에서 제일 자주 쓰는 어플을 뽑으라고 하면 따릉이 일정도로 잘 쓰고 있습니다!! 서울에 사는게 행복할정도로 따릉이 자체에 대한 구축이나 관리도 잘 되고 있고 어플도 지속적으로 발전하며 수정되어 사용자가 사용하기도 매우 편리합니다 ! 페어링이 안되었을때 바로 취소가 되는 부분만 개선된다면 완벽할 것 같습니다!! ❤️❤️
H Lee,4,2022-10-08 23:53:49,전반적으로 잘 사용은 하고 있는데 블루투스 인식률이 조금 낮은거 같아 개선 요청 드립니다 그리고 대여소도 조금 더 늘려주셨으면 합니다
양광,5,2022-10-08 23:52:19,서울페이 할인 기간늘려줘
아르테문,4,2022-10-08 23:19:58,잘 사용하고 있습니다. 다만 아이디 찾기를 할 때 전체 아이디를 알 수 없는게 불편합니다. 전체 아이디도 찾을 수 있게 되면 좋겠습니다.
오늘,4,2022-10-08 22:24:31,자동로그인으로 편리하게 사용하고 있습니다. 간혹 반납 시 인식이 제대로 되지않을 때가 있어 당황스러운 경험이 있어요. 개선되면 더 좋은 따릉이가 될것같습니다.
이지원,4,2022-10-08 22:21:42,저는 개인적으로 서울자전거 따릉이가 무척이나 잘 만들어진 제도라고 생각하고 잘 이용하고 있습니다. 제가 불편했던것은 두가지 입니다. 반납 메시지를 카톡으로 바꾸고는 제때 반납을 놓치는 경우가 있어서 문자 메시지로 돌아가고 싶습니다. 가끔 반납 인식이 안되서 불안감에 고객센터에 전화하면 마치 제가 확인을 안하고 가서 그것 때문에 그렇다는 답변과 인식을 고객센터에서 받는 경우가 있었습니다. 모두는 아니시겠지만 고객센터 분의 자질이 의심스러웠습니다. 확인바라며 끝까지 책망하는 듯한 인상을 주는 경우는 인생 처음이었습니다.
임충섭,4,2022-10-08 20:53:22,인력이 부족하다는 뉴스를 본것 같아서 이런말씀 드리기 죄송하지만 아직 코로나가 종식된것도 아닌데 요즘 손소독제가 빈통만 있는곳이 많더라구요. 그래서 요즘 휴대용 손소독제를 가지고 다녀요. 거기에 요즘들어 뒷바퀴에 바람 빠진 자전거가 많더라구요. 수고스럽겠지만 관리 잘 부탁드려요.
바붕,4,2022-10-08 20:46:29,잘쓰는중
탁진아,5,2022-10-08 20:41:59,어플이 간혹 오류를 내는거 빼곤 연결도잘되고 잘 이용하고있습니다. 자전거 상태가 이건아닌데싶은정도의 친구들이 가끔있네요 ㅜㅜ 고장난 친구들은 수리를 부탁드립니다.
joem joem,5,2022-10-08 19:39:15,램 좀 덜 잡아먹게 해 주세요. 따른 앱이랑 같이 실행하면 종종 대여가 안되요.
Hailey Lee,5,2022-10-08 18:35:49,관리도 진짜 잘되는거 같구 기어변속도 잘되서 좋아요! 근데 왜 서울에만 있나요ㅠㅠㅠ 경기도민은 웁니다ㅠㅠ 경기도도 도입해주세요 제발 ㅠㅠ
잇피디,4,2022-10-08 17:12:19,우리나라에서 가장 저렴하고 깔끔한 이동수단입니다. 동네 어디를 갈때마다 따릉이를 찾으러 다닙니다. 지금보다 더 많은곳에 따릉이가 있었으면 해요. 항상 감사하는 마음으로 사용하고 있어요. 화이팅~~~~
choail kim,5,2022-10-08 17:07:16,브레이크와 타이어 정비가 부족
moon,5,2022-10-08 16:53:22,예전 보다 실시간 연동이 좋아졌습니다. 블루투스 연결도 빨라진거 같아요 감사합니다
안영성,5,2022-10-08 16:10:04,출퇴근에 유용하게 이용하고 있습니다 가끔 인식을 못해서 힘들 때도 있지만 따릉이라는 제도 자체가 서울시에서 만든 최고의 혁신 사례 같습니다!!!
Lynn,5,2022-10-08 15:45:35,너무너무 잘 사용하고 있습니다. 감사드려요
최대홍,5,2022-10-08 15:09:53,편리하고 이용하기 좋아요 다만 블루투스 사용 시 연결 잘되도록 개선부탁드려요
전현미,5,2022-10-08 15:07:43,출퇴근과 운동용으로 한달에1000km이상씩 너무 잘 이용하고 있습니다~앞으로도 쭉 이용할 수 있었으면 좋겠어요~♡♡♡
구월애,5,2022-10-08 14:52:50,1년치를 구매해서 언제 어디서나 따릉이가 았는곳에서 사용할수 있어서 좋아요~
지찬영,4,2022-10-08 14:51:12,"다 좋은데, 종종 블루투스 연결 실패되면 앱 재실행-대여취소-다시 대여 시도하는게 불편해요"
Sun,5,2022-10-08 14:13:11,이보다 더 좋을 순 없다 쇼바도 좋고 허리펴고 탈 수 있고 다만 수도권인데 경기도권에는 없는게 아쉽네요 한 6시간정도 빌릴 수 있는 일일권도 만들어줬으면 좋겠어요
eunjeong jo,4,2022-10-08 13:59:51,"따릉이 거의 초창기부터 사용해서 여러 불편도 겪었고 고객센터 통화도 여러번 했던 이용자로서 최근 따릉이 어플은 정말 많은 발전을 했습니다. 별 하나 뺀 것은 아직도 통신장애 등으로 대여 시간이 지체되는 경우가 꽤 많다는 이유입니다. LCD대여,잠금장치 바뀌기 전 줄로 연결 잠금 등 할때가 언제인가싶게 스마트하게 바뀌어서 사용하기가 한결 편합니다. 대여소가 많아져서 편리해진 것과 별개로 어플도 초창기 공무원스러웠던 여러가지들에 비하면 사용자 편의 위주로 사용하기 쉽게 바뀌어서 감사한 마음입니다. 티머니 어플에도 따릉이가 연동되어있는데 아무래도 따릉이 어플이 훨씬 익숙해서 이용하게 되네요. 따릉이가 축소되거나 없어질까 가끔 걱정이 될 정도로 따릉이는 제 삶에 가까운 어플입니다. 연결 에러를 점점 더 줄여주기기만 바라며 오래오래 함께하길 바랍니다."
경민기,5,2022-10-08 13:21:41,나름 쓰기 편한 앱입니다.
장석영,4,2022-10-08 12:45:23,큐알코드 인식이 잘안되고 가끔 래버를 내렸는데도 반납이 안되서 과금되고그래요ㅠㅠ 큐알인식안되는게 제일 답답해요ㅠㅠㅠ 그래도 따릉이 덕분에 자전거 편하게타요
최익호,5,2022-10-08 12:27:05,제 발이 되어주는 따릉이. 이만한 시설 전세계 어디도 없을걸요. 가끔 애러나고 자전거도 텅 이지만 좋습니다. 교통비도 아끼고 운동도 하고요
남덕우,5,2022-10-08 12:17:06,1년권을 출퇴근으로 매일 이용하고 있어요. 저렴하고 좋아요.
김동민,5,2022-10-08 12:15:33,블루투스 연동만 되면 정말 편하고 앱 편리합니다
백도도의일상,5,2022-10-08 12:05:13,정말 편리해요 따릉따릉~~비켜주세요~~ 자전거 중독자 지나갑니다~~
deuksam cho,5,2022-10-08 11:57:03,언제 어디서든 편안하고 안전하게 탈수 있는 자전거 입니다. 정비도 잘 되어 있고 고장이 나면 앱을 이용하여 신고도 할 수 있어 빠른 대처도 가능 하여 너무 잘타고 있습니다. 앱을 이용한 거리 측정도 가능 하니 이또한 너무 좋습니다.
Youngje Park,5,2022-10-08 11:49:39,서울시내에 자전거 도로도 많아져서 저는 주로 도심에서 더 많이 애용하는거 같습니다. 업무 중에 이동할때 많이 이용하고 있어요. 계속해서 개선되는 모습 굳굳굳~~
김은미,5,2022-10-08 11:31:45,좋아요
순풍,5,2022-10-08 11:28:01,택시 안 잡힐때 요긴하게 사용하고 있습니다.
가 끔,5,2022-10-08 11:24:54,필요한 이동 필요한 시간 편리한 이용 정말유용한 따릉이
성이름,4,2022-10-08 11:20:38,정기권 끊어서 출 퇴근시 잘 이용하고 있어요 관리도 잘 되어있고 접근성이 좋은데 가끔 블루투스 연결 실패가 될때가 있어서 개선되면 좋겠습니다
백지숙,5,2022-10-08 11:19:53,전철역에서 자전거로 환승하고 목적지까지 가기 너무좋고 100원 적립까지 할수있어 더욱더 좋다
Stamp Films,5,2022-10-08 11:14:05,따릉이 덕분에 출퇴근을 더 빨리 할 수 있어서 너무 좋아요!
이유정,5,2022-10-08 11:01:04,출퇴근길에.택시안잡힐때.길막힐때 모두모두 잘 타고 있습니다. 서울시민의 소중한 발이 되어주어 감사합니다♡
Jiwon Lee,4,2022-10-08 10:50:00,"기본적인 빠른 빌리기가 가능한 되는 점이 좋습니다. 개선했으면 좋겠는 점은 1. 이용내역, 고장신고 등을 자주 사용하게 되는데 앱 내에서 찾는 루트가 너무 어렵습니다. 그러다보니 고장 신고같은건 잘 하게되지 않습니다. 찾는 버튼이 간편했으면 좋겠습니다. 2. 이용권을 1시간짜리를 2시간짜리로 업그레이드 할 수 있는 기능이 있으면 좋겠습니다. 3. 반납이 간혹 되지 않습니다. 4. 간혹 연결이 잘 되지 않습니다."
윤명숙,5,2022-10-08 10:22:46,예전 앱보다 편리해졌어요 대여 시간도 단축되고 이용이 편해졌어요 ~ ^^
Namkwan Kim,5,2022-10-08 10:22:16,백프로 만족하면서 사용중입니다.
푸른하늘,3,2022-10-08 10:19:22,"블루투스 페어링이 잘 안될때, 조치 방법 가이드가 있었으면 좋겠네요. 가끔 따릉이와 블루투스 연결이 안될때가 있어 불편합니다."
Yomi,5,2022-10-08 10:16:07,너무나 애용하는 따릉이앱 속도도 빠르고 기능도 편해서 좋습니다! 따릉이 자전거 많이 이용하시고 건강해집시다~♡
Human (hi),5,2022-10-08 10:13:02,오랫기간 이용하고 있는데 불편없이 사용하고 있어요
여은도,4,2022-10-08 10:08:51,잘 쓰고 있습니다. 그런데 qr이 잘 인식이 안되고 앱이 계속 실행 중일 때 자전거 잠금 해제가 안될 때가 있어요. 그럴 때는 프로그램 종료 후 다시 실행하면 되더라구요~ 그 외는 만족해요~
youngbok park,5,2022-10-08 10:07:23,서울시민의 발이 되어 감사합니다.
백윤숙,4,2022-10-08 10:06:04,늘 편리하게 이용하고있습니다 점검 자전거가 일반인지 새싹인지 표시가되어있다면 더 사용하기 편할듯합니다
강학수,5,2022-10-08 10:03:37,가끔 연결이 잘안되기는 하지만 정말 잘쓰고 있답니다.^^♡
김Ji,4,2022-10-08 10:02:39,QR인식이 잘 안될때가 있는거 빼곤 잘 이용하고 있어요
김민화,5,2022-10-08 09:59:59,따릉이 애용자입니다 😊 요즘 같은 날씨에 잘 타고있어요 어플 넘 편리하구 좋네요 근데 자전거가 없는데는 매번 없어서 한 5대 이하로 남은곳도 자전거 추가요청 배치 할수있게 만들면 좋겠어요..!!
김동희,5,2022-10-08 09:56:55,따릉이는 초창기부터 사용해왔는데요.. 사용자가 편리하게 조금씩 나아져서 감사합니다.. 조금 불편한 점은 저희 동네 따릉이 정거장에는 항상 따릉이가 없다는거..ㅠ 이것도 조금씩 나아지기를 기대해봅니다~~
임검제,1,2022-10-08 09:40:08,무슨 자신감으로 리뷰이벤트 하나요? 블투 연결되어있을때 대여안되는거나 고쳐요
이주석,5,2022-10-08 09:38:55,6개월권 매번 이용하는 대학생입니다! 가격도 저렴하고 항상 따릉이 정거장이 근처에 있어서 쉽고 간편하게 자전거 이용해서 짧은 거리 이동 하여서 편합니다. 또 앱에서 따릉이 정거장에 따릉이 수를 실시간으로 알려주는 기능이 정말 유용합니다. 다만 한가지 아쉬운 것은 정거장에 따릉이가 없는경우 따릉이 요청을 할 수 있는데 따릉이가 다시 정거장에 들어왔다는 알림기능이 있었으면 좋겠습니다!
Heime Woods,5,2022-10-08 09:17:38,접근성 및 사용 편의성이 뛰어납니다. 아울러 출퇴근 시간에 마을버스를 놓치면 전철역까지 따릉이를 이용하면 시간이 절약되며 운동도 됩니다. 건강한 생활을 영위할 수 있어서 참 좋습니다
한준,4,2022-10-08 09:12:30,사용이 편리
김정주,5,2022-10-08 09:12:14,예전에 비해서 대여와 반납이 빠르게 잘되고 있네요
황유신,5,2022-10-08 09:04:35,잘 쓰고 있습니다! 서울 어디서든 탈 수 있어 좋아요 통학용으로 주로 사용해요:)
좀민,5,2022-10-08 09:00:51,"초창기부터 이용해오고 있는 유저입니다. qr인식이 잘 되지 않는 것과 페어링이 한 번에 되는 일이 드물다는 점, 그리고 바로 대여취소가 되질 않아 시간이 지연되는 점이 어플에서는 불편한 점이고 자전거 중에 안장 고정장치가 망가진 것들이 상당히 많습니다. 주행중에 갑자기 의자 주저앉아 위험했던 순간이 한 두번이 아닌데 더 세밀한 점검과 구조를 변경해야 할 것같습니다. 또 이용자가 많은 지역 특정시간대에 언제나 자전거 대수가 부족한 점도 고질적인 문제입니다. 자잘한 단점들 제외하고서라도 서울 내에서 막차가 끊기거나 대중교통의 배차가 길 때 혹은 경로가 애매할 때 이제는 따릉이 어플을 먼저 열어보고 자전거를 타게 되었습니다. 자차 이용횟수도 많이 줄었고 여러모로 고마운 어플입니다."
김은숙,5,2022-10-08 08:54:03,장보러가거나 동네마실갈때 너무 유용하게 잘 쓰고 있어요
변재인,5,2022-10-08 08:22:49,따릉이는 너무좋은데 스테이션마다 자전거 갯수 편차가 너무 심한것 같습니다 항상 자전거가 없는 스테이션은 언덕길이거나 교통편이 불편한 곳인데요 빌린후 자전거가 없는 스테이션에 장치하면 쿠폰이나 할인을 해주면 좀더 자전거 분산이 용이할 것 같습니다
Sangmin Roh,5,2022-10-08 08:20:29,이용하기 편합니다
해변의최변,5,2022-10-08 08:08:46,"구버전부터 꾸준히 사용해 온 이용자로서, 리뉴얼된 앱은 사용자 입장에서 보다 더 따릉이 대여반납을 원활히 할 수 있는 편리성이 증대되었다고 느낀다!"
자오간막시무스,5,2022-10-08 07:59:49,편리하게 잘 사용하고 있네요
신동근,5,2022-10-08 07:59:36,"손에 짐이 있고 교통편이 어려울때 따릉이가 편리할때가 있어요 기분 전환하고 싶을때, 자전거타고 동네 한바퀴 돌면 기분이 좋아져요"
ilting H,5,2022-10-08 07:21:00,따릉이 타고 서울 구석구석 다닐 수 있어 좋음!
krunk kevin,5,2022-10-08 07:17:28,직장에서나 가정에서 가까운 거라를 이동할 때 잘 이용하고 있습니다.
제윤지,5,2022-10-08 07:00:25,"따릉이를 잘 활용하는 시민입니다. 서울시에서 구민의 직접적인 편의를 생각해 따릉이가 탄생한 것 같다고 생각하고 있습니다. 다만, QR코드 인식이 단번에 되지 않는 경우가 많습니다. 기기 문제인지, 앱 문제인지 알기 원합니다."
SUNGHO HONG,4,2022-10-08 06:18:00,"따릉이를 2년동안 이용하는 유저로서 정말 유용하지만 그간 느낀 개선점을 알려드리겠습니다 1. 원격 잠금기능 현재의 원격 잠금기능은 매우 짧은 거리에만 가능해서 거의 사용하지 않는 기능이지만 멀리 있을때도 원격으로 잠금할수 있다면 편해질 것입니다 악용이 우려된다면 횟수제한도 좋을 듯 합니다 2.고장난 자전거 표시 따릉이 정류장에 가보면 어떤것이 고장난 자전거인지 몰라 한대씩 켜봐야하는데 불편합니다 작은 불빛으로 신호등처럼 구분해두면 편할 듯 합니다 그리고 사소한 고장이나 배터리 문제인 자전거는 짧은 거리 짧은 반납시간 안에 사용할 수 있게 한다면 더 편해질 듯 합니다 (예시, 정상 : 초록 사소한 고장:노랑 이용불가 : 빨강) 3.새싹따릉이와 일반따릉이 명확한 구분 UI 문제입니다 앱 상으로 단순히 봤을때 따릉이가 여러대 있어도 직접 확인결과 새싹따릉이인 경우가 있었습니다 앱 상에서 바로 표시해주세요 4.블루투스 기능 오류 오류가 자주 뜹니다 NFC등 부가기능 요청합니다"
김현미,5,2022-10-08 06:03:23,처음만 어렵지 익숙해지면 아주 아주 편리하답니다~~ 지금은 없으면 큰일날정도로 생활의 일부가 됐어요. 앞으로도 쭉 이용할랍니다 ~~~
까미,4,2022-10-08 05:28:13,안장 높이가 좀 더 높았으면 좋겠어요 무릎이나 인대가 아파서 자주 못타겠더라구요 자주 관리해주시는건지 생각보다 상태가 괜찮네요 혹시 주말이나 휴일에 자원봉사로 관리자필요하면 해볼의향도 있습니다
나병도,5,2022-10-08 04:17:36,내발과 같은 따릉 잘이용하고 있습니다 교통비도 아끼고 건강도 챙기는게 굿
xptmxm rPwjd,5,2022-10-08 02:55:05,"편리해서 엄청 자주 이용하고있고 주변에도 많이 추천할 정도로 따릉이 없으면 안되는 사람입니다. 대다수가 말하는 자전거 배치에 관해서는 개선 방안을 찾으면 좋겠습니다. 또한 자전거가 조금 오래된 것들은 브레이크가 잘 안 먹혀서 아슬아슬했던 순간들이 있었어요. 자전거에 수리 횟수나 이 자전거의 나이를 알수 있는 표시가 있다면 고르는데 참고할 수 있을 것 같아요. 물론 다들 새거 타려고 하겠지만^^,, 그래도 전에 비해 빌리기가 점점 편해지고 있다고 느끼고 있어서 앞으로도 더 나은 따릉이 생활을 할 생각에 기대가 큽니다."
백수연,5,2022-10-08 02:38:50,따릉이 탈 때 편한 앱이에요
푸른솔,4,2022-10-08 01:02:08,주말엔 따릉이로 안양천과 한강변 자전거 도로를 이용하여 라이딩하고 있습니다. 장거리 라이딩을 하다보면 대여시간에 맞춰 따릉이를 다시 대여할 경우가 생깁니다. 그땐 강변 자전거 도로를 벗어나서 따릉이 대여소를 찾아나서는 불편함이 있습니다. 그런 불편을 해소하고자 강변 자전거 도로에 따릉이 대여소를 설치했으면 좋겠습니다. 따릉이 관리가 어렵다면 따릉이 반납은 안되고 대여만 할 수있는 시스템을 갖추면 좋겠습니다.
진두순,4,2022-10-08 00:46:41,전철 근처 이외 지역엔 따릉이가 없는 경우가 많아 이용에 불편이 많습니다. 따릉이가 없어 탈 수가 없는 상황이 너무 자주 벌어집니다.
Kiduc Kim,5,2022-10-08 00:20:27,서울시의 여러 정책 중 가장 훌륭한 것 같습니다. 앱 품질도 뛰어납니다.
김선우,5,2022-10-08 00:07:47,출퇴근시 유용하게 이용합니다. 초창기 시범운행때부터 활용하다보니 주변 지인들에게 서울따릉이 홍보우먼이 됐습니다. 따릉이가 편리해서 이용을 많이 하다 보니 정작 내 자전거는 녹이 슬고 타이어도 삭아서 고물이 됐네요.ㅋ그래도 아깝지 않는 이유는 뭘까요?ㅎ
9 9,5,2022-10-08 00:04:37,항상 잘쓰고 있습니다. 어디든 세울곳이 많아 좋아요. 특히 지하철 역 주변에 많이 거점 만들어주시먼 감사하겠습니다. 그리고 자전거 수리도 신경써주세요! 요즘 신형들 안장 올리기 편해서 그것도 좋더라고요 ㅎㅎ
이지선,5,2022-10-07 23:51:33,Good
soh yeon chang,5,2022-10-07 23:28:07,편리하고 저렴해요
장보성,5,2022-10-07 23:21:05,"따릉이 너무 좋고 편하고, 서울시 곳곳에 따릉이정류소도 많아서 이용에 불편한 점은 없었어요! 다만 QR 체크가 한 번에 되지 않을 때가 있고, 그렇게 체크에 오류가 생겼을 때 바로 취소가 되는게 아니라 앱이 먹통이 되어서 껐다가 켜야하는게 UI/UX 개선점인 것 같습니다! 그 외에는 제가 달린 거리나 이런 내용도 볼 수 있어서 너무 좋은 것 같아요"
탬니,4,2022-10-07 23:20:38,저렴한 가격에 실시간으로 볼수있는 자전거 개수와 서울 전지역에 많이 있는 대여장소까지 너무 좋습니다. 문제가 발생됬을시 고객센터 안내를 통해 무난히 해결할 수있는 점도 좋았습니다. 별 한점을 뺀 이유는 반납이후에 반납되었다는 화면전환이 느린것과 자전거를 최초 대여시 그 자전거가 고장이나 점검중이면 그 다음 다른 자전거를 빌리려 할때 QR코드가 찍히지 않아 번호로 입력하거나 다시 어플을 껏다켜야하는 불편함이 있어 이 버그를 고쳐주면 좋겠습니다.
Sunghyun Park,5,2022-10-07 23:05:54,따릉이 결제부터 이용까지 편리하게 사용중입니다. 가끔 페어링이 안되는 경우 블루투스 이어폰을 해제하면 되네요.
Yun Beom Lee,5,2022-10-07 22:47:50,가격도 저렴하고 관리도 잘되서 거의 대부분 원할때 이용할 수 있어서 좋습니다. (간헐적으로 따릉이가 없어서 못 탈때는 있습니다.)
손수빈,5,2022-10-07 22:44:11,너무 편해요! 잔여대수 이런것도 정확하고 블루투스 연결이 예전엔 잘안되는 경우가많았는데 최근엔 잘되더라구요 너무편리해서 애매한 거리는 대부분 따릉이 애용합니당 ㅎㅎ
김선태,5,2022-10-07 22:42:03,진정한 시민의 발
오보람,5,2022-10-07 22:30:35,"서울시 내에서 이동할 때 따릉이는 필수인데 한눈에 정류소마다 대여가능 잔여 수량, 고장 자전거를 확인할 수 있어서 너무 편합니다."
ㅋㄹㅋㄷ,5,2022-10-07 22:15:16,"우수,적극 추천"
ri Woo,5,2022-10-07 21:59:59,따릉이 너무 좋아요 어플은 좀 더 인식이 빨랐으면 좋겠구요!
kyoungmi kim,5,2022-10-07 21:52:24,3년 전에 따릉이 앱 처음 쓸 때만해도 엉망진창(?)이었는데 리뉴얼 이후 꺼지지도 않고 접근성도 좋아져서 넘 편하게 사용 중입니다. 오래오래 뚜벅이들 곁에 함께해주세요 ^^
사막여우,4,2022-10-07 21:45:31,따릉이 잘 이용하고있어요. 가끔 인식안되는 자전거 문제만 개선해주세요!
노no819kr@naver.com,5,2022-10-07 21:36:12,따릉이 정기 구독중이예요. 이곳 저곳 다니기 너무 좋아요. 앱이 자전거 비치현황을 미리 볼 수 있어서 너무 편리하고 좋아요~~
음바페,2,2022-10-07 21:16:09,항상 10개 시도하면 1개만 페어링되요...진짜 서버가 이상한건가요?
shirleen vv,5,2022-10-07 21:09:18,서울시내 어디를 가도 동네 어디서 모여도 따릉이 하나면 러시아워를 이깁니다. 연간 끊고 마을버스 이상으로 잘 타고 있어요~ 제 다이어트 일등공신입니다.
이시호,5,2022-10-07 20:56:19,언제나 급할때 이용가능
고시관 (송파할배),5,2022-10-07 20:39:26,너무너무 편리하고 좋아요. 저는 세곡동에 텃밭을 가지고 있는데 늘 따릉이와 함께 가구요. 꿈놀터에 따릉이 동호회를 구축중입니다.
베이비블루,5,2022-10-07 20:37:31,"집앞에 있기도 하고, 출,퇴근시 지하철까지 타고 집으로 다니고 있습니다. 간혹, 공기압(바람)이 없거나, 핸들이 틀어져 있으며 안장높이 조절을 해두어도 내려갈때가 있지만 다른자전거가 옆에 있다면 갈아타고 다닙니다. 요즘들어 따릉이 정거장이 많이 생겨서 편하게 사용중 입니다. 앞으로도 잘사용할게요 감사합니다."
sj kim,5,2022-10-07 20:37:19,"저는 따릉이를 이용해 주로 가까운 역까지 출퇴근용 으로 이용했는데 이용 금액도 정말 저렴하고, 자전거도 근처에 많아서 어디서든 이용하기 좋았습니다. 어플도 편리하게 되어 있어서 QR코드를 이용해 빠르게 자전거 대여도 가능합니다. 운동도 되고 가까운거리를 편하게 이동하고 정말로 유용한 것같습니다. 너무좋아요"
Junhee Min,5,2022-10-07 20:35:48,조금더 정류장이 많아지면 좋을거같아요
베리베리꽉꽉꽉,5,2022-10-07 20:34:09,"따릉이에 항상 감사하며, 즐겁게 타고있어요."
박현준,5,2022-10-07 20:26:58,공공앱중에 이정도로 성공적으로 시민들의 편의를 개선하면서도 이용까지 편리한 제도는 지금까지 없었던 것 같습니다. 평소 안좋은 앱에 대해서만 리뷰를 작성했는데 별점5점이 전혀 아깝지않는 정책과 어플이라고 생각합니다. 앱 내 버그도 점점 개선되고 초기에 비해 사용 편리성도 꾸준히 좋아지고 있는 것 같아 너무 좋네요!!
DS Kim,5,2022-10-07 20:22:24,저렴한 가격으로 편리하게 이용하고 있어요. 브레이크 등 경정비에 신경꺼 주시면 더 좋을꺼 같아요.
미래일기,5,2022-10-07 20:20:30,한번 오류시 재대여까지 너무오래걸려요..
조진희,5,2022-10-07 20:12:40,사용하기 너무 편해요~~ 솔직히 서울사는 사람들의 특권이랄까요?ㅎㅎ
이영렬,5,2022-10-07 20:02:22,따릉이 서울시 최고의 작품입니다. 다만 아주 가끔 반납처리가 안되는 경우가 있습니다. 레버를 잠궈도 미반납처리가 되어 난감한 적이 있었습니다. 이 부분 고쳐지면 더 좋을 것 같습니다. 따릉이 감사합니다!
김태강,3,2022-10-07 19:58:08,따릉이 정말 잘 타고 있습니다. 그런데 qr인식이 잘 안될 때도 많고 연결실패됐다고 나오는데도 앱에서 계속 대여중이라고 나오고 대여취소가 안될 때가 왕왕 발생합니다. 이 부분도 개선해 주시면 좋겠네요..
성진민,5,2022-10-07 19:57:08,정말정말 따릉이6개월씩 끊어 사용 잘하고있는사용자입니다. 서울시의자랑이자 서울시민의발이되주고있는따릉이 앞으로 계속 무궁한발전과 사랑 기대해요.
h aru,5,2022-10-07 19:49:16,갈수록 좋아지는 따릉이앱 항상 응원합니다.
권보경,5,2022-10-07 19:48:06,가끔씩 로그인 안되거나 할때도 있긴한데 따릉이 넘 좋아요👍👍 이걸로 출퇴근 해결합니당
조옥돌,5,2022-10-07 19:26:10,"가끔 페어링에 오류가 발생하여 대여가 안되는 경우가 있지만 잘 이용하고 있습니다! 한 가지 요청드리고 싶은 부분으로, 보통 대여 대기 시간이 발생하는 경우는 페어링에 문제가 있을 때더라구요. 이 때는 앱을 재부팅한 후, 대여를 취소하고 다시 시도하면 해결이 되는데 '대여 취소' 버튼이 일정 시간이 지나야 나타납니다.! 짧은 시간이라도 출근 시간에는 이 부분때문에 마음이 불편하더라구요. 대여 신청 후, 대여취소 버튼이 즉각 생기면 좋겠어서 의견 남깁니다."
박은경,5,2022-10-07 19:21:47,따릉이가 제가있는 지역에 많아져서 너무 편리하게 잘이용하고있어요 차비도 아끼고 건강도 챙기고 너무 좋아요 다만 기어바꿀때 부드럽게 잘 변속이되면 좋겠어요 그거빼고는 아주만족해요!!
러비심쿵11,5,2022-10-07 19:17:08,"업데이트 후에 따릉이 위치나 반납 등 알림이 잘 오고, 유용하게 잘 쓰고 있습니다. 건강도 지킬 수 있고, 저렴하게 자전거를 이용할 수 있어 요즘 따릉이 앱을 자주 쓰는 서울 시민 입니다. 버스나 지하철 대신 따릉이를 이용해서 운동도 하고 돈도 아끼고 일석 이조 입니다 ㅎㅎ 더 많은 곳에.. 더 많은 지역에 정류장을 만들어서 따릉이를 더 자주 편하게 이용할 수 있도록 해주세요. 감사합니다."
Hwanmyung Kim,5,2022-10-07 19:13:12,매년 연간 가입해 출근시 따릉이 이용합니다
ym s,4,2022-10-07 19:05:26,보편적으로 재고가 바로바로 업데이트되고 있어 사용하기 편리합니다 다만 가끔씩 자전거가 없는데 있다고 보이거나 있는데 없다고 보이는 경우가 있습니다 조금만 개선되면 정말 훌륭한 서비스입니다
단거조아,5,2022-10-07 19:05:16,"저렴한 금액에 서울 다양한 곳에서 자전거를 편리하게 이용할 수 있어서 따릉이 출시 초반부터 쭉 애용하고있습니다. 딱 한가지 단점이 있다면, 대여할때 한번에 대여가 안되고 오류가 났다가 여러번 껐다켜야 비로소 대여가 되는 점 입니다. 이것만 보완되면 좋겠습니다!"
김수영,5,2022-10-07 18:57:44,자주이용해요 좋아요
전용대,5,2022-10-07 18:53:44,최애 어플입니다 사용감 만점어플 블루투스 기능도 엄청개선된것 같습니다 서울살면 패시브 필수템 고고~~!
Jun-Ki Bae,5,2022-10-07 18:52:39,편리하고 저렴해요
정한규,5,2022-10-07 18:48:45,최고의 이동수단
박병철,5,2022-10-07 18:44:42,매일매일 이용하는데 앱이용하기 편하고 이용하기 편해요
신대식,3,2022-10-07 18:43:48,"상암 인근에서 시범운영하던 때부터 이용 중입니다. 자전거 정비는 좀 필요해보이고, 앱의 페어링이 잘 됐으면 좋겠네요. 전반적으로 만족합니다."
Solhee Jang,5,2022-10-07 18:38:37,따릉이를 3년간 이용해 왔는데 따릉이 이용이 점점 더 편리해져서 크게 불편한 점을 못 느꼈습니다. 페어링도 빨라지고 자전거량도 늘어서 대여가 어려운 경험도 많이 줄었습니다. 따릉이 덕분에 가까운 거리는 운동 삼아 자전거를 탈 수 있어서 너무 좋습니다.
yc,4,2022-10-07 18:37:07,따릉이 서비스가 존재한다는 것만으로도 큰 감사를 드려요. 최근에 qr연결시 1분이상 걸리는 경우가 간혹 있더라구요 취소버튼을 눌러도 취소도 안되고 1분이상 기다려야 다시 연결가능했었는데 개선 부탁드립니다
도토리,5,2022-10-07 18:35:52,"대여소가 곳곳에 많아 대여, 반납하기 편리합니다."
박현갑,5,2022-10-07 18:31:16,편리하게 잘쓰고있습니다.
KRCA 43,5,2022-10-07 18:30:18,"비교적 긴 거리를 커버하는 저의 발이자, 언제 어디서든 만날 수 있는 따릉이. 초창기부터 아주 큰 효용을 누리고 있는 1인. 한 가지 아쉬운 점을 굳이 이야기하자면, 유동인구가 많은 따릉이 정류장에 따릉이가 꽤 없는 경우가 있다. 그 점을 제외하면, 완전 최고의 친구."
김종윤,5,2022-10-07 18:27:49,가까운 거리는 항상 따릉이를 타며 교통비도 아끼고 건강도 챙기고 있어요! 다 좋은데 요즘 부쩍 배터리가 없다던지 이용 불가능하다고 나오는 따릉이들이 많아져 속상합니다ㅠ
Jake Lim,5,2022-10-07 18:20:41,따릉이 덕에 서울시내에서 짧은 거리 움직일때 너무 편해요^^
젤리고미,5,2022-10-07 18:18:08,앱UI 구성이 사용자 중심이라 편리하게 되어있고 블루투스연결도 잘되고있어 사용해보시길 추전드립니다
sn lee,5,2022-10-07 18:17:26,따릉이!! 아주 유용함. 버스 놓쳤거나 집앞 마트 가기 귀찮을때 등 자주 타고 다님. 친구한테 1년 이용권으로 선물로 3번 받을 만큼 만족스러움~^^
ᄒᄌᄋ,5,2022-10-07 18:14:54,서울 뚜벅이들에게 이동의 자유를 주는 고마운 존재예요. 언제든지 탈 수 있도록 관리도 잘 해주셔서 너무 고맙습니다. 앞으로 많은 사람들이 이용해서 환경에도 도움됐으면 좋겠어요.
JiSoo Sin,4,2022-10-07 18:13:36,"서울에서 자전거를 사서 타고다닌다는게 도로 환경상 부담스러운 부분도 있고, 관리하기도 번거로워 선뜻 구매하기가 어려운데 필요할때마다 틈틈히 이용할 수 있어 너무 잘 활용하고 있어요! 고장난 자전거도 거의 없이 관리도 잘 되고 여기 저기 정류장도 많고요 :) 다만 지도 보는 것이 조금 불편하고 가끔 자전거랑 연결이 원활하지 않아 몇분씩 기다렸다 껐다 다시 연결했다 할 때가 있어 그부분이 개선되면 더 편리하게 이용 가능할 것같습니다!"
갬성쭈니,5,2022-10-07 18:13:10,출퇴길 사용중인데 너무 편리하고 잠깐잠깐 급한 볼일도 따릉이 덕분에 스피드하게 할 수 있어서 잘 사용중
우종성,5,2022-10-07 18:09:58,생활에 유용한 앱 입니다
윤영찬,5,2022-10-07 18:08:54,"따릉이 너무 잘 사용하고 있습니다. 출퇴근길에도 유용하고 막차시간이 끊겼을때도 사용할 수 있어서 너무 좋아요. 건의사항이 있다면 대여소를 확장했으면 좋겠고, 시간 연장이 필요할 때 반납 후 다시 대여할 때 시간이 오래걸리는데, 시간연장 기능좀 추가해서 대여소에 들러서 버튼을 누르면 바로 시간이 충전되면 좋을것같아요."
김우겸,5,2022-10-07 18:05:17,4년째 따릉이를 이용중 입니다. 요새가장불편한것은 티머니고와의 연동시에 동일하지않게나오는 부분이 많네요. 또한 대여시에 반납장소를 쉽게 볼수있게 수정해주시면 감사하겠습니다. 현재 반납장소등이 바로 앱지도에 노출되면 좋겠네요!
이은주,5,2022-10-07 18:05:01,"예전보다 앱기능이 많이 추가되고 개선된 점이 많아서 편리합니다. 1. 내 위치 주변에 대여소 및 자전거의 수 표시 2. 일반 자전거와 새싹자전거로 자전거의 크기 2가지 버전 출시 3. 자전거도로 표시 가능 추가의견 1. 반납시간 30분, 10분 전 팝업으로 반납안내 2. 자전거에 핸드폰 거치대 설치 이런 서비스도 제공되었으면 좋겠습니다:-)"
James TV,5,2022-10-07 17:59:53,출퇴근 할때 대중교통정거장에서 집까지 자주이용해요 30분정도 자전거타는데 이제 날씨도 선선해서 상쾌하고 운동도 할수 있어 좋아요
황광석,3,2022-10-07 17:59:22,대여 신청하였으나 신청이 되지않아 취소 시 항상 지연이 되고 이 부분은 정말 문제네요!!
Pyengdo Rhee,5,2022-10-07 17:59:14,운동도 되고 교통 혼잡 피하고 돈도 절약되고 1거3득입니다
빼어날秀,5,2022-10-07 17:55:24,몇년째 정기권끊어서 이용중인데 불편함없이 이용잘하고있어요
헌터,5,2022-10-07 17:51:49,따릉이 편리하고 저렴하고 이동 수단으로는 짱인거 다 알죠?ㅎ 서울 시민에게는 반드시 필요한 편하고 깔끔한 웹입니다!! 강추합니다.
허진영,5,2022-10-07 17:51:47,중간중간 연결 오류로 시간지체되는거 외에는 사용하기 좋습니다.
김은영 (몽실이),5,2022-10-07 17:46:28,정말 좋은 어플입니다.최고에요!!!
황호연,5,2022-10-07 17:46:19,지구를 살리는 친환경 이동수단 서울따릉이 최고입니다.^^
SW KIM,3,2022-10-07 17:45:15,따릉이 이용 너무 잘 하고 있으나 앱의 호환성이 가끔 안되는 경우가 있고 따릉이 자전거 자체에 문제가 있는 경우가 있어 다소 관리가 필요하다고 생각합니다. 새로운 교통수단으로 자리매김한 것 같네요.
골드안녕,5,2022-10-07 17:44:33,오 너무 편리해요!! 따릉이 쓰고 나서는 자전거 자주 타서 운동도 됩니다!!
김민경,5,2022-10-07 17:41:21,저렴한 이용권으로 교통비를 많이 절약하고 있어요! 주변에도 많이 알리고 있습니다🚵‍♂️
ory k,5,2022-10-07 17:40:39,이용 잘 하고있습니다! 따릉이 덕분에 교통비도 아끼고 너무 좋네요!
Beom Yi,4,2022-10-07 17:34:14,가끔 이유모를 대여오류가 뜨기도 하지만 서울 시민으로서 유용하게 사용하고 있습니다.
채로이아,5,2022-10-07 17:31:57,너무 유용하게 사용함
Woori Choi,5,2022-10-07 17:29:00,너~~무 좋은데요 안장높이를 더 높일 수 있으면 좋겠어요 키큰사람리 타면 불편하고 오래타면 무릎이 아프더라구요 ㅎㅎ 그거빼고는 항상 출퇴근때 많은 도움이되는 따릉이 최고애요 !!
강꿈사,5,2022-10-07 17:24:49,"집에서 가까이에서 탈 수 있고, 회사 바로 앞에 따릉이가 설치되어 있어서 정말 편리하게 사용하고 있습니다. 따로 운동할 시간이 적은데 자전거를 타고 출퇴근하니 운동도 되고, 교통비도 절약하고 아주 잘 이용하고 있습니다. 자전거를 사려고 했으나 따릉이는 별도의 수리관리 부담이 없어 좋습니다. 다만, 1) 코드번호를 입력하면 안되는 경우가 종종 있는데, 이럴 경우 대여 신청을 취소하고 앱을 껐다켜면 되는 경우가 있습니다. 쓰다보니 이런 요령을 알게되서 현재는 크게 불편함 없이 사용하고 있습니다. 그러나 이런 프로세스가 더 단순하고(입력/취소버튼), 오류 반응메세지가 명확하고 빠르면 좋을 것 같습니다. 2) 구형 안장 높이 조절이 불안정해서 자꾸 내려가서 신형으로 교체 희망합니다. 3) 하루 한 번정도 자전거 교통 법규나 요령 등의 메세지가 탈 때 뜨면 도움이 될 듯합니다. 4) 간혹 고장은 아니지만 페달 등에서 거친 소리납니다. 종료시 메시지 입력할수 있으면 더 안전할 것 같습니다."
박효정,5,2022-10-07 17:22:20,앱사용 괜찮습니다 펀합니다
강석주,5,2022-10-07 17:18:35,항상 잘 사용하고 있습니다. 지속적인 업데이트로 오류도 줄어들고 있긴한데 페어링 실패시 딜레이만 좀 줄어들면 좋겠습니다
홍정자,5,2022-10-07 17:09:30,편리.가격.운동.쉼 등 다재다능 따릉이~
Y.N.D.D,5,2022-10-07 17:08:44,매번 너무 잘 이용하고 있습니다!^^ 뉴스에서 적자운영이라고 하던데 ㅠ 많은 사람들이 더 많이 이용해서 앞으로도 쭈욱 운영되면 좋겠습니다 ㅠ!!
유병선,5,2022-10-07 17:07:25,싸고좋은 따릉이 짱
내가나요,5,2022-10-07 17:06:27,사용이 너무 편리해요. 처음사용하시는분들을 위해 가입할때 대여하는 방법을 영상으로 만들어서 어플에 사용방법을 올리시면 더 많은 시민들이 사용할꺼 같아요.
이윤석,5,2022-10-07 17:04:53,사용하기 편하고 시스템이좋아요
Dima Cho,3,2022-10-07 17:04:40,너무 좋은 서비스이긴 하나 블루투스 연결 잘 안 되는 경우가 많습니당 ㅜㅜ
곽진환,5,2022-10-07 17:03:21,항상 편리하게 사용하고 있습니다 거의 서울 모든 정류장에 배치되어있고 자전거 양도 꽤많아 바로 탈수 있는 경우가 많아서 좋아요!!
서영은,5,2022-10-07 17:02:45,이동수단으로 참편리하게 이용중입니다.단 퇴근시간에는 많이 이용하는곳에는 더 많은 ㅣ배치가 필요할것같아요..치열해요..늘ㅠ
keunhwa park,5,2022-10-07 17:00:34,잠깐 사용하기 너무 좋습니다 가격도 저렴하고 거리가 많이 안멀면 대중교통보다 빠르고 주말에 운동도 되고 좋습니다
정js,5,2022-10-07 17:00:19,따릉이 유용하게 잘 사용하고 있습니다. 고장난것은 앱에 신고도 올립니다.
낙타,5,2022-10-07 17:00:02,고장이나 점검이 필요한 자전거도 꽤 있지만 편하게 이용할수 있어서 자주 이용하고 있습니다.
전형준,4,2022-10-07 16:59:43,자전거가 특정시간에 특정장소에 몰리거나 없는 경우를 빼면 저렴하고 이용하기도 편합니다
홍w,3,2022-10-07 16:58:24,자전거빌릴 때 개느려요
이서진,4,2022-10-07 16:57:23,집 앞에 따릉이 대여소가 없어서 항상 지하철역까지 걸어가야했는데 건의사항에 요청드리니 빠른 피드백을 주셨어요. 감사합니다. 그런데 제 핸드폰의 문제인지 네트워크 오류인지는 몰라도 종종 페어링에 실패하는 경우가 있네요.
Seung-Ho Lee,5,2022-10-07 16:55:43,따릉이 잘 이용하고 있습니다. 따릉이 대여하러 이동하면서 미리 따릉이 찜하기 기능(3분정도 유지)도 있으면 좋을거 같습니다.
김도원,4,2022-10-07 16:54:15,따릉이 정말 유용하고 앱도 편하고 요즘에는 qr인식도 잘 돼요. 빌리거나 반납할 때 연결만 좀 더 빠르게 되면 좋겠어요. 그래도 건강과 환경에 너무나 좋은 앱입니다!
JUNSEOK KWON,5,2022-10-07 16:53:53,따릉이를 타게 되면서 자연스럽게 자전거 타는 것이 습관이 됐습니다. 자전거 타는게 습관이 되니 확실히 체력도 좋아지고 몸에 근력도 생겼습니다! 앞으로도 즐겁게 따릉이 탈 수 있게 지금처럼 관리 잘 해주세요!😁
Aladdin J,5,2022-10-07 16:53:52,정말 편해요. 정류소도 많고 이용하기도 편리합니다. 출퇴근도 따릉이로 하고 있어요. 특히 정기권 끊으면 정말 저렴하게 이용할 수 있습니다.
이서현,5,2022-10-07 16:51:40,출퇴근 길이나 걸어서 가기엔 애매하게 먼 거리에 정기권 끊어서 아무때나 이용하기 너무 좋습니다~~!!!
강인한,5,2022-10-07 16:50:58,편리하고 좋아요
임재호,3,2022-10-07 16:48:36,가끔 연결 오류나는 것 말고는 큰 문제없이 사용중입니다.
Seungsu Ha,4,2022-10-07 16:48:30,평소 잘 이용하고 있습니다. 1. 블루투스 기반이라 그런지 블루투스 이어폰 사용중엔 대여하기가 어렵습니다. (물론 빅스비 루틴을 사용하면 편하긴 합니다) 2. 사용중인 이용권 (1시간권)에서 이용기간이 남았다면 2시간권으로 업그레이드 하는 기능이 있으면 좋겠습니다. 3. 새싹이 이용하는 사람 거의 보지 못했는데 성인이 타기도 힘든데 너무 많은 것 같습니다. 4. 창원에서 누비자 이용 10년 하면서 느낀건데 개인 시건장치는 매우 훌륭하지만 대여방식이 조금 아쉽습니다. 반응도 너무 늦고 오류가나면 빌리는 과정에서만 많은 시간이 소요됩니다. 5. 기어가 5단까지는 있으면 좋겠습니다. 6. 안장이 찢어져 엉덩이가 젖는 경우가 허다합니다. 7. 마지막으로 대여 위젯 기능이 추가되면 좋겠습니다. 이상입니다.
김이수,5,2022-10-07 16:47:01,이용방법도 편하고 운동도 되어서 가까운거리는 일부러 찾아서 이용 합니다.
Ensia Kim,5,2022-10-07 16:46:27,지금도 서울시민으로서 너무 유용하게 잘 사용하고 있습니다. 따릉이 만한 시스템을 가진 공영자전거는 없지요. 개선 요구 사항이 있다면 앱내에서 출발지점과 도착지점을 지정하면 네비처럼 걸리는 시간과 자전거길을 알려주어 이중으로 일일이 지도를 찾아보지 않아도 된다면 더욱 간편할것 같습니다.
Charllie Kim,4,2022-10-07 16:45:52,반납시 메시지가 늦게 뜨는 경우가 있어요
Seoul people서울 사람,5,2022-10-07 16:45:51,출퇴근의 동반자. 출퇴근이 건강해졌어요
changsub Kim,5,2022-10-07 16:44:06,정말 유용한 앱 입니다 매일 즐겁게 이용하고 있습니다
Sungjoo Choi,5,2022-10-07 16:44:06,일년권으로 끝날 때마다 연장하는데 정말 간편한 이용수단인 것 같아요. 자전거로 출퇴근 하기 너무 좋습니다.
INHO KIM,4,2022-10-07 16:44:02,"많이 깔끔해지고 사용성도 개선되었지만, 원인 미상의 이유로 자전거가 대여되지 않았을 때 취소하는데 시간이 너무 오래 걸려요 1분 정도이지만 체감상 너무 길어서.. 그 부분 개선되었으면 좋겠어요"
김정곤,5,2022-10-07 16:43:34,이전보다 안정적으로 사용하고 있습니다. 매우 좋은혜택으로 지속되었으면 좋겠구요 무엇보다 안전하게 사용할 수 있도록 안전장구나 고장나기전에 정비등에 좀더 신경써 주시기 바랍니다.
In Young park,5,2022-10-07 16:43:30,이제 정말 없어서는 안될 우리 따릉이♡ 따릉이를 타고 주말마다 남편과 소소한 행복여행을 하고 있어요♡ 만들어주셔서 감사합니다 ♡
임태진,5,2022-10-07 16:42:42,처음엔 버그도 많고 불편한 것도 많았지만 정말 많이 안정되어 이제는 혹시란 마음으로 앱을 실행하는 것이 아닌 편안한 마음으로 따릉이를 사용하고 있습니다 저렴한 가격에 어디든 자유롭게 이동하고 이용할 수 있어서 좋습니다
jonghyuk kim,4,2022-10-07 16:42:19,"따릉이 너무 잘 사용하고 있어요. 블루투스 해제를 해야 해서 불편할때가 많은데 개선되면 좋겠고, 빠르게 대여를 할 수 있도록 바로 qr코드를 인식하는 위젯도 만들어 주셨으면 좋겠습니다. 감사합니다."
JUN K,5,2022-10-07 16:42:07,출퇴근시 갈아타는 용으로 사용하는데 힐링하는 느낌입니다 강추
김민근,5,2022-10-07 16:40:25,건강도 챙길수 있는 따릉이
sk H,5,2022-10-07 16:40:23,"앱이 직관적으로 보기 편하며, 큐알코드 인식 등이 야간에도 잘 됩니다."
kkk2,5,2022-10-07 16:39:09,정비도 빠른 편이고 대여소가 더 생겨서 좋다
김지윤,5,2022-10-07 16:39:02,출퇴근용으로 아주 잘 이용하고있습니다^^ 따릉이 최고입니당!!!
손오온,4,2022-10-07 16:38:11,초기 때부터 사용해왔는데 서울 곳곳을 자전거를 이용할 수 있고 반납하면 또 그 순간부터는 자전거를 신경안쓰고 다닐수 있어서 넘 애용하고 있어요! 다만 앱이 개선되었지만 그래도 아직 제 폰 문제인지 아닌지는 모르겠지만 큐알코드 인식이 잘 안될 때가 있더라고요 그 점 빼고는 넘 잘 이용하고 있습니다!
이하나,5,2022-10-07 16:34:15,출근시 매일 타고다닙니다 도로 막히는거에 영향을 안받다보니 넘나 좋아요ㅎㅎ 고장수리 요청하면 또 바로 수리가되니 그것또한 좋아요ㅋㅋ이제 겨울이 되면 이용하기 좀 힘들겠지만 자주 이용할게요ㅋㅋ
YUJIN OH,4,2022-10-07 16:33:00,"일단 서울시에 이렇게 자유롭게 대여하여 이용할 수 있는 교통수단이 있다는 것에 대해 늘 감사하게 생각합니다. 자전거를 소유하기 부담스럽거나 자전거 관리가 어려운 저 같은 사람에게는 이렇게 단기성으로 이용가능한 자전거가 정말 빛과 같아요! 요새 날씨가 좋아져서 많이 타고있는데, 아쉬운 점은 결제과정에서 신용카드 결제 시 카드번호를 하나하나 입력해야 한다는 것이 아쉽습니다. 또한, 제가 뽑기 운이 안좋은 것인지 달리는 중에 팅팅 거리는 소리가 나는 자전거를 많이 탔었습니다. 열심히 관리해주시는 건 알고있지만 요새 부쩍 뽑기운이 좋지않는 것인지 고장난 자전거가 많아진 것 같아 그 부분이 아쉽네요."
성윤진,5,2022-10-07 16:31:06,"교통 체증이 심할 때 가까운 거리를 쉽게 이용할 수 있어서 매우 좋네요. 환경, 개인 건강 등의 이익이 많으니 전국적으로 확대되기를 바랍니다"
duck Verita,5,2022-10-07 16:30:37,따릉이 몇년째 아주 잘 쓰고있습니다. 예전에는 안장 길이 조절 고장난 게 많아서 짜증났는데 요즘은 고장난 거 거의 안 걸려서 불평없이 잘 애용하고 있습니다!!
안상민,4,2022-10-07 16:29:13,정기권으로 잘 사용하고 있습니다. 에어팟 사용중에 연결 끊고 따릉이와 연결해야 한다는 점만 조금 아쉽습니다
김태환 (Taehwan),4,2022-10-07 16:29:08,가끔씩 대여중이라 뜨면서 대여가 안되는 것들이 있습니다.ㅜ개선해주세요! 자전거 기어가 잘 안되는 것도 있구요.
라신,5,2022-10-07 16:28:45,따릉이 너무 편하고 좋습니다. 4년째 저의 훌륭한 이동수단으로 자리매김했어요. 그런데 수도권으로도 확장 했으면 좋겠어요. 서울 외곽 거주자가 서울 밖에 나갈 경우에 불편합니다.
좋아좋아,5,2022-10-07 16:27:30,에러도 적어지고 사용성도 높아진듯요
애구애구,5,2022-10-07 16:27:26,잘 쓰고 있습니다 너무 유용해요 강추입니다
귀여운꼬마아가씨,4,2022-10-07 16:27:23,예전에 따릉이 탈때는 앱에서 바코드 인식 안되는 것들도 많아서 자전거가 잇어도 못타는 경우가 있었능데 이젠 바코드 안읽혀서 못타는 경우가 거의 없어요. 앱이 더 편리해진것 같아요. 좋습니당 ㅎㅎ
이동규,5,2022-10-07 16:26:44,좋아요. 상태가 별로인 자전거의 경우 신고기능이 있으면 좋겠습니다.
dh h,4,2022-10-07 16:26:20,잘 이용하고 있는데 가끔 연결이 안될 때가 있어요. 그 부분만 개선해주시면 좋겠어요~
김소형,5,2022-10-07 16:25:24,정기권으로 사용하고 있습니다. 앱이 너무 잘되어 있어요. 쉽고 편하게 사용하고 있습니다. 너무 좋네요. 서울 시민으로써 행복합니다.
류성진,5,2022-10-07 16:25:03,편하고 운동되고 좋습니다
구현아,5,2022-10-07 16:25:00,"따릉이앱을 사용한지 2년이 넘었어요. 이젠 서울 곳곳에 따릉이 자전거가 배치되어 있고, 앱도 사용해기 편리하게 업그레이드를 계속 하고 있어, 분주한 서울살이에 큰 도움이 되는 교통 및 여가 수단입나다! 강츄합니다!!"
최미영,5,2022-10-07 16:24:55,고장신고 할수있고 기록 칼로리 확인도 가능하고 자주이용고있어 좋아요
5 27,5,2022-10-07 16:23:26,"서울의 장점 중 하나가 따릉이가 있다는 점이라고 할 정도로 잘 쓰고 있습니다~!저렴한 가격에 출퇴근, 산책, 장보기 등으로 활용도가 높아요!"
김준수,4,2022-10-07 16:23:08,따릉이 거치대 위치 및 자전거 현황을 실시간으로 보여줘서 좋습니다. 그러나 가끔은 고장난 자전거도 보유대수에 포함시켜 타려고하다가 난감한적이 몇번 있었습니다. 고장신고된 자전거 내역에 대해서도 제대로 업데이트하여 이용을 하지못하는경우는 방지해야될것 같습니다
Rebeca,5,2022-10-07 16:22:56,어디서나 대여하고 반납할수있는 시스템이 실생활에서 쓰기에 너무 좋습니다. QR코드나 자전거번호로 입력하는 것이 대여할때의 최고의 장점입니다.
Jin Ju,5,2022-10-07 16:21:58,저렴한 가격에 편하게 자전거를 이용할 수 있어서 정말 좋아요~
주세영,5,2022-10-07 16:21:17,거의 매일 따릉이 이용하는 사람입니다. 진짜 유용하고 cs직원분들도 친절합니다. 어플은 좀 속도가 느리다는 것 빼고는 괜찮습니다.
하유빈,5,2022-10-07 16:21:14,너무 애용중
곽기영,5,2022-10-07 16:19:42,매일 대중교통 이용후 따릉이로 환승합니다. 블루투스를 완전히 끈후 다시 키기전에는 수시로 잘 이닛기 안돼서 이용이 힘들었는데 지금은 매우 잘 이요와고 있어요. 제로페이 할인이 없어져 아쉽네요. 다른 할이도 만들어지면 좋겠습니다
임하리,5,2022-10-07 16:18:39,따릉이 정기권 잘 쓰고 있어요 점점 따릉이 타는 곳이 늘어나 어디서든 이용할 수가 있네요 대여시 페어링 연결만 더 잘 된다면 좋을거 같아요
우리모,4,2022-10-07 16:17:41,"현재 햇수로 3년 정도 이용 중인데 초기 서비스에 비해 사용 환경이 편해져서 만족하며 사용 중. 따릉이 API의 세세한 필터링 미제공, 고장난 따릉이를 바로 식별할 수 없는 점은 추후에 차차 수정되었으면 하는 바람이 있음. 출퇴근 시간에 특정 정류소에 몰리는 걸 대비하여 정류장이 늘어나는 점은 좋으나 실 사용 시 턱없이 부족하여 추가적으로 대안이 필요해보임. 앞으로 더 편하고 사용하기 좋은 환경으로 개선되면 좋겠다고 생각함."
jong gyu park,3,2022-10-07 16:17:14,블루투스 연결실패가 잦이요
유덕훈,5,2022-10-07 16:15:17,따릉이 덕분에 펀하게 출퇴근할수 있습니다 환경도 지키도 건강도 챙기고 교통비도 아끼고 일석 3조 따릉이는 이제 서울시민의 발이 되었습니다
배덕호,5,2022-10-07 16:15:04,홍대주변에 갈일이 있어서 자주 이용합니다 갈때는 망원동이라 자전거 대수가 많지만.. 올때는 따르릉이 없어요ㅠㅠ
문병웅 (러너),4,2022-10-07 16:15:02,"잘사용중입니다. 간혹 버벅거리기는하지만 따릉이 설치장소 안내나 남은대수도 잘알려주고, 이용거리, 이용시간등을 알수있어서 편리한점이 많음"
Hyeji Jo,5,2022-10-07 16:14:09,집과 지하철역 사이 늘 편리한 발이 되어주는 따릉이. 없어선 안 될 서울의 가장 편리한 교통수단입니다.
김종윤,5,2022-10-07 16:13:54,이제 곧 70이 다가오는데 3년 넘도록 불편없이 편하게 이용합니다. 감사합니다!
박현수,5,2022-10-07 16:13:50,따릉이 따봉
래미아,4,2022-10-07 16:13:25,가끔 반납완료와 대여중 상태표시가 안바뀔때가 있는데 그거만 수정보완 한다면 쓰는데는 지장없는 편리한 어플 같습니다ㅎ
이지은,5,2022-10-07 16:12:55,집근처 걸어다니기 힘든 거리는 버스 안타고 따릉이 타고 다녀요 가끔 한강에 따릉이 타고 나가면 기분 최고!!! 따릉이 최고!!!
이명화,5,2022-10-07 16:11:55,따릉이 짱 좋아요^^ 따세권에 살아서 특별한 혜택을 보는거 같아요^^ 넘 고맙습니다. 매일매일 출근용 마트용 등 즐겨타고 있어요. 따릉이 생활화 강추예요.^^ -간혹 레버를 내렸는데도 반납처리가 안된경우가 있더라구요 -고장신고가 안된 자전거도 대여신청을하면 무응답(자전거대여중~)으로 먹통이 되는경우가있는데 여러대를 시도해 같은 응답이 나올때 고객센터로 전화하면 핸드폰을off-on해보라고 해 그러면 정상으로 되는경우 있음. 먹통시 안내멘트 추가하면 도움될듯함
김택균,5,2022-10-07 16:11:24,최근 검진 후 과체중이라 따릉이를 이용하고 있는데 짧은 시간 효과적으로 운동에 도움이 됩니다.
오제섭,5,2022-10-07 16:10:24,"따릉이 어플을 사용하면서 자동업데이트와 편리함 또, 결제까지 간편하게 사용할 수 있어 너무 편하고 좋습니다."
김성근,5,2022-10-07 16:09:47,이용하기 너무 편해요 잘사용중입니다.
ggone sw,5,2022-10-07 16:08:08,"든든한 이동 수단과 건강 그리고 라이딩 경험을 주는 따릉이 너무 좋습니다, 많이 늘려주세요."
SJ Cho,4,2022-10-07 16:07:20,자전거 QR코드 대여시 연결 실패가 잦습니다.
비전하이(Vision High),5,2022-10-07 16:07:03,따릉이 덕분에 돈벌고 운동하고 아주 좋습니다.
박은규,4,2022-10-07 16:05:18,"사용하기 편합니다. 다만, 대여소 검색 시 통상의 맵 검색처럼 주소나 지역, 건물명으로 검색이 되어 그 인근을 조회했으면 합니다. 대여소명을 알 수가 없으니까요."
Chamsae jjack,3,2022-10-07 16:05:01,"따릉이 앱 별점과 리뷰남겨달라고 문자와서 남깁니다. 따릉이 이용하면서 불편한게 너무 많아요. 요즘같이 앱이 잘 발달되있는 시기에 왜 유독 따릉이앱만 이렇게 오류가 많이 나는건지 이해할 수가 없네요. 당장급할때 생기는 오류 정말 스트레스에요 블루투스 꺼놔두요. 한번에 연결되는게 10번중에 5번이면 어플 업그레이드에 힘써야하는거 아닐까요? 별점 1점주고싶은데 테러같아서, 자주이용하니까 3점 드립니다."
KunHo Yi,4,2022-10-07 16:04:49,따릉이 초기부터 잘 이용하고 있습니다. 이런 시스템을 만들어 주신 분들께 감사드립니다. 앱이 많이 개선되어 편해졌습니다. 하지만 여전히 조금 개선되었으면 하는 부분이 있습니다. 반납 마감전 앱 알림이 문자 뿐이라 인식이 어려우니 음성도 함께해 주셨으면 합니다. 반납 시간 지난 후에도 주기적인 음성 알림이 있었으면 합니다. 고장 신고도 반납후 직전 반납한 자전거를 바로 끌어와 신고할 수 있었으면 합니다. 다시 한번 관계자 분들께 감사드립니다.
에비츄,4,2022-10-07 16:04:49,너무 편리하고 항상 잘 이용하고 있습니다 그런데 출퇴근시간에 고장중으로 이용하지못하는 따릉이들이 너무 많아요ㅜ
Sohee Park,4,2022-10-07 16:04:47,"따릉이 너무 잘 사용하고 있어요. 다만 가끔 이유를 알수없게 연결을 실패해서 대여가 불가능하거나, 고장난 따릉이라 대여가 불가능한데도 대여가능갯수에 표시되어 불편함을 겪은 적이 여러 번 있습니다. 이런 부분만 좀 해결되면 매우 만족스러울 것 같습니다. 합리적 가격에 좋은 서비스를 제공해주셔서 감사합니다."
서지민,5,2022-10-07 16:04:44,진짜 초창기때 앱에비하면 진짜 편하고 간단해졌어요 따릉이 앱의 무궁한 발전을 기원합니다
조영선,5,2022-10-07 16:04:37,점점더 사용하기가 편리해지는거 같아요~ 요즘 제일 활용도 좋은 공공재인듯요~ 아껴서 잘 타려구요!!
Heechang Han,5,2022-10-07 16:04:22,1년 매일 2시간 4만원 갓성비
EB (까만비얌),3,2022-10-07 16:04:13,리소스업뎃은 왜매번하는건지...흠. 그것과 별개로 잘 타고다니고있긴합니다.
MS K,5,2022-10-07 16:03:12,"따릉이 대여소가 이곳저곳에 많아서 자주 이용할수 있고, 특히 지하철이나 버스정류소 근처에 있어 애매한 환승거리를 따릉이로 이용할수 있어 편리해요.아쉬운 점이라면 특정지역은 따릉이 대여소가 같은 동선상의 인접한 거리에 여러곳 있는 경우가 종종있는데, 상대적으로 그렇지못한 곳도 있습니다.이를 분산하거나 대여소 추가설치를 통해 주민들이 더욱 편하게 이용할수 있었으면 합니다"
HJ JunG,5,2022-10-07 16:03:10,보관된 자전거 중에 고장이나 관리 등의 이유로 사용하지 못하는 자전거들의 구분이 어렵습니다.
김준규,5,2022-10-07 16:02:52,선진적인 자전거 시스템이다 점점 진화하는 따릉이 앞으로도 기대가 된다
chu,5,2022-10-07 16:01:18,최신 따릉이 앱은 앱 충돌이나 오류없이 훌륭하게 잘 작동하네요 초창기에 비해 무겁지도 않고 디자인도 개선이 많이 된 것 같아 좋네요
김혁,5,2022-10-07 16:01:11,"자전거 안장에 빗물이 있어도 안장속으로 스며들지 않아 좋은데,간혹 안장이 낡아 빗물이 스며드는 경우가 있었습니다"
CapsuleCoffeeLab. Korea,4,2022-10-07 16:01:09,접속 장애로 튕기는 경우나 대여 진행중 에러가 많습니다
Miriam Han,4,2022-10-07 16:01:03,가끔 블루투스 연결이 잘안되서 불편해요.
최정선,4,2022-10-07 16:00:35,장기이용자예요. 앱업데이트 됐을때 좀 당황했으나 자꾸 사용하다보니 익숙해졌어요. 앱 사용시 데이터 사용량이 많아 와이파이가 없는 곳에서는 망설여 질때가 있어요. 대체적으로 자전거 관리도 잘 되어있어요. 건강에도 도움되고 차비도 아끼고 일석이조라 따릉이 애용자예요. 다른 도시도 공공자전거가 있으면 좋겠어요.
sungho hong,5,2022-10-07 16:00:26,"아주 아주 잘 사용하고 있습니다. 버스로 이동하기 힘든 곳에 따릉이가 있다는 것이 좋습니다. 좋은 정책이며, 잘 유지 관리해주시기를 부탁 드립니다."
이수민,5,2022-10-07 16:00:09,"항상 잘 쓰고 있어요~ 새로고침 했을때 실시간으로 주변 따릉이 정류소랑 사용 가능 따릉이 표시되는게 참 좋아요. 사용할 때 불편한 점이 조금 있었는데, 따릉이 연결이 한 번에 되지 않을 때 시간을 오래 대기하고 취소했다가 재연결 해야 하는 점은 약간 불편했어요. 어떤 부분에서 오류가 나는지 모르겠지만 빠르게 취소 후 재연결 할 수 있으면 좋겠습니다."
Kang SH,3,2022-10-07 15:59:44,1. QR인식을 제대로 못하는 경우가 많아서 불편합니다 2. 앱 자체 문제는 아니자만 성북구 따릉이 정류소에 따릉이가 한 대도 없는 경우가 많아서 이용을 못하는 경우가 많습니다. 충분히 따릉이가 정류장에 배치 되었으면 하는 바람 입니다.
이미경,5,2022-10-07 15:59:13,없어서는 안되는 앱이며 따릉이죠 건강도 찾고 교통비도 할인받고 적은금액이지만 고맙고 감사합니다
ᄋᄅᄋᄅᄂ,5,2022-10-07 15:58:33,매번 잘 이용하고 있습니다 가끔 대여가 안되서 대여취소를 해야할때 반응이 느린정도인데 수정할 정도는 아닌거 같아요 대여와 반납을 위한 앱이라 불편없이 잘 쓰고 있습니다
김영호,4,2022-10-07 15:58:06,평소 잘이용하고 있네요 단지 연결시 에러가 많이 발생하는거는 개선했으면 합니다.
sh j,5,2022-10-07 15:58:02,따릉인 최고에요. 너무 좋습니다.
수수,5,2022-10-07 15:58:02,따릉이는 사랑입니다.
허웅찬,5,2022-10-07 15:57:15,따릉이 정말 만족합니다. 무엇보다 가격적인 면에서 상당한 만족감을 느낍니다. 주변에 따릉이 이용하라고 광고하고 다닐 정도입니다. 이렇게 좋은 서비스에 힘써주시는 서울시에 감사드리고 더 자주 좋게 이용할 수 있도록 더 나은 서비스에 힘써주시면 감사하겠습니다.
이진우,3,2022-10-07 15:57:11,따릉이 연결에 실패할경우 취소하고 다른 따릉이를 접속하는데 시간이 너무 많이 걸립니다. 그 외 연결상태 등은 작년보다 많이 개선된듯합니다.
울쓰,5,2022-10-07 15:56:56,작년부터 반년 정기권을 끊고 이용 중입니다. 장마와 한겨울을 제외하고 퇴근에 요긴하게 타고 다닙니다. 날이 좋고 컨디션이 좋으면 한강을 질주하며 퇴근을~ 야근에 지친 몸을 대중교통에 태워야 할 때에는 지하철역까지 따릉이를 타고 있습니다. 출퇴 목적으로 자전거를 이용하고 싶어서 자전거를 살까 고민도 하였지만 갑작스런 비를 피하기에도 번개 모임이 생겼을 때에 바로 반납하고 가볍게 내 몸만 챙길 수 있는 반납 시스템이 따릉이의 최고 장점이 아니겠습니까. 개인 자전거였다면 불가했겠죠. 이런 점 때문에 따릉이를 포기할 수가 없더라구요. 최근에는 눈에 띄게 대여소가 늘어서 참으로 편리합니다 :)
jung MoSQuiTo,5,2022-10-07 15:56:56,자전거가 너무 부족해요 출 퇴근 시간에 매번 0 이되는 대여소에 보급을좀 많이해주세요~
김구름,5,2022-10-07 15:56:38,블투연결이 느린거 빼면 만족합니다. 안장 높은 자전거 많이 배치해주세요.
JIYEONG JEONG,5,2022-10-07 15:56:10,"따릉이 몇년전부터 정말 잘 썼어요! 직장 다닐때 출퇴근 용으로도 사용하고 애매한 거리는 왠만하면 따릉이가 있어서 자전거로 다닌 것 같아요. 좋은 점은 부담되지 않는 가격으로 이용할 수 있다는 것, 30분 거리까지는 자전거로 다니는 것 등 잘하면 교통비도 절약되고 건강에도 좋다는 겁니다. 아쉬운 점은 따릉이 설치소가 많긴 하지만 각 따릉이 설치소 사이에 하나정도 더 있어도 될 것 같은곳도 있고, 오히려 너무 가까운 곳에 불필요하게 설치소가 있기도 했습니다. 또는 특정 지역의 설치소들에 자전거가 없다거나 출퇴근시간이나 사람들이 많이 이용하는 시간에만 자전거가 없는게 아쉽습니다. 잘 개서되어서 건강, 환경 측면으로 따릉이가 잘 활용되었으면 좋겠습니다!"
K K (부총),5,2022-10-07 15:55:51,"좋은 제도, 좋은 앱 만들어주셔서 감사합니다. 그러나 고질적인 초기 블루투스 연결 안되는 문제는 좀처럼 해결이 어렵나 봅니다. 한번에 연결한 적이 거의 없는거 같아요. 게다가 한번 연결 안되면 앱을 껐다 켜야 취소하고 다시 연결시도를 할수있어요. 많이 불편합니다.. 꼭 개선해주시길 바래요."
JUN,5,2022-10-07 15:55:47,내 세금이 올바르게 쓰이고있다는 증거. 앱도 너무 편하고 잘되어있어요! 환경에 이바지한다는 느낌도 들고 가격도 착한 따릉이입니다. 출퇴근시간대에 특정장소에 자전거가 없는 경우가 있는데 배차관련으로 조금만 개선해주시면 좋을것 같습니다.
남정민,5,2022-10-07 15:55:28,강추 운동하고 교통비 아끼고 살빠지고
조덕현,5,2022-10-07 15:54:50,자전거가 없는거 빼놓고 만족합니다. 계속 지속되었으면 좋겠네요.
A-33심수영 선생님,5,2022-10-07 15:54:27,"전철역이 집에서 멀어 자가용으로 주로 출퇴근 했었는데 단지 앞에 마련된 따릉 이를 이용하면서 대중교통 연계수단으로 활용할 수 있었고, 그 닥분에 시간 및 비용절약은 물론이고 건강도 챙길 수 있었습니다. 최대의 장점은 쉽고 편리한 대여와 반납방법입니다. 따릉이 앱 이용해 큐알코드나 번호입력으로 대여 가능하고 페이를 이용해 신속히 결제 가능했습니다. (제로페이 결제할인이 종료가 아쉽지만) 대여소가 더 많아지고 전기자건거 도입도 고려해주시길 바랍니다."
hyeonho jeong,4,2022-10-07 15:54:20,qr인식도 빠르고 간단하게 대여가 되서 편합니다. 단지 페어링 실패시 대여취소가 되지 않아 앱 재실행을 해야 되는경우가 너무 잦아서 불편하네요.. 출근시간대 집근처 대여소는 배치된 따릉이가 항상 없어서 대여 가능한곳으로 멀리 걸어서 이용중 입니다. 당연히 추가배치 요청이 즉각 반영되긴 힘들거라 생각합니다. 특정시간대 대여소별 재고 및 이용율 반영해서 배치가 원할하게 이루어지길 바래봅니다.
moonsun park,5,2022-10-07 15:53:35,너무 잘 이용하고 있어요. 최고!!!
so yeon,5,2022-10-07 15:53:11,예전보다 렉걸리는것도 많이 나아졌고 잘 사용하고 있어요!ㅎ.ㅎ
Tony Cho,5,2022-10-07 15:52:48,"평소 가까운거리 편하게 이동할수 있고, 주말엔 여친과 한강 자전거라이딩으로 따릉이 꼭 필수품 이네요. 3년째 이용중인데 계속 이용할거 같아요."
Chapchap0515,4,2022-10-07 15:52:47,이용 잘하고 있습니다.!!
Younghyo Kim,5,2022-10-07 15:52:35,따릉이 너무 좋은 서비스입니다. 따릉이로 인해 행복지수가 몇배는 오른거같아요~~ 가까운 지역 수영을 배우러 다녔는데 자전거타고가며 시원한 바람맞으며 선선한 기분을 느낍니다. 다른지역에도 따릉이가 있으면 좋겠어요. 최고!!!👍
KIBONG KIM,4,2022-10-07 15:52:18,따릉이 갈수록 편리해짐
Kyongtae Ryu,5,2022-10-07 15:51:54,정부 공공기관 어플 중 가장 많이 사용하고 인터페이스도 나름 잘 되어 있음
박선미,4,2022-10-07 15:51:45,가끔 반납을했는데 안됐다고 오류가납니다 그부분외에는잘사용중이에요
I Saac kim,5,2022-10-07 15:51:21,일주일에 두세번 타고 있습니다. 좋아요!
HM “casual product” Lee,5,2022-10-07 15:51:08,저는 일주일에 2~3일은 따릉이로 출퇴근하는 따릉이 애용자 입니다. 따릉이의 장점이 야간에 전면 전등이 들어오는 것과 3단 기어 조절 및 무쇠같은 무거움의 안전성도 나름 장점인 거 같습니다. 초기보다 따릉이 대여 및 반납할 수 있는 곳도 늘었다는 게 체감이 될 정도로 큰 인기인 거 같습니다. 계속 이렇게 쭉 쓰고 싶네요!
Anny L,3,2022-10-07 15:50:45,QR 인식 개선이 필요해 보입니다. 시간을 아끼기 위해서 따릉이를 곧잘 이용하는데 QR 인식하는데 시간이 너무 많이 소요됩니다. 그래서 그냥 번호 입력해서 사용합니다. 정기권 결제시 저장된 결제정보로 처리되는 것은 좋은데 결제정보를 마스킹하더라도 추정이 가능했으면 좋겠습니다. 장기 결제 후 어느 걸로 결제가 되었는지 알 수 있는 방법이 없었습니다(결국 콜센터로 문의함)
서종훈,4,2022-10-07 15:50:03,잘 사용하고 있습니다. 가끔 페어링 실패할 경우가 있는데 그 부분이 개선되었으면 합니다
Paul Lin,5,2022-10-07 15:49:50,"따릉이를 타기전과 타고 난후는 많이 달라요. 코시국 아침 출근길 지하철 내의 코로나 걱정은 물론 열차 연착에 대한 스트레스가 사라졌네요. 한여름이나 한겨울은 조금은 힘들겠지만 야외를 달리며 계절이 바뀌는 것을 보는 것도 좋아요. 이제는 1년치를 끊어 놓고 타는 중입니다. 그런데 비오는 날이나 눈이 밤사이 내리면 자전거에 안좋을거 같은데 방법을 모색해보면 좋겠습니다. 또 하나는 잘달리다가 인도와 자전거 도로가 모호해지는 구간이 있습니다.(동대문 종합시장) 위험도하고 턱도 있어서 자칫 초보자한테는 위험할 수 있을것 같습니다. 조치 부탁드립니다. 타보세요~ 따릉이~ 추천합니다. 건강도 챙기고, 돈도 아끼고, 스트레스 안 받고~"
JAY CHOI,5,2022-10-07 15:49:39,내사랑 따릉이!! 따릉이로 2시간 출퇴근도 가끔 하고 여유 생길때마다 2시간씩은 기본으로 주3회이상 타고 있습니다 이전에 비해 확실히 성능이 좋아 진것같아 만족합니다 따릉이 파이팅!!!!!
chan-hyoung Lim,5,2022-10-07 15:49:33,"출퇴근 운동되고, 몸관리, 정신건강 도움이되는 서울시 최고 모바일앱 서비스"
이동순,5,2022-10-07 15:49:02,매번 저의 발이 되어주는 따릉이~~ 서울 생활하면서 저의 동반자가되어 어디든 잘가고있어요~~ 고마워요따릉이~^^
졸리,5,2022-10-07 15:48:43,출퇴근 따릉이를 탈수있어서 너무 좋아요! 따릉이 반납 대여 장소들이 더 늘어나면 좋겠네요 ㅎㅎ
원동조,5,2022-10-07 15:48:42,항상 즐겁게 사용하고있습니다 앱서비스 및 고객센터 쳬계 관리가 잘 되어있어 만족합니다 자전거도 지금처럼 꾸준히 관리되길 기대합니다
김현진,5,2022-10-07 15:48:42,최고의선물입니다
퐉소정,5,2022-10-07 15:48:20,언제나 잘타고 다니는 따릉이..우리 따릉이에도 전동자전거 있음 더 좋겠어용..ㅋㅇㅋ 그리고 페어링이 블루투스 이어폰 연결해둔상태에서도 되면 참 좋겠어용.
기창김,3,2022-10-07 15:48:16,1. 따릉이가 없는데는 없고 있는데만 몰려있는 사용빈도에 따른 따릉이 배치에 관한 문제. 2. 따릉이 사용후 반납할때 잘 반납해도 확인을 안했을시 반납이 안되는일이 가끔있음 3. 자전거를 수거해 손을 보겠지만 자전거를 탈수없을정도로 손상이돼있는것을 자주경험 합니다 4. 자전거가 필요한 곳들이 많은데 더 많이 늘려주셨으면 좋겠읍니다
바카,5,2022-10-07 15:48:16,저렴한 가격에 편리한 자전거를 이용할수있어 너무 편해요
이권구,5,2022-10-07 15:48:11,좋아요 자주 바퀴바람좀 채워주세요
김경민,5,2022-10-07 15:47:23,너무나 사용하기 편해요 가격도 좋고 실시간 자전거 어디가 있는지 찾기도 좋아요 감사합니다
정현희,5,2022-10-07 15:47:13,굳 자전거 관리만 잘되면 좋겠음
김정용,5,2022-10-07 15:47:05,3년째 꾸준히 이용중입니다. 블루투스 연결이 간혹 안 되긴하지만 아주 잘 이용하고 있습니다.
sj song,5,2022-10-07 15:46:38,처음 이용할 때에는 연결도 잘 안되고 불안정 했었는데 지금은 안정화가 잘 되었다고 느껴지네요
J H,4,2022-10-07 15:46:24,예전보다 따릉이 대여소가 많아져서 이용하기 편해요. 자전거 바퀴나 체인에 문제가 생겨서 문제보고 작성을 하면 피드백도 빠른것 같아요. 그런데 대여시 연결실패가 아직 잦아요. 그것만 개선하면 될것 같습니다.
장준호,5,2022-10-07 15:46:20,편리한 친환경 교통수단 굿입니다
James P,5,2022-10-07 15:46:00,따릉이는 안타면 손해죠 무조건 1년 정기권 구매 강추합니다
정초롱,5,2022-10-07 15:45:26,매일 잘이용하구 있어요~서울시내는 따릉이가 최고! 더 많이 늘어났으면 좋겠어요
Jang Yeong Min,4,2022-10-07 15:45:21,전반적으로 좋다 다만 내 경우 자전거 바코드 인식이 잘 안되어 직접 숫자를 입력해야 하는게 번거롭다 애플에선 잘 되었기 때문에 핸드폰 문제려니 하고 사용하고 있다
최원태,5,2022-10-07 15:45:20,내 서울 라이프의 동반자
나국민,4,2022-10-07 15:45:11,"앱상에서 내가 원하는 위치를 찾아가는게 다소 까다롭고 앱 만의 문제는 아닐건데 이젠 따릉이도 변해야 되지 않나 싶네요 , 언제까지 자전거로 평생 할건 아니잔아요 , 전기 자전거로 빨리 넘어 갑시다."
Yina Shim,5,2022-10-07 15:45:11,회사가 집에서 버스로 두정거장 거리라서 너무 잘 이용하고 있어요. 하루 몇분씩 밖에 안타는데도 허벅지가 탄탄해지는 느낌이예요^^ 앱 사용하는데 큰 지장은 없는데 가끔씩 무선연결 페어링이 안됐다며 연결이 안되는 때가 있는데 개선되었으면 좋겠어요. 불만없이 잘 사용하고 있어서 다른 점은 없네요~ 감사합니다.
안진우,5,2022-10-07 15:44:54,천만 시민의 교통수단 따릉이! 매일 따릉이와 함께 즐겁게 출퇴근하고 있어요~ 이제 따릉이 없이는 어디 다니기 힘들것 같네요ㅎㅎ
최혜선,4,2022-10-07 15:44:20,반납했는데 반납안되어 애먹었던적이 있었습니다. 고객센터 전화연결이 안되어 너무 불편했습니다.
전경준,5,2022-10-07 15:43:58,편하게 사용할수 있고 접근성이 너무 좋아요
Yoon Oh,5,2022-10-07 15:43:53,앱이 편리하고 좋습니다.
쌍둥이TV,5,2022-10-07 15:43:37,매우 유용하게 잘 사용하고 있습니다. 가까운 거리는 대중교통보다 따릉이를 애용합니다. 운동도 되고 교통비에도 많은 도움이 되고 있습니다. 매우 만족합니다.
Zoowan West,5,2022-10-07 15:43:36,서울시에 거주하면서 느끼는 뿌듯한 혜택이라고 생각합니다. 자전거 관리 하시느라 분주하신 직원분들에게 감사함을 느끼며 앞으로도 잘 부탁드리겠습니다!
lina kim,5,2022-10-07 15:43:05,"출퇴근,근거리 이동시 잘사용하고 있습니다. 가끔 자전거랑 연결이 잘 안될때가 있지만, 만족하면서 사용하고 있어요. ui/ux도 직관적이고 추천드려요."
이슬기,4,2022-10-07 15:43:03,따릉이 편리하긴한데ㅠ 어플은 좀 더 발전해야할 것 같아요. 자전거 업데이트가 느리고 고장이 난 자전거는 일일히 직접 확인해야하는 불편함이 있어요. 대여소에 거치되어있는 고장신고된 자전거는 어플내 확인이 가능하면 좋을 것 같습니다. 그리고 대여가능 자전거 대수업데이트가 늦은 것 같아요. 어플 상에 대여가능 자전거가 있는데 막상 가면 위치에 없는 경우도 있네요. 따릉이 제도 자체는 잘 이용하고 있습니다~!
안성은,4,2022-10-07 15:42:32,따릉이는 잘 이용하고 있습니다.😄 앱은 개선사항이 많을거 같아요. 앱 켰을 때 빌리지 않을 수도 있는데 블루투스 키고 시작하는거 거슬리고요. 고장신고는 쓸 일이 많습니다. 업데이트 하면서 더 숨기셨던데 다시 꺼내시는게 좋지 않을까요?
euiseop kim,5,2022-10-07 15:42:18,코로나로 대중교통 이용을 줄이고 가급적 따릉이로 출퇴근을 하고 있어 한강등 자연의 아름다움을 만끽하고 있습니다. 가끔 고장 정비가 필요하다는 따릉이가 너무 많을때는 당황스럽습니다.서울시 따릉이 너무 좋아요~~
SEONGCHUL Choi,4,2022-10-07 15:42:06,"출퇴근할 때 종종 애용하고 있습니다. 불편한 점은 크게 없지만 종종 라이트가 안켜지거나, 기어변경이 잘 안되거나, 반납장소에 반납해도 반납알림이 안오는 경우가 한번씩 있어서 그런부분들은 개선할 필요합니다."
이은화 (셔니맘),5,2022-10-07 15:42:06,따릉이 너무 좋아요 별 다섯. 앱도 활용도가 높고 가끔 연결이 늦어 취소하고 다시 연결하는데 그래도 정말 유용한 앱이랍니다♡
강대진,4,2022-10-07 15:41:27,기후위기 시대에 나와 지구를 살리는 가장 쉬운 방법. 건강도 챙기고 지구 탄소절감도 이루고 일석이조. 거의 매일 아침마다 10km 출근길을 따릉이로 갑니다. 댜중교통과도 거의 시간이 비슷하게 걸립니다. 적극 추천드립니다. 다만 앱과 따릉이 연결이 보다 수월하고 빠르게 연결되었으면 합니다.
최서영,5,2022-10-07 15:41:26,처음보다 매번 사용자가 이용하기 편리하게 발전하고 있어 항상 응원합니다!
송재열,5,2022-10-07 15:41:24,"서울에서 가장 영향력 있는 교통수단은, 바로 따릉입니다. 다음에 이사 갈 때는, 따세권으로 갈거에요! : )"
hyangwol choi,5,2022-10-07 15:41:19,지불방법에 네이페이도 가능하면 좋겠습니다 혹은 페이북 과 같은 앱들이 추가되면 편할듯합니다
이상유,4,2022-10-07 15:41:12,가끔 수리가 필요한 자전거가 있다.
박희자,5,2022-10-07 15:40:48,저는 거의 매일 타고 있습니다 개천가에 자전거대여소가 많이 있는데요 어두컴컴한 지역이 많이 있어서 빌리러 내려가다가 다시 돌아올때가 있습니다 Cctv가 되어있진 않은것 같더라고요 윗쪽에도 같이 설치가 가능하면 좋겠습니다 아님 위험 경보기 정도는 같이 되어 있으면 어떨까요? 고려해봐주십시오
그린티프라프치노,5,2022-10-07 15:40:38,필요할 때마다 따릉이 이용하고 있어요! 현 위치도 잘 잡혀서 어디서든지 정류장 찾기도 쉬워서 참 좋습니다
김주용,5,2022-10-07 15:40:15,정말 유용한 웹입니다. 시내에서 가까운 거리 이동시와 따릉이로 전용도로 라이딩도 가능합니다.
김kim,5,2022-10-07 15:40:11,튕기거나 오류나는 것도 갈수록 줄고 좋아요 서울시에서 오래해주면 좋겠어요
Yousun Shin,5,2022-10-07 15:39:34,따릉이를 타고 송리단길 월드타워 잠실새내역을 다니며 신나게 달렸어요¹
William Ryu,5,2022-10-07 15:39:09,자전거와 연결이 잘안될때가 가끔있는데 그럴때는 핸드폰과 잠금장치를 가까이 가져가면 잘 되더라구요.
그래그래,5,2022-10-07 15:38:50,"따릉이 너무 편리하고 유용합니다 정말ㅠㅠ 대중교통을 자주 이용하는데 출퇴근시간엔 좌석도 없고 시간이 배로 늘어나서 따릉이 탑니다 예상시간 거의 맞고 시간절약, 건강, 차비절감 세마리토끼잡음... 항상 따릉이 관리해주시는분들께 감사한 마음뿐♡"
서영화,5,2022-10-07 15:38:49,편하고 좋아요
강혜민,5,2022-10-07 15:38:26,너무 좋아요
Jae Lee,5,2022-10-07 15:38:20,qr 인식이 잘 안될 때가 많은데 그 외에는 잘 사용중입니다.
이말랑,5,2022-10-07 15:38:17,따릉이는 없어서는 안될 서비스 입니다 서울시민이라서 너무 행복해요 따릉이를 위해 노력하시는 모든분들께 감사합니다 😊 🙏 😊 🙏 😊 🙏 😊 🙏 😊 🙏 😊 🙏 서울시 따릉이 화이팅 😆 😝 😆 😝 😆 😝 😆 👏 👏 👏 👏 👏 👏 👏 👏
yony kk,5,2022-10-07 15:38:03,따릉이.잘 쓰고있어요 다만 앱을이용하면서 개선됬으면하는 사안은 고장난 자전거가 많아 일일이찍어보고 이용하기 불편할때가 많네요 가용한 잔여따릉이에 예약기능 같은것도 연동이되면 좋을것같습니다
O O,4,2022-10-07 15:37:57,일단 지도에 내 위치가 표시 됐으면 좋을거 같고요. 블루투스 오류가 너무 잦고 오류시 빨리 대여취소가 떴으면 좋겠고 퇴근시간에 맞춰 자전거좀 많이 배치했으면 좋겠습니다 항상 대여소에 자전거가 없어요
쟁쟁,5,2022-10-07 15:37:54,편리하게 사용하고 있는 앱입니다 아쉬운 점은 무선이어폰일때 자전거 연결이 어렵다는건데 이 부분은 보완해주세요
박종수,5,2022-10-07 15:37:14,편리한 서울 따릉이 공자전거 짱입니다
선영호,5,2022-10-07 15:36:46,가을의 시원하고 상쾌한 공기를 선물해주는 따릉이 땡큐
김도연 (관이훈이),4,2022-10-07 15:36:43,잘 이용하고 있습니다. 하지만 가끔 블루투스 연결이 안되는 경우가 있습니다.
김다솜,3,2022-10-07 15:36:41,"지도에 정류장이랑 이용가능한 따릉이 수가 나오는 건 좋지만, 가끔 따릉이 남아있다고 해서 가보면 수리필요하다고 하거나 대여중이라고 하는 경우가 있습니다. 그리고 자전거랑 앱 연동이 이상하게 느릴때가 종종 있습니다."
이성원,5,2022-10-07 15:36:38,퇴근할때마다 편하고 빠르게 움직일수 있어서 정말 좋습니다. 앞으로도 좋은서비스 부탁드립니다.
김승건,5,2022-10-07 15:36:34,탈 때마다 편리하고 즐거운 경험을 선사하는 따릉이 네요~
Na0*,5,2022-10-07 15:36:30,유용하게 잘쓰고 있어요~
한지현,4,2022-10-07 15:36:20,잘 쓰고 있어요. 다만 블루투스가 꺼져 있을 때 qr을 인식하면 100% 인식실패가 돼서 1분간 멍때리고 기다려야 합니다.... 꼭 블투가 미리 켜져있는지 확인해야만 하는데 이게 개선되면 더 좋겠어요.
ki y,5,2022-10-07 15:36:06,잘쓰고 있습니다.
UGly .z,3,2022-10-07 15:35:58,아직 자전거 연결이 잘 안될때가 많아요ㅠ 말고는 너무 좋아요
강신종,5,2022-10-07 15:35:53,뭐 가끔 오류가 있지만 공익앱이니까 별점 5개
강진모,5,2022-10-07 15:35:50,출퇴근할때 따릉이를 이용합니다. 저렴한 가격에 자전거를 이용할 수 있어 좋습니다. 대여소도 많아서 편리합니다.
뚜뚜,5,2022-10-07 15:35:34,"저렴하게 잘타고있습니다!~ 예전엔 바코드 인식 처음할때 대여가 안되고 앱캐쉬지우고 재대여해야지 잘되었는데, 요새는 아주 잘되더라구요~ 그리고 리소스 업데이트가 자주 있어서 좀 신경쓰이긴해요 따릉이 대여하는곳에 가서 업데이트 받는게 좀 그렇긴한데 빨리끝나서 괜찮아요ㅎㅎ 아주 잘타고있어요~"
우문현답,5,2022-10-07 15:35:30,공유자전거 따릉이로 인해 편리한 이동과 운동에 도움이 많이되고 있어요 더불어 교통비도 많이 절약돼요
vegeterian Ovo,5,2022-10-07 15:35:28,"서울은 대중교통도 인프라가 잘되있지만,따릉이는 거기에 화룡점정입니다. 대중교통과 맘먹는 기동성과(러시아워때ㅜㅜ) 가성비(저렴한이용료ㅠㅠ)자가용이 없는 저로서는 따릉이를 제2의 발이라고 감히 부르고 싶어요. 늦을 뻔한 약속도 따릉이덕에 잘 지켰습니다. 포에버 따릉이~~~띠링띠링"
AI버들,5,2022-10-07 15:35:15,좋은이동수단이고 의외로 편리합니다. 건강은 덤~
안슬아,5,2022-10-07 15:35:09,따릉이 지속적으로 쓰고 있는데 매우 편리하고 좋아요 :) 오류도 거의 없어서 만족하고 있습니다. 하나 추가 요청하자면 제가 한강같은데 타고 다니다보면 버러져있는 자전거들이 있는데 그런 자전거를 신고할 수 있는 메뉴도 있으면 좋겠어요!
최의환,5,2022-10-07 15:34:51,출퇴근용으로 대략3년(?)정도 잘 타고있습니다. 이용하는 이유는 저렴한 가격이 가장큰것같습니다. 최근에 정류소도 많이생겨서 더욱 편리해져서 가격이 오르지않는다면 앞으로도 계속 이용할 예정입니다^^
Lasya J,4,2022-10-07 15:34:42,날 좋은 날은 따릉이로 출퇴근합니다! 자전거가 없어도 즐길 수 있어서 너무 좋아요! 근데QR인식이 안되는 경우가 반이상인듯ㅠ 번호입력하면 되긴하지만 QR도 되면 완벽할듯!
오윤성,3,2022-10-07 15:34:35,자전거가 있지만 접속이 잘 안되서 잠금이 안풀릴때가 많음
하태석,5,2022-10-07 15:34:16,회사와 사무실간의 교통이 애매한데 매일 따릉이로 출퇴근하며 탄소감축에 앞장서고 있음은 물론이고 교통비절감 및 시간도 절감하고 있습니다. 완전강추 드립니다.
ChanWook Han,5,2022-10-07 15:34:01,최고로 많이 이용한 공공앱 대여 실패시 1분 강제로 기다리는 오류만 없어진다면 더할 나위 없이 좋을듯
김미령,5,2022-10-07 15:33:54,6개월권 이용해서 저렴하게 잘 쓰고 있어요. 앱으로 따릉이 보유도 알수있고 너무 좋아요. 한시간 정기권은 하루 1시간만 타는게 아니고 한시간씩 여러번 탈수있어 좋아요.
박홍진,5,2022-10-07 15:33:49,"따릉이 덕분에 한강 자전거도 타고, 2세대가 너무 좋아서 잘 타고 있습니다 ㅎㅎ 항상 감사합니다."
taerin Park,5,2022-10-07 15:33:26,가성비로 잘 타고 다니고 있어요 타려는 곳에 자전거가 없어서 못 탈 때도 있지만 자주 채워주세요!
Rosa,5,2022-10-07 15:33:24,"잘 사용하고있습니당!! 덕분에 짧은 거리는 따릉이이용하게되었어요! 간혹 관리해주시는분들 관련해서 뉴스로 기사접했는데, 좋은 서비스인만큼 잘 유지되었으면 좋겟네요 ㅜㅠ"
Chopper,5,2022-10-07 15:33:21,따릉이 완전 편해요 가까운거리 이동할때도 정말 좋아요
J. H. Moon,5,2022-10-07 15:33:15,평소에너무나도 잘사용하고있습니다^^
제이선,5,2022-10-07 15:32:53,티머니go 나오면서 사용하지 않았었는데 티머니고보다 반응이 빠르고 좋네요. 따릉이만 사용하기에는 이거로 사용하는게 좋을것 같습니다. 티머니고는 v3도 백그라운드로 켜지고 해서 조금 더 느린듯해요. 결제내역 및 사용내역도 보기편하고 대여시 미반납경고도 눈에 띄게 나와서 좋네요.
찌니디디,5,2022-10-07 15:32:42,"따릉이가 있어서 진짜너무편하고 정기권 필수로 끊고 애용하고있슴다 역세권,숲세권 포기해도 따세권 포기못해유"
뽕나,5,2022-10-07 15:32:37,"따릉이 고객센터도 바로바로 연결되서 문제해결 친절히 잘해주시고, 자차 이용하고다니지만 동네근처나 애매한거리 일때 따릉이가 있어서 진짜편하게 이용하고 다닙니다. 대전은 '타슈'던데 따릉이 이름도 정겹고ㅋㅋ진짜 최고입니다~"
food slow (SLOWFOOD),5,2022-10-07 15:32:34,뭐든비싼서울에서따릉이가없었다면교통비부담이엄청났으리라생각한다..계속되는적자에없어질까걱정되서계속정기권으로일년내내사용중이다.. 따릉이가있어서서울생활이팍팍하지않다..
ZZOCCO,5,2022-10-07 15:32:11,강추!!
조영훈 (Luxmia),4,2022-10-07 15:32:06,반응속도가 개선되어서 답답한점이 줄었네요. 리소스 업데이트도 자주되어 좋아요. 더 분발해주세요.
이한민,4,2022-10-07 15:31:57,"반납 후 잠금 미조치 방지를 위한 개선책이 필요한거 같습니다. 현재는 미잠금 상태면 대여료가 계속 올라가는 네거티브 방식인데, 반납 후 잠금 하면 포인트를 준다거나 이벤트 참여가 된다거나 하는 포지티브 방식은 어떨까요"
뿌뿌,5,2022-10-07 15:31:47,따릉이타러 서울갑니다❤ 서울의 대표 명물!
꼼지락다혜,5,2022-10-07 15:31:45,출퇴근 용으로 아주 유용하게 잘 활용중이에요! 정기권 이용중인데 가격적인 면이나 운동도 되고 건강에도 아주 굿굿 너무 잘 활용하고 있는 따릉이 입니다 ❤️❤️❤️❤️
오선영,5,2022-10-07 15:31:45,일단 정기권이 있어서 너무 좋아요! 30일 두시간권 구매해서 사용중인데 유용하게 잘 사용하고 있습니다 3시간권도 있었으면 좋겠습니다 : ) 혹은 도서관이나 이런데 갔다가 집오는 그런 사람도 있을 수도 있으니까 시간을 자유롭게 선택하는 정기권이 있으면 어떨까요?! ㅎㅎ 페이코랑 연동하여 잘 사용하고 있습니다 ㅎㅎ 오류사항에 있어서도 알림이 잘 와서 당황하지 않고 다시 접속하여 사용할 수 있어서 좋아요. 그런데 왜이렇게 초기 연결할 때 잠금 해제할때 느린걸까요??? 무튼 앱 아주 잘 사용하고 있습니다 ㅎㅎ
조시크,5,2022-10-07 15:31:39,편리합니다.
Sean Jung,4,2022-10-07 15:31:33,편리해서 계속 사용 중... 예측정보가 서스될 수는 없을까요?
박지원,5,2022-10-07 15:31:33,사용에 대부분 기능이 편리하나 자전거 페어링에 가끔 연결에러는 좀 아쉬운 부분입니다.
이희선,5,2022-10-07 15:31:20,최근에 자주 사용하고있는데 편하게 잘 사용하고있습니다. 관리도 잘되는것 같습니다. 자전거의 퀄리티가 좀더 좋다먼 좋겠지만 충분히 지금도 만족합니다.
YUNSEONG JEON,5,2022-10-07 15:31:17,알뜰하게 이용수단 재밌게 이용할수 있어 좋습니다
김선혁,5,2022-10-07 15:31:11,차 타고 가기 애매한 거리일 때 정말로 유용합니다. 사실상 이젠 따릉이 없이 어딜 못 가는 몸이 돼버렸어요.
Google 사용자,5,2022-10-07 15:31:02,"자전거 구매하기에는 보관,이용횟수가 적을거 같아 부담스러운데 맘편하게 이용할수 있어서 좋아요!!! 자전거 보관소도 굉장히 여러군데 자리잡고 있어서 반납도 편하고 !! 최고입니다~~!!!"
hyeonjeong Lee,5,2022-10-07 15:31:00,편리하게 언제나 이용할수 있는 나의 자전거같은
이진,5,2022-10-07 15:30:59,"가까운 거리는 따릉이 이용하니 좋습니다. 가끔 에러나서 앱이 제대로 작동되지 않기도 하지만 금방 해결 되는 편이었고 큰 불편은 없었습니다. 요즘엔 자전거가 없는 곳엔 너무 없고, 몰려있는 곳엔 너무 많아 세워놓을 곳도 없어서 자주 관리를 해주셔야할 것 같고 고장난 자전거들은 없는지 자주 확인해주세요!"
봄in,5,2022-10-07 15:30:49,유용하게 잘 타고있어요 가끔 블루투스 호환이 잘 안돼서 답답할때 있어요
Chanuk Park,3,2022-10-07 15:30:47,블루투스 이어폰 사용 중 페어링이 안되는 부분에 대해서 개선이 필요 합니다.
Mark Musterion,5,2022-10-07 15:30:47,일단은 예전보다 간편하게 결재하여 이용할 수 있다는게 좋습니다. 단점은 QR이나 번호 입력하여 이용시 블루투스 연결 실패가 자주 뜹니다. 그것만 개선한다면 괜찮습니다! 아주 잘 이용하고 있어요 감사합니다^.^
Shin Hyunsoo,4,2022-10-07 15:30:43,따릉이가 있어서 편리한 점이 많습니다. 하지만 개선중에 있는 것으로 알고 있지만 오랫동안 불편해왔던 QR코드 인식과 빠른 지역 분배가 이루어져야 합니다. 특정 시간대에 수요를 잘 파악해서 빠른 이동조치가 필요합니다. 수십대가 거치되어 있는 곳과 한 대도 없는 곳이 항상 똑같습니다. 그리고 안장 최고 높이가 너무 낮아서 다리가 아픕니다. 반납처리가 안될 때가 종종 일어나고 있습니다.
송우람,5,2022-10-07 15:30:40,출퇴근에 용이합니다
SEONMI OH,4,2022-10-07 15:30:25,간혹 페어링이 안되는경우가 있지만 전반적으로 만족하고 잘 쓰고있어요
배준서,5,2022-10-07 15:29:54,아침마다 집 앞에 자전거가 없긴한데 필요할때 쓸만해요
김세희,5,2022-10-07 15:29:45,완전 초기부터 사용했습니다. 반응성 및 로그인 풀리는 오류 등등 다양하게 개선되면서 사용하기 훨씬 편해졌어요. 시간이 지나면 10분당 추가금이 붙는 것도 좋습니당ㅎㅎ
이승근,4,2022-10-07 15:29:29,자전거와의 연결이 원활하지 않은 경우가 많음. 고장신고는 편리하게 구성되어 있음
Yeon Sic Choo,4,2022-10-07 15:29:24,그냥 따릉이가 좋음... 앱은 연동성과 인식률이 다소 떨어지는 느낌...
여름의초록,4,2022-10-07 15:28:58,가끔 대여할때 이미 대여중이라거나하는 오류가 발생할때도 있긴한데 그런 점만 빼면 정말 편리하고 유용한 앱인거 같아요!
DY H,4,2022-10-07 15:28:49,"가끔 대여나 반납시 1분이상 반응이 없는 경우도 있는데, 그런 점은 개선이 필요할 것 같습니다"
이승주,5,2022-10-07 15:28:48,"저는 출퇴근길에 잘쓰고 있습니다 교통비도 절약되고 운동도 되고 좋습니다 다이어트가 따로 있나요 뭐,,제로페이가 중단되서 아쉽지만 앞으로도 잘쓸예정 입니다 지방에도 활성화되길 바랍니다 따릉이로 전국일주 해보고싶네요ㅎㅎ"
정수아,5,2022-10-07 15:28:46,새싹 따릉이 어른이 이용이 더 많아 효율성이 없다고 생각합니다
Jedoo Yu,5,2022-10-07 15:28:18,정말 유용하고 너무 좋은데 블루투스 연결이 간혹 안되어 불편해서 개선되면 좋겠습니다.
soyacom,5,2022-10-07 15:28:17,"앱클릭, 대여하기, 갖다대기 하면 끝나는 편리한 구조입니다. 잘 이용하고 있습니다."
진희,5,2022-10-07 15:28:14,저도 qr인식은 잘 안되어서 그냥 자전거 번호 입력으로 사용하고 있는데 가끔 오류가 날 때도 있지만 꽤 쾌적하게 사용하고 있어요!! 앞으로 더 개선될거라 기대합니다!! :>
JK LIM,4,2022-10-07 15:28:01,편리함
Glisten Bong,5,2022-10-07 15:28:01,3년째 정기권쓰고 있는데 이벤트랑 포인트가 항상있어 거의 요즘엔 무료인듯하게 타요 타시는분들은 아실꺼에요
이은지,3,2022-10-07 15:27:58,빨리 대여해야 하는 상황인데 바로 '연결되었습니다'가 안 뜨고 뭔 이상한 메시지 뜨면서 지연되면 엄청 다급해져요ㅠㅠ그래서 급하게 대여취소하고 다른 거 대여하려 하는데 그것도 같은 메시지 뜨면서 연결안 되고 그럼 솔직히 화가남...이것만 좀 개선되면 좋을 거 같아요
다스아미르,5,2022-10-07 15:27:46,매우 잘 사용하고 있어요! 남아 있는 자전거를 바로바로 반영하는게 제일 좋구요! 정기권도 매우 사랑합니다!!
이상형,5,2022-10-07 15:27:37,"우선 따릉이 자체는 본인의 자전거를 사용하는 것보다 실용성 면에서 아주 우수합니다. 유지비가 들지 않고 접근성이 높아 학생, 직장인이 출퇴근할 때나 즉흥적으로 놀러 가거나 이동할 때 아주 좋습니다. 정기권을 이용하면 하루에도 여러 번 사용이 가능하기에 짧은 거리를 갈 때도 애용합니다. 굳이 아쉬움 점을 꼽자면 1.Qr코드나 일련번호를 입력하고 연결시킬 때 이미 반납이 되어 있거나 대여할 수 있는 상황인데 연결 오류가 날 때가 자주 있어 앱을 껐다, 켰다 하며 재연결을 시도해야 합니다. 또한 2.자전거의 적정 안장의 높이는 페달을 밟았을 때 무릎이 펴지는 것이 에너지적인 측면이나 피로도 면에서 적절하며 운행에 있어 훨씬 편안합니다. 하지만 따릉이 안장의 최대 높이는 성인 남자 기준으로 너무 낮게 설치되어 있습니다. 안장의 높이는 자유롭게 조정할 수 있기에 현재보다 8cm는 더 높일 수 있게 바뀌어야 한다고 생각합니다. 따릉이와 서울시의 무궁한 발전을 기원합니다."
김지연,5,2022-10-07 15:27:08,"따릉이 자체에 굉장히 만족하고있어서, 앱에도 어느정도 만족하고있습니다. 편리한 대여 및 반납, 임시잠금 기능이 가장 큰 장점인 것 같습니다. 오랜 따릉이 이용자로서 시간이 갈수록 개선되는 점들도 보여서 아주 만족스럽습니다. 다만, 간혹 대여 및 반납 오류가 뜨는 경우가 있습니다. 대여시 대여가 불가하면 취소될때까지 시간이 오래걸리거나, 반납처리가 되지않는 경우도 있었습니다. 위 내용들만 개선된다면 완벽한 앱이되지 않을까 싶습니다. 앞으로도 쭉 서비스 제공해주세요. 감사합니다."
강태호,5,2022-10-07 15:27:02,따릉이 없으면 나 못살아~~
전정택,5,2022-10-07 15:26:51,따롱이를 잘 이용하고 있어 관련분들 수고하십니다. 그런데 불편사항은 가끔 주변에 자전거가 부족하여 집에서 떨어진 곳으로 자주 가는데 많은 곳은 너무 많아요.. 자전거 보유가 없는 곳은 너무 없네요.. 자전거가 없는데 정류장은 주변에 너무 많아요. 조정이 필요한 것 같네요
강지혜,5,2022-10-07 15:26:47,따릉이 6년차 고잉물입니당 걍 너모 좋아용
Jeng jo,5,2022-10-07 15:26:44,주변이동할때 간편하게 이용할수 있어서 좋습니다
Jooyong,4,2022-10-07 15:26:43,기존보다 많이 좋아졌는데 고장난 자전거 아직 분류를 잘 못하도 QR코드 인식도 못해요
Sungjun Yoon,4,2022-10-07 15:26:38,처음보다 앱 성능이 많이 향상되었습니다. 초창기 사용할때는 여러가지로 불편한점이 많아 아쉬웠는데 이젠 앱 기능에 불편함이 많이 사라져서 자건거와같이 편리하게 사용하고 있습니다. 따릉이 정말 좋습니다. 안전하게 사용할 수 있게 많은 노력 부탁 드립니디.
YOUNG JOON PARK,4,2022-10-07 15:26:31,사용하기에는 전반적으로 편하고 좋아요. 개선할 점은 연결실패 시 재연결전에 접속해지가 약간 지연이 걸리더라구요. 그것만 빨라졌으면 좋겠습니다.
최지웅,4,2022-10-07 15:26:27,"다소 느린감이 있으며, 대여 시 종종 에러가 발생"
look new,5,2022-10-07 15:26:22,너무좋습니다 경기권도 활성화되기를 기원합니다
김지아,5,2022-10-07 15:26:12,2017년부터 5년간 따릉이를 꾸준히 애용하고있는 서울시민입니다. 우리가족 4명이 다 따릉이를 너무 좋아하고 자주 이용하고 있어요. 한가지 애로 사항이 있어 이번 기회에 몇자 적어보려합니다. 요즘 평균신장이 커져서 따릉이 안장조절 이 더 높이 조절될수있었으면 좋겠어요. 님편도 아들도 키가 180이 넘다보니 매번 따릉이를 빌릴때 마다 안장이 낮아서 탈때 너무힘들어합니다. 안장조절기능의 폭이 더 넓어져서 키큰 사람들도 편안하게 이용할수 있었으면 하는바램이 있어요. 그것말고는 따릉이에 다른 건의사항이 없이 아주 만족스럽게 이용하고 있어요. 앞으로도 꾸준한 관리로 늘 편안하게 탈수있기를 기대합니다. 따릉이 아이디어 너무좋아요. 아이러브 따릉이~~♡♡♡♡♡
Byunguk Park,5,2022-10-07 15:25:32,좋아요
전지승,3,2022-10-07 15:25:17,전반적으로 인터페이스가 직관적으로 잘 되어 있어 사용함에는 편리합니다. 다만 자전거를 타기 위해 qr인식을 하는 과정에서 연결이 잘 안되는 경우들이 있고 그때마다 해결하기 위해 시도하는 일련의 과정들이 매끄럽지 못한점이 큰 결점인 것 같습니다
김김미경,4,2022-10-07 15:25:09,엡사용은 쉬웠음. 결제후 자전거를 대여 할때 빨리 열리지암ㅎ아서 힘든 경우 여러번 있었음.
위준영,5,2022-10-07 15:24:54,"필요할 때 사용하는데 좋아요 예전보다 결제, 대여, 반납 시스템이 너무 좋아졌고, 어플 UI도 시인성이 좋아졌네요. 좋아요~!"
오르고올라,4,2022-10-07 15:24:51,가끔 연결이 안되는 경우가 있긴 하지만 잘 사용하고 있습니다.
전형주,5,2022-10-07 15:24:51,최곱니다.
전병기,4,2022-10-07 15:24:34,블루투스를 사용해서인지 무선이어폰을 사용하거나 특정 장소의 자전거를 연결 하려고 할 때 실패나서 오랜시간 소요 되는 문제가 있음
기찬,5,2022-10-07 15:24:28,빠른 대여가 가능하고 간편한 접근성을 제공해주는 유용한 어플입니다!
이이이이이이이,5,2022-10-07 15:24:23,대중교통 타기전까지 이동하기 너무 편리하고 또 생활하면서 운동할 시간이 많지 않은데 자연스럽게 운동도 되고 무엇보다 가격이 너무 저렴해서 부담없이 사용할수있어서 너무 좋습니다 다만 자전거 배치가 몰려있는 부분만 개선 되면 좋을것같습니다!
김석태 (Terry Kim),5,2022-10-07 15:24:13,삼성헬스와 연동되어 자동으로 자전거 주행기록 및 소모 칼로리를 연동시켜 주면 바랄게 없겠습니다.
J J,5,2022-10-07 15:24:04,따릉이 자주 이용하는데 앱이 있어서 편리하고 좋아요~
텍스퍼-유광현,5,2022-10-07 15:23:52,좋습니다
town토롱토롱,5,2022-10-07 15:23:51,사용하기 전과 후의 제 삶이 달라졌어요
Donghun Park,5,2022-10-07 15:23:50,앱사용성 좋아졌습니다. 카메라로도 타이핑으로도 자전거 쉽게 선택 가능합니다
송민서,5,2022-10-07 15:23:48,따릉이 사용해온지 꽤 됐는데 초반에는 어플이 큐알코드 인식 오류라던가 자전거 연결이 지연되는 경우가 많았는데요 요즘에는 큐알코드 찍자마자 인식도 잘 되고 연결이 빨라 좋습니다. 다만 간혹 연결은 빨리 되나 잠금장치가 풀리지 않는 경우도 있더라구요ㅠ 이런부분까지 개선 된다면 많은 분들이 빠르고 쉽게 이용할 수 있을 것 같아요! (물론 잠금장치가 안풀려 낑낑대다가 고객센터에 연락드렸더니 아주 친잘하게 전산상으로 바로 해결해 주셨습니당. 혹시 저와 같은 경우이신 분이 계신다면 저처럼 혼자 낑낑대지말고 고객센터에 연락하세요!)
박은지,3,2022-10-07 15:23:42,제로페이 할인행사때 좋았는데.... 요즘 날이 선선해져서 거치대에 맨날 따릉이 없던데 필요할때 못 타니 돈 아까움.
한주성,5,2022-10-07 15:23:40,너무너무 잘 이용했습니다. 특히 주말마다 여자친구와의 자전거데이트 최곱니다!
고구마법사,5,2022-10-07 15:23:35,존재 자체로도 정말 고마운 시스템입니다! 출퇴근용으로도 나들이용으로도 잘 쓰고있습니다! 다만 아쉬운 점은 qr인식이 안될 때가 있고 대여소에 따릉이 분포가 고르지 않다는 것입니다. 이 두 가지만 해결된다면 좋을 것 같습니다!!
최 Choi 崔정규 Jeongkyu 正奎,5,2022-10-07 15:23:32,이동시간줄여주고 건강챙기고 환경오염방지까지. 하루에 두번씩 따릉이 이용자임 단점은 잠금장치 해제시 블루투스 연결이 잘안되어 몇번씩 시도하는 경우가 있어요 블루투스 이어폰 미사용중에도 이런경우 많아요. 추가개선가능한지 봐주세요
김국희,5,2022-10-07 15:23:30,"따릉이 이제 없으면,안되죠~ 요즘 특히나 날이 좋아서 너무 타기가 좋아요♡ 가까운 거리 이동할땐,따릉이만한게 없는것 같아요! 제로페이 할인이 없어져서 좀 아쉽지만, 다른 할인이나 기간 추가 이벤트 등 간간히 진행해주시길 기대해봅니다! 감사합니다~~"
콩비서,5,2022-10-07 15:23:27,"서울 시민이여서 행복 합니다. 가끔 바로 대어가 안될때가 있지만, 항상 만족하며 사용 하고 있습니다."
Hyuksoo Seo,5,2022-10-07 15:23:13,출퇴근시 아주 편하게 사용중입니다. 그리고 지하철 2-3정거장 이동은 더 편해요. 한달 지하철 비용으로 1년을 이용할수 있어서 좋아요
류용열,5,2022-10-07 15:23:12,"대여 반납 모두 편안하게 잘 사용하고 있습니다. 출퇴근, 마일리지 적림 아주 좋습니다."
윤태영,5,2022-10-07 15:22:58,따르릉을 이용하면서 필요한곳에 대여소가 생겨 편리하게 이용하고 있습니다. 사람들이 편리한곳에서 이용할수 있도록 대여소위치을 더욱더 조정해 주었으먼.감사합니다.
이성영,5,2022-10-07 15:22:42,결제도 편하고 앱쓰는데 에러도 없어서 좋아요
오영일,5,2022-10-07 15:22:38,시스템이 개선되어 성능이 많이 좋아졌고 에러율도 개선되어 편안하게 잘 이용하고 있습니다
_ Katsusando (‪Katsusando‬),5,2022-10-07 15:22:14,잘타고있습니다 괜찮은거같아요
주상우,5,2022-10-07 15:22:13,인생의 친구ㅡ서울 시민이 된 이후로부터 쭉
dongjun kim,5,2022-10-07 15:21:54,잘 이용 중입니다. 허나 1) 페어링 실패 시 다시 시도까지의 기능상 문제. 2) 반납 후 다시 이용 시 이용 중으로 표기 등의 문제점은 개선이 필요 해 보입니다.
이승수,5,2022-10-07 15:21:52,좋아요
P Th,5,2022-10-07 15:21:49,다소 느린감은 있지만 간편하게 현황과 대여가가능해요 내역도 나오고 굿
최상콤,5,2022-10-07 15:21:37,월정액끊고 짧은거리 탈때 좋아요~
junghwan hyun,5,2022-10-07 15:21:35,서울 시내 어디서든 탈수 있는 공공자전거. 따릉이 너무 좋아요~
Hyunji Shin,5,2022-10-07 15:21:25,"자전거 타고싶을 때 언제나 확인할 수 있어서 요긴하게 쓰고 있습니다. 친구들이랑 나들이 갈 때나 데이트할 때 자주 타요! 다만 가끔씩 번호 인식에 시간이 좀 걸리는 편이고, 갤럭시를 쓰고 있는데 이미지 인식으로 하면 잘 안 돼서 항상 번호입력으로만 하고 있습니다. 개선할 수 있으면 더 좋을 듯 하네요!"
귤슬리,5,2022-10-07 15:21:14,QR코드로 찍는게 편리해요. 앱이 좀 느린데 좀 더 빨랐으면 좋겠어요.
제임스로버트,5,2022-10-07 15:21:10,몇년째 따릉이를 잘 사용하고 있어요~ 가끔 앱이 오류가 나긴하지만 가까운곳 갈때는 따릉이 정말 최고에요~^^ 앞으로도 시민을위해 늘 수고해주시길 바랍니다
엄상미,5,2022-10-07 15:21:04,요즘 연결도 잘되고 좋아요!
김정은,5,2022-10-07 15:20:57,진짜 따릉이 서울시의 신의 한수!! 매달 5000원에 출퇴근에 잘 활용하고 있습니다. 정류장도 많아서 넘 편하게 이용하고 있어요 덕분에 못해도 월 10만원은 절약하는거 같아요 환경보호에도 앞장선다는 기분은 덤입니다!!
andrew kim,5,2022-10-07 15:20:52,항상 잘사용하고있습니다 ^^
남재임스,5,2022-10-07 15:20:36,따릉이를 지속적으로 사용하고 있는 따릉유저로서 몇 가지 적어봅니다. 장단점이 있지만 장점이 압도적이어서 따릉이가 예산도 더 많이 받고 더 활성화되었으면 합니다. [장점] - 비용 측면에서 매우 좋음 - 나도 모르게 건강해지는 효과 - 언제 어디서든 가까운 거리에서 대여가 가능 - 밤에 자전거 밀집 지역 관리 및 자전거 이동 및 정리를 해두시니 쾌적하게 이용하기 좋음 - 가까운 거리를 급하게 가야하는데 택시도 없고 대중 교통도 애매할때 좋음 - 무거운 짐이 있을 때 집앞까지 편하게 운반에 도움 - QR이 안돼면 번호입력으로 이용이 편함 [단점] - QR 인식 후 자전거 확인 시 느리고 대여 취소를 하려고 하면 엄청 오래 걸리고 화면 전환이 잘 안됨(대여 취소 버튼이 안뜸) 가장 안 좋은 단점인듯 - 최근 QR코드 인식이 뭔가 잘 안됨 - 관리가 필요한 자전거가 생각보다 많은데 신고율이 적어서 그런건지 궁금함 - 추가 요금이 이중으로 지불되는 경우가 있음
junglim Lee,4,2022-10-07 15:20:31,따릉이를 사랑하는 한 사람입니다. 초기부터 애용했는데 요즘 인기가 많아져서 기쁘기도 아쉽기도(?) 합니다. 새싹이 따릉이를 거구의 남자분이 안장 최고치로 타고가시는 거 볼때면 애잔~~^^ 참 고마운 따릉이지만 더 욕심내보자면 조금만 가벼워졌으면 좋겠어요. 자전거도로에서 고가 이용시 넘 무거워서 힘들다는... 따릉이앱에 네비기능도 있으면 얼마나 좋을까요? 욕심은 끝이 없습니다~^^
유병열,5,2022-10-07 15:20:21,시간고 서울 어디서 든지 자유롭게 이용가능하다는 매우 매력적인 앱입니다. 저럼한 점 또한 무척 마음에 듭니다. 개인 자전거로 출퇴근을 하고 있지만 잠시 이용하거나 개인 자전거를 이용하지 못할때 대비하여 년간 회원권으로 잘 이용하고 있습니다. 과거에는 블루투스 중돌로 번거로움이 있었는 데 이제는 개선 되어 무척 마음에 듭니다.
임재홍,3,2022-10-07 15:20:09,보라매역에서 이대역까지 따릉이를 타고 학교를 다니고있는 사람입니다. 처음에는 따릉이가 인식이 잘되다가 갑자기 어느순간부터 페어링이 잘 안되기 시작하더니 10분정도 딜레이 됐던 시간이 있었네요 ㅠㅠ.. 그리고 카카오페이 결제를 진행할때 계속해서 오류가 떠서 한번 앱을 키고 껐다가 켜야하는 불편한점이 있었습니다..! 이점 해결해주면 따릉이를 이용하는데 굉장히 좋을 것 같아요..!
yena kim,4,2022-10-07 15:19:52,어플에 표시되는 자전거 수가 정확하지 않을 때가 많은데 그거 말고는 다 괜찮습니당
이수암,5,2022-10-07 15:19:51,편리하게 사용 중입니다. 자전거 길찾기 지도 기능이 있으면 더 좋을것 같습니다.
이안심국,5,2022-10-07 15:19:46,서울시 최고의 복지...절대 철거하지 말아요
정마니,5,2022-10-07 15:19:33,사진인식도가 훨씬 정확해져서 좋아요
백현진,4,2022-10-07 15:19:16,사용하기 편합니다. 가끔 네트웍 오류가 발생합니다.
Siheon YI,5,2022-10-07 15:19:04,4년이상 따릉이를 타온 시민입니다! 서비스를 이용하면서 느낀 점은 어플이 개선되고 있다는 것입니다. 처음에는 대여하다 튕기기도 했는데 이제는 그런 일이 거의 없네요 '서울은 감탄해!'라는 말이 참말이네요~
정찬울,5,2022-10-07 15:19:03,정말 훌륭한 시스템인거 같아요
강양석,5,2022-10-07 15:19:02,어플이 있어서 이용이 많이 편해졌어요
조은우,5,2022-10-07 15:18:57,서울시가 한 가장혁신적인 이동수단. 다만 장소가 자주바뀌고 정말필요한곳에 없거나 부족하다는게 아쉬움
박나영,4,2022-10-07 15:18:56,따릉이로 퇴근하는 1인입니다 ^^ 오래전부터 이용하는디 최근엔 어플 오류도 적고 결제시스템도 업그레이드 많이 된것 같아 좋습니다. 따릉이 화이팅이요
상무이,5,2022-10-07 15:18:53,편리하게 잘 쓰고 있습니다!
낯선댕댕이,5,2022-10-07 15:18:50,거의 처음부터 지금까지 꾸준히 이용하고 있습니다. 초기엔 카드결제의 어려움. 앱과 연동이 신속하지 못하는 등 어려움이 있었으나 22년 현재는 대여방식 카드 등록 및 결제 모든게 너무 편안하고 빨라졌습니다. 앞으로도 꾸준히 이용하겠습니다.
David Park (박대근),4,2022-10-07 15:18:49,날씨도 건강하게 라이딩합시다. 가을 하늘아래 운동도하고 너무 좋아요
Yuna P,5,2022-10-07 15:18:48,"출퇴근 시 항상 잘 사용하고 있습니다. 대중교통으로 다니기 애매한 거리 이동 시 가장 빛을 발하는 것 같습니다^^ 장점: 따릉이 정거장도 기존 대비 신규 정거장이 훨씬 이용하기 편하고, 예전에는 정거장을 조금만 벗어나서 세워놔도 반납으로 인식을 못해서 불편했는데 최근 인식 범위가 조금 늘어난 것 같구요. 앱도 예전보다 더 사용하기 편해졌습니다 단점: 요근래 블루투스 이어폰 사용하시는 분들 많을텐데 아직 블루투스 이어폰 이용 시 대여 오류는 안고쳐졌나봅니다. 특히 자전거 타면서 이어폰 사용하는 분들 많을텐데 이부분이 좀 아쉽네요 어서 개선되면 편하고 좋을 것 같습니다"
Eunok Lim,5,2022-10-07 15:18:40,"따릉이 네이밍부터 참여해서 더욱 애착을 갖고 이용하고 있습니다 출퇴근 이용은 물론, 한강 자전거 대회도 나갔고, 교통수단을 넘어 생활이 되었죠, 1. 두시간 일년권으로 저렴하게 이용하고 2. 제로페이와 환승마일리지로 할인받고 코로나 시기에는 할인 30%까지 가능했던것 같아요. 3. 선물하기 기능으로 가족이나 친구와 같이 이용 후 추천하고 있어요. 4. 서울시 따릉이지만, 경기까지 생활권이 넓어졌어요. 힘들때 근처에 반납하고 대중교통으로 돌아올 수 있어 더 좋아요. 5. 서울시 공유자전거 따릉이를 알게되면서 여행이 알차졌습니다. 여행갈때 그 도시의 공유 자전거가 있는지 먼저 확인합니다. 제주도, 공주, 안산, 광주, 대전에서 공유자전거로 여행지의 구석구석을 알차게 누렸답니다. 6. 자원을 함께 공유하고 나눔으로써 비용을 절약하고, 환경도 지킨다는 자부심이 생겼습니다. 최근 앱 개선으로 이용 안정성이 좋아졌는데, 앞으로도 더욱 발전해 가는 따릉이를 응원합니다~"
후니s취미,5,2022-10-07 15:18:36,이용하기 좋지만 위치별 수요와공급이 잘 이루어졌으면 좋겠네요.
쟁쟁e,4,2022-10-07 15:18:34,따릉이 요즘도 잘 사용하고 있는데 qr인식이 한번에 잘 안되는경우가 종종 있네요ㅜㅜ그리고 블루투스 연결할때 오류로 연결이 잘 안될때가 있는데 그때 취소 아이콘을 빨리 뜨게해서 다시 연결을 시도하거나 다른 따릉이를 빨리 대여할 수 있게 해줬으면 좋겠습니다ㅎㅎ그리고 원래 있었던 따릉이 대여소가 옮겨지고 없어지고해서 조금 불편하네요ㅜ 어떤기준으로 옮겨지는건지ㅜㅠ 그래도 전보다 따릉이 앱이 좋아져서 사용하기는 편해졌습니다!앞으로도 잘 사용할듯ㅎㅎ
김광,4,2022-10-07 15:18:29,출퇴근 시간에 자전거가 별로 없어 아쉬워요
송준규,4,2022-10-07 15:18:26,블루투스 이어폰 이용중 연결이 제대로 안되는 이슈에 대하여 대응이 필요합니다.
Garam Lee,5,2022-10-07 15:18:26,서울시민으로 제일 많이 이용하는 서비스가 따릉이입니다. 설치 장소도 많아지고 대여 방식도 많이 개선되었어요. 자전거 정비도 곧잘 되어있고요. 다만 2년전쯤? 외국 관광객이 따릉이를 써보려고 하는데 유선 고객센터나 앱에서 사용법 외국어 안내가 제대로 되어있지않아서 사용을 결국 포기하는걸 봤는데 지금은 개선 되었을지 모르겠네요. 혹시나 안되어있다면 그런 부분도 고려하여 여행자나 관광객들을 위한 편의도 만들어지면 좋겠어요.
손승연,5,2022-10-07 15:18:25,따릉이로 이동을 편하게 하고있습니다 블루투스 연결이 잘 안되는 부분도 최근에 좋아지고 사랑해요 따릉이
김허수,4,2022-10-07 15:18:22,따릉이 어플은 가끔씩 데이터가 끊기면 빌리는과정에서 오류가 떠 다시 대여취소 후 빌리는과정이 불편하다. 그래도 지도 기능을 거의정확해 좋은듯하다 그리고 랭킹 시스템이있는데 소소한 재미가있다
Seungnam Jeon,5,2022-10-07 15:18:22,정말 편해요~
김영현,5,2022-10-07 15:18:22,따릉이 최고 따릉이 덕에 자전거룰 탈 수 있게되었어요. 서울시 주민인 게 너무 좋아요 ㅎㅎ
박뿡뿡,4,2022-10-07 15:18:22,교통이 막히는 도심에서 따릉이는 아주 유용합니다. 그래서인지 퇴근시나 출근시에 이용자가 몰려서 자전거가 빠르게 소진돼 이용 못할때가 자주 있습니다. 또한 지대가 높은 지역에 살다보니 대여소에 직접 관리자분들이 오셔서 자전거를 준비해 주지 않으시면 한달이 넘도록 이용 못하고 한참 내려 걸어가서 이용하거나 대중교통을 이용할수 밖에 없습니다ㅠ 데이터를 잘 분석하셔서 필요한곳 적재적소에 자전거를 잘 활용할 수 있게 해주시면 더 좋은 따릉이 되리라 확신합니다.
김태훈,5,2022-10-07 15:18:21,정기권으로 저렴하게 편하게 따릉이
문지현,4,2022-10-07 15:18:16,"따릉이앱이 많이 발전한거같아요. 처음에는 에러도 많이 나고, 연결도 잘안됬는데 최근에는 그런건 없는거같아요"
Hyunah Cha,5,2022-10-07 15:18:10,잘 사용하고있습니다. 가끔 연결 오류날때가 있긴 하지만 참을만 합니다!
미진,4,2022-10-07 15:18:00,정기권을 구매하여 사용하고 있는데..너무 저렴하게 이용하고 있어 좋아요♥ 가끔 점검인 자전거가 아닌데도 연결이 안되는 자전거가 있어 슬픕니다.. 그래서 1점뺐어요. 그거빼고는 따릉이데이트할 정도로 애용하고 있어 너무 만족중이예요~♥
김도현,5,2022-10-07 15:17:50,좋아요
J M,5,2022-10-07 15:17:35,블루투스 연동 좋아요
jiyeon sung,4,2022-10-07 15:17:27,어플이 예전보다 원활하게 작동해서 사용하기 편합니다. 오류도 적구요. 어플에 대여반납이력이 10일. 20일. 30일 이런식으로 정해져있는데.. 이걸 날짜지정이 가능하게되면 좋겠습니다.
빙고일기,5,2022-10-07 15:17:25,따릉이는 이제 일상이 되었어요 ㅎㅎㅎㅎ 가까운데 걷긴멀고... 운동도 되고 에너지 절감까지 예전보다 따릉이보관장소도 늘어나서 편리하게 사용중입니다... 더욱이 비용까지 착하니 년간회원를 끊지 못해요~ 전기자전거 버젼 따릉이도 생겼으면 좋겠어요^^
Robbie KANG,5,2022-10-07 15:17:11,출퇴근길에 대중교통 대신 따릉이를 타고다녀서 너무 편리합니다 10번 중 2번정도로 대여시 오류가 나긴하는데 그것말고는 만족하면서 이용하고있습니다 감사합니다~
be happy,4,2022-10-07 15:17:09,가끔 연결이 한번에 안되고 무한로딩 되는 것만 개선되면 완벽
John Yang,5,2022-10-07 15:17:07,최고의 자전거 날로인기가 더해감
shok ee,5,2022-10-07 15:16:27,업그레이드 된 신제품은 가히 대단합니다. 부드러운 승차감과 강력한 기어변속으로 인해 출 퇴근의 퀄리티가 달라졌습니다. 에코프렌들리 시티즌으로서 매일이 뿌듯한 스마트 라이프를 즐기고 있습니다.
Eunsoo Kim,5,2022-10-07 15:16:17,"늘 출퇴근시 따릉이를 이용하고 있습니다. 밀리는 버스를 타지 않아서 좋고, 출퇴근시 혼잡한 교통체증을 피해서 좋습니다. 건강에는 더더욱이 좋지요. 따릉이 정류장도 많아서 비가 오거나 긴급상황시 대처하기도 쉬워요. 요즘같은 코로나 시대에 북적거리는 버스나 지하철보다는 자연을 온몸으로 느끼며 혼자만의 사색을 누릴수 있는 따릉이~ 완전완전 강추합니다^^"
홍새미,5,2022-10-07 15:16:13,"따릉이 생기고 삶의 질이 높아졌어요 한국에서는 유독 자전거를 훔쳐가는 사람이 많더군요 살면서 총 2번 자전거를 도난 당하고 (잠금장치도 해두고 자전거 거치대에 잘 대어놨어요) 그 이후로 자전거 있을때 종종 잔고장 나거나 타이어에 바람 빠지거나 하면 자전거 파는 곳에 가는것도 귀찮았는데 따릉이 이용해 보니 편하고 좋았어요 고장나 있으면 신고하면 되고 대여 비용도 연간권으로 사용하면 저렴하고 최대 2시간 사용이지만 중간에 환승하면 계속 사용할 수 있고요 다만, 단점은 급하게 사용할때 대여 취소되면 1분정도 그 앞에서 기다려야하는게 아쉬워요 또 이전에 지속되는 장마로 대여가 제제 됐는데 그때 저희 지역은 비가 안와서 날이 맑음에도 타지 못하더라고요 안내를 최소 전날에 해줬으면 좋았을텐데 당일날 보고 조금 서둘러야 했어요 어르신들 일자리 창출도 하고, 복지로 이용되는 따릉이 오랫동안 잘 관리되길 바랍니다. 감사합니다."
이호진,5,2022-10-07 15:16:02,출퇴근시 지하철역까지 버스도 막히고 사람도 많고해서 벌써 2년째 이용중입니다 눈비오는날 빼고 항상 이용하고 있어요. 아주 좋아요...
Jin K Ahn,4,2022-10-07 15:15:53,이전에 비해 좋아졌지만 리소스 업데이트로 초기 구동 시간이 깁니다. 연결 실패 시 1분 가까이 기다려야합니다
점,5,2022-10-07 15:15:53,따릉이 정말 편하고 저렴하고 제 시간도 아낄수 있어요. 정말 좋은 정책과 어플. 강력추천.
곽현우,5,2022-10-07 15:15:51,자전거타고 출근하는데 어떤날은 주변 따릉이가 한대도 없을때가 있어요 ㅠ 따릉이 앱 먹통 되었던 날도 있어요 전 탈 때 자전거바퀴 한번 만져보고 탑니다 자전거마다 상태가 다 달라서ㅜ안 좋은거 타몀 허벅지터지거나 가면서 안장이 주저앉는 경우도 있어요. 그래도 인프라 잘 구축되어 있고 어느 순간 보면 없던 곳도 하나 둘씩 계속 만드는거 같더라구요 편리하고 저렴해서 이용하기 좋아요.
Hyun Tae Kang,5,2022-10-07 15:15:50,회사출근시 거의 매일 아침 저녁 잘 이용하고 있습니다. 이용구간은 주로 가까운 지하철 역까지 이며 지하철 2~3정거장 간을 이용하고 한구간의 이용시간은 20분 내외입니다. 아침출근시에는 1구간 저녁퇴근시에는 2구간으로 평균 하루 1시간 정도 이용하는 셈이지요. 건강상 아주좋은 운동이 되고 있습니다. 간혹 가다보면 정비불량인 자전거가 있기도하고 대여소에 자전거가 없을때도 있으며 대여가 안되는 자전거가 있을때는 안탑감을 느끼기도 하지만 크게는 실망하지는 않고 이런시스템을 만들어준 서울시에 고마움을 더 느낍니다. 부디 앞으로도 따릉이가 잘 유지되고 좀더발전되는 시스템이되서 시민들이 즐겁고 유익하게 이용할수 따릉이가 되면 좋겠습니다.
JooHyun Jo,3,2022-10-07 15:15:49,따릉이 정말 잘 이용중입니다. 다만 앱은 불편한점이 꽤있습니다. 1. 대여시 1-1. 체감상 QR 인식율이 10번중 6번 정상 인식되는듯 함. 1-2. 대여시에 무한루프 5분정도 후 실패나는 경우 있음. 취소도 잘안됨. 1-3. 따릉이 대여가능 개수가 1인데 가보면 자전거가 없는 경우가 있음. 새로고침해도 1로 뜨지만 근처에 없음. 2.반납시 2-1. 반납 메시지가 늦음.
Ji-hoon Park,5,2022-10-07 15:15:47,가끔 따릉이 사용합니다. 날씨 좋을때 타니 더 좋네요^^
티끌,5,2022-10-07 15:15:41,"짠테크중이여서 출퇴근할때 버스대신 따릉이 이용중인데 정기권덕분에 너무 저렴하고 편하게 이용하고있어요 요즘 날씨가 좋아서 따릉이가 티켓팅처럼 치열한데 그만큼 인기가 좋아진거겠죠? 이전보다 대여,반납이 편리해지고 높낮이 조절도 간편하게 변경되어서 만족도가 더욱 높아지고있습니다 한가지 아쉬운점은 여러사람이 이용하다보니 고장은 어쩔수없는 부분이지만 고장회수가 늦어지는것같습니다 그 고장나 신고된 자전거가 계속 그 자리에있으니 자전거인식할때마다 고장표시가나서 속상했던적이 몇번있네요 허허 하지만 따릉이 발전을위해 항상 노력하는게 눈으로보이고 자전거타면서도 느껴 감사하게생각합니다"
이상준,5,2022-10-07 15:15:35,따릉이 예전에 비해서 많이 개선되고 자전거 대수도 많아져서 훨씬 좋아진거같네요
Han you,5,2022-10-07 15:15:30,요즘 따릉이가 너무 부족해서 이용을 못할때가 많습니다 통행불편 민원때문인지는 모르겠는데 최소한 10대정도눈 있어야할것같은데 ㅠㅠ 두세대밖에없을때가 많아서 너무 불편합니다 개선 좀 부탁드려요
김정훈,5,2022-10-07 15:15:25,이전 보다 오류가 많이 줄었어요
황선영,4,2022-10-07 15:15:20,완전 좋아요
Hi Y,5,2022-10-07 15:15:17,"정말 너무나도 좋은 복지사업입니다. 우선 정기권 시스템이있어 상당히 저렴하고 , 예전과는 다르게 서울 곳곳에 설치되어있어 언제든지 이용할 수 있습니다. 몰린 장소의 경우도 매일 분배되고 있으며, 우선 환경에도 좋네요. 서울 시민이라면 자주 애용하면 좋을거 같습니다."
Seunghoony Lee,5,2022-10-07 15:15:14,업데이트도 잘 관리되고 있고 점점 편해지는거 같아 만족합니다.
정미나,3,2022-10-07 15:15:10,대여소에서 어른자전거 찾기가 힘들어요. 그리고 반납시 고장신고 버튼이 같이있었으면 좋겠어요.
김선인,5,2022-10-07 15:15:09,매번 잘 아용하고 있습니다. 대중교통비보다 늘 싸게 유지되면 좋을것 같아요~
JamesPark0912,5,2022-10-07 15:14:37,가까운 거리 이동 시 좋아요. 6개월 정기권 사용 중.
WS AT (ATWS),5,2022-10-07 15:14:34,항상 잘 이용하고있습니다 가끔 이어폰을 쓰면서 연결이 안될때가 있긴하지만 예전보단 잘되는 것 같고 앞으로도 이부분이 개선이 이루어진다면 좋을 것 같습니다!
jimmerz suh,5,2022-10-07 15:14:23,리뉴얼되고 더 편해졌어요 큐알인식기능도 좋고 페이도 빠르고 편리하게 잘돼요 특히 지도로 몇 대 남았는지 표시되어서 없는 스테이션로부터 빠르게 이동해서 시간을 아껴줄 수도 있어요 다만 페어링 실패해서 이용안되는 자전거도 대여가능으로 표시되는건 고쳐졌으면 좋겠어요
이아름,5,2022-10-07 15:14:22,"아침에 스터디카페 갈 때 거의 매일 이용합니다. 곳곳에 반납하는 장소도 늘어나고, 날씨 좋은날 힐링하기 좋은 이동수단인거 같습니다. 너무 추천해요. 운동도 되고, 이동시간도 줄일 수 있어서 일석이조 입니다. 서울시민이라면 이용하시면 유용하게 쓰일 수 있다고 봅니다. 완전 추천해드려요.👍"
표80목,5,2022-10-07 15:14:15,항상 잘 이용하고 있습니다 출근길 및 퇴근길 서울시민인것이 자부심이 느껴질정도로 잘되어있네요 감사합니다 ^^
떼떼응,5,2022-10-07 15:14:15,따릉이 자주 타고있어요 좋아요 좋아요
박덕기,5,2022-10-07 15:14:07,최고입니다. 잘 사용하고 있습니다. 강력 추천합니다.
김민서,5,2022-10-07 15:13:55,정말 잘 타고있어요^^! 앞으로도 지속적으로 관리 부탁드립니다!
Michael Kim,3,2022-10-07 15:13:52,블루투스 다른거 접속된 상태에서 빌릴 경우 오류 발생. 개선 필요.
Eunseok Oh,5,2022-10-07 15:13:46,개편되고 사용성이 대폭 개선되었습니다. 아직 페어링하는 중에 간혹 오류가 발생하지만 1~2회 재시도하면 되요. 여전히 잘 쓰고있습니다. 수요가 많은 곳에 자전거가 부족하기 전에 추가 요청 기능이 추가되었으면 좋겠어요.
Jinwon Hwang,5,2022-10-07 15:13:34,따릉이는 최고의 복지입니다 따릉이 의자가 좀더 높게 올라올 수 있도록 조정되었으면 좋겠습니다 자전거가 수리상태로 전환되어 빌릴수 없을때 바로바로 앱에 반영되었으면 좋겠습니다
dalgom ban,4,2022-10-07 15:13:30,종종 앱을 종료하고 다시 실행시켜야 대여가 되는 문제가 있어요. 그리고 대여 전에는 지도에서 대여소 위치랑 자전거 대수를 볼 수 있는데..대여 중에는 지도를 볼 수 없어서 대여소 위치나 대수를 알 수가 없는 게 불편해요. 대여중에도 지도 확인이 가능하면 좋겠습니다.
정한도사,5,2022-10-07 15:13:25,사용하기 필리해요
김성수,5,2022-10-07 15:13:21,"3년째 쓰고 있는데, 참으로 요긴하게 타고 다닙니다! 많아진 만큼 관리가 쉽지 않겠지만 그래도 조금만 더 안장과 타이어압 등에 신경써주시면 좋을 것 같습니다 :)"
Maru mini,5,2022-10-07 15:13:19,편리하게 사용하고 있습니다. 아이들과 함께 타기 위해 여러대를 대여할 수 있는 기능이 추가 되었으면 합니다.
모글리,5,2022-10-07 15:13:14,출퇴근에 매일 아주 유용하게 따릉이 사용중입니다. 간편하고 편하고 저렴하게 시민의 공공이동수단을 이용할 수 있어서 너무 좋습니다. 감사합니다!
나부,5,2022-10-07 15:12:59,따릉이 너무 소중해요...
최연정,5,2022-10-07 15:12:58,몇년동안 잘 사용하고잇습니다. !!!!
오지혜,5,2022-10-07 15:12:54,개선되서 전보다 사용하기 편리해진거 같아요. 앞으로도 쭉 따릉이 이용하고 싶어요.
SungAh Park,4,2022-10-07 15:12:47,"따릉이 덕에 서울에서의 자취생활이 보다더 편하고 감사하곤 했네요:) 자전거를 따로 구매해서 관리해야하는 것보다, 필요할 때마다 기분전환 하고플때마다 가까이 있는 따릉이를 쓸 수 있는게 너무 편리하고도 좋아서, 이런 편리함에 서울생활 한다하는 생각이 들기도 했습니다 ㅎㅎ 다만, 종종 자전거 대여인식이 잘안되서 불편한 점이 있었는데 ㅠ 블루투스 사용하지 않아도 qr 인식을 잘 못할때가 여러번이더라고요.. 따릉이 빌릴때 제발, 수월히되라, 하게되는 빈도수가 좀 늘어났는데 qr 개선 해주시면 좋을것같아요.. 시민들을 생각한 공공서비스 너무도 훌륭하고 감사합니다! :) 모두덜 서울생활 화이팅이요:)"
양주연,5,2022-10-07 15:12:43,따릉이 자주이용하고있어요 너무편리하고 싸고 좋습니다 자전거관리도 잘되어있고 무엇보다 어디서나 쉽게이용할수있어좋아요
Y Jeong,5,2022-10-07 15:12:39,따릉이는 내 일상이다~운동할때도 가까운거리 이동할때도
최재만,5,2022-10-07 15:12:26,짧은 거리 대중교통 운행종료후에 잘 이용하고 있습니다 간혹 자전거가 없어서 이용을 못할때가있어 조금은 불편할때도 있었네요 그렇지만 만족하고 잘 이용하고있어요!
장인수,5,2022-10-07 15:11:54,교통체증 막히는 도로 등에서 근거리 이동 시 굉장히 자유롭고 편리합니다. 자전거 대여소도 곳곳에 잘 배치 되어 있어 누구나 사용하기 어렵지 않아서 근처 이동시는 버스나 지하철보다 항상 우선 순위 선택입니다. 친환경 교통수단으로 최고입니다.
말씀 듣기,5,2022-10-07 15:11:39,"도시에서 지하철, 버스와 함께 더욱 자유로운 이동을 할 수 있어서 좋습니다. 저렴한 가격, 환승 혜택 등! 앞으로 계속적인 이벤트와 앱이 좀 더 가벼워지고 타사 맵이나 교통 앱에서도 따릉이 대여가 지원된다면 더 좋겠습니다!"
Run_Baseball Min,5,2022-10-07 15:11:35,출 퇴근 때 항상 나의 발이 되어주는 따릉이 오랫동안 함께 하고 싶어요!
Will,5,2022-10-07 15:11:31,따릉이는 대중교통을 이용하기 애매한 거리나 출퇴근 시 혹은 한강 라이딩할 때 정말 좋습니다! 조금 더 구간별로 따릉이정류소가 많이 확충되었으면 좋겠습니다. 그리고 QR연결시 팅김현상이 있는 등의 전반적인 앱 안정성 개선은 아직까지 많이 필요해보입니다. 또한 따릉이자체 문제보다 자전거길의 확충으로 주요도로의 자전거길 연결성이 개선되었으면 좋겠습니다.
이상규,5,2022-10-07 15:11:14,아주 좋은 시스템이에요! 친구들과 타가도 좋고 혼자 타기도 좋아요~
김상우,5,2022-10-07 15:11:00,어중간한 버스 노선일때 자주이용 하는데 좋아요 1년 정액권도 싸서 매해 갱신중^^
강호진,5,2022-10-07 15:10:59,서울에 살아서 이득보는 몇안되는 앱
bitna yu,5,2022-10-07 15:10:56,항상 잘 사용하고 있습니다^^!
김건태,4,2022-10-07 15:10:54,아직은 보완할게 많지만 이가격으로 교통비 절감에 크게 기여하는 복지 정책입니다. 좀더 힘내십쇼
리리,3,2022-10-07 15:10:51,따릉이 빌릴때 페어링 연결이 한번에 된적이 없어 너무 불편해요. 개선 요청드립니다.
정해원,4,2022-10-07 15:10:49,앱업데이트후 훨씬 불편사항이 개선됐지만 갈길이 멈
최종민,5,2022-10-07 15:10:46,저렴한가격으로 편리하게 자전거를 이용할 수 있어서 좋습니다!
Kyucheol Kim,5,2022-10-07 15:10:46,어플 이용에 불편함은 없이 잘 사용 중입니다
장성일,5,2022-10-07 15:10:45,킹갓 가성비 서울의 절대자 따릉이
이건희,5,2022-10-07 15:10:42,서울시에서 시민들에게 제공하는 서비스 중에 가장 접근성 좋고 유용하고 서비스에요~ 출퇴근이나 놀러갈때나 아주 잘 쓰고있습니다. 따릉이 서비스 개시 이후부터 계속해서 줄곧 반년치씩 결제해서 이용 중이에요. 이런게 진정한 복지 아닐까요
김대현,3,2022-10-07 15:10:36,띠릉이타고 출퇴근하는 사람인데 아침에 일어날때마다 따릉이 앱부터 킴.... 자전거 있나 없나 볼려고.... 날마다 편차가 너무 심한거 단점빼고 다 좋은데 단점이 저한텐 너무 커요
Summer Gold,5,2022-10-07 15:10:18,거의 매일 또는 2-3일 1번꼴로... 정말 잘 사용하고 있습니다!^_^
김진혁,5,2022-10-07 15:10:10,이 가격에 이 정도 서비스 아쉬운 점이 없는건 아니지만 삶의 질이 올라간건 분명합니다 강추!
김재욱,5,2022-10-07 15:09:50,어플 업데이트 하고 블루투스 이어폰 이용중에도 대여 되는데 매우 편리함
비트트배틀,5,2022-10-07 15:09:49,언제 어디서나 간편하게 이용하고 있습니다ㅎㅎ
조선우,5,2022-10-07 15:09:44,"고혈압,고지혈,지방간,고도비만. T.T 네 제 이야기입니다. 따릉이 덕분에 지방간은 많이 줄어들었네요. 몸무게도 5킬로 정도 줄었고 정상인이 되는 그날까지 아자 아지"
김영서,5,2022-10-07 15:09:34,애매한 거리 갈때 너무 유용하고 가격도 저렴하고 환경도 보호하고 ui도 편하고 좋아요!!!
JH Im,5,2022-10-07 15:09:33,나의 건강을 지켜주고 있어요
test 1,5,2022-10-07 15:09:29,"따릉이 없애지마세요ㅠ 너무 좋은 복지입니다. 매일 출퇴근하면서 이용하고있구요, 기후위기에 대응하는 모습이 너무 좋습니다!"
최유경,5,2022-10-07 15:09:22,이용이 편리하고 현재 상황을 잘 나타내줘서 좋아요
Policy Creators,5,2022-10-07 15:09:14,고장 수리 자전거 교체가 잘 되었으면 좋겠네요
You쪼꼬쪼꼬,3,2022-10-07 15:09:14,요즘 날씨 좋아서 자주 이용하는데 QR코드 인식하고 나서 대여가 잘 안되서 불편해요ㅠㅠ
꼬부기,5,2022-10-07 15:09:06,"가끔 뒤에 자전거 번호 인식이 안되거나 늦게 되는거 빼고, 위치확인이나 속도, 이동거리 측정되는거 다좋다"
Let’s Beyond,5,2022-10-07 15:09:06,"가격도 저렴하고 하루 종일 탈 수 있는다는 게 감동입니다,, 친구 없는 찐따 infp 한텐 따릉이가 최고의 친구,,"
주형이,5,2022-10-07 15:08:54,중학교때 처음 따릉이 타던 중딩이가 이제 21살 성인이 되었어요ㅎㅎㅎ지금까지도 잘 사용했고 앞으로도 꾸준히 사용할것같아용
배의선,5,2022-10-07 15:08:53,페어링 문제 대방동 대방마트쪽에 설치좀 해주세요
인랑,5,2022-10-07 15:08:52,출퇴근시 이용하는데 교통혼잡 속에서도 운동도 되고 시간도 단축되고 넘 좋습니다. 정말 더 많이 생겨 많은 사람들이 이용하면 좋겠습니다.
홍승표,5,2022-10-07 15:08:37,출퇴근시 대중교통 타고 역에서 사무실까지 갈때 따릉이를 주로 사용하고 있어요 연간이용권으로 사용하는데 저렴하고 편리하네요 앱을 통해 근처에 있는 따릉이정류소와 현재 대여가능한 따릉이 수가 나와서 편합니다 한가지 아쉬운 점은 점검중인 따릉이가 있는 경우 하나씩 큐알코드를 찍어봐야해서요 정상대여가능한 따릉이의 자전거번호도 알려주면 더 좋을것 같아요
강선영,5,2022-10-07 15:08:33,나의 출퇴근용과 휴일에 레져용으로 항상 함께하는 친구같은존재의 따릉이 넘 좋아요~~^^
김미혜,5,2022-10-07 15:08:31,"따릉이 출시때부터 부지런히 잘 이용하고 있습니다. 지역사회에도 물론 자전거 대여점이 있지만 대여, 반납, 요금, 시간 관리를 보편화 해주는 따릉이 앱의 유용함 때문에 시간도 건강도 챙기는 것 같습니다. 조금 아쉬운점이 있다면 1. 자전거 고장에 대한 절차가 좀 번거 롭다는 점 2. 자전거 대여시 QR이 잘 읽히지 않는 점 3. 자전거 대여시 블루투스 연결이 계속 되지않고 여러번 해야 대여취소가 가능한 점 4. 관리의 편의성 때문일 수 있지만 대로변, 대중교통 이용여건에 따라 대여소가 위치한 점 (대여소가 좀 더 넓은 영역에 분포되었으면 합니다) 다양한 의견을 수렴하여 좋은 아이디어와 방법으로 따릉이 앱이 발전했으면 좋겠습니다"
김택리,5,2022-10-07 15:08:31,정말다좋은데 역앞이나 버스정류장말고도 다른 장소에도 따릉이 탈수있는곳도있었으면 좋겠어요!
장윤선,5,2022-10-07 15:08:29,꾸준하게 잘 사용하고 있습니다.
김민선,5,2022-10-07 15:08:19,잘 사용하고 있습니다~ 편리하고 좋아요
박선우,5,2022-10-07 15:08:17,따릉이 넘 편하게 이용하고있어요~
andrew Kang,5,2022-10-07 15:08:09,라스트마일 용으로 잘 쓰고 있습니다
Russell김,5,2022-10-07 15:08:05,따릉이 완전좋아요^^ 안장높은 조금만더 올려주세요~ 아직도 낮은 녀석들이 많네요~^^
김민철 (saga),5,2022-10-07 15:08:04,가끔 오류가 걸리지만 좋은서비스입니다
Min ho Ha,5,2022-10-07 15:07:49,따릉이 없는 삶은 이제 상상이 안 간다
남궁기운,5,2022-10-07 15:07:48,항상은 아니지만 간혹 가다 가끔 페어링이 늦거나 안되는 경우가 있어 수회 예약취소 후 다시 빌리는 경우가 있습니다.
Siegfrid Park,5,2022-10-07 15:07:35,QR코드 자동인식이 오래걸립니다.
최인기,5,2022-10-07 15:07:31,관리도 너무 잘되고 사용성이나 접근성도 편하고 공공기관 관련된거 이용하는거 중에서 제일 잘한거 같아요ㅋㅋㅋㅋㅋㅋ
chung michael,5,2022-10-07 15:07:26,정말 사용하기 편하고 최고입니다
영,3,2022-10-07 15:07:18,페어링실패시 일정시간 먹통됨 고장자전거신고하고싶어도 복잡함 자전거없는대여소에는항상부족 나머지 부분들은 만족하며 쓰고있습니다
WOO CHUL JUNG,4,2022-10-07 15:07:06,유용합니다 꼬마자전거와 성인자전거 거치 현황도 확인이 가능하면 더 좋을 것 같습니다
김지성,5,2022-10-07 15:07:03,대한민국의 가장 대표적인 공유경제 시스템이라고 생각해요. 페어링 되는데 시간이 좀 걸리긴 하지만 근거리나 날씨가 좋을때는 손쉽게 이용할 수 있어서 좋아요. 추후에는 여러가지 기능 보다는 렌트의 편리성이나 인식율에 대한 개선이 있으면 더 좋은 앱으로 발전할거같습니다.
jm k,5,2022-10-07 15:07:00,출퇴근은 도와주는 따릉이! 너무 잘 사용중입니다
이세희,5,2022-10-07 15:06:56,가까운 거리 이지만 걷기엔 조금 먼 거리를 따릉이로 출퇴근 하고 있는데 물가도 많이 오른 요즘 너무 유용하게 교통비도 아끼며 운동도 하면서 잘 이용하고 있는 한사람 입니다. 따릉이를 보편화 시켜 주신 서울시에 감사 드리며 자전거 도로가 더 활성화 되어서 많은 분들이 편리하고 안전하게 이용 할 수 있기를 바라봅니다^^ 감사히 잘 사용하고 있습니다. 고맙습니다.
서승현,5,2022-10-07 15:06:55,"출근할때나 퇴근할때 놀러갈때 이용을 정말 많이하고, 서울에 자전거를 대여할수 있어서 정말 편하게 다니고 있습니다. 따릉이앱 정말 좋아요"
Ri SU,5,2022-10-07 15:06:45,가까운 거리 저렴하게 다닐수 있어서 좋아요
박정훈,5,2022-10-07 15:06:45,항상 출퇴근시에 잘 이용하고있어요! 너무좋아요 정류장 개수만 좀 더 늘려주세요 ㅠㅠ
허준,4,2022-10-07 15:06:44,너무너무 편하고 요즘 설치 공간도 늘린건지 타기 더 좋아요 근데 인식 오류가 생각보다 자주 나는게 좀 아쉽슴당
ed lee,5,2022-10-07 15:06:42,따릉이 서비스는 말 할것도 없이 좋습니다. 앱도 초창기 따릉이앱 생각하면 선녀죠.
Mario,5,2022-10-07 15:06:38,전국으로 확대했으면 좋겠음
아루루,5,2022-10-07 15:06:33,"QR 코드를 이용해 사용하는 방식 등 매우 편리하게 이용중이다. 단, 밤에 광화문 쪽에는 따릉이가 많이 없어서 멀리까지 찾아가는 경우가 있었다."
꼬리링,5,2022-10-07 15:06:28,예전보다 연결이 잘되어서 사용하기 편리합니다
Victory,5,2022-10-07 15:06:20,따릉이 없으면 못살아요
Jieun Na,5,2022-10-07 15:06:13,앱이용 편리합니다~
think think man,5,2022-10-07 15:05:50,"2017년부터 따릉이 정기권 이용해왔습니다. 구형부터 신형까지 많은 변화가 있었고 앱도 많이 안정화되었습니다. 예전에는 이동거리가 측정되지 않기 일쑤였고, 대여도어려웠습니다. 요즘은 정말 좋아요. 자전거정비만 좀더 해주시면 더할나위가 없을 듯합니다. 외국인글이 타고다니는거보면 제가 가 뿌듯해요 ㅎㅎ"
박영민,5,2022-10-07 15:05:35,전국에 있는 자전거 대여앱을 사용해본 결과 따릉이가 최고로 대여반납이 잘되고 사용이 원할합니다! 항상 수고하십니다.
이지은,4,2022-10-07 15:05:34,자전거가 연결이 안될때가 있어서 아쉽지만 이용기록도 볼 수 있어서 유용하고 따릉이 결제도 간편해서 좋습니다
유방식,5,2022-10-07 15:05:31,세계 최고의 모빌리티 플랫폼 어플
순순순,5,2022-10-07 15:05:18,장기이용권 결제해서 사용중인데 정말 자전거 관리도 잘 되고요 대여소도 많아서 너무너무 잘 쓰고 있습니다. 이 가격에 관리가 이렇게 잘 되는걸 볼때 서울시와 따릉이의 대단함을 느끼게 돼요. 운영이 계속 되면 좋겠습니다. 굳이 단점을 꼽는다면 제로페이 할인이 끝났다는 것!
먀먀,5,2022-10-07 15:05:11,결제도 빠르고 좋습니다
배붸배,5,2022-10-07 15:05:06,n년차 출퇴근으로 잘 사용하고 있습니다^^
gkswk,5,2022-10-07 15:05:06,따릉이 편리하고 좋아요! 계속 유지되길 바랍니다~
fox pilot,4,2022-10-07 15:05:03,대중교통이 없는 늦은 시간 이동에 잘 사용하고 있습니다.
성이름,5,2022-10-07 15:04:53,따릉이 덕분에 운동도 하고 너무 좋아요! 따릉이 없애지 말고 지금처럼 계속 있었으면 좋겠어요.
민상기,5,2022-10-07 15:04:50,따릉이 덕분에 운동도 하고 새로운 취미도 찾았습니다
dj nate,5,2022-10-07 15:04:49,따릉이. 언젠가부터 제 삶의 일부가 되어버린 자전거 입니다. 출.퇴근은 물론이며 운동할때도 언제나 따릉이와 함께 하고 있습니다. 앱도 초기에는 불편하였으나 지속적인 업데이트로 지금은 아주 사용이 간편해졌습니다. 실제로 어르신들도 과거에는 어러웠는데 요즘은 어렵지 않게 이용이 가능하다고 하시더라고요. 내 삶의 동반자 따릉이. 미래를 응원합니다.
Jiyeon Ryu,5,2022-10-07 15:04:44,예전보다 오류도 줄은것같고 잘쓰고있습니다. 다만 사용할수 없는 자전거의 경우 (고장신고) 정류장에서 그 정보를 미리 찾을수 있으면 좋겟습니다. 어떤게 고장인지 큐알스캔해봐야 아는것이 조금 불편합니다. 또 페어링 실패했을경우 다시 대여하기까지 너무 오래걸립니다...
K yeeun,5,2022-10-07 15:04:39,앱 출시 초기 버전부터 사용해온 따릉이 유저로써 정말 만족하며 쓰고 있습니다. 앱 내부 인터페이스는 물론이고 실시간 동기화까지 끊김없이 완벽하게 구동되어 편리한 유틸리티 앱 중 top3안에 듭니다.
seonwook Baek,5,2022-10-07 15:04:30,이용하기 편리하고 적재적소에 따릉이가 있음
김현정,5,2022-10-07 15:04:25,굿입니다
김영민,5,2022-10-07 15:04:19,잘이용하고있습니다
길군's Roadstory,5,2022-10-07 15:04:16,어풀을 통해서 QR로 간편하게 자전거 대여가 가능해서 좋습니다! 아주 가끔 대여시 실패할때도 있지만 다시 하면 보통 잘 됩니다
곤노,4,2022-10-07 15:04:08,평소에 큰 불편함 없이 잘 사용하고 있습니다. 다만 리소스 업데이트가 잦아 급하게 자전거를 이용해야하는 경우에는 조금 답답합니다.
나폴리탄,5,2022-10-07 15:04:00,"정말 따릉이는 편리하고 유용합니다. 서울 어디서나 찾을 수 있어 좋습니다. 하지만 어머니가 없는 듯 한 새싹 따릉이는 누구 머리에서 나온 아이디어 입니까? 왜 10대가있으면 2대정도면 충분할 새싹따릉이가 어른용 따릉이의 자리를 대체하고 있는지 의문입니다. 아이들이 적은 도심에서는 새싹따릉이가 필요 없습니다. 도심의 새싹 따릉이를 없에주십시오 대여하러 갔는데 (새싹따릉이5,일반따릉이0) 이런 식으로 나오면 다 부숴버리고 싶습니다. 이 외의 다른 점들은 모두 칭찬 할 만 합니다."
YS K,4,2022-10-07 15:03:57,간편하고 남녀노소 쉽게사용할수있어서좋음!! 따르릉~~
정다인,5,2022-10-07 15:03:52,따릉이 서비스 자체가 너무 좋고 어플도 좋아요 Qr 코드 인식이 잘되어서 너무 좋습니다
kingcall kim,4,2022-10-07 15:03:35,하이킹때 자전거 아니일때 빼고는. 1년에 몇번 타지도 않는 자전거 모셔 놓는것 보다 좋아요. 예전보다 자전거를 자주 타는것 같아요. 가까운거리에 갈때 운동 삼아 타고 이동 하기 좋아요. 자전거 지도 위치가 불정확한 곳이 있다는것. 누원고등학교 옆 도봉한신아파트 사이길에 자전거 거치대가 도봉한신아파트 102동 단지내에 지도 표시가 되어 있어 수정 바랍니다. 자전거 보관하려고 아파트내에서 헤매였네요. 101동과 누원고등학교 사이에 실제 보관거치대가 설치 되어 있습니다.
G,4,2022-10-07 15:03:33,전반적으로 이용에 큰 불편함 없네요
이로이,5,2022-10-07 15:03:20,너무너무 좋아요 곳곳에 따릉이 정거장이 있어요 정비도 잘 되어 있어서 안전하게 타고 있어요^^
김준,5,2022-10-07 15:03:15,"이제는 서울전지역에서 못찾기가 더 어려워진, 사용할수록 시간과 건강 두마리토끼를 잡을 수 있는 따릉이. 1년 회원으로 사용중인데 내년에도 물론 같이갑니다! 따릉이 화이팅"
Google 사용자,4,2022-10-07 15:03:06,편해요~
푸시링,5,2022-10-07 15:03:04,따릉이 1년권 사용하면 저렴하고 너무좋아요 한가지 건의하면 항상 없는 주차장에는 자전거가 부족한데 얼마나 부족한지 수요를 파악해서 더 많이 비치히면 좋을것같아요 예를들어 어느주차장에서 빌리려했는데 따릉이가 없다면 없을때 앱에서 없어서 못탔다는 버튼을 만들면 좋을거같아요
F.훈민정옥,5,2022-10-07 15:03:00,가끔 연결신호가 지연되어 당황할때가 있지만 매번 잘 사용하고있습니다. 거치대 배치와 자전거 관리에 노력해주셔서 좋은서비스가 유지되고있는것 같습니다. 앞으로도 양질의 서비스 운영을 부탁드립니다.
조향선,5,2022-10-07 15:02:51,평소 따릉이를 많이 이용하고 있는데 따릉이가 설치된곳이 많다 보니 이용이 편리하고 건강도 좋아지고 환경오염을 조금이라도 줄 일수 있다는데 너무 좋은 시설이라고 생각합니다
신재용,5,2022-10-07 15:02:51,따릉이 예약하기 너무 편합니다~
Peter Park,5,2022-10-07 15:02:42,전반적으로 만족하며 사용하는 중이지만 개선이 필요한 부분도 있는 것 같아요. 한번씩 정상적으로 이용할 수 있는 자전거이지만 오류가 나며 대여가 안되고 한동안 대여 취소도 안됩니다. 1분 가량 기다리면 대여 취소가 되고 그 후에 다시 같은 자전거를 등록하면 정상적으로 되더라고요. 가끔 발생하는 오류이지만 걸리면 좀 짜증스럽고 귀찮습니다. 해결 부탁 드려요.
유리의일상YURI,5,2022-10-07 15:02:37,앱 사용하기 편해요! 확실히 따릉이 앱 초반보다 원활하게 사용 가능해졌습니다. 제가 간혹 반납레버 내리지 않거나 내렸는데 반납처리가 안된 경우가 있어서 따릉이 고객센터 종종 연락했는데 상담원분들도 항상 친절하게 잘 챙겨주십니다!
yongdoc yoon,5,2022-10-07 15:02:35,앱이 업데이트되고 더 사용하기 편해짐 그런데 앱 시작할 때 리소스 이런거는 왜 뜨는건가요?
James Jang,5,2022-10-07 15:02:07,이용하기 좋아요
바밤바,5,2022-10-07 15:02:03,따릉이 출퇴근할때 종종이용하는데 너무좋아용 ㅎㅎ
Google 사용자,5,2022-10-07 15:02:01,매우 편리함. 매일 잘 이용 중 입니다
우주,1,2022-10-07 15:02:01,"정액권 끊었는데, 왜 앱 서버 오류로 안되나요... 그리고 전화 중엔 왜 대여가 안되나요???"
Hyunjin jo,4,2022-10-07 15:02:00,안녕하세요. 따릉이로 편하게 출퇴근을 이용을 합니다. 다만 페어링 실패 후에 대여취소가 바로 이루어지지않아서 그로인한 시간이 발생되서 다소 아쉽습니다
David Eastsky,5,2022-10-07 15:01:54,서울시민 최고의 복지
INJIN P,5,2022-10-07 15:01:53,"빠른연결성, 편리함, 좋은행정, 삶의질상승"
solbee choi,5,2022-10-07 15:01:45,요즘같은 날은 역시 따릉이
jhon “시간여행자” jeong,5,2022-10-07 15:01:42,유용하거 잘 사용중입니다.
Yunjin jeong,5,2022-10-07 15:01:39,따릉이 처음 도입되었을때부터 지금까지 열혈이용자입니다 너무 감사히 잘 사용하고 있네요 앞으로도 쭈욱 함께해요^^~
토르룬킹,5,2022-10-07 15:01:36,너무 좋습니다! 가끔 연결 오류로 장시간 대기하는 부분은 개선되면 좋겠어요
Jae-sung Hwang,5,2022-10-07 15:01:33,5년간 한번도 빠짐없이 매일 쓰고 있습니다. 건강을 위하여 강추드립니다. 앱도 사용하기 불편함이 없네요
Yong Ki Jang,5,2022-10-07 15:01:31,"시민들의 편리성을 위해 만들어진 앱답게 간결하고 구동이 잘되어서 좋습니다. 한가지만 개선 되었으면 하는점이 있는데요, 고장 자전거에 대해 신고기능과 그 자전거에 대한 대여 불가 설정 기능 있으면 좋겠습니다. 감사해요 잘쓰고 있어요~"
박재욱,5,2022-10-07 15:01:24,잘 이용중입니다. 최근 연결오류도 많이 개선되어서 좋아요~^^
박주헌,5,2022-10-07 15:01:24,항상 거기있는 자전거. 출퇴근용으로 딱이다. 편한대 어떤 자전거가 수리중인 자전거인지 알수 없어서 재수없게 3-4번 연결시도 실패 하다보면 빡침. ㅡ.ㅡ Ps. 우리 리뷰에 답변이 다 똑같은데... 저거 답변 복붇하는 공무원 생각하면 더 빡침. 그냥 댓글을 남기지 마세요. 아님 자동으로 달리게 프로그램 하시든...이미 그런가?
김용규,5,2022-10-07 15:01:23,가볍게 운동할때나 출퇴근할때 지하철과 연계해서 타는데 이제는 제 생활에 필수가 되었어요
조현,5,2022-10-07 15:01:14,서울에 필수 따릉이 추천해요
임충용,4,2022-10-07 15:01:07,정말 좋은 서비스인것 같아요~^^ 아쉬운점이 있다면 오전에 월드컵파크10단지 주변에 자전거가 없습니다ㅜㅜ 그리고 수리주기가 너무길어 계속 이용 못하는 자전거가 계속 서있네요 ㅜㅜ 자전거 바람도 없는것이 너무 많아요 ㅜㅜ 자전거 대여서 근처에 바람넣을수 있는 장치를 설치하는것도 좋을것 같아요 ~^^ 조금만 개선되면 정말 좋을것 같아요 ㅎㅎ
Jackie Yoon,5,2022-10-07 15:01:00,서울시내에 여기저기 많이 생겨서 출퇴근이나 약속장소 근거리 이동에 아주 유용하게 사용하고 있습니다. 굿입니다~~!!
이대범,5,2022-10-07 15:00:56,"간편하고 빠른 결재, 블루투스 연결 개선되어 좋아요"
jaemyung kim,5,2022-10-07 15:00:54,요금만 동결해 주신다면 최고의 교통 수단입니다..어플도 많이 편해 졌네요.
김경화,5,2022-10-07 15:00:46,항상 애용하고 있습니다 너무 편리해요!
서초대로점_이다원,3,2022-10-07 15:00:33,종종 따릉이를 타고다니는 유저입니다. 따릉이 서비스는 좋지만 아직 어플은 개선의 여지가 많이 보입니다. 물론 초창기에 비하면 많이 간편해졌지만 아직은 여러모로 수정할 부분이 보입니다. 결제 같은 경우도 11번가나 쓱페이같이 따릉이 자체에서 카드 등록 후 지속적으로 사용가능한 결제시스템도 갖춰졌으면 싶습니다.(현재는 제로페이나 페이코같은 결제수단이 아닌 카드 결제 수단을 택하면 매번 카드등록을 해서 진행해야합니다.) 그리고 종종 따릉이 앱이 블루투스가 켜져있는데도 안 되는 경우가 있더라구요. 렉이 생기면 캐시 및 데이터를 삭제해야 잘 되는 경우가 있기에 이런 부분은 문의 전화말고도 은근 자주 발생하고 사용자가 바로 처리할 수 있을 법한 문제는 FAQ로 정리하여 내용 넣어주시고 잘 보이는 곳에 메뉴로 있었으면 하는 바입니다! 좋은 취지의 서비스인 만큼 유저들과 소통이 잘 이뤄지는 하나의 어플로서 자리잡았으면 좋겠네요!
둥순이임지현,5,2022-10-07 15:00:27,저에게는 정말 최고의 앱입니다 예전과 다르게 점점 직관적으로 좋아지고 있습니다. 건의사항은 자전거가 없을때 언제 자전거가 오는지 예상시간 같은게 있으면 좋겠어요 화이팅 입니다!!!
MINYOUNG CHO,5,2022-10-07 15:00:22,서울시민 필수품 따릉이!!
우몽,4,2022-10-07 15:00:18,좋은 정책입니다.생활에 도움이 되고 있습니다.다만 요즘에 에러가(대여시 안됨) 증가하는 펀이네요
최재원,5,2022-10-07 15:00:16,출퇴근할때 따릉이 덕분에 돈도절약되고 건강까지 챙기게 되었습니다 따릉이 너무 좋은데 단 하나 저처럼 키가 큰사람들은 안장이 더 높았으면 좋겠습니다
큐티도깨비 (큐티도깨비),5,2022-10-07 15:00:15,대여 가능한곳이 많아 이용에 편리함
JJoon,5,2022-10-07 15:00:11,친환경 교통수단
Yongmin Lee,5,2022-10-07 15:00:05,사용편리 자주이용
이영대,5,2022-10-07 15:00:00,저렴한 비용으로 공유 이동수단을 이용하고 있어서 만족도 최고입니다. 아쉬운점은 간혹 자전거가 없거나 너무 많아서 인도를 차지하고 있는건 좋지 않아보이네요. 배치와 분포에 더 세심한 노력이 필요해보입니다.
리오,5,2022-10-07 14:59:55,저렴하고 건강한 친환경 이동수단을 이용할 수 있어 좋습니다. 서울시는 따릉이 예산 삭감할 생각은 절대 마시고 관리 잘 해주세요.
이리,5,2022-10-07 14:59:53,따릉이는 항상 개선되는 거 같아서 좋아요
이정희,5,2022-10-07 14:59:53,저의발이 되어주는 따릉이 넘 좋아요. 이용못하게 될시에 사전에 문자 연락도 넘 좋습니다. 감사합니다
김정식,5,2022-10-07 14:59:44,항상 편하게 이용하고있습니다.
다시보기,5,2022-10-07 14:59:37,"따릉이를 사용하는데 있어, 필수적인 앱이다. 따릉이앱은 직관적이고 편리하다."
YONGCHUL IM,4,2022-10-07 14:59:29,갤럭시워치와 연동할수 있도록 앱 만들어주셨으면 좋겠습니다. 자전거 타고있는 상태에서 폰으로 잔여시간 확인이 어려우니까요.
권동하,5,2022-10-07 14:59:27,큐알로 바뀌고나서 더더욱 편해짐
박서현,4,2022-10-07 14:59:22,따릉이 제가 일상에서 너무 잘사용하고 있습니다! 항상 1년 정기권 사용중이에요 제가 잘 이용하기 때문에 고장난 자전거가 많을때는 안타깝습니다... 이부분은 실제 이용자들이 험하게 이용하지않길 바랍니다 이용하면서 QR인식이 안되거나 너무 오래걸리는데 중간에 취소가 가능했음 좋겠습니다
여러분이거다거짓말,5,2022-10-07 14:59:09,이렇게 좋은 따릉이를 없애려고 하는 오세훈 시장님. 정말 고맙고 사랑합니다
DG Cha,5,2022-10-07 14:59:07,릉이 이용자예요 너무 편하고 좋아요 ㅋㅋ
이민우,5,2022-10-07 14:59:01,"따릉이 앱 잘 쓰고있습니다. 감사합니다. 이하의 사항이 개선 되었으면 좋겠습니다. 1. 고장 신고 기능이 잘 보이지 않습니다. 일반적으로 따릉이를 사용하고 나서 자전거가 고장나있는 것을 발견하므로, 초기 화면에 고장신고 탭을 만들고 거기에 들어가면 이전에 사용했던 내역이 떠서 신고를 편리하게 할 수 있으면 좋겠습니다. 2. 배차 신청 기능에 관한 피드백이 있었으면 좋겠습니다. 추가 배차를 신청하고 나서 실제로 자전거가 배치되었는지 의문입니다. 3. 추가 배차 신청을 자유롭게 할 수 있었으면 좋겠습니다. 현재는 따릉이 지점에 자전거가 0대가 있는 상태에서만 신청이 가능한데 자전거가 3대 이하인 경우 신청할 수 있다거나 하는 식으로 바뀌었으면 합니다."
j j,3,2022-10-07 14:59:00,"따릉이 초기부터 종종 탔었는데요, 초기에는 정말... 말도 못하게 안좋았는데 그때 생각하면 많이 개선 됐다고 봅니다. 고쳐졌으면 하는건 1. 가끔 큐알코드 찍을때 대여실패할때가 있는데 그럼 다시 대여하기를 누르는데 그럼 대여중이라고 나옵니다. 대여취소버튼이 한참 기다려야 나와요. 실패했으면 빨리 취소하고 다시 시도했으면 하는데.. 2. 이게 앱의 문제인지는 모르겠는데 와이파이가 너무 광범위하게 잡히는것 같습니다. 7차선도로 건너편에서도 반납이 됩니다. 어쩐지 맨날 앱에서는 있다고 나오는데 가보면 없어서 오류인줄 알았어요. 그런데 어느날 그 건너편에서 임시잠금 해놓으려고 레버 내렸는데 반납이 돼서 놀랐습니다. 따릉이 정류장?이 그렇게 크게 범위를 잡아야 하는지도 모르겠어요. 운영에 참고 하셨으면 좋겠습니다."
Jm A,5,2022-10-07 14:58:47,사용도 편리하고 요로모로 도움이 많이돼요
권장혁,5,2022-10-07 14:58:41,사용하기 편리해요
허진영,5,2022-10-07 14:58:41,따릉이 덕분에 서울에서 이동할때 편의성이 높아서 좋아요 아쉬운건 따릉이 높이가 낮아서 무릎이 아픈데 높은 사이즈의 따릉이도 추가해주면 좋을것같고 사이즈별로 구분이 가능하면 좋을것 같아요
Maria Lee,5,2022-10-07 14:58:37,너무좋아용!!!
신쥬,5,2022-10-07 14:58:27,따릉이 항상 즐겨타고 있습니다! 가까운 거리 중에 버스로 타고 가기에는 돌아가고 걸어가기 먼 거리는 따릉이로 가면 금방이라서 너무 유용합니다! 다른 지역도 너무 좋지만 다른 지역 살 생각하다가도 따릉이 없는 것 생각하면 이사할 생각을 못합니다!!! 요즘 특히 따릉이 정류장 늘려주고 있는데 너무 감사하고 더 많은 따릉이가 생겼으면 좋겠습니다~~항상 좋은 서비스 주시기위해 애써주셔서 감사합니다!
백민선,5,2022-10-07 14:58:22,매년1년권 사서 이용중입니다 앱사용도 편하고 빠르게 접속되어좋아요
H L,5,2022-10-07 14:58:16,너무 타기편해요 매번 한달씩 끊고있어요! QR도입도 너무 좋은것 같아요!
ADELA SHIN,5,2022-10-07 14:58:15,"서울에서 최고의 이동 방식, 장기권 강추! 앱 내 히스토리 1달밖에 확인이 안 돼서 아쉽지만 서비스 자체가 너무 좋아요 ^^"
최준호,5,2022-10-07 14:58:12,따릉이가 있는 서울이라 행복합니다. 요즘같은 고물가시대 따릉이가 효자입니다.
Kim Gwibong,5,2022-10-07 14:58:10,"회원들이 사용할때는 편한데, 비회원이 회원권 구매할때 카드가 없고 휴대폰 소액결제가 안될경우 이용하기가 어려웠었습니다. 최근엔 출퇴근시 자주 이용하는데 통신에러 때문에 자전거와 연결이 안되서 취소 후 재등록해여 하는경우가 자주 발생합니다. 이 점이 개선되면 좋겠습니다."
이혜원,5,2022-10-07 14:58:10,"따릉이 초반부터 잘 사용하고 있는데요, 1. QR인식이 잘 안되어서ㅈ 주로 번호를 입력해서 대여하고 있어요 ㅠㅠ 앱 개선전인 1-2년 전쯤이 더 잘 인식되었던 것 같아요 2. 일시잠금 해제 시 앱이 안정적이지 않은 것 같고 껏다 킬때가 많아서 더 안정적으로 개선되었으면 좋겠습니다. 3. 보통 기간권을 많이 구매하는 편인데 기간권 만료 될 때 알림이 오면 더 좋을 것 같아요"
이동은,5,2022-10-07 14:58:10,앱으로 편하게 빌리고 어디에서 반난해서좋아요 가장좋은점은 수리를 자동으로 관리해서 좋은 자전거를 쓸수있어요 명동에서 빌려서 청계천가는 코스도 좋았어요
suho Jang,4,2022-10-07 14:58:06,대여종료시 에러가 뜨지만 정상반납으로 확인은 됩니다. 기존대비 업데이트 후 조금씩 안정화가되어가고 있어요.
Younim Kim,5,2022-10-07 14:58:01,"가까운 거리는 빠르고 쉽게 갈 수 있으며 환승이 어려운 곳에서 저렴한 금액(1년, 6개월 이용권 이용시)으로 맘껏 이용 가능하니 경제적입니다."
김종성,5,2022-10-07 14:57:58,"잔여 자전거 현황, 대여 프로세스 간편성은 정말 칭찬합니다. 단, 카메라 비활성화 시 번호만 입력할 수 있는 기능과 이용권 복수로 결재할 수 있는 기능이 추가 되었으면 합니다."
김테리,5,2022-10-07 14:57:51,너무 편리하고 간편해서 자주 이용하고 있습니다 ㅎㅎ 운동도 되고 너무 좋아유ㅎㅎ
haejun lee,5,2022-10-07 14:57:36,참 좋았습니다. 가끔 출근시간에 에러걸리는경우 말구요
원미영,5,2022-10-07 14:57:35,5년 째 연간 이용하는 사람입니다. 그동안 어플이 리뉴얼되면서 현재는 사용하기에 군더더기 없이 편리합니다! 날이 갈수록 따릉이 이용자가 늘고 있고 연령대도 참 다양해지고 있더군요. 자전거 배치를 고루 분포하기 위해 옮겨 다녀주셔서 감사하고요. 저렴하게 자전거 이용할 수 있어서 너무 편리하게 출퇴근하고 있습니다. 앞으로도 좋은 서비스 기대하겠습니다!!
조경욱,5,2022-10-07 14:57:29,잘이용하고 있어요. 👍
minyoung choo,4,2022-10-07 14:57:23,"가끔 대여가 안될 때가 있지만, 앱 편의성 및 따릉이 전반적인 시스템에 만족합니다."
SangJun Park상준,4,2022-10-07 14:57:15,연결이 안될 때가 잦은 것 빼고는 만족스럽게 이용 잘 하고 있습니다! 친환경 서울 따릉이 응원해요!
Doo Doo,5,2022-10-07 14:57:09,요즘 계속 이용하고있는데 이용권도싸고 좋습니다. 하지만 고장난 자전거들이 많은게좀 흠입니다.
박소영,5,2022-10-07 14:57:09,페어링 연결 실패가 아쉬운것 빼고 너무 잘 이용하고있어요~~
니야TV,5,2022-10-07 14:57:01,따릉이 애용자로서 따릉이 어플이 오류도 없고 잘작동해서 좋아요 🌞늘 건강하고 행복하기를 기도합니다.🌻
바스코,3,2022-10-07 14:56:57,퇴근시간대 모든 자전거가 먹통입니다(잠실역)
Eric Thames,4,2022-10-07 14:56:48,QR인식이 잘 안되는 기종이 있다는거 제외하면 대체적으로 문제없는 편
AReum Y,5,2022-10-07 14:56:45,따릉이 연간 이용권 구매 망설이지 마세요. 구매하시면 생각보다 이용 많이하고 편리합니다.... 진짜요. ㅎㅎ
조수박,3,2022-10-07 14:56:42,편리하고 좋지만 가끔 자전거가 QR코드안잡힐때가많고 잡혀도 대기중이라고 5분가량 지체되요 취소도 바로 적용 안되고
이지윤,5,2022-10-07 14:56:42,"따릉이 정말 잘 사용하고 있어요. 자전거 관리도 잘 되는것 같구요. 한 번은 따릉이 반납후 레버를 안잠궜는데, 한시간 후 반납소로 갔더니 따릉이가 없어진 적이 있어서 많이 당황했었어요. 그때 추가요금 냈는데, 따릉이가 자동 반납되면 얼마나 좋을까 하고 생각했었어요."
송영환,5,2022-10-07 14:56:39,가까운거리 이동시 너무편하게 이용하고 있습니다.
Yong Eun Choi (Eugene),5,2022-10-07 14:56:32,"설 시내에서 이보다 자유로운 이동수단이 없습니다. 게다가 환경보전, 건강증진, 기분전환 장점밖에 업숨다."
김정은,5,2022-10-07 14:56:31,너무 좋아요. 저렴한가격에 어디서나 쉽게 자전거를 이용할수있어요.앱오류도 거의없어요
김충한,5,2022-10-07 14:56:26,자주 이용중 입니다
Teo Kim,5,2022-10-07 14:56:23,잘 사용하고 있습니다.
4788 GP (‪행복하세요‬),5,2022-10-07 14:56:22,너무 좋아요~~~
신혜영,2,2022-10-07 14:56:16,페어링이 늦던지 잘안되요..와이파이를 꺼야지 빨리되는...;;;
kk k,5,2022-10-07 14:56:15,이전에 비해 놀랍게 빨라지고데이터도 적게 먹습니다 굳
Jaeseok Ko,5,2022-10-07 14:55:56,"따릉이는 좋다, 하지만 연결 개선만 좀..."
이정모,2,2022-10-07 14:55:55,"초창기 버전에 비하면 상당히 개선되긴 했다고는 하나, 여전히 개선 되어야할 부분이 있다고 생각합니다. 1. 블루투스 장치 연결 중 자전거 대여시 오류 발생. 기술적인 한계인지 뭔지는 모르겠으나, 요즘 같은 세상에 자전거 연결을 위해서 매번 블루투스 이어폰을 연결을 해제해야하는 번거로움이 있습니다. 2. 대여 취소 및 재연결 과정에서 딜레이 발생. 자전거 대여 시도 중 문제가 생겨서 대여 취소를 신청하면 그게 어플에 반영되는데까지 딜레이가 적게는 수 십 초에서 분 단위로 발생합니다. 이동 시간을 단축하고자 따릉이를 이용하는 사람 입장에서 굉장히 답답하게 느껴지는 부분입니다. 따릉이를 애용하는 사용자 입장에서 따릉이앱의 편의성이 개선되어 해당 서비스가 더욱 활성화되길 기원합니다. 감사합니다."
능청성현,3,2022-10-07 14:55:51,따릉이사용한지 언 5년째인데 균등하게자전거배분 및 대여시 오류가너무심하네요 자전거도로가없는곳은엄청위험한 따릉이.자전거문화를만드는데돈써요
김환영,5,2022-10-07 14:55:38,매번 6개월씩 이용권 구매해서 사용하고 있습니다. 따릉이 대여장소가 곳곳에 있어 사용하고 반납하는게 편리하고 장기 이용권 구매시 할인폭이 커 사용요금에 대한 부담이 작아 좋습니다. 한가지 아쉬운점은 자전거 대여 장소가 개방된 곳이라 비오는날 자전거다 오롯이 비에 맞고 있는걸 보면 이용자로써 자전거가 상할까봐 안타까운 마음이 듭니다. 이에 대한 보완으로 대여소에 지붕을 설치 해 주시면 어떨까 하는 의견을 드립니다.
김원진,5,2022-10-07 14:55:35,아주유용하게 잘쓰고있습니다.17년부터 연간회원권을 끊어 사용중인데 너무 편하고 좋습니다.아쉬운점은 자전거 고장을 바로바로 수리가되었으면좋겠습니다 자전거에 사용후에 이상유무를 표시할수있는 표시를 할수있으면 좋겠습니다 사소한 결함들은 직접 수리해서 타기는하는데 가끔 타다가 문제가 생길경우는 조금 난감하기도합니다. 그래도 오랜기간동안 아주 잘 사용하고 있습니다 감사합니다.
Byung Seok Choi,5,2022-10-07 14:55:30,결재도 쉽고 좋아요~
정혜주,5,2022-10-07 14:55:27,1년 정기결제로 계속해서 사용하는데 1시간 안에 환승도 가능하고 너무 편리하게 잘 쓰고있습니다! 운동도 되고 너무 좋습니다~
김보선 (써니1113),5,2022-10-07 14:55:23,마일리지 적립이 잘 되지않는것 같습니다
Jinwook Choi,5,2022-10-07 14:55:21,상당히 편리하고 가격도 저렴합니다. 적자가 심하다고 들었는데 계속 유지해주셨으면 합니다 ㅠㅠ 수고하세요~
류용근,5,2022-10-07 14:55:19,공유형 자전거 대여시스템 시내 곳곳에 설치되어 편의성 굿!! 언제나 필요할 때 대여하고 가까운 곳에 반납 가능!! QR코드를 이용한 앱 이용이 편리함.
망고탱고,4,2022-10-07 14:55:11,"따릉이를 자주 사용하고 있습니다. 항상 감사합니다. 그러나 블루투스 연결이 한 번에 되지 않아 정거장에 한참 서서 여러번 시도해야 하는 경우가 많습니다. 빌리기 전에 당연히 무선 이어폰 연결 해제는 하고요. 그럼에도 바로 빌려지지 않을때 앱 껐다 켜기, 블루투스 껐다 켜기 등 게시된 메뉴얼대로 해도 계속 시도해야 겨우 빌려질때가 있어서 정말 힘듭니다."
ey cho,4,2022-10-07 14:54:39,가끔 오류가 나는것 외엔 만족합니다.
경아백,5,2022-10-07 14:54:36,유용하게 잘 사용하고 있어요 가끔 대여할때 연결이 안될때가 있어서 불편하지만 어플 껐다켜면 잘 됨
이수정,4,2022-10-07 14:54:34,항상 잘 사용하고 있습니다. 실시간으로 잔여 따릉이 대수가 업데이트 되는게 조금 느려서 그 부분 보완해주셨음 좋겠어요.
허병순,5,2022-10-07 14:54:30,사용하기 편리합니다 자전거현황 반영만 조금 빠르게 부탁드립니다
sseeooo kkin,5,2022-10-07 14:54:26,"바이크 사용 완료 후 탑승한 바이크에 대한 상태설명 및 후기 등을 적을 수 있게 해줬음 좋겠고, 그 후기를 통해 다음 사용자가 판단할 수 있게끔 하거나 수리를 진행하는 등 더 빠른 조치를 해줬으면 합니다."
김경휘,4,2022-10-07 14:54:18,고장차 등록도 할수있게 해주세요
이정수,4,2022-10-07 14:54:17,유용하게 잘 쓰고 있습니다~ 개선을 했으면 하는 부분이 있는데요. 자전거가 너무 무거워서 다리에 무리가 많이 가는것같아...좀 아쉬웠어요~안장도 너무 낮은게 많아서 허리도 아프고요~어렵겠지만~좀 가볍고 조금 더 높게 다면 좋을것같네요^^~
남경표,5,2022-10-07 14:54:13,자주 유용히 이용하고 있어요
차지혜,5,2022-10-07 14:54:13,진짜 몇년째 정말정말 잘쓰고있습니다. 유용하면서 환경보호 실천도 하는 느낌이라 더 좋습니다.
Risda Lee,5,2022-10-07 14:54:12,서울의 자랑~ 시민들의 건강과 추억을 만들어주는 따릉이~ 또한 자연친화적 수단으로 서울 내에 아주 유용한 교통으로 자리잡은 거 같습니다!!! 따릉이~ 😉👍
고등어,4,2022-10-07 14:54:05,앱 자체는 사용하기 편리하나 개인적으로 주변에 자전거보관소가 없고 설치 건의했는데 반영이 안 되어 이용하기 불편함
일하는곰 (일하는곰),5,2022-10-07 14:54:02,운동하면서 교통비도 절약하고 일석이조네요.^~^
최열매,5,2022-10-07 14:53:46,"앱 반응이 조금늦을때 , 대여취소가 바로안되는점 두가지 제외하고는 정말 만족합니다."
JAEHO SUNG,5,2022-10-07 14:53:43,항상 나의 발이 되어주는 따릉이 최고!
hyun Suh,5,2022-10-07 14:53:42,많이 개선되어서 따릉이주차장 위치나 이용할수있는 자전거대수 일반인지 새싹인지 등을 바로바로 알수있어서 좋아요 다만 걸어가는 와중에 자전거가 없어지는 경우도 있어서 초기처럼 5분이내 정도 제한을두고는 미리 예약하는 시스템은 다시 생기면 좋겠습니다
ᄋᄌᄋᄌ,5,2022-10-07 14:53:18,"따릉이 어플 개선되고나서 좋아졌어요. 출퇴근,가벼운 산책 등 따릉이 유용하게 쓰고있어요. 앱도 편리하고 빨라요. 자전거 반납시 오류난 적이 있는데 어플내 고객센터 연결로 쉽게 해결했어요."
soso Y,4,2022-10-07 14:53:15,일단 어플이 꽤나 빠르고 안정적이라서 좋아요 언제인지는 몰라도 업데이트 이후에 대여오류가 났을때 대여취소를 하면 더 빨리 취소가 되는것도 좋아요 정말 바쁠때 따릉이 대여가 안되서 시간을 많이 소비하게 되면 너무 힘들거든요ㅠ 근데 예전보다 QR인식이 잘 안되는것 같아요 제 핸드폰의 문제일까요..?
서진화,5,2022-10-07 14:53:07,"서울시민으로서 가장 만족하고 유용하게 활용중인 복지서비스입니다. 건강도 지키고, 환경도 지키고, 비용도 줄일 수 있어서, 서울시에서 제공하는 좋은 복지서비스를 많은 분들이 이용할 수 있도록 주변지인들에게 적극적으로 홍보하고 있습니다."
헝컹이,5,2022-10-07 14:53:04,"이용권 구매가 쉽다. 근처의 따릉이 정류장, 따릉이 개수를 한 눈에 알 수 있어 좋다. 그러나 따릉이 대여 시, qr코드 인식이 제대로 동작하지 않는다. 대여할때마다 따릉이 번호를 입력해서 빌린다."
리루리루,5,2022-10-07 14:52:58,가끔 연결 눈앞에있는 자전거가 대여소에 없다고 하는경우 제외하면 어플 사용하기 편하고 좋아요
조민주,5,2022-10-07 14:52:55,서울시민으로서 정말 편함. 가까운 거리 이동이나 바람 쐬기에도 좋아요. 자전거 재배치가 좀 더 활발하면 좋겠어요. 앞으로도 연간 이용권으로 꾸준히 이용할게요.
윤수르,5,2022-10-07 14:52:55,너무 잘쓰고있음. 근데 여전히 인식을 잘 못하는 경우가 자주 나와서 스트레스. 그리고 장소마다 고장난거 개수가 정확하지않아서 하나씩 다 해보면서 랜덤박스를 까야할때도있음. 그리고 안장을 얼른 다 검정색 고정으로 바꿔서 은색처럼 안꺼지게 만들었으면 좋겠다
김상규,5,2022-10-07 14:52:53,다 좋은데..아침과 저녁시간에 자전거 쏠림현상이 점점 심해지는거 같아요~출퇴근 시간이라 어쩔수없지만..개선해야할 부분이라 생각합니다.
ddory,5,2022-10-07 14:52:51,국가에서 운영하는 어플 중에 가장 실생활에 유용! 대신 qr인식에러 등등 디테일한 점은 아쉬울때가 많아요
민옥,5,2022-10-07 14:52:34,언제 어디서나 자전거를 탈수 있어서 좋아요 참 좋은 복지혜택이에요 정기권이 특히 편해요 앱 사용성도 나쁘진 않습니다 다만 자전거에 연결이 안되는 경우가 5번에 1번 정도는 있어서 그건 개선이 필요할거같아요
아다,5,2022-10-07 14:52:14,너무 잘 이용하고 있습니다^^ 건강도 챙기고 환경도 챙기고 따릉이 최고!!
오병식,5,2022-10-07 14:51:55,"어느곳이나 쉽고 간편하게 애용할수 있고, 특히 퇴근시 먼거리지만 한강 자전거도로 이용을통해 손쉽게 운동할 수 있어 최고!!!!!"
이동현,5,2022-10-07 14:51:50,없어서는 안될 필수앱!
서동섭,5,2022-10-07 14:51:35,자주 사용하고 있는데 가끔 오류가 나네요 그리고 고장 신고도 앱에서 간단하게 처리 할 수 있으면 좋겠네요.
문현승,4,2022-10-07 14:51:31,정기권 이용해서 잘 사용하고 있습니다~ 반납이 안되서 고객센터 연결했을 때 일요일인데도 빠르게 처리해주셔서 좋았습니다 ㅎㅎ 다만 아침 출근시간대에 자전거가 부족한 점이 조금 아쉬워요ㅠ
CheolHoon Park,5,2022-10-07 14:51:18,이용을 못하는 자전거가 있거나 자전거 자체가 무거운 이슈가 있겠지만 저렴한 가격으로 매우 만족합니다!
Brian,5,2022-10-07 14:51:17,서울따릉이 애용자 입니다 출퇴근시 이동수단으로도 좋고 가끔 마트 장보러갈때도 쏠쏠하게 이용하고 있습니다 따릉이 앱도 기존보다 편의성이 고도화되었는지 QR코드 인식률도 좋아졌고 무엇보다 대여와 반납이 손쉬워 자주 이용하고 있습니다
회색나무,5,2022-10-07 14:50:50,몇년째 잘 쓰고 있는 앱입니다. 가끔 인식 실패가 뜨긴 하는데 그냥저냥 쓸만합니다~ 요즘 타이어 바람이 없는 자전거가 많더군요. 고장 신고하기가 숨어있어서 다소 불편합니다. 반납화면에 고장 신고하기 버튼 넣어주세요~
Google 사용자,5,2022-10-07 14:50:43,초기 버전은 이것저것 에러도 많고 사용환경도 불편했는데 많은 점이 개선되었고 무엇보다 빠르게 대여반납이 가능해져서 좋네요.
김이슬,5,2022-10-07 14:50:41,따릉이가 시험 운행할때부터 이용하던 이용자 입니다. 몇년 째 너무 잘 사용하고 있습니다. 어플도 이용하기 편리하고 예전에는 미리 찜해두는게 가능했는데 요즘에는 그것도 안되서 공평하게 사용할수있어 좋아요. 임시 잠금도 사용할때 편리하고요. 출퇴근 인기 장소에서 따릉이 잡기가 너무 힘들어졌지만.. 암튼 잘 사용해서 오래오래 시민들과 함께했으면 좋겠습니다
CUBE CUBE,5,2022-10-07 14:50:29,아주 좋은 선택 나의 다리가 되는 따릉이는 출퇴근길 말고도 서울 어디서나 편리하게 사용가능하다는 장점이 있습니다. 따릉이를 적극 이용하고 사용하는 모든 분들이 건강하고 행복했으면 좋겠습니다
_송이송이,5,2022-10-07 14:50:25,월결제 끊어서 한달내내 저렴하게 자전거이용할수있어서 아주좋아요!!!
제이,5,2022-10-07 14:50:25,초창기때부터 항상 연간회원권 사용중인데 아주 굉장히 좋은 제도라고 생각합니다. 바람맞으며 운동하는게 제 삶의 행복이에요
Mond42 A,5,2022-10-07 14:50:24,저렴하게 쳔리하게 이용할 수 있어서 좋아요 따릉이 추가 설치 장소 제안도 받으셨으면 좋겠고 자전거길도 많이 생기면 좋겠네요
James Kim,5,2022-10-07 14:50:23,앱처리 속도가 빠름
Daewoong hwang,5,2022-10-07 14:50:21,사용하기 편하고 저렴해서 좋고 만족합니다
김우삼,5,2022-10-07 14:50:02,너무 좋은 시스템입니다. 잘 활용하고 있고 널리 사람들에게 전파하고 있습니다.
최호순,5,2022-10-07 14:49:56,"출퇴근시, 단거리이용시 너무 잘 이용하고 이습니다~너무 조아요"
제시카,4,2022-10-07 14:49:49,사용하기 편합니다
조용희,4,2022-10-07 14:49:48,연결이 좀더 빨리되었으면 좋겠습니다
& D T,5,2022-10-07 14:49:25,매번 편하게 잘 이용하고 있습니다. 가끔 연결이 1분 넘게 안되서 자전거를 못빌릴 때도 있지만 그건 자전거 노후화 문제도 있는 것 같고... 주기적으로 수리를 하시는지 낡았지만 잘 구동되는 자전거들이 있어 만족스럽게 사용하고 있습니다.
수현,3,2022-10-07 14:49:13,연세가 있으신 분은 앱으로 이용하는게 데이터가 없는경우 이용하는데 불편하고 와이파이가 되는 곳이 있었으면 좋겠어요 그리고 페어링이 오류났을때 빨리 다시 리셋되는게 너무 느려요 진짜 앱을 껏다켰다 반복해도 안되고 또 페어링 오류나는게 빈번하게 일어나고 반납장소가 어디는 몰려있고 다른곳은 거리사이가 너무 멀고 하루빨리 개선 되었으면 좋겠네요
지영손,5,2022-10-07 14:48:56,UI가 디자인이 미흡해 보여요 계속 업데이트 부탁드려요
Ju,5,2022-10-07 14:48:55,따릉이는 서울에서 없어서는 안될 존재입니다 하지만 많은 따릉이로 인해 관리가 모두 잘 될 수 없다는 건 알지만 바람이 많이 빠져있는 자전거들이 꽤 많습니다 .. 그리고 연결 과정에서 연결 실패가 뜨는 경우도 잦고요 이런 두가지만 해결하면 더욱 편리한 이용 가능할 듯 합니다 감사합니다
이영수,3,2022-10-07 14:48:51,"기능 자체는 예전에 비하면 엄청 발전했지만, 사용성이나 UI는 너무 옛날 스타일이다. 다른 공용앱들을 참조 해봤으면 좋을거 같다."
강북구소시민,4,2022-10-07 14:48:22,솔직히 편한거 인정 하지만 가끔 QR 인식이 안되거나 연결 실패시 취소 과정이 1분정도 걸림 그거 빼고 좋음
까리253,4,2022-10-07 14:48:08,"연결 속도나 전반적인 게 좋아져서 긍정적입니다. 다만, 큐알코드 인식 전에 고장자전거가 어떤 거인지를 알 수 있으면 합니다. 특히, 수십대가 거치된 정류장에서는 구분 작업이 필요할 듯합니다"
이다준,5,2022-10-07 14:47:56,합리적인 가격과 편리한 기기로 잘 애용하고 있습니다. 그런데 고장난 자전거가 늘어나는것 같아 수리자전거도 표시해 주셨으면 좋겠습니다.
JAMES IM,5,2022-10-07 14:47:55,언제 어디서나 자유롭게 이용할 수 있어 너무 좋아요
알찬생활,5,2022-10-07 14:47:48,매년 연간회원권으로 구입하여 잘 타고 다니고 있습니다. 장점이 더 많으나 단점이 있어 적어봅니다. 자전거들이 오래되다보니 고장부분이 있어 고장신고를 하게 되면 그 자전거가 잘 수리가 되었는지에 대한 피드백도 주시면 좋지 않을까 합니다. 신고를 해도 잘 수리가 되었는지를 알지 못한 상태로 다른 자전거들을 대여해서 타고 다니다보면 상태가 좋지 않은것들이 걸리는 경우가 많아서 조금은 아쉽습니다.
Jay Lee,5,2022-10-07 14:47:41,다소 느리고 불편한점이 있으나 잘쓰고 있음
찐콩귤,5,2022-10-07 14:47:40,개인적으로 따릉이 유용하게 사용중입니다 한가지 개선사항은 따릉이 반납시 따릉이 대여소를 찾으려고 할때 현재 제위치에서 먼곳은 지도상 표시가 안되고 있습니다 반납할곳이 자전거타고 1시간이동 후인지라 가기전 대여소의 위치를 지도로 보고자하나 먼거리에서는 위치표시가 안되어 불편합니다 개선되었으면 해요
심지현,5,2022-10-07 14:47:31,"가까운 거리는 항상 따릉이 타고 이용하는데, 덕분에 교통비가 30% 줄은것 같아요ㅎㅎ 매년 년결제로 타고다니는데 만족합니다"
김진수,5,2022-10-07 14:47:29,이용하기 너무 편리해요! 단 가끔씩 한번에 연결이 안되는경우가 있는데 그 부분 개선 부탁드립니다!
유진,5,2022-10-07 14:47:23,역시 따릉이는 동네에서 쓰기에 최고인어플인거같아요ㅜㅜ제발 없어지지않았으면좋겠어요ㅜㅜ
심교운,5,2022-10-07 14:47:11,매우 좋습니다. 실생활에 도움이 많이되네요. 앞으로도 지속 발전시켜 주세요.
JW LEE,5,2022-10-07 14:47:08,"따릉이를 5년간 사용해 왔는데 앱이 점점 발전되어 이제 오류도 적고 사용하기 정말 편합니다. 감사합니다. 다만 개선되었으면 하는 희망사항을 적어보자면, 1)페어링 실패시 몇 번이나 시도한 후에야 취소버튼이 나옵니다. 바로 취소가능하게 버튼을 만들어주시면 시간낭비 덜 될 것 같습니다. 대중으로 자리잡은 서울자전거 따릉이 응원합니다."
김윤범,3,2022-10-07 14:47:03,따릉이 앱 많이 발전되서 좋아요. 앱자체는 좋은데 블루투스 무선이어폰 워치 등에 혼선생겨서 연결안되는 문제가 너무 잦아요. 이 부분은 좀 개선해주세요
최은나,5,2022-10-07 14:46:54,출근마다 고마워요
JJAWONY,5,2022-10-07 14:46:52,우선 매일 출퇴근용으로 이용하는 1인입니다~ 요즘은 예전보다 블루투스 연결이 빠르고 이용하기 편해져서 좋습니다!! 계속 이용하고 싶어요!! 서울시에서 적자라고 하지만 요 따릉이는 시민들에게 소소한 편리함을 주는 고마운 자전거 입니다!!
권지현,5,2022-10-07 14:46:45,2년 전부터 애용 중입니다. 잠금장치가 있어서 어디서든 안심하고 일을 볼 수 있어서 정말 좋아요. 대중교통 후 자전거로 환승시 포인트가 쌓이는 것 같던데 아직 사용 전이라 이번에 이용해 볼까 합니다.
욱기는일상,5,2022-10-07 14:46:40,서울시내서 근거리 이용시 아주 유용하게 사용하고 있습니다. 아주 좋습니다. 이런게 제대로 된 시민을위한 복지라고 생각합니다. 앞으로 일부라도 전기자전거도 도입했으면 좋겠습니다.
El Nino Kim,5,2022-10-07 14:46:32,지구를 살리는 도구다
구명수,5,2022-10-07 14:45:50,서울시민의 친구인 따릉이 덕분에 가을을 한강에서 만끽중입니다. 감사해요
hawon chung,5,2022-10-07 14:45:41,가장많이사용하고잇는 가장최고의 앱이라고생각합니다. 따릉이 너무좋아요.
Jayden Ku,3,2022-10-07 14:45:36,"UX적으로는 무난하나 정책이 아쉬운 부분이 있습니다. 특히 일상생활에서 가장 자전거 필요한 때에는 항상 자전거가 없다던가, 추가배치를 요청하면 언제 배치가 될 건지, 이 정류소에는 몇 시에 자전거가 항상 부족하니 이를 대비해 몇시에 자전거를 더 배친한다든가 등이 아쉽습니다."
Seungwoo Cha,5,2022-10-07 14:45:31,"전반적으로 좋은 어플이고, 특히 현재 따릉이 정류소별 상황이 빠르게 연동돼서 정류소 선택에 도움이 됩니다. 블루투스 연동이 가끔 불안하고 메뉴 선택시 로딩시간이 좀 걸린다는 점만 개선하면 더 좋을 것 같네요 :)"
김명환,5,2022-10-07 14:45:29,짧은거리 편하고 저렴하게 이동할수있어서 좋아요
Choi MiJeong,5,2022-10-07 14:44:56,자주 이용합니다. 서울사는 이유죠! 덕분에 이동이 편합니다~!
Hyunjin Jang,5,2022-10-07 14:44:53,주위 대여소가 많아 쉽게 대여할 수 있어 여러달 정기권 구매하여 사용 하고 있습니다..
SAM KIM,5,2022-10-07 14:44:47,꾸준하게 잘 이용하고 있는 앱입니다. 점점 기능이 진화되어가고 있는거 같아 좋습니다
TV 빵꾸 (빵구야놀자),5,2022-10-07 14:44:46,대한민국 최고 발명품은 따릉이다
수정홍,4,2022-10-07 14:44:45,가끔 큐알 인증이 안될때가 있어서 바로 타지 못할 때가 있지만 그래도 잘 이용하고 있습니다
신정훈,5,2022-10-07 14:44:42,늘 저의 발이 되어 서울 곳곳을 편하게 돌아다닐 수 있는 따릉이! 지금은 앱 오류도 없고 연결 반납 모두 빨라서 불편함 없이 잘 사용하고 있습니다! 따릉이 감사합니다!
박상범,4,2022-10-07 14:44:39,많이 좋아짐
mini K,5,2022-10-07 14:44:21,따릉이 최공. 덕분에 안걸어도 되어요~~ 매달 정기결제중 ㅎㅎ 빌릴데도 주차할데도 많아서 접근성 좋음!
김세희,4,2022-10-07 14:44:06,1. 저렴하게 이용가능 2. 반복이용가능 ------------------ 1. 자전거 상태 및 보관소 상태 관리 필요
YunYun PP,5,2022-10-07 14:44:02,따릉이 자전거로 생활한지 5년 된거같아요. 이젠 없으면 안되는 필수요소가 되버렸습니다. 시스템이 바뀌고 오류도 가끔씩 나지만 점점 개선되는게 느껴집니다. 앞으로도 발전하는 따릉이가 되길 바랍니다.
김보연,5,2022-10-07 14:44:01,매일 잘 이용하고있습니다~~~
jw choi,5,2022-10-07 14:43:58,정말편리하게 이용하는 좋은시설입니다.
김덕보 (비행사),5,2022-10-07 14:43:50,서울시의 따릉이들이 고장에대한 정기적인 점검이 필요....앱은 만족합니다
파천,5,2022-10-07 14:43:49,가끔 자전거랑 연동이 안되는거 빼면 아주 만족합니다.
최원용,5,2022-10-07 14:43:36,편해요 싸요 건강도움도되고 정말 좋은 정책입니다 ㅎ
임루미,5,2022-10-07 14:43:26,따릉이 출시 초반부터 계속 사용하고 있어요~ 앱 리뉴얼 후에 블루투스 연결도 잘 되고 알림도 잘 와서 불편함없이 사용하고 있어요! 정기 이용권 구매해서 사용하는데 이용권 만료 일주일 전쯤 정도 해서 푸시 알림이나 앱 들어갔을때 팝업같은걸로 알려주면 좋겠어요!
Junyoung Heo,5,2022-10-07 14:43:19,자전거 연결(페어링)이 안될때 취소 버튼이 나올 때까지 시간이 1분정도인데너무 길어요.
임소영,5,2022-10-07 14:43:05,제 출퇴근은 따릉이를 이용하기 전과 따릉이를 이용한 후로 나뉩니다. 넘 만족하며 잘 쓰고 있읍니다..ㅠㅠ 회사에서 받은 스트레스 퇴근길 따릉이로 다 날리고 홀가분하게 집에 도착하곤 합니다.
이승희 (Siare),4,2022-10-07 14:43:03,언제나 출퇴근시에 잘 이용하고 있습니다! 항상 감사합니다!
HYUNHO PARK,4,2022-10-07 14:42:58,"많이 좋아지고 있어여, 다만 밤에 손전등을 키고 큐알코드를 인식할때는 잘 안 되어서, 이 부붐 개선되면 좋겠어요"
JS Han,5,2022-10-07 14:42:45,쓰기편하구 좋아요~!!
Kim무연,5,2022-10-07 14:42:42,편리하게 잘이용하고있어요
봉봉,5,2022-10-07 14:42:35,이제 따릉이 없이 못다녀요 너무 편하고 재밌네요
Joocheol,5,2022-10-07 14:42:25,일년 정기권으로 벌써 5년째 이용하고 있는데 멀지 않은 거리에 자주 이용하고 늦은 시간에 심야버스와 따릉이를 병행해서 귀가하기도 하고 교통비도 많이 절감되고 넘넘 좋습니다. 조금 아쉬운 점은 필요한 장소에 따릉이 전혀 없거나 하는 때가 종종 있어서 재배치가 좀더 원활하게 이뤄졌으면 하는 바람입니다.
박주용 (둥아범),4,2022-10-07 14:42:12,요즘 가끔씩 이용 및 반납처리 연동이 잘 안 되는 경우가 있습니다
전상훈,4,2022-10-07 14:42:00,걸어가기 애매한 거리 이동할 때 편리해요! 이전보다 따릉이 대여 정류소도 많아져서 더 편해졌구요 :)
jaehyun ye,4,2022-10-07 14:41:59,초기보다는 앱이 개선된 거 같습니다
이성남,5,2022-10-07 14:41:56,일단 기본적인 따릉이 서비스가 저렴하여 좋고 속도도 초기에 비해 매우 좋아졌음 QR코드 인식도 좋음. 딱하나 요즘 단점이 블루투스 이어폰을 쓰고 있으면 연결이 잘안되서 매번 끄고 다시 연결해야함
Lshatra Bunel,5,2022-10-07 14:41:56,이용이 쉽고 편리합니다.
박정현,5,2022-10-07 14:41:51,따릉이 아주 잘 쓰고있습니다.
SANG YUN LEE,5,2022-10-07 14:41:50,"따릉이는 정말 사랑입니다 서울시에서 적자가 나더라도 복지개념으로 접근을 하는게 맞다고 생각합니다 관련 인원들은 더 충원해주시고 시민들을 위해 예산을 충분히 확보했으면 좋겠습니다 탄소절감, 건강증진에 탁월합니다 대신 사용하는 사람들은 내것처럼 소중하고 안전을 유념해서 타는게 중요할 것 같습니다"
미네르바99,4,2022-10-07 14:41:43,가끔 QR로 인식이 안되서 대여가 잘 안되는경우가 있는데 그외에는 이상없이 잘되고 잘 이용됩니다.
황정현,5,2022-10-07 14:41:36,"근처 가까운곳에 이동할때 따릉이가 있으니 그런 점에 너무 편리하고, 나름 운동도 가능하니 좋습니다. 다만 패달이나 핸들이 균형이 안맞거나, 손잡이가 돌아가있는 자잘하게 상태가 안좋은 자전거들이 있는데, 이런 사소한것꺼지 신경쓰지 못하는점은 현실적으로 관리하기 어렵겠단 생각이 들어 아쉽고, 따릉이가 특정 장소에 몰려있고, 출,퇴근 시간때 엄청 많아지거나 엄청 없어지거나 하는데, 이런 자료가 있다면 이것을 토대로 따릉이 갯수를 조정하는건 어떤가 싶습니다."
예망,5,2022-10-07 14:41:35,6개월 이용권을 매번 사용중입니다. 가격이 너무너무 저렴하고 동네에 따릉이 정거장도 많아서 너무 좋아요. 하지만 가끔 인식오류가 날 때는 좀 짜증날 때도 있어요. 20번 사용하면 1번정도 오류가 나네요. 그래도 너무 잘 쓰고 있습니다. 따릉이 덕분에 삶의 질이 많이 상승 했어요 감사합니다 💙
Sumin Park,4,2022-10-07 14:41:33,"따릉이 처음 등장때부터 사용했었는데, 처음보다 앱이며 이용부분이 엄청 쉬워지고, 오류도 많이 줄었음. 업데이트와 블루투스(이어폰을 끼고있음 오류생김) 부분만 주의하면 이용하는데 큰 어려움이 전혀 없음."
미매리,5,2022-10-07 14:41:31,따릉이 최고!!!! 직장인이라 운동하기가 애매한데 점심시간에 유용하게 타고 있습니다. 도둑 맞을 걱정도 없고 간편해서 정말 좋습니다. 요즘 따릉이 관리도 잘되어 있어서 바퀴 바람도 빵빵해서 잘 나가요!
Daytona,5,2022-10-07 14:41:26,간혹 연결안되서 두번 한적두 있지만 사용하기 편리함
wongee choung,5,2022-10-07 14:41:26,서울시에서 만든 정책중 단연 으뜸..
Google 사용자,5,2022-10-07 14:41:22,잘 사용중입니다
김헌웅,5,2022-10-07 14:41:15,"블루투스로 연결해서 잠금 풀리고, 대여소에서 자전거 잠그면 자동으로 반납처리되는거 정말 신기하고 편리해요."
정석전,5,2022-10-07 14:41:11,따릉이 초창기부터 정말 잘 이용하고 있습니다. 하지만 여전히 페어링 잘 안될때가 많이 있고 앱또한 최적화가 미흡한건지 무거운 감이 있습니다. 추가적으로 앱기능 요청사항에 내비게이션 기능이 개발되면 좋겟습니다. 따릉이를 타고 다니다가 길을 모를경우 네비 어플을 따로 키는 경우도 있고 네비게이션 기능을 넣었을 경우 시간 연장을 위해 대여소 찾는것도 유용할것같습니다. 항상 응원하고 더욱더 발전되는 모습으로 다가와줬으면 좋겟습니다. 감사합니다.
움파핫,5,2022-10-07 14:41:03,"2017년부터 오랜시간 이용해서 그런지, 저는 서울시 사업 중에 따릉이가 가장 효용성있다고 생각해요. 단, 고장/방치신고자에 대한 대우가 필요해요. 바쁜 시간 쪼개서 신고를 한 보람이 있었음 좋겠어요! 그러면 주민자치로 운영할만한 힘도 기를 수 있지 않을까요?"
Eunsun So,4,2022-10-07 14:40:56,너무 잘 사용하고있습니다:) 그런데 간혹 QR이 인식되지않고 번호를 직접 입력해도 시간이 걸리는 경우가 있습니다. 또한 연결되지않아 취소하려는데 바로 되지않더라구요. 이외엔 너무 만족합니다
Claire Kim,5,2022-10-07 14:40:54,"따릉이 앱 정말 편하게 잘 이용하고 있습니다. 다만 아쉬운 점이 있다면, 자전거 대여에 문제가 있어 대여취소 후 다른 자전거 대여를 시도해야 할 때 시간이 오래 걸립니다. 취소 버튼이 뜨는 데 시간이 꽤 걸리는데 이게 개선되면 훨씬 좋을 것 같아요! 아주 긴 시간은 아니지만 제가 주로 출근길에 이용하다 보니 가끔 마음이 급할 때가 있었습니다 ㅎㅎ"
E j Choi,5,2022-10-07 14:40:40,따릉이를처음탈때부터지금까지 점점좋아지고 있어요 늘 잘 애용하고 있어요
Yousang Lee,5,2022-10-07 14:40:30,몇년째 잘 쓰고 있고 계속 개선해 나가서 편하게 쓰고 있습니다.
이기호,5,2022-10-07 14:40:29,저렴해서 좋네요
김성원,5,2022-10-07 14:40:29,편리해요
jh lee.,5,2022-10-07 14:40:11,좀 기어가 적어서 힘들긴하지만 나름 한강다니기 너무 편하고 좋아요
J satisfied,5,2022-10-07 14:40:10,"사용 편리해서 매년 1년정기권으로 이용중인데, 대여소에 자전거가 없는곳은 없고 있는곳은 너무 많고.. 빠른 이동배치가 필요합니다. 한강 자전거도로 가까이 대여소가 있으면 더욱 편리하게 많은 사람이 이용할겁니다."
조이,5,2022-10-07 14:39:59,따릉이는 사랑입니다!!!
초안솔져,5,2022-10-07 14:39:45,따릉이 너무 편하게 잘 사용하고 있어요 단점은 자전거가 몰려 있다는거 입니다. 대여장소에 가면 있는곳은 너무 많이있고 없는곳은 한대도 없는 경우가 많아요 그리고 따릉이 앱은 내가 반납할곳이 멀리있으면 지도에 표시가 안되어서 불편 합니다. 앞으로도 잘 이용 하겠습니다
최종수,5,2022-10-07 14:39:26,제가 이용해본 공공시설 중에서 제일 접근성도 좋고 활용도도 높으면서 만족도도 너무 높은 따릉이 입니다. 가격도 저렴하고 다양하고 간편한 결제시스템에 이용에 대한 선택지도 다양해서 운영시스템에 대해 많은 고민과 노력을 해주고있다는걸 느끼며 감사히 타고있습니다. 앞으로도 꾸준히 이용할 수 있게 잘 유지시켜주시길 바랍니다.
정현수,5,2022-10-07 14:39:24,아주 유용하긴 하나 가끔 큐알코드인식이 잘 안될때가 있음
정희수,4,2022-10-07 14:39:13,블루투스 이어폰 사용중 연결안되는 것좀 개선해주세요
구검덩,5,2022-10-07 14:39:12,잘 이용하고 있네요 굿잡 👍
Matt Lee,5,2022-10-07 14:39:09,사용이 편리하고 늘 개선됨
s. Hong,5,2022-10-07 14:39:09,따릉이 가끔씩 잘 사용하고 있어요! 시민의 발이 되어 주는 따릉이 서비스 운영해 주셔서 감사합니다 :)
허찬미 (Only Praise),5,2022-10-07 14:39:07,1년단위로 결제하여 사용중인데 출퇴근시 전철역까지 이용하는데 안성맞춤이에요. 자전거가 좀 무겁고 자주 고장난다는게 흠이긴하지만 효용성은 굉장히 좋아요.
윤여천,5,2022-10-07 14:39:02,따릉이 잘타고 있습니다. 앱은 사용하기 편하게 되어있네요
giilgoon,5,2022-10-07 14:38:42,"서울 많은 곳에서 이용할 수 있는 따릉이! 연 정기권 등록하고 사용중입니다. 부모님 댁이 걸어서 가기 참 애매한데, 반찬이나 간단한 물품 받으러 다녀오기 참으로 편합니다. 또 와이프가 심부름 시키면 어디 가서 사오기도 편하구요! 차가 막힐 때는 버스에서 내려서 타고 가면 훨 빠를 때도 있습니다. 어플은 가끔 대여 신청을 해놓고 기다릴 때 안될 경우도 있지만, 대부분 다 되구요! 사용하는데 큰 어려움이 없습니다. 서울시민 필수 어플 및 자전거가 아닌가 싶습니다."
Lee Diego,5,2022-10-07 14:38:06,초기에 비해 괄목할만한 성장. 너무 쓰기 편합니다.
한강수영,5,2022-10-07 14:37:49,4년째 따릉이 이용하고 있습니다. 서울시의 따릉이정책 너무좋습니다.
아사이베리크로플,5,2022-10-07 14:37:41,"모든 결제가 간편하고 대여,임시잠금 등등을 간편하게 쓸수있어서 정말 좋습니다!"
김알레그로,5,2022-10-07 14:37:36,서울시 최고의 복지 따릉이 사랑해요♡ 2세대 따릉이 체결. 임시잠금 넘 좋아요.♡
최경민,5,2022-10-07 14:37:28,좋아요.
노유민,4,2022-10-07 14:37:21,서울 도심에서 블투 연결이 안되는 현상 빼면 매우 잘 사용중입니다. 서울시장은 따릉이를 절대 폐지하지 말기를 바랍니다.
JEON CHARLIE,4,2022-10-07 14:37:19,좋은 앱이지만 너무 느리고 오류가 많아서 별 하나 빼요.
yowon choi,3,2022-10-07 14:37:10,블루투스 연결 잘 안될때가 많아서 조금 불편합니다. 특히 매번 이용할때마다 qr찍는거 보다 번호입력하는게 빠르게 연결되어 그렇게 이용하고 있는데 qr만으로도 빠르게 연결되게 개선되었으면 좋겠네요 ㅎㅎ
웹툰작가키몽,5,2022-10-07 14:36:28,처음에는 번거롭고 별로인 UI랑결제방식이라 속터졌는데 갈수록편해지고 설치된장소도 많아져서 너무 애용하고있어요~! 여친이랑데이트할때도 좋구요 나중에 전기자전거도나오면 너무좋을거같아요 따릉이최고최고~
유영근 (GodPlay),5,2022-10-07 14:36:16,싸고 좋다
소소한,4,2022-10-07 14:36:11,이용에 만족이 높음
daizy JU,5,2022-10-07 14:36:11,예전에는 등록한 신용카드에서 핸드폰 앱으로 대여하는 방식으로 바껴서 정말 편해요. 앱에서 대여소마다 자전거 대여갯수 파악 할 수 있는 점도 편하구요. 다 좋은데 한가지 개선요청을 드리자면 앱을 통한 고객센터 업무도 가능해졌으면 좋겠어요. 예를들 통신 에러로 반납이 안될 경우 앱에서도 처리가 가능했으면 좋겠어요.
NOMI KIM (NOMI),5,2022-10-07 14:35:31,"출퇴근, 약속에 항상 애용하고 있습니다. 간혹 어플에서 문제가 발생하면 곤란할 수 있는데 다른 어플들과 달리 오류가 적고 이용하기 편해 좋고 특히 상담원들 응대가 빠르고 친절합니다. 작년에 일부러 역세권보단 따세권으로 집을 골라 이사도 했습니다. 대만족이었습니다. 그러나 곧 지방으로 내려가게 되는데 편리했던 따릉이가 가장 아쉽고 생각날 것 같습니다."
장민규,2,2022-10-07 14:35:27,"QR 로 바뀐것 까진 좋았으나 인식이 안될때가 있고, 잠궈도 앱에서 연동이 안되거나 반납했음에도 처리가 안되는 현상이 잦음. 자전거 수를 제대로 표시 못할 때가 있음."
다미아노s,5,2022-10-07 14:35:26,서울 거주하신다면 필수에요ㅎ차막힐 때도 좋고 운동할 때도 좋고ㅎ연인/가족/친구 함께 이용해보세요ㅎ교통비용 아낍니다
Skidrow Skidrow,5,2022-10-07 14:35:25,따릉이를 잘 사용하는 사람입니다. 매일 운동 가는 길에 사용하는데 준비운동겸 하체 단련을 위해 사용하고 효과도 보고 있습니다. 따릉이 개발자와 관리하는 모든 분께 감사드립니다.
BBON RI,5,2022-10-07 14:35:11,사용할 때마다 어플이 원활하게 구동되네요. 이전에는 답답할 정도로 느리고 꺼지고.... 사용하기 수월해져서 어플도 칭찬해! 따릉이 공공 서비스도 칭찬해!
한재국,4,2022-10-07 14:35:11,따릉이 사용에 있어 너무 편리하고 좋습니다. 적극 추천합니다. 다만 블루투스 인식이 잘 안되는 점은 개선해 주시기 바랍니다.
sangho lee,5,2022-10-07 14:34:55,몇년째 정기적으로 이용하고있습니다. 곳곳에 대여소가 있어서 정말 편하게 사옹하고있습니다. 혹시라도 사용하실분들은 꼭 2시간으로 결제해서 사용하시길 추천드립니다 깨끗하게 관리해주셔서 감사합니다
전용철,5,2022-10-07 14:34:26,무척 편리하고 자주 이용하고 있습니다. 환경을 생각하고 건강을 생각한다면 따릉이 강추!!
Sujung Jung,5,2022-10-07 14:33:57,애매한 거리이동하기에 너무 편하고 좋앙노
dudu du,5,2022-10-07 14:33:54,진짜 따릉이는 사랑입니다.. 다만 앱에서 QR인식이 잘 안될때가 많아졌어요..
0 gak,5,2022-10-07 14:33:51,서울살아서 너무 좋음 편리함
Ki tae Sohn,5,2022-10-07 14:33:48,굿굿
JT Kim,5,2022-10-07 14:33:46,가까운 거리 이동할때 한강 나갈때 아주 편하고 좋아요 한시간마다 반납후 재대여하면 계속 이용할 수 있는것도 좋아요
Michael Nam,5,2022-10-07 14:33:39,탈수록 매력에 빠져드는 안전한 자전거... 따릉이 입니다. ^^
youngsam kim,5,2022-10-07 14:33:34,공공... 공유...집에 자전거가 있어요. 그렇지만 필요할때 타기 시작하고 반납하고 홀가분하게 움직일수 있는 건 차원이 다른 유쾌함. 따릉이 앱의 편리한 이용환경은 덤. 집문을 나서며 인근 따릉이 정류소의 상황을 확인하고 발걸음의 방향을 결정할수 있는 유능함. 길을 지나다 따릉이 정류소를 만나면 이동 방식을 즉각 변동시키는 즉시성. 점점 확충되어가는 자전거 도로. 따릉이가 시민들의 애용품이 되면서 만들어지고 있는 변화.
임재효,5,2022-10-07 14:33:32,너무 좋아요 고장 관리만 더 잘되면 더 좋을 것 같아요
hs Ji,5,2022-10-07 14:33:23,1. 페어링 실패시에 취소 버튼이 바로 나오지 않는 점이 불편합니다ㅜㅜ 취소 버튼이 바로 나오면 훨씬 빠르고 편리하게 다른 따릉이 이용이 가능할 것 같습니다. 2. 앱 가동속도가 전반적으로 느립니다. 무거운 느낌이랄까요? 정말 많은 사람들이 이용하는 앱인데..조금더 어플 이용 속도에 힘을 보탤 필요가 있다고 생각합니다! 그럼에도 불구하고 그동안 많은 개선을 통해 어플 사용이 편리해진 점은 확실합니다. 이용자의 편리를 위해 노력해주시는 점에 대해 늘 감사하게 생각하며 사용합니다^^ 감사합니다!
김민지,5,2022-10-07 14:33:15,예전에는 로그인이나 결제부분이 복잡하고 느랴서 만족스럽지 못했는데 현재는 그런 단점들이 많이 보완된거같아 만족스러워서 1년권을 구매했고 지금 현재 만족하고 있습니다
김예진,5,2022-10-07 14:33:14,언제 어디서나 가까운 대여소를 통해 퇴근 또는 운동으로 너무 잘 이용하고 있습니다.
Sun Na,5,2022-10-07 14:33:11,따릉이 완전 유용 합니다. 앱 활용도 점점 개선되고 있어 좋습니다. 적극 추천합니다^^
강유지,4,2022-10-07 14:33:11,블루투스를 안켜놓고 있다가 따릉이 앱을 사용할 때 키면 렉이 심해요
jaeyoon Lee,5,2022-10-07 14:33:08,따릉이 때문에 집 자전거를 전혀 안탑니다 너무 편하고 좋아요
정재관 (JaeGwan Chung),5,2022-10-07 14:32:48,출퇴근 유용하게 이용합니다..
기영훈,5,2022-10-07 14:32:45,역세권이 아닌곳에서 사는 저에겐 없어서는 안되는 존재입니다. 항상감사해요😁
최은비,4,2022-10-07 14:32:42,따릉이 1년 정기권 끊어서 매일 타고있어요. 따릉이 최고입니다. 어플에 한가지 단점이 있는데요 QR 인식 실패 빈도가 너무 잦아요. 한번 실패하면 계속 실패해서 앱 자체를 껐다가 켰다가 몇번씩 해야 성공 할 때도 많더라구요.. ㅠㅠ 이것만 좀 보완되면 좋겠어요
warng hun,5,2022-10-07 14:32:35,유용하게 너무 잘쓰고 있습니다
신은선,5,2022-10-07 14:32:25,따릉이 애용자로서 훌륭한 개발앱이라 생각합니다.다만 자전거를 이용할때 불편함이 앱개발자가 아니라 관리업체에게 바로 연결되고 시정되면 좋을것같습니다.
신관철,5,2022-10-07 14:32:22,주위에서 쉽게 접근할수 있고..... 문제 발생시 고객센터분이 친절해서 좋습니다.
Lee Yungyoo,5,2022-10-07 14:32:20,구동시간도 빨라지고 반응도 개선되는것같습니다. 다만 요즘도 번호 넣고 인식못하는경우가 있어요.
진선미,5,2022-10-07 14:32:15,저는 불편없이 잘 이용하고 있습니다 지역이 서울 끝이라 경기도근처로 갈 일이 있을때 24시간 혹은 12시간권이 있었으면 좋겠다 하는 바램이 있어요 ^^
Mark Shin,5,2022-10-07 14:32:01,하루 천원 결제시 시간 내 반납하면 24시간 사용가능 한 점이 정말 좋습니다. 출퇴근용으로 사용할때 많은 도움이 됩니다.
엄윤애,5,2022-10-07 14:32:00,근거리 이용할때 유용함
하지현,5,2022-10-07 14:31:48,"출퇴근, 짧은 거리 이동할 때마다 사용하고 있어요~ 직장 옆에 대여소가 있어서 편하게 쓰기가 좋습니다. 1시간 내에 반납하면 하루에 반복해서 쓸 수 있는 점도 좋아요! 다만 출퇴근 시간에 자전거가 없어서 못 이용할때가 많은데 이런 수요를 고려해서 대여소마다 자전거 수가 적절히 배치되면 좋을듯합니다. 앱도 사용하기 편리해요"
즐거우니,5,2022-10-07 14:31:47,따릉이는 진리임
HyunAh Jung,5,2022-10-07 14:31:41,몇년째 너무 잘쓰고있습니다ㅎ 가끔 페어링이 실패하는 자전거는 원인이 뭔지 써있었으면 좋겠어요ㅠ 정류장에 자전거 딱 하나있는데 연결 실패했다고 대여 안되면 답답해요
허한아,5,2022-10-07 14:31:36,너무 잘 쓰고 있어요 꼭 필요한 서비스정책이라고 생각합니다!!
Seung Ju Lee,5,2022-10-07 14:31:33,연결 오류가 지속되고 있어요. 반납 푸시도 제 때 오지 않아요.
안교순,5,2022-10-07 14:31:12,이제는 생활에 없어서는 안될 존재가 되어버린 필수 앱&시스템이죠..^^
김수연,5,2022-10-07 14:30:57,너무편하게 잘이용하고있어요 감사합니다♡
Sean Lee,1,2022-10-07 14:30:55,앱을 2017년쯤부터 쓰고 잇기는 한데 정말 5년간 앱 UI며 안정성이며 어느하나 이렇다할 발전 없는 부분은 정말 칭찬하고 싶어요. 부트캠프 주니어 개발자들도 이것보단 잘 만들거에요 ㅋ
이정혁,5,2022-10-07 14:30:48,따릉이가 있는 덕분에 애매한 거리를 대중교통 통해서 이동하지 않아도 되어 정말 애용하고 있습니다 초창기부터 써왔는데 앱 ui도 계속 발전하고 있으며 점점 더 사용이 편해지고 있어서 아주 만족하면서 쓰고 있습니다 다만 페어링이 잘 안 될 때가 있어서 그것만 개선해주시면 참 좋을 것 같습니다
최종윤,5,2022-10-07 14:30:39,너무좋아요 건강 공해 그리고 힐링 지금처럼만 해주시고 제발 계속 유지시켜주셔서 서울시민건강 서울공해에 도움되는 따릉이 되었으면 합니다!!
박휘현,5,2022-10-07 14:30:04,앱이 사용하게 편리하고 오류도 없어요
박철규,5,2022-10-07 14:29:59,진짜 최고
young choi,4,2022-10-07 14:29:36,매우 잘타고 있지만 출퇴근시간 집앞에는 없고 회사앞에는 많은 현상이 자주있어서 찾아타기 너무 힘들어요. 이런부분을 조사해서 수시로 옮겨주는 지역별 서비스가 좀더 원활해졌으면 합니다.
문지명,5,2022-10-07 14:29:01,최고에 발명품!!!!!!
이홑,5,2022-10-07 14:29:00,항상 편리하게 이용 잘 하고있습니다!!
yunmi kim,5,2022-10-07 14:28:59,완전 애용합니다. 봄부터 가을까지 매년 반년 결제하는데 따릉이가 있는 삶과 없는 삶이 달라요~🥰
PyoungGang Jeong,4,2022-10-07 14:28:47,초창기부터 좋은 취지라고 생각해 이용했다가 참담한 수준의 앱 접근성과 편의성에 포기했던 사람으로써 지금의 따릉이는 초창기에 비해선 많이 편의성이 개선되었다고 생각합니다. 결제도 빠르게 되고 따릉이 현황이나 빠른 반납과 예약 대여까지 그래도 예산을 들인만큼 늘어나는 개선점이 보여서 다행이라고 생각합니다. 아직 남아있는 몇가지 개선점이라 한다면 따릉이 대여시 기다리기만 하고 무응답하는 부분이랑 QR로 할때 카메라 인식률이 더 개선되면 좋을것 같네요. 그리고 고장신고에 대해서 좀 더 편리하게 할수 있으면 좋을것 같네요. 따릉이 예산이 많이 줄어든걸로 아는데 그래도 늘 고생하시는 행정 관계자분들 화이팅입니다 :)
indol k,5,2022-10-07 14:28:40,잘사용하고 잇어요
SANGYUL LEE,4,2022-10-07 14:28:38,앱사용후 정지시킬때 가끔 오류가 납니다 그런점만 시정해주시면 더 사용하기 좋을듯 하네요
EGO,4,2022-10-07 14:28:37,가끔 큐알작동이 안되서 번호로 적을때 앱오류가 나는 경향이 있어요. 거치대에 자전거가 없을때만 추가배치 요청이 가능한데 1~2대 남았을때 추가배치 요청 가능하면 좋겠어요.
김지현,5,2022-10-07 14:28:28,편리하고 좋은가성비
이호진,5,2022-10-07 14:28:27,굳
서유림,5,2022-10-07 14:28:15,너무나도 합리적인 대여료로 자전거를 이용할 수 있어서 만족하고 있습니다! 출퇴근 밀리는 시간 대중교통 기다리는 것보다 훨씬 빠를때도 있어요~ 가끔 너무 한곳에만 몰리고 관리가 필요한 자전거들이 많아서 대여할때 시간이 많이 소요된 적도 있지만 점차 대여소도 많이 늘고 관리도 잘돼서 좋습니다.
Alexander Jun,5,2022-10-07 14:28:13,너무 편리해용~~
시감,5,2022-10-07 14:27:34,3년째 이용중인데 어플에 따릉이 갯수와 위치가 잘 표기되어서 이용하기 편하고 좋아요. 오래 이어졌으면 좋겠습니다~
김우연,5,2022-10-07 14:27:32,따릉이 사랑해요 근데 가끔 인식이 너무 느려서 속상해(힝) 그래도 사랑해요
찐이,5,2022-10-07 14:27:09,따릉이 좋은앱이죠 편리해요 추가시간을 쉽게하면 더좋을듯
단단인간,5,2022-10-07 14:27:01,따릉이 사랑해요 따릉이 영원하자 따릉이 번창하자. . . 제가 따릉이 초기 사용자인데 그때(5년 전)에 비하면 앱 사용 자체가 굉장히 쾌적해지고 편리해졌음을 실감하고 있습니다! 편리성이 계속 발전하는 것 같아 앞으로도 기대가 됩니다. 다만 임의로 잠금할 수 있는 기능을 사용할 시에는 대여시간이 일정 시간 정지되는 기능이 추가된다면 더할나위없이 좋을 것 같습니다👍 항상 따릉이를 쾌적하게 사용할 수 있도록 관리해주시는 관계자 여러분들께 감사드립니다!!!!!
Hwakyung Lee,5,2022-10-07 14:27:01,따릉이 오래 전에 쓰다가 요즘 다시 사용하는데 대여/반납도 쉽고 어플 사용이 넘나 편해졌어요~ 가끔 QR 대여가 안되는데 번호로 대여하면 잘 되네요!
Google 사용자,5,2022-10-07 14:26:51,생활에 꼭 필요한 어플 따릉이 너무 편리하고 좋아요 얼마전 버스 지하철 없고 택시도 안잡히고 따릉이로 집까지 잘왔네요
L바위,4,2022-10-07 14:26:48,감사히 잘 이용하고 있습니다~ 와이파이에서도 이용이 되면 좋겠어요!
소현조,5,2022-10-07 14:26:30,약 4년 가까이 타오고 있는데 서울 중심가에서는 퇴근길 따릉이 찾기 힘을정도로 많은 사람들이 이용하는듯 하네요 저도 같이함께 이용하면서 몸무게도 빠지고 건강도 좋아지고 교통비도 절약하고 1석3조네요 ㅎㅎ 언제나 감사해요 그리고 요즘 9월달 업뎃 된 후로는 블루투스로 음악 듣는 중 동시에 QR코드 입력이 안되네요
진국,5,2022-10-07 14:26:28,가끔 이어폰 끼고 하면 연결이 잘 안되거나 반납이 잘 안될때도 있지만 이 어플 덕분에 가는 시간 단축도 되고 빌리기도 편해서 잘 쓰고있습니다
Sangsoo park,5,2022-10-07 14:26:10,"출근 할때마다 타는데 너무 좋아요! 특히 강동, 송파는 자전거타고 다니기 최고!"
뽈올오,5,2022-10-07 14:26:09,좋고 편리해요.
나나야,5,2022-10-07 14:26:06,항상 만족하며 잘타고있습니다ㅎ
Wade,5,2022-10-07 14:26:00,몇년째 잘 쓰고있어요 감사합니당
김영웅,5,2022-10-07 14:25:38,따릉이 초기부터 지금까지 잘 사용하고 있습니다 큐알방식이 도입되면서 더욱 편해졌어요 대부분의 자치구가 도로끝쪽이나 보도일부를 자전거도로라고 만드는 바람에 이용에 제한이 있는 것은 사실이나 가까운 거리를 교통체증없이 이동할수 있고 운동도 되며 탄소배출을 줄이는데 일조할 수 있다는 잇점이 있어 더더욱 좋은거같습니다 따릉이 자전거 요즘 엄청보이더라구요~ 청소년이나 어린이들은 새싹이 타고 다니는 것도 많이보이고요~ 한가지 아쉬운점은 자전거 대여소별로 이용가는자전거 쏠림현상이 발생한다는 것입니다 차에싣고 강제로 옮겨 순환배치하고 계시는건 아는데 없는곳은 항상 없는경우가 많네요 앱에 자전거 보충요청 기능 추가 및 모니터링 후 보충수요 타당여부 확인후 자전거 순환배치시 반영하는 것도 좋을것같습니다
S Lee,5,2022-10-07 14:25:34,따릉이는 사랑입니다. 내 세금 소중하게 써주셔서 감사합니다.
양명희,4,2022-10-07 14:25:19,덕분에 30분 이내 거리는 무조건 따릉이를 애용하는 회사원입니다. 가끔 접속에 문제가 있어 몇번씩 대여취소를 했다가를 반복 하는 경우만 해소 된다면 더욱 좋을것 같아요~^^
김명선,5,2022-10-07 14:25:18,정기권은 정말 짱인것 같아요. 필요할때 요긴하게 잘 쓰고 있습니다. 요즘은 이용자가 많아져서 출퇴근 때 이용할려면 전쟁이네요~~
정동현,5,2022-10-07 14:24:43,너무 좋아요. 매일 사용하고 있습니다.
Boseok Hong,4,2022-10-07 14:24:41,서울시에 없어서는 안될 공유자전거 따릉이!! 정기권으로 너무너무 잘 이용하고 있습니다. 시민들의 이동권 확대에 큰 도움이 된다고 생각합니다^^ 다만 가끔 QR인식할때 연결이 원활하지 못한 부분은 계속 보완이 됐으면 합니다.
이혜영,5,2022-10-07 14:24:39,"예전보다 앱에서 사용가능한 기능들이 많아졌고 성능도 많이향상되었습니다. 한가지.. 앱은 아니고 따릉이 종류에따라 페어링되는 수준, 소도차이가 많이납니다. 3번으로 시작하는 자전거는 페어링이 잘되는반면 5번으로 시작하는 것들은 오류가 자주 발생하네요. 신경써주셨으면 좋겠습니다. 초기부터 이용했던 이용자로서.. 전반적으로 점점 나아지고 있어서 참좋습니다."
youngin kim,5,2022-10-07 14:24:37,"출,퇴근하거나 여가시간에 유용하게 이용하고 있습니다. QR체크도 편리하고 언제 어디서든 쉽게 접할 수 있는 점이 좋습니다. 서울자전거 따릉이 너무 좋아요😆"
JAAB,5,2022-10-07 14:24:31,출퇴근길 항상 너무 큰 도움을 받고 있습니다 세금 낸 보람이 있네요
이준하,4,2022-10-07 14:24:06,사용하기 편리합니다. 자전거관리에 좀더 신경써 주시면 좋겠어요
Quixote Park,3,2022-10-07 14:24:04,블루투스 연결이 안될때가 가끔 있어 불편합니다
김슬지,5,2022-10-07 14:23:59,대여소가 많아서 대여하고 반납할때 장소 구애없이 잘 이용하고 있습니다. 자전거를 정말 저렴하게 대여할 수 있다는 점이 제일 좋았고 고장난 자전거 빠른 시일내에 수리라던지 문의사항시 24시간 콜센타를 이용할수 있다는 메리트가 있어 자주 이용하고있습니다. 자전거 성능도 좋아서 가성비 정말 최고입니다! 앞으로도 계속 이용할수 있으면 좋겠습니다^^
양석현,5,2022-10-07 14:23:40,"2년 넘게 따릉이를 애용중인데, 자전거 정류장도 많아서 원할때 어디서든 골라서 탈 수 있고, 가격도 서비스에 비해 너무 합리적입니다. 고장 자전거의 수리도 빠르게 처리되고, 오히려 개인 자전거를 보유하는 것보다 더 좋다는 생각이 듭니다."
IRe Lee,5,2022-10-07 14:23:35,앱 사용성이 점점 좋아지고 있네요. 초창기에는 정말 힘들었는데... ㅎ 발전하고 있어서 좋아요!
원윤재,4,2022-10-07 14:23:31,잘쓰고 있습니다 다만 와이파이 망에 있다가 해제된 이후에 블루투스로 따릉이에 연결하는데 실패하는 오류가 있어서 항상 비행기모드를 켰다 끄건 합니다. 연결이 좀 더 잘되면 더 좋을 것 같습니다
P Passion,5,2022-10-07 14:23:30,항상 즐겁게 이용하고 있습니다. 출퇴근 시간을 절약해줄 뿐만 아니라 별도의 시간을 할애하지 않고 운동효과도 얻을 수 있어 일석이조입니다.
hs kim,5,2022-10-07 14:23:26,어떤 정류소까지 갈건지 정하면 길 안내 해주는 네비게이션 기능도 생겼으면 좋겠어요! 아니면 외부 네비게이션(자전거 모드) 앱으로 연결되는 기능이면 좋을 것 같네요 ㅎㅎ 그 외에는 초창기에 비해 기능도 많이 개선되고 오류도 현저히 줄어서 너무 좋아요~~ 이대로만 쭉 함께해주세요!!
엄대중,5,2022-10-07 14:23:03,너무 편리하고 친환경 지구 지킴이. 짱이에요!!!!
Jieon Lee,5,2022-10-07 14:22:48,"공공 자전거 따릉이가 최고인 이유 - 1년 3만원에 사실상 마음껏 사용하는 비용은 거의 공짜에 가깝다 (세금 지원이 되기 때문일터) - 개인 자전거 사면 요즘 자전거 비용 결코 싸지 않고, 주차 문제(도난, 부식)에 유지관리가 만만치 않다 - 서울에 따릉이 스팟이 상당히 촘촘하기 때문에 픽업과 주차가 상당히 좋다(스테이션은 점차 확대 중) - 몇년 시행했는데도 자전거 상태가 상당히 양호하다(내구성이 좋다) - 서울시 자전거도로 (우선도로) 인프라가 전보다는 나아졌다(자동차 운전자의 배려 필요) 결론: 1년에 별로 안 타더라도 3만원 무조건 내고 쓰자. 따릉이에 예산 아끼지 말자. 공공 자전거야말로 진정한 기후변화 대책이다."
daniela j,3,2022-10-07 14:22:48,연결이 느리고 레버 내림인식이 잘 안될때가 많습니다. 또 고장신고 등으로 인해 사용이 어려운 따릉이랑 정상 따릉이랑 구분이 안가서 대여할때 불편합니다.
마중물,5,2022-10-07 14:22:20,거리무관 이용에 편리하고 서울 구경 공짜로 맘껏 누릴 수 있어서 참 좋아요
SSANGYONG,5,2022-10-07 14:22:10,따릉이 언제나 좋아요!! 근거리 오고갈때 잘 사용해요!! 이미 1년치 결제했어요!! 언제나 따릉따릉따릉이!!
사원,5,2022-10-07 14:22:05,잘 사용하고 있습니다
이성근,5,2022-10-07 14:21:51,"매일 이용중. 6년전부터 이용중인데 ,중간에 성남으로 1년간 이사를 갔었는데 따릉이가 너무 좋다는걸 더 실감한 달이었다. 사기업은 가격도 너무 쎄고 인프라가 형편없었다. 어제 체크해보니 지난달 따릉이 랭킹이 1천대 안으로 들어왔다. 내 삶은 따릉이로 인해 저녁에 좋은 공기를 마시고 바람을 가로지르며 지내는 행복한 퇴근시간이 되고있다. 가끔 뉴스에 축소한다 어쩐다 할때마다 걱정된다. 오랫동안 잘 이용할 수 있게 관계자분들이 지켜주길 바란다. 특히 이용자 모두가 애용하고 있고 사랑하는 따릉이라는걸 알아주기를."
꼬꼬아빠,5,2022-10-07 14:21:31,따릉이는 이제 생활의 필수품이라고 해도 과언이 아닌것 같습니다. 환경을 깨끗이 하고 건강을 책임져주는 따릉이! 게다가 비용까지 저렴! 한가지 아쉬운점이 있다면... 자전거의 안장 높낮이 조절의 폭을 조금 더 넓게 해준다면 좋을것 같아요~ 무릎이 펴지지 않는 상태에서의 따릉이 운전은... 되려 무릎에 무리가 와요ㅠ 앞으로도 악천우가 없는이상 계속 이용할꺼에요~^^
양태규,1,2022-10-07 14:21:25,앱은 쓰레기에 가까움 에러투성이에 따릉이 시스템이 좋은거지 빌릴때마다 오류나서 세네번 빌리기가 취소되다보면 개짜증남. 개선을 안하는거 같음. 그리고 따릉이 안장 최고 높이좀 올려줘라 무릎나가겠습니다.
유명지,4,2022-10-07 14:21:15,대여 큐알코드 스캔하면 가끔 너무 느려요. 따릉이 앱으로 한눈에 쉽게 이용할수있어서 좋아요.
Seo Yun Jang,5,2022-10-07 14:21:12,만들어 주셔서 감사합니다. 실제 자전거가 있는데도 가서 보면 등록이 안되는 경우가 종종 있습니다. 그런 문제점만 고쳐지만 더 좋을것 같아요.
서정웅,5,2022-10-07 14:21:11,너무 잘쓰고있어요 최고최고
love lee,5,2022-10-07 14:21:11,따릉이 정말 편리하고 좋아요. 앱도 계속해서 개선되고 있고 끊임없이 발전중이에요. 앞으로도 꾸준히 이용할 계획입니다. 따릉이 최고!!!!!!
john kwon,5,2022-10-07 14:20:36,반납을 했는데도 안될때가 있어요
강예은,5,2022-10-07 14:20:23,"1시간권은 1시간 내에 반납하고 또 빌리면 다시 1시간이 채워짐 사용한 거리, 시간, 칼로리가 기록에 남음 의자 높이조절 하기 쉬워졌음 가끔 서울 시민으로서 사용해주는 걸 추천함"
Paul,5,2022-10-07 14:20:16,정말 유용하게 잘사용하고 있습니다. 6개월권 계속사용하다가 이번에 1년사용권으로 바꿨습니다. 언제나 따릉이 이용하게 되니까요~저에게는 최고 입니다.
kyeonghwankim,4,2022-10-07 14:20:04,매일 출근시 잘 사용하고 있습니다. 아쉬운 점은 간혹 1대 남거나 없는 경우 자전거가 없어 못타는 경우가 발생하는데 미리 채워졌으면 합니다. 아기 자전거만 남는경우도 있네요. 그래도 정거장 많이 확대되어 좋네요.
JAE YONG BAEK,5,2022-10-07 14:19:59,자전거 대여소 설치 장소가 많아서 필요할때마다 자주 사용하고 있습니다. 사용하기 편해서 좋습니다.
Pilkook Lee,5,2022-10-07 14:19:58,전반적으로 만족스럽지만 자전거 연결 실패 했을때 다시 대여가능한 상태로 되기까지 시간이 좀 걸리는 점(앱을 닫았다 실행해야 하는 경우가 대부분)이 불편합니다. 비슷한 내용인데 반납후 재대여 할때도 한번에 매끄럽게 되는 경우가 거의 없습니다.
js kang,4,2022-10-07 14:19:45,"내위치 찾기, 즐겨찾기, 최근이용등 화면상에 보이는 대여소 박스크기 나 핸드폰 화면으로 보는 화면 글씨가 너무 커서 한화면으로 보기 힘듭니다. 계속 스크롤을 내려야하는 불편함을 작은 글씨, 박스크기를 좀 줄여주고 보기편한 작은 글씨로 해도 될 듯합니다. 그게 안되면 화면보는 방식을 선택할수있게 해주시면 고맙겠습니다. 앱가동시 처음 리소스 업데이트가 너무잦아서 느린감이 있습니다."
pop lolo,5,2022-10-07 14:19:44,편리합니다
Minjun Kim,5,2022-10-07 14:19:26,서울시에서 제일 잘한 행정 중 하나
니콜라스,5,2022-10-07 14:19:19,만족해요 잠금및해제 편리해요
Eunsuk Kim,5,2022-10-07 14:19:14,거치대가 많아 사용하기 편리해 자주 이용합니다. 앱 사용이 매우 간편해 정기이용권 구매해 자주 사용하고 있습니다. 다만 고장신고 매뉴가 찾기 어려워요. 찾기 쉽게 위치했으면 합니다.
전진규,5,2022-10-07 14:18:50,따릉이 1세대부터 사용했습니다! 앞으로 계속 잘 이용할게요~!
Hyunsoo Lee (Tigger),5,2022-10-07 14:18:46,따릉이때문에 서울시에 산다는게 정말 행복합니다! 블루투스 연결이 원할하지 못한점 빼고는 완전 만족합니다
한국사람,5,2022-10-07 14:18:23,서울 어디에서든 편하게 탈 수 있어요~
Moohyun Kim,4,2022-10-07 14:18:18,종종 블루투스 잠금 해제 실패가 생기는 오류 조속히 해결됐으면 좋겠습니다.
Simon,4,2022-10-07 14:18:17,정기권 사용중이며 가성비 측면에서 만족합니다. 다만 인터페이스와 시스템 안정성을 강화할 필요가 있습니다.
리영신,5,2022-10-07 14:18:06,집에 자전거가있지만 따릉이 6개월사용짜리 결제해서 잘 사용하고있어요 가끔 앱이 잠깐 먹통이어서 몇번 재접속하는 경우가 있는데 그거 빼고는 잘 이용하고 있습니다.^^
박종선,5,2022-10-07 14:17:51,리소스업데이트 시간이 좀 걸리는것 제외하곤 점점 좋아지는 따릉이앱 잘 사용하고 있습니다
김준형,4,2022-10-07 14:17:28,"점점 어플이 개선되는거 같아 좋습니다. 다만, 자전거 대여시 통신문제인지 예약대기라는 메세지가 뜨면서 대여도 안되고, 취소도 안되는 먹통되는 상황 개선이 필요합니다. 바쁜시간대에 그런 상황이 벌어지면, 시간이 너무 아까워요."
SangOuk Lee,5,2022-10-07 14:17:25,예전에는 반납하면 바로 반납되었다고 나오는데 이제는 처리중입니다. 잠시 기다려주세요. 라고 하면서 한참 후에 반납되었다고 나옵니다. 너무 오래 기다려서 반납해야하는게 좀 불편해졌습니다.
Yun Chan Nam,5,2022-10-07 14:16:56,따릉이앱에서 직관적으로 보임. 반납 / 대여 부분이 시각적으로 개선 됨.
김공실,4,2022-10-07 14:16:52,수년간 따릉이 애용자로 잘 쓰고 있어요. 가끔 오류로 반납했는데 반납완료가 안되거나 아에 먹통되는 경우가 종종 있었으나 최근엔 문제없이 잘 작동합니다
사쿠빵야,5,2022-10-07 14:16:47,좋아용 굿굿
Jinhyeok Baek,5,2022-10-07 14:16:46,업데이트되고 나서 메뉴도 직관적이고 알아보기 쉬워졌어요. 가격도 월권 이상으로 끊으면 엄청 저렴해서 자주 사용합니다. 대여소도 굉장히 많고 역 주변에는 최소 한 두 군데 이상 있어서 다른 대중교통과 연계하기도 좋아요. 서울에서 제일 마음에 드는 공공 서비스 중 하나입니다!
나무,5,2022-10-07 14:16:17,사용하기 편리하네요^^
솜솜이,5,2022-10-07 14:16:01,"타지역 자전거를 대여했을때 보니 핸드폰이 조금 만 떨어져도 블루투스 연결이 안되던데, 따릉이는 그런 문제가 없어 편리합니다. 그리고 어플이 개선되기 전에는 블루투스 연결 실패 횟수가 잦았는데, 요즘은 딱히 그런 문제 없네요. 혹시 다음에 개선이 된다면, 따릉이 대여소에서 다른 대여소로 길찾기 옵션까지 넣으면 어떨까요?"
숭슝쓩,4,2022-10-07 14:15:33,가끔 연결 실패되는거 말고는 괜찮아요!
김진경,5,2022-10-07 14:15:31,따릉이항상잘타고있습니다♡감사합니다♡제로페이할인해주세요♡♡
새로운봄,4,2022-10-07 14:15:30,큐알코드가 안먹힐때가 있음 카메라 갖다 대면 인식 안 되는게 많은데 개선했으면 좋겠다. 인터페이스는 괜찮음
송동욱,4,2022-10-07 14:15:28,따릉이도 앱도 좋은데 종종 자전거연결이 장기간 안될때가 있어요
Sh K,5,2022-10-07 14:15:22,따릉이 초기때부터 타오던 사람인데 외국에 비해서 가격도 저렴하고 관리도 잘 되는 편인 것 같아요. 어플에 대한 아쉬움은 크게 없어서 별 5개 드려요. 다만 자전거에 대해 아쉬운 것은 키가 어느정도 있는 사람들에게는 따릉이 안장 최대 높이가 낮아서 오래타면 무릎이 아프다는 점입니다. 물론 자전거 안정성 때문에 그런것이겠지만 개선 방안을 고민해주시면 참 좋을 것 같아요.
Pi B,1,2022-10-07 14:14:54,한번에 해제되는걸 본적이 없네요. 시스템 좀 잘 만들어주세요.
김송현 (닥터농부),5,2022-10-07 14:14:48,따릉이 처음 시작했을때부터 사용해왔습니다 강남일대 한강일대에 따릉이 찾기가힘들었는데 이제 정말많아져서너무편해요 늘감사합니다 제로페이이벤트한번더하면좋겠어요♡
조혜인,5,2022-10-07 14:14:42,실시간 대여가능 정보를 확인할 수 있고 대여 방법이 쉬워서 좋아요!
Maro Cheon,5,2022-10-07 14:14:42,좋아요
원유갑,5,2022-10-07 14:14:15,전반적으로 매우 만족하고 있으나 일부 거치대에 수요에 비해 자전거가 부족하고 정비가 필요한 자전거가 종종 보입니다.
Melon Water,5,2022-10-07 14:13:58,몇년전부터 따릉이 잘 이용하고있습니다. 어플도 빠르고 대여가 간단해서 편리합니다
Paran,5,2022-10-07 14:13:54,"사용하기 편리히고, 아주 좋습니다."
Kellicious Fly,5,2022-10-07 14:13:46,너무 편해요 그런데 집앞에 있으면 더 좋겠어요 ㅠㅠㅠ 바로 집근처 있는 따세권(따릉이 역세권) 너무 부러워요 ㅎㅎ
한라박세휘,5,2022-10-07 14:13:43,서울시민의 자랑 따릉이 계속 발전시켜주세요
Sw s,5,2022-10-07 14:13:35,출퇴근시 자주 이용하는데 앱 사용법도 간편하고 초보자도 이용하기 쉬워서 좋습니다.
Jennifer K,5,2022-10-07 14:13:25,인식이 좀 더 빨랐으면 좋겠지만 예전에비해 많이 나아졌어요.
승주승아TV,4,2022-10-07 14:13:17,자주사용하고있어요~오류도 첨보다는 좋아지고 있습니다 아쉬운건 지역별 대여소가 지도상 근처에 있어야먀 표시되어서 미리 동선계획세우는데 한계가 있습니다 이부분만 개선되었음 좋겠어요!
심원보,5,2022-10-07 14:13:04,따릉이 너무 좋아요 출퇴근할때 이용 많이 하고 있습니다
Jong-sik Nam,4,2022-10-07 14:13:03,따릉이가 최고의 공공서비스라고 생각하는 사람입니다. 다만 QR코드 인식이 가끔 잘 안되는 점과 인식후 대여 실패시 30초~1분까지 대기 후 대여 취소가 가능한점은 개선되었으면 합니다.
즈드즈,4,2022-10-07 14:12:55,"푸쉬내용이 좀 길고 폰트가 많아요. 전반적으로 약간 만듦새가 살짝 부족하지만, 특별히 이상없이 잘 작동하는거같아요. 서울시 화이팅!"
썬도그,4,2022-10-07 14:12:47,블루투스 연동이라서 무선 이어폰 사용하면서 대여가 안되는 점만 빼고 다 좋아요. 너무 편리하고 반납 대여 너무 편함.
이동훈,5,2022-10-07 14:12:37,출퇴근으로 매일 쓰고 있습니다!
jinah kim,5,2022-10-07 14:12:06,따릉이 장기유저입니다. 따릉이 좋아여. 앱이용환경도 점점 나아지고 있네요 티머니고랑 연동하게 한것도 넘 좋습니당
Geunhong Park,3,2022-10-07 14:12:04,서울 시민의 발 따릉이!!! 가끔 안빌려지는 경우도있지만 많이 좋아지고있습니다 한정된 예산으로 운영하시는분들 고생많으시고 감사합니다 앞으로도 잘부탁드려요!
김현기,5,2022-10-07 14:12:01,곳곳에 많이 설치되어있어서 이동하기 좋습니다 자전거 타고 싶을 때도 한 번씩 타는데 상쾌하고 저렴합니다 따릉이 짱 와따
영상편집기,5,2022-10-07 14:11:26,아침 저녁마다 출퇴근을 따릉이로 하고 있어요! 서울은 자전거 도로도 잘 되어있고 자전거도 따릉이 어플로 쉽게 빌려서 이용할 수 있어서 좋아요!
황동호,5,2022-10-07 14:11:08,너무잘사용하고 있습니다
JIWAN KIM,5,2022-10-07 14:11:06,정기권으로 잘 이용하고 있습니다. 겨울을 제외하고 거의 매일 잘 타고 있네요^^
paul park,5,2022-10-07 14:10:54,너무 유용하게 쓰고 있습니다.
하링,5,2022-10-07 14:10:37,직관적이고 보기 깔끔해서 쓸때마다 좋아요
김민혜,5,2022-10-07 13:47:10,따릉이 정말 좋아요~~ 오래오래 해주세요. 가끔 대여랑 반납이 이유없이 잘 안될때가 있긴한데 전반적으로 만족합니다.
김광수 (너구리너굴),5,2022-10-07 10:21:41,유용하게 사용하고있습니다. 감사합니다.
허순영,5,2022-10-07 08:41:07,잘 사용하고 있어요 가끔 연결이 안될때도 있는데 바로 조치되서 좋아요
Eunchong Lee,1,2022-10-06 18:56:53,자전거가 있어야지 멀 타고가지 일주일째 출근 하려고 보니까 자전거가 없어서 넘 힘드네요
김윤희,5,2022-10-05 15:40:17,제로페이 결제 가능해진 이후에 더 잘 이용하고 있습니다. 따릉이 수도 많아지고 관리도 잘 되고 있어 좋습니다.
손현민,3,2022-10-05 15:32:28,특정정류소에 몰려있 어 따릉이를 이용 못할때가 너무 많습니다.
ChungHyun Lee,5,2022-10-05 15:23:16,너무좋습니다 편리하게잘되어있네요!
DChan Kim,4,2022-10-04 19:34:53,저렴하고 실용적입니다.
이현정,5,2022-10-04 19:23:56,잘 사용하고 있습니다. 인식도 잘 되고 아주 편리해요
김연주,5,2022-10-04 14:48:00,따릉이 초창기부터 애용했는데 요즘은 이용자분들이 많아져서인지 근처 대여장소에 1대도 없는 경우가 여러번이라 다른 장소까지 이동해야할 때는 번거롭기도 합니다ㅠㅠ 그럼에도 불구하고 착한 가격에 이동 수단이 있어서 정말 감사합니다~ 앞으로도 애용할테니 좋은 방향으로 계속 발전해주세요!!:-)
이상군,4,2022-10-04 12:46:34,"어떤 지역으로 빠르게 이동해야 해서 따릉이를 자주 이용하는데, 처음 가는 지역인 경우 반납장소를 찾지 못해 당황할때가 많습니다 그 지역에서 가장 가까운 반납장소를 앱에서 알려주면 엄청 편리할것 같습니다."
안수영,5,2022-10-04 09:39:41,따릉이 연간권 구매해서 너무 잘 사용하고 있습니다. 요소요소에 보관소가 있어 잠 편해요. 쭈욱 사용할게요...
최계영,5,2022-10-04 09:30:59,모든시민이 따릉이를 한번이라도 이용해봤으면 합니다.현재 일년등록 2시간정액제를 이용하고 있으며 용도는 출퇴근.단거리이동.운동으로 사용하고 있습니다.저희집 주변에는 따릉이 정거장이 많아 편리하게 이용하고 있으며 자전거 보충도 빨리해주셔서 감사합니다.저는 고장나거나 점검이 필요한 자전거는 수시로 신고하며 정리가 안되있을땐 정리도 하고 옵니다.그만큼 따릉이한테 애정이 듬뿍들었죠.따릉이 타고 출퇴근하거나 운동하시는분들보면 왠지 정이가요. 이용안해보신 분들중엔 애물단지라고 하시는 분들도 계신데 자가용만 타시는 분들은 따릉이의 매력을 몰라보십니다.타면서 느끼는 건의점은 전국이 통일된 따릉이를 채택하면 관광지에서도 따릉이를 타고 구석구석 여행할수있으면 좋겠다는 생각이 듭니다.그렇게 되면 외국인도 내국인도 우리나라의 아름다움을 느끼며 여행할수있는 관광선진국이 되지않을까요?
Yusun Hwang,5,2022-10-04 09:03:14,기능이 단순해서 직관적으로 사용하면 되니 편해요.
최예지,4,2022-10-04 08:53:37,반납오류 개선해주세요 대여취소에 시간이 많이 소요됩니다 대여소가 비어있는 경우가 잦아요
정진교,1,2022-10-04 07:43:22,아놔 도댜체 몇번을 연결실패릉 하나요 블루투스끄고 어플 껏다켜도 안되면 도대체 어쩌란거냐고
이수정,5,2022-10-04 01:28:48,"자전거 타고 싶을때 따릉이 유용하게 쓰고 있습니다, 앱으로 간편하게 빌릴수있고 정거장도 많아서 자전거를 편하게 이용가능할수잇어서 만족합니다."
Google 사용자,5,2022-10-04 00:02:04,저렴한 가격에 운동 효과 사랑합니다.
윤주호,5,2022-10-03 16:09:02,이용권 구매도 쉽고 가격도 착해서 여행다니기 좋아요. 그런데 이용연령이 중1부터여서 새싹 따릉이를 이용 안할것같아요.
유남규,5,2022-10-03 03:47:57,너무나 유용합니다 매일 지하철까지 발이 되어주는 따릉이 항상 고맙습니다
김지은,5,2022-10-02 14:43:20,따릉이 너무 애용하고있습니다! 최고의 교통수단! 가을엔 따릉이 못참지
kumizz yu,5,2022-10-02 13:43:20,"매일 출퇴근에 편리하게 이용하고 있습니다~ 대여소가 촘촘히 있어서 편리하고, 출근 시간에 대여소에 자전거가 부족하지 않게 자전거 배치도 잘 되는 것 같아요! 정기권 가격이 정말 저렴해서 교통비 절감에 도움이 많이 되고 있구요, 몇번 반납처리가 제때 안돼서 고객센터에 문의했는데 그때마다 친절히 응대해주셔서 문제가 수월하게 해결됐습니다^^ 앞으로도 시민들에게 편리함을 주는 따릉이가 되길 응원할게요:)"
평택개미,4,2022-10-02 11:35:51,편리하고 좋아요ㅇㅇㅋ
김희정,1,2022-10-02 10:50:25,진짜 불편하고 개선해야할점이 정말 많은거 같네요 기본적으로 자전거 한대 타려면 어플 껏다가 다시키고 대여중인걸 대여취소하고 페어링2-3번은 해야 빌려져요 오랜기간 따릉이 타던사람으로써 전에 안그러다가 이러는거면 문제가 있다고 봄 당연히 재설치도 해봤고 업데이트도 다했습니다 정기권 끊고 하는데 보통 지각하거나 그럴때 자전거타요 근데 자전거 페어링하다가 늦는거 똑같아서 안타게 됩니다 개선해주시던가 해결책좀 주세요
불량옥수수,4,2022-10-02 10:41:31,집이나 회사근처 바로 이용가능하고 언제 어디서든 반납할수있다는게 큰 매력인듯합니다. 앱에서 간혹 오동작하는게 있는데 점차 개선되겠지요
성우,5,2022-10-02 09:44:35,자전거 타기 너무좋습니다 다만 엘지폰에서 무선이어폰 연결한상태로 따릉이 연결이 잘 안되는점은 아쉽습니다
윤동경,4,2022-10-01 23:50:29,저는 운동겸 아이와 함께 따릉이를 자주이용합니다. 아이가 초등학생이라 만14세 미만아동의 경우 따릉이어플에 등록이 되지않아 매번 이용시 단체권을 구매합니다. 단체권의 경우 1시간 5인까지로 제한이 되어있어 아이와 함께 2시간정도 라이딩하면 추가요금이 꽤 발생합니다. 제안을 드리자면 단체권도 2시간권을 추가해 주시던지 아니면 초등학생도 어플등록 가능하도록 해주세요. 새싹이를 만드신 이유가 아이들도 이용하라는거 아닌가요? 그 외에는 자전거 보관사이트도 많고 이용도 편리합니다. 앞으로 더 자주이용할 수있도록 따릉이 가입조건관련해서 고려해 주시길 부탁드립니다.
정홍열,5,2022-10-01 19:31:51,서울시 최고의 복지중 하나라고 생각합니다. 가까운곳에서 쉽게 이용 가능한 편리한 자전거. 너무 좋습니다.
Jongyoon Won,1,2022-10-01 13:40:04,처음에 대여가 안 됩니다. 매번 대여신청(1분 기다리면 된다는데 무반응) > 앱 닫기 > 대여 취소(이게 안 되면 다시 앱 닫기부터 시작) > 다시 대여 이렇게 해야됩니다.
오스틴,2,2022-10-01 09:22:10,차라리 타조가 나은 것 같습니다 대여처리도 잘 안되고 세네번째 자전거정도 되어야 대여되고 버스 잘 안다니는곳이니까 따릉이 이용하는건데 그런 데는 반납소가 없어서 벌금나오네요ㅠ
Hj Son,3,2022-10-01 08:08:17,대여중이라는 멘트시간이 너무 길고 대여취소또한 시간이 오래걸립니다
윤종욱,5,2022-09-30 23:40:43,광고를 많이 발라도 좋으니 따릉이 계속 유지해주세요. 짧은 시간이지만 퇴근길에 집까지 자전거를 타고 오니 몸도 마음도 더 건강해진 느낌입니다. 퇴근시간 조금 늦으면 역앞에서 탈수 있는 따릉이가 0대 인거는 조금 슬퍼요.
Youngvin Na,5,2022-09-30 20:30:32,정말 만족하면서 사용하고 있습니다. 가끔 블루투스 연결로 인한 에러가 발생하지만 고객센터로 연결 시 빠르게 처리되어 잘 사용하고 있습니다. 앞으로도 잘 부탁드립니다. 감사합니다.
권준태,5,2022-09-30 16:02:01,편하게 잘 사용하고 있어요. 안드로이드는 괜찮은데 가끔가다 ios는 오류 있는거같습니다!
정경용Jung kyeong yong,4,2022-09-30 14:04:06,편리하게 사용하고 있습니다. 한가지 아쉬운점은 서울따릉이앱 자전거지도룰 이용하여 주행중에 대여소(반납장소) 를 실시간 확인할수 있도록 했으면 좋겠습니다.
네이처상선약수,5,2022-09-30 12:59:55,"따릉이가 있어서 건강해지고, 경치좋은 한강도 자주 갈 수 있어서 좋아요!"
도해리스,4,2022-09-30 09:27:08,Good
서승정,5,2022-09-30 08:24:54,간편하게 이용할수 있어요^^
무지개,4,2022-09-30 08:19:25,"저렴이 가격에넘조아요, 국민 건강해지는 정부시책입니다.."
SungYub Kang,4,2022-09-30 08:04:22,"자전거 라는 이동수단에 대한 시민들의 접근성을 높여 이용을 촉진하고, 건강과 환경 두 마리 토끼 다 잡을 수 있는 좋은 기획입니다. 특히 왕복 이용이 부담스러운 장거리라든가, 긴 경사로 구간이라든가, 외출 시에는 맑았는데 귀가 시에는 비가 온다든가 하는 상황에서 편도 이용이 가능하다는 점에서 매우 높은 점수를 줍니다."
Soomin Jeon,5,2022-09-30 07:08:47,요즘들어 페어링이 잘되서 만족합니다. 보관소 자전거 갯수가 바로바로 업데이트되어 출퇴근길에 편리하게 사용하고 있습니다.
m.s kim (로니호제맘),4,2022-09-29 21:56:33,자전거 안장이 자주 흔들렸어요 ㅠㅠ 요즘은 어떤지 않타봐서 잘 모르겠네요~~
한승훈,2,2022-09-29 19:06:45,충정로역에 자전거좀늘려요 0대가 말이나됩니까? 다른곳도 곳곳에 놔주시고요 짜증납니다 진짜 그리고 일레클보다 못할거면 폐지하세요 통화해도 20븐기다리고 나참.. 일레클은 거리마다 있는데 따릉이는 배차가 얼마없어요 서비스 이딴식으러 하지맙시다
Ff Di,5,2022-09-29 18:28:24,좋음
김종필,5,2022-09-29 15:12:44,항상 편리하게 잘 이용하고 있습니다!
tember sep,5,2022-09-29 11:44:00,유용합니다 사용하기 쉽게 되어있어요 어디서든 자전거이용을 할 수 있어 편리하고 좋습니다
HS Kim,5,2022-09-29 10:43:26,심플하고 사용하기 편해요. 초기 환불금 500원 납부보다 초과시 후불결재 시스템으로 되었으면 좋겠습니다.
송보미,5,2022-09-29 10:17:51,너무 편하고 좋아요. 버스가 안다니는 곳에서 특히 유용합니다. 단 정류소가 더 분포해서 다양했으면 합니다. 어느곳엔 가깝게 몰려있고 어느곳엔 아예 없어요
꿈꾸는 다락방 이야기,5,2022-09-29 06:58:35,따릉이 사용해 봤는데 넘 편리해서 좋은것 같아요. 집에 자전거 있지만 매번 타고 나갈수 없는데 그럴때 따릉이가 최고 인것 같아요
abcdefg5516,3,2022-09-29 06:34:33,단 한번도 한번에 따릉이랑 연결된적이 없습니다. 꼭 연결에 실패했어요가 여러번 떠서 시간낭비하게 만듭니다. 그리고 대여소에 왜 고장난 자전거를 배치하는지 이해가 안되네요. 아님 미리 앱을 통해서 고장나거나 수리가 필요한 따릉이인걸 알 수 있게 만들어 놓던가요. 연결시도하면 연결 안되고 연결이 되면 고장나거나 수리필요한거라고 떠서 짜증나네요
배영주,5,2022-09-28 18:25:49,"주변의 대여소 위치, 사용가능한 따릉이 수 등을 직관적으로 알수있게 되어 있으며 이용거리,소모 칼로리등을 알수 있습니다. 앱 구동속도도 매우 빠른편입니다"
임옥련,5,2022-09-28 17:43:03,항상 이용하고 있습니다 항상 잘 정비되어 있는자전거를 저렴한가격에 이용할수있어 좋아요~
성동진,5,2022-09-28 16:58:53,다른지역 자전거도 타봤는데 따릉이가 제일 편리하고 자전거상태도 좋습니다.
전진우,5,2022-09-28 11:21:45,"화면구성이나 편리성이 많이 개선되었네요. 결제방법등록도 편리하고, 탄소저감 등도 눈에 띄네요. 공공앱은 무엇보다 안정성이 젤중요하겠죠."
잭과숙주나물,4,2022-09-28 11:19:56,이전 UI보다 훨씬 깔끔해졌습니다. 사용자 편의성면에서 많이 나아져서 따릉이앱도 자주 사용하게 되는 것 같습니다! 추가로 따릉이앱에 전반적인 속도가 개선된 느낌입니다. 따릉이대여소 찾는것도 다른 지도앱보다는 따릉이앱 통해서 찾는게 훨씬 쉽고요. 아쉬운 점은 챗봇상담이 앱 내부에서 이루어지지 않고 웹으로 연결되어 동작한다는게 조금 불편하긴하네요.
Soo,5,2022-09-28 11:12:29,따릉이 운동삼아 이용중인데 맘에 듭니다. 근거리는 걷거나 따릉이 이용중입니다. 한번씩 안될때 빼고는 큰 불편함없이 사용중입니다. 그래도 한번씩 인식이 잘 안될때가 있는데 그 부분이 아쉽네요. 출퇴근이동시요.
쿠키,5,2022-09-28 09:50:22,"회사가 지하철역에서 애매한 위치라서 걸어도 20분, 버스타도 도보포함 15분인 곳인데 따릉이로 8분이라 넘 편하게 잘 사용하고 있어요. 따릉이 앱도 도입초기부터 계속 이용중인데 점점 편리하게 개선되고 있어 감사하게 생각합니다."
Ahyeong Kim,5,2022-09-28 09:03:03,기존 보다 나아졌네요. 만족합니다
이댜이,1,2022-09-28 01:04:36,네이버 로구인안됨 네트워크불안전
재훈,5,2022-09-27 17:28:37,사용하기 편리합니다만 가끔 자전거가 없는데 있다고 나오는 경우가 있습니다
포레스트리빙,2,2022-09-27 16:03:28,10대중 3대만 가능 나머지는 안됨
하루,5,2022-09-27 11:18:11,서울 생활은 따릉이 이전과 이후로 나뉠 정도로 따릉이 없는 삶은 정말 상상할 수가 없어요 :) 가격도 정말 착하고 그리고 곳곳에 대여소가 있어서 반납도 편리합니다! 정말 강력추천해요~ 그리고 따릉이 대여할 때 큐알코드 인식하면 속도가 빠르게 연결되어서 좋아요!
roro o,5,2022-09-27 07:57:03,생각보다 많은 곳에 설치되어있고 처음 이용하는 사람도 크게 어려움 없이 이용할 수 있어서 유용하게 이용했습니다! 그리고 고장났거나 더럽거나 불쾌한 자전거는 아직까지 접해본 적이 없어서 관리도 철저히 해주시는 것 같아 늘 이용할때마다 쾌적하고 기분좋게 이용합니다^^ 앞으로도 쭉 발전된 따릉이가 되길 기원합니다🤗
팡팡,5,2022-09-27 07:49:46,서울시민의 발 따릉이 사용할 때마다 늘 감사한 마음을 가지게 됩니다 어플 이용하는데도 어려움 없이 잘 사용중입니다 ^^
박예원,5,2022-09-27 07:48:15,"따릉이가 있어서 근거리 다닐 때 아주 유용해요. 정기권이용하니 최고고 큰 혜택인 것 같아요. 따릉이 정거장도 새로 여러곳 생겨서 이용하기에 더 편해졌어요. 자전거에 문제있으면 바로바로 반납할 때 앱으로 수리접수할 수 있어서 좋아요 마지막으로, 따릉이 고객센터가 늘 열려있어서 문제있을 때 바로바로 직원과 연락이 되는점이 좋습니다 앞으로도 따릉이 잘 이용할게요!"
pp kiyora,5,2022-09-27 07:39:17,"따릉이 첫 출시 때부터 이용해 왔는데, 꾸준히 업그레이드 되어서 점점 편리해지네요. 잘 쓰고 있습니다. 감사합니다."
강남소녀,4,2022-09-27 06:58:43,따릉이 대여 및 이용 내역을 확인할 수 있어서 좋습니다. 다만 처음 데이터를 가져오면서 로딩시간이 좀 걸린다는 점이 아쉽습니다. ^^
ᄀᄐᄀᄐᄀᄐᄀᄐ,5,2022-09-27 06:20:58,따릉이가 첨생길때부터 쭉사용해온 유저입니다 요즘은 출퇴근할때 가까우거리를 이동할때 항상타고있어요~ 대중교통이용이 애매한 곳을갈때 정말 유용합니다ㅎㅎ대여할때 후레시나오는 기능도 넘좋고 맨초창기때에 비해서 앱구동도 빠르고 무엇보다 고객센터가 24시간인게 최고입니다~ 개선점을 꼽으라면 얼마전 대여소에 반납했는데도 임시잠금처리로 된적이 있어서 반납하느라 애먹은적이 있었어요 블루투스 위치연동만 더 정확히 잘되면 좋겠습니다~ 따릉이서비스를 위해 애써주시는분들 항상 감사드리고 화이팅입니다~~!
더멘탈리스트,4,2022-09-26 22:32:34,가끔 연결실패 후 초기화가 안되는 것 빼고는 편리하게 잘 사용하고 있습니다.
호새,5,2022-09-26 21:48:00,뱃살도둑이야! 따릉이가 제 뱃살을 가지고 갔아요
정복치,5,2022-09-26 19:57:41,오늘 처음 타봤는데 기분전환되고 운동도 되서 스트레스 풀렸어요^^ 앞으로 기간권구매해서 따릉이 애용하려구요!!
ㅋㅇㅇ,5,2022-09-26 19:25:51,사용하기 엄청 편리하고 좋습니다
hye ryu,2,2022-09-26 18:44:39,대여 안 될때 너무많습니다ㅠㅠ 대여신청하면 연결오류도 뜨고 시간도 오래걸리고..저만 그런건지
최설인,4,2022-09-26 17:57:41,잘 이용하고있어요~ 다만 블루투스 이용을 하고있는 와중에는 연결이 잘안되구 줌으로 화상통화중에는 아예안되더라구요. 그런것들에 대한 팁도 알려주시면 좋을거같아요
부자아빠,5,2022-09-26 14:41:31,저렴하고 편리하고 자전거 상태도 좋아요
Seo Hwi,5,2022-09-26 14:02:53,좋은 사업 감사합니다 다만 대여소에 놔도 임시잠금처리되고 반납 안되는경우가 꽤 있는데 그럴 때 진짜 불편해요 앞으로 계속 개선되었으면 좋겠습니다
이지환,5,2022-09-26 12:47:40,처음 사용하는데 오류없이 잘 사용하고 있습니다!개선사항 좋아요!
bora lee,5,2022-09-26 12:02:11,너무 조아 따릉이 없으면 퇴근 못 해~~
천개의바람,5,2022-09-26 10:04:53,"따릉이 이용랭킹에 대하여 총인원 대비 순위를 표기하면, 이용자가 백분율 몇%에 해당되는지 알수 있어서 좋을거 같아요."
triple s deejay,5,2022-09-26 09:30:26,원하는곳 아무때나 따릉이를 이용할수있어서 좋아요 지정된곳이지만! 항상 잘 이용하고 있어요
이상훈,5,2022-09-26 05:10:16,이용하기 편해요
Gijun Yim,5,2022-09-25 20:01:48,QR코드 대여방식이 안정화돼 빠른 대여가 돼서 편해졌습니다. 노후 자전거 수리만 조금 신경 써주시면 감사하겠습니다. 잘 탈게요!
김준,1,2022-09-25 14:31:03,일단 앱 자체로딩이 느립니다 앱을 처음 깔고 본인인증을 5번정도 해야됩니다. 로딩도 아주 느립니다. 미성년자는 따릉이를 빌리기 전에 안전수칙을 봐야하는데 이 영상은 틀어지지도 않고 그대로 시간을 날립니다 영상은 빌릴때마다 나오는데 취소하고 다시 해도 영상이 나옵니다 한번 봤으면 됬지 암기하라는것도 아니고... 앱을 처음 깔고 따릉이를 빌리면은 계속 페어링에 실패합니다 블루투스를 키고 에어팟도 연결해재해도... LTE를 5G로 바꿔도 안되고 비행기 모드를 껏다 켜도 안됩니다 결국 전원을 껏다 키고 비행기모드를 껏다켰더니 되네요.. 이 앱에대해 불만이 많지만 너무 길어지므로 여기까지하고 개발사에게 바라는점은 1.미성년자의 안전수칙 영상을 한번만 보게 해주십시오 2.한번에 좀 되게해주세요 이거 때문에 자전거앞에서 30분을 날렸습니다 ...비추입니다
GH,5,2022-09-25 13:59:42,대여소가 곳곳에 있어 자전거를 편하게 이용할 수 있어서 좋아요! 너무 잘 이용하고 있습니다. 다만 가끔 큐알을 찍었을때 한참동안 앱이 연결중만뜨고 어떻게 할 수있는 방법이 없어 난감할때가 있습니다. 연결부분만 잘된다면 너무 좋을 것 같습니다.
최준혁,5,2022-09-25 12:26:22,킥보드는 무서운데 따릉이는 이동할때 너무재밌고 유용하네요
박정현,1,2022-09-25 02:53:16,반납했는데 어플에서 반납 알림이 안뜨고 앱 9998오류떠서 로그인은 안되고 앱 먹통돼서 30분 넘게 로그인 시도 하다 이제 됐네요; 로그인서버오류때매 따릉이 10분 탔는데 38분 탔다고 돼서.. 1일 이용권이니 그거 고려해서 28분 환불 부탁드립니다 하.......서버 점검좀 하세요;
어린무 rinmu,1,2022-09-25 02:41:42,집 좀 가자 제발 어플 관리해줘 제발로
마곡나루,3,2022-09-25 02:41:11,따릉이 몇년째 잘쓰고 있는데 최근 몇개월 전부터 잠금해제 잘안되고 어플도 불안정한 경우가 종종있어서 문의하니 블루투스 껐다켜고 안되면 비행기모드도 해보라더라 그래도 안된다 했더니 휴대폰 껐다 켜라고 하더니 또 안된다하니 죄송하다고 그러더라 잘이용하는 중이지만 정작 중요하고 급할때 해제안되면 미치겠더라 빨리 개선되기를 진심 바란다
고동균,5,2022-09-25 02:39:27,따릉이 접속이 안대요...
곽영민,1,2022-09-25 02:25:41,그냥 개빧침
changseop Yeom,1,2022-09-24 15:45:05,반납이 안 되면 고칠 생각을 하셔야죠
김혜민,1,2022-09-24 15:24:21,"로딩이 느리고, 어떤것은 아예 로딩이 안돼요. 비회원 결제가 안돼서 기껏 회원가입을 했더니 이젠 로그인하기 버튼이 안눌려요."
오펭러뷰,5,2022-09-24 12:09:39,지도에 자전거 배치정보가 잘 표기되서 좋습니다~그런데 망월사역 근처 까지는 반납장소가 추가됬으면 좋겠어요ㅜㅠ
그리운망개,5,2022-09-23 17:33:45,몇년째 이용중인 열혈 따릉녀예요^^ 정말 잘 사용하고 있어요. 서울시 짱!
Paulstar,5,2022-09-23 15:16:37,하루중에 가장 많이 쓰는 어플 중에 하나입니다. 이미 생활 속에 깊숙이 들어와 편하네요:)
Hk L,5,2022-09-23 12:59:07,"따릉이 앱 잘 쓰고 있습니다. 하지만 불편한 점이 하나 있어 제안 드립니다. 일일권 구매 후 이용시간이 남아 있는 상태에서 정기권 구매가 안 돼, 남은 시간동안 타다가 종료시간에 맞춰 정류소에 가서 반납 후 다시 이용권을 사야해 번거로웠습니다. 이용권을 강제로 사용 종료할 수 있거나 이용시간 종료시 정기권을 결제해 연결해 쓸 수 있으면 좋겠습니다."
김김김,5,2022-09-22 19:33:17,항상 잘 쓰고 있어요. 일일권으로 한달에 한두번 쓰는데 너무 편하고 뽕도 다뽑아요^~^
정승현,1,2022-09-22 19:01:37,진짜 탈거없으면 타세요 주차장소에서 20M 떨어져 있어도 분실신고박는 레전드회사 수많은 자전거 어플중 당연최악
중갑캐 (중갑캐),5,2022-09-22 09:47:41,항상 애용하고있습니다
우수경,3,2022-09-21 15:51:49,안정화가 계속 잘 안되는 어플.. qr인식이나 위치확인시 불안정함이 보여서 아쉽다. 특히 qr은 불편할뿐 아니라 인식이 안될때도 많아서 😂 다른기능들은 다 좋다!
J,4,2022-09-21 14:12:19,따릉이 너무 편하고 좋아요! 근데 어플이 한번씩 렉걸릴때가 있어서 보완이 되면 좋겠어요 ㅎㅎ
나햇님,5,2022-09-21 13:36:44,"결제시스템,이용권구매 편리하게 잘 되어있어요~ 첫 사용인데 불편함없이 쉽게 이용했어요."
Lina Hwang,5,2022-09-21 13:14:09,서울공공자전거 따릉이 애용합니다. 서울시민의 최애템~^^ 앞으로도 좋은 서비스 기대합니다!
김수현,4,2022-09-21 11:16:20,따릉이 6개월권 끊어서 잘 타고 있습니다. 다만 자주가는 구립도서관 주변에 따릉이 대여소가 없어 반납이 힘들고 이용이 줄고 있습니다. 구립도서관 같은 공공기관 앞에 대여소를 가까이 설치했으면 좋겠습니다.
done eun lee,5,2022-09-21 10:57:51,블루투스 연결이 가끔 안 될 때가 있는데 그거 빼면 좋고 편리해요
이성규,5,2022-09-21 07:55:28,충분히 이용중
우꺄꺄,5,2022-09-20 23:01:29,서울시민 또는 서울 놀러오신 분들 포함하여 모든사람들이 편리하게 사용할수있는 따릉이! 저는 주로 퇴근할때 많이 사용한답니다 개인적으로 개선해줬으면 하는 바램은 따릉이 자체에 바라지는 않고 자전거 도로가 조금 더 많이 생겼으면 합니다. ^^ 깨끗하게 포장된곳이 있는 반면에 후미지거나 오래된 곳은 아직 자전거 도로가 없을뿐더러 인도 조차 울퉁불퉁 ㅜ사람이 걷기에도 불편한 곳이 아직 많이 남아있습니다 빨리빨리는 아니더라도 차근 차근 늘어갔으면 하는 바램입니다 참! 따릉이를 사용하시는 우리 시민여러분 안전 꼭 지켜주시고 우리 세금으로 이용하는 따릉이를 소중히 아껴줍시다! ^^
Jihoon Jung,5,2022-09-20 18:25:43,잘 관리되고 있어서 이용이 편리합니다.
HEE JONG Yun,5,2022-09-20 17:48:08,"대여소 위치가 살짝 틀어진 곳이 몇군데 보여요. 예를들어 삼성중앙역 5번출구 같은경우 길한가운데로 표시되는데, 실제로는 남쪽 보행로상에 있습니다."
JIHUN KIM,5,2022-09-20 13:24:03,만족합니다 최고에요 좋습니다
OO K,4,2022-09-20 10:50:50,대여중 아닌데 대여중 뜨면서 대여안되는 버그있고 계속 자전거랑 연결 안된다고 뜨는데 왜이러는건가요
슬깅,5,2022-09-20 10:17:59,대중교통을 이용하기엔 짧은거리 그렇다고 걸어가기엔 너무 먼거리에 요긴하게 사용하고 있습니다^^
김정숙,5,2022-09-20 09:16:34,퇴근하고 병원에서 약타고 집으로 고고 ㅋㅋㅋ 시간이 2분남았음 첫시행 성공¡¡¡
언제나지금처럼,3,2022-09-20 01:00:00,가끔 페어링 대여실패시 앱을 종료후 재시도 불편해요. 앱파일크기 너무 커요 최적화 필요. 도대체 전기자전거 언제 탈수 있나요
드문드문,4,2022-09-19 22:16:06,위례포레샤인 15상가 앞에 자전거가 너무 항상 없어요 자전거 부족할때 신청하는것도 한두번도 아니고 자전거 수용량 늘릴수있도록 조치가 필요할거같아요 매달 정기결제해서 돈은 나가는데 못타는 경우가 더많아요
김필수,5,2022-09-19 20:37:23,"인천에 살다가 서울로 이사와서 사용했는데 나무나도 편리하네요. 평일에 편의점이나 가까운 곳으로 이동하는일도, 휴일에 한강 나들이 갈때도 자주 애용하고 있습니다. 실생활에 사용하는것도 편리하고 운동도 겸할 수 있을뿐 아니라, 교통비도 아낄 수 있어서 일석 삼조의 효과가 있어요. 앞으로 다 많은 곳에서 따릉이를 탌 있느면 좋겠어요"
알스,1,2022-09-19 18:32:57,앱리뉴얼된 이후로 원래 이전부터 사용하던 ID/비밀번호로 로그인이 안됨. 진짜 거지같네.
Jeongeun Sim,5,2022-09-19 17:00:02,따릉이 덕분에 새로운 자전거 세계가 열렸어요! 자전거를 구매하지 않아도 편하게 이동할 수 있을 것 같네요^^
장지훈,5,2022-09-19 14:53:42,지도화면에서 즐겨찾기와 새로고침버튼이 겹치는 부분 해결 필요함. 블루투스 중간연결시 대여 지연 개선 필요함.
정연아,5,2022-09-19 11:41:47,따릉이로 출퇴근한지 한달정도 되었습니다. 회사까지 20분 거리를 30분 정도의 빠듯한 시간안에 도착해야되다보니 지체할 시간이 없어 앱을 이용한 대여에 문제가 생기면 어쩌나 걱정이 많았습니다. 그런데 앱을 켜서 QR코드 스캔만 하면 대여가 완료되서 엄청 간편하게 이용하고 있네요. 주행거리와 소모한 칼로리도 앱을 통해 확인할수 있어서 운동도 제대로 하고있는 느낌입니다. 따릉이 앱 짱이예요👍
제이형Jay,4,2022-09-18 23:49:54,"지속적이고 능동적으로 앱을 개선하고 있는 것 같고, 상담원과 통화통화했을 때성의껏 지원해준다는 느낌이 듭니다. 건의하고 싶은 것은, 이용자의 안전을 위해서 고장 신고를 하고 있는데, 조치 여부도 확인할 수 있었으면 합니다."
EM G,5,2022-09-18 22:02:12,따릉이 어플이 더 안정화된 것 같습니다. 감사합니다. 제안으로는 서울시에서 따릉이 자전거 사용에 따라 그린 마일리지 같은 것도 적립할 수 있게 하면 좋은 친환경 정책으로도 자리잡을 수 있을 것 같습니다.
Lee쌤,5,2022-09-18 21:48:50,업데이트 되고 많이 좋아졌네요. 감사합니다. 추가 개선 요청 사항으로 대여소별 자전거 추가 배치 요청 기능을 성인용 자전거와 아동용 자전거가 각각 따로 요청이 가능하도록 개선 부탁드립니다.
댕댕,5,2022-09-18 17:39:12,연결형에서 QR로 바뀐 거랑 안장 높낮이 조절 편해진 것에 정말 만족합니다. 갈수록 어플 오류도 적어지고 자전거 대여도 잘 돼서 잘 쓰고 있습니다. 항상 노고에 감사드립니다.^^(211018) 대여소가 많아져 접근성이 좋고 자전거 상태도 최상이네요. 출퇴근용으로도 좋아요.
장인재,2,2022-09-18 12:43:33,자전거 브레이크 점검 제대로 안 합니까? 첫 이용때 브레이크 오작동으로 저희 어머님께서 비탈길에서 넘어지셔서 다쳤습니다!!!! 단체로 안전불감증 걸렸나요? 운영진들 각성하세요!!!!!!
이수정,5,2022-09-18 10:14:36,따릉이 타고 서울을 달려야겠다.
슈가애플,4,2022-09-17 23:03:57,사용자가 대여반납이력을 설정해서 검색할수있으면 좋겠습니다.
HANAMITZ,5,2022-09-17 21:26:27,"프로따릉이러입니다! 따릉이정거장들도 많이 늘어나서 잘 쓰고 있어요ㅎㅎ 교통비도 아낄 수 있고 운동도 되고 탄소절감도 되고 정말 일석삼조가 아닐 수 없어요:) 다만 처음 연결할때 한번에 연결되지 않고 여러번 취소했다가 연결해야하는 경우가 빈번히 발생하는데, 이 오류가 얼른 수정되었으면 좋겠습니다ㅠㅠ 그리고 시간 맞춰서 즐겨찾기해둔 정거장에 몇대가 남아있는지 알람을 설정할 수 있는 기능이 있어도 좋을 것 같습니다~^^"
전재호,5,2022-09-17 21:14:44,따틍이가 편해요
유재욱,5,2022-09-17 18:27:25,따릉이를 이용하기 너무 좋아요.
abc -,5,2022-09-17 17:23:56,잘 쓰고 있습니다. 좋은점:큐알 인식도 잘 되고 잘 안된다 싶을때 번호로 입력하면 매우 편리하게 자전거를 빌릴 수 있습니다. 반납도 편리해요. 개선 사항: 따릉이가 고장난 경우 신고를 할 수 있는 메뉴가 어딘가 있었던거같은데 잘 눈에 띄지 않아요. 보다 간편하게 신고할 수 있었으면 좋겠습니다.
김승태,5,2022-09-17 16:59:50,따릉이를 통해 서울시 안에 다양한 장소를 저렴하게 이용할 수 있어서 아주 만족하고 있습니다. 따릉이 앱을 이용하면서 딱히 불편함을 느낀적이 없는 것 같네요. 그만큼 많은 분들의 노력이 있었다는 거겠죠. 지속적으로 발전하는 따릉이 사업이 되었으면 좋겠습니다. 수고하세요.
행복이,5,2022-09-17 15:02:38,따릉이 자전거 더 많이 배치해주세요 0대일때가 너무 많아요 ㅜㅜ 그만큼 사람들이 많이이용한다는거죠 ♡
BD,5,2022-09-17 14:28:25,정기권 구매해서 잘 사용하고 있어요 출퇴근이 편하고 빨라졌어요!
송민규,5,2022-09-17 12:01:05,따릉이를 타니 생활중에 운동이 되더라구요 앞으로도 잘 이용해보겠습니다~!!
밝음,5,2022-09-17 07:16:10,따릉이 2년정도 이용자입니다. 수도권에서는 따릉이 복지가 압도적으로 좋다 생각해요 솔직히 가성비도 매우 저렴하고 편도로 가서 주차하면 돼서 너무 유용하게 잘 쓰고 있습니다. 코로나 시기에 핸들은 솔직히 좀 꺼림칙해서 소독하거나 개인장갑 끼고 타고있어요~ 운동도 되고 기분전환도 되고 좋네요~
Gyeonghwan Seong,1,2022-09-16 22:48:27,베스킨라빈스 이벤트때문에 좋은 의견 적고싶지는 않고 사진 첨부가 되면 안되는 거 보여드리고 싶습니다만 1. 업데이트가 무색하게 페어링도 잘 되지 않아요 2. 페어링 늦으면 바로 대여취소 선택할 수 있어야하는데 기능구현이 어렵나요? 3. 여전히 QR을 제대로 읽는 경우가 없습니다 4. 임시 잠금해제 시 안되는 경우가 있습니다. 5. 반납을 했지만 되지 않았다고 해서 10분 전 알람이 와서 콜센터에 전화해서 관련 행정처리를 해야하는 경우가 있습니다.
이경,5,2022-09-16 17:51:48,직원분들이 친절해서 정말 좋아요~ ^w^
집돌이의일상,5,2022-09-16 17:34:29,무분별하게 놓여있고 관리가 별로인 공유 킥보드 보다 따릉이가 최고네요
정상훈,5,2022-09-16 13:04:12,"출퇴근시 자주 이용하는 필수 교통수단입니다 대여하기 인증도 빠르고, 공유자전거라 관리를 해주셔서 너무 좋아요!"
ᄉᄋᄌ,5,2022-09-16 08:22:10,따릉이 정말 잘 활용했어요 건강도 챙기고 지구도 구합시다!
김민욱,5,2022-09-16 07:59:03,항상 저렴한 가격에 이용 할 수 있어서 감사합니다. 좀 더 많은 정류소를 만들어서 사용자가 자주 이용할 수 있게 해주세요
조정우,5,2022-09-16 07:03:33,"대중교통 환승시 편리함. 장소별 따릉이 갯수가 잘 표기되며, 한눈에 원하는 정보를 찾을 수 있어 편리함. 불필요한 광고가 없어서 접속 속도가 매우 빠릅니다."
JE J,5,2022-09-15 23:13:45,"따릉이 정말 최고입니다. 회사에서 단거리 이동이 많은데 따릉이가 가는 곳 마다 있어서 아주 잘 사용하고 있어요. 월이용권 결제해서 산책할때, 일할때, 기분전환할때, 물건 장볼때 늘 사용합니다."
이현철,1,2022-09-15 19:11:20,연결실패. 블투 종료 후 다시 대여하면 또 연결 실패 무한반복 고쳐 주세요
따랑이,5,2022-09-15 17:50:13,간편하고 저렴해서 잘 이용하고 있습니다.
delay heo,5,2022-09-15 16:51:52,"따릉이 정기권 구매하여 잘 이용하고 있습니다. 따릉이 이용 시간과 거리, 칼로리 소모 등 다양한 정보를 한 눈에 볼 수 있다는 점은 정말 큰 편리함인 것 같습니다. 요청 드리는 개선점으로는 1. 연결이 가능한 자전거임에도 처음 어플을 실행하여 잠금해제 시도 시 연결이 안 되는 경우가 종종있습니다. 연결의 정확도가 개선되면 좋겠습니다. 2. 고장으로 인해 연결이 불가한 자전거는 별도의 표시가 있었으면 좋겠습니다. 연결 시도해봐야 아는 점이 상당히 불편합니다. -> 어플 내에서 해당 정거장 이용 불가한 자전거 번호 표시 앞으로도 좋은 서비스 기대하겠습니다. 감사합니다!"
이병철,5,2022-09-15 14:53:26,너무편리하고 보기좋은 UI인거같아요 종종 큐알코드를 인식못해서 아쉬워요
심성호,5,2022-09-15 13:08:12,"말도 안되는 저렴한 이용가격, 언제나 누구나 이용할 수 있는 공공 편의성. 시민을 위한 복지란 이런 것!"
이흑곰,5,2022-09-15 10:53:24,값싸고 편리합니다 관리하시는 분들의 노고에 감사드립니다 다만 고장신고 찾기가 어렵게되어있는데 이부분이 개선되면 좋을거같습니다
Munseong Jang,5,2022-09-15 10:38:13,"업데이트 이전,이후 계속 사용하고 있습니다. 시민의 건강과 편리에 도움주는 어플에 칭찬합니다. 그만큼 어플 개발과 관리에 고생많이 하셨을거같아요. 감사합니다!"
1 1,4,2022-09-15 10:12:16,보관소 위치표시 조금더 넓게 나오거나 지도 이동시 보관소 위치도 나타났으면 합니다
이혜리,5,2022-09-15 09:59:58,"서울로 이사오고 제일 먼저 따릉이 가입하고 이용권 구매해서 이용하고 있습니다! 요즘은 서울 어딜가나 따릉이정류장, 따릉이가 있어서 복잡한 대중교통 보다 훨씬 많이 이용하고 있어요! 특히 요즘처럼 날씨 좋을때 따릉이와 함께라면 어디든 갈 수 있어서 좋습니다♡"
최재연,5,2022-09-15 09:54:29,사용 정말 간편해졌네요! 카메라 기능하나로! 결재도 간편해지고요! 자전거 찾기도 굿!
1 1,2,2022-09-15 09:44:35,대여에 실패했다는 메시지가 너무 빈번하게 뜹니다
런,5,2022-09-15 08:22:21,완전편리하고 좋아요!! 따릉이 정기권 벌써 이년째.. 앱도 훨씬 편리해지고 이제 뗄수없어졌어요 ㅜ 진심 젤편함
ja :,2,2022-09-15 07:45:40,아침에 없어서 못타는 경우가 대다수..야근하면 절대 못타고요 정기권끊었는데도 매일못타네요
김강인,5,2022-09-14 21:06:19,따릉이 좋아요
이윤선,5,2022-09-14 20:57:42,매우 잘만든 앱
나혜란,5,2022-09-14 17:37:07,추가배정 요청한건에대해 피드백바로 부탁드림
장관순,5,2022-09-14 15:06:54,출근용으로 아주 좋아요 근처 따릉이 정보를 바로 알수있고 잠시 잠근도 쉬워서 편하게 이용하고 있습니다 차 막히는 도로 옆을 지날때는 더욱 기분 좋아지는 출근길 입니다 가까운 거리를 이용하니 운동의 효과도 있고 일석이조인듯 싶습니다 다만 앱을 처음사용할때 대여부터 반납까지 영상설명이 있으면 누구나 좀더 쉽게 이용할 수 있을듯합니다
Yoontimus Kim,5,2022-09-14 13:40:56,별도의 자전거관리없이 어느곳에서든 쉽게 시간에 구애받지 않고(반납후 교체사용시) 사용이 가능한 공유자전거 따릉이. 운동도 되고 시간절약에 탄소중립 실현에 앞장서는 따릉이와 함께 하겠습니다.
제이제이,5,2022-09-14 11:10:21,"오늘 처음 타봤는데 이용하기 너무 쉽고, 간편해요. 앞으로도 쭉 이용하려고요. 자전거 타니 탄소절감에도 도움되고, 운동도 되니 일석이조입니다♥"
조정민,3,2022-09-14 07:44:40,자전거 연결이 매번 너무 어려워요. 빨리 연결하고 가야하는데 연결이 안 되서 못 타고 간 적이 너무 많아요. 제발 개선 좀 해주세요.
pl K,1,2022-09-14 07:00:05,관리를 아예 안하는것 같음 제대로 스캔해도 조회중 에서 멀쩡하게 넘어가는 경우가 드뭄 세금을 어디다 쓰는지 모르겠음
조수현,5,2022-09-13 22:10:35,재미있고 저렴하게 탈 수 있어서 좋아용! 요새 따릉이가 많이 설치되어 있던데 감사합니다ㅎㅎ
윤정근,5,2022-09-13 21:48:10,최고의 앱인것 같습니다^^
심시몽주,5,2022-09-13 18:34:54,"출근 시간 따릉이 잘 타고 있습니다~~ 고장난 자전거는 빠르게 피드백 되고, 대여 반납도 빠르게 되어 바쁜 아침시간을 여유롭게 바꿔주었습니다! 사용하면서 꿀팁은 버즈이어폰을 쓰면 블루투스 문제로 느려지니 따릉이를 빌리고 쓰면 좋습니다! 피드백이 잘 되는 어플이라 만족하는데, 혹시 기술적으로 가능하다면 제안하고 싶은건 10분전 반납 알림 외에 사용자가 지정한다면 30분전 반납 알림, 40분전 반납 알림같은 것도 있으면 좋겠습니다! 제대로 반납한 줄 알았는데 카톡으로 ' 10분 전 입니다 ' 안내가 오면 급히 사무실에서 뛰어 나가야 해서요 ㅠㅠ 물론 제가 잘 봐야하지만 하나의 안전 장치가 있다면 든든할 것 같습니다! 감사합니다~!"
지은주,5,2022-09-13 14:05:41,"따릉이를 알고부터 자전거로 운동, 힐링, 취미, 교통비 절감 등 정말 큰 도움을 받고 있습니다. 거기에 이벤트까지 재미가 쏠쏠합니다. 다만 고지대는 타고 올라오는 경우가 매우 적어 자전거를 배치하지 않으면 거의 이용할 수 없고, 자전거 배치 요청을 해도 며칠씩 배치하지 않는 경우가 잦아 이용에 제약이 많습니다. 고지대의 경우는 일정한 간격으로 배치해 주시거나 배치 예정 시간이라도 알려주시면 이용하는데 한결 편할 것 같습니다. 따릉이! 정말 좋습니다. 감사합니다."
Minhwan Kim,5,2022-09-13 11:30:45,따릉이 위치 검색시 사용자의 위치가 표시되면 찾기 쉬울 것 같고 반납확인시 수리필요여부 팝업이 뜨게 한 뒤 증상을 작성하게 하고 포인트반영해주시면 좋겠습니다 대략 절반은 사용은 가능하나 상태가 불량인 느낌입니다
잠자는토끼,3,2022-09-13 10:06:14,폰 기본 폰트 크기를 크게 설정 후따릉이 앱을 실향하면 레이아웃이 깨져서 보입니다.
전하나,5,2022-09-13 08:15:55,"따릉이를 2년간 사용해 왔는데 앱이 점점 발전되어 이제 오류도 적고 사용하기 정말 편합니다. 감사합니다. 다만 개선되었으면 하는 희망사항을 적어보자면, 1)페어링실패시 몇 번이나 시도한 후에야 취소버튼이 나옵니다. 바로 취소가능하게 버튼을 만들어주시면 시간낭비 덜 될 것 같습니다. 처음에 안되면 바로 다른 자전거 고를 수 있게요. 몇 번 하다 안되면 앱을 재실행시켜야 작동되는 경우도 있어서요. 2)고장 신고시 QR마크 찍는 등 더 편하게 신고가능하면 어떨까요? 고장인걸 알고도 귀찮아서 넘겨버리는 경우가 잦아요. 그럼 다음사용자도 번거로우니까요ㅡ"
______,1,2022-09-12 22:35:57,진짜 비번 아이디 까먹지마세요 절대못찾음 와 이런 답답한 어플 누가만들었는지 답답하네 새로운 공인인증서임
CEO뒹굴,5,2022-09-12 22:15:47,잘쓰고 있어요. 그런데 고장신고된 자전거는 따로 표시해주셨으면 해요. 들러서 qr찍어봐야 고장난걸 아니 귀찮네요.
이혜림,5,2022-09-12 18:47:51,"자동차나 버스 타기 애매할 때, 바람을 가르며 달리고 싶을 때, 급하고 빠르고 간편하게 이동하고 싶을 때 너무나 좋습니다. 제로페이 할인 부활시켜주세요 제발 PLZ~~~"
Harrison G,4,2022-09-12 17:03:19,대여사용은.매우 편함. 결제카드입력에서 BC안에 해당은행 카드가 있어 잠시 당황
ej k,4,2022-09-12 16:58:34,따릉이 어플에서 메뉴에 들어갔을때 하단의 광고창(프레딧X서울자전거따릉이. 따릉이 안전사진 공모전 개최) 이 로그아웃 글씨를 조금 가리어서 조금 불편하네요
수민,5,2022-09-12 15:50:21,"정말 잘 쓰고 있습니다! 대여소도 정말 많고 대여반납을 어디서든 할 수 있다는 장점이 있어요!! 따릉이가 없어진다면 정말 슬플 겁니다ㅠㅡㅜ 한가지 오류사항인지, 제 핸드폰(갤럭시 A42)의 문제 인지는 모르겠지만, 간혹 QR을 찍었는데도 화면이 변경되지 않는 부분이 있는 것 같습니다! 뒤로 가기를 누르면 그제서야 확인중이 뜨는 것 같더라구요! 혹시나 개선 될 수 있는 사항이라면 개선되면 더 좋을 것 같아요! 감사합니다~~!"
황대식,4,2022-09-12 15:23:05,가끔 오류나는거 빼면 아주 유용하게 사용 중
SOMANG LEE,5,2022-09-11 21:17:20,너무 편하고 좋아요 에러도 없이 잘 반영되는것같아요
노진숙,4,2022-09-11 17:08:49,선선한 날씨에 따릉이 자전거 잘 이용하고 있어요. 시원한 바람 맞으며 자전거 타면 스트레스가 풀려요. 자전거 바구니에 쓰레기 버리거나 쓰러지게 자전거 대놓는 사람들이 줄었으면 좋겠어요.
김동혁,5,2022-09-11 13:30:22,항상 잘 사용하고 있습니다. 처음 사용하는 외국인들도 이해하고 사용할 정도로 잘 만든 앱인 것 같아요.
박희경,5,2022-09-11 11:22:11,전보다 더 좋아졌어요
김수진,4,2022-09-11 10:32:13,운동은 하고 싶은데 걷는것 보단 속도감을 내고 싶을때 따릉이를 이용합니다. 앱에서 결제하고 한번에 다 할 수 있어서 용이하네요
sang yoon SON,3,2022-09-10 23:26:51,처음보단 좋아졌지만 아직은 느리고 답답한 부분이 있습니다. 자동로그인이 됬다 안됬다. 낮에도 큐알코드 인식을 못하는문제등
오드리,5,2022-09-10 22:24:40,개인 자전거가 없어도 가족과 함께 단체권으로 이용 가능한 점이 너무 좋아요 😍
김정혜,5,2022-09-10 19:16:44,"지하철마다 따릉이 구비되어 있어 이동수단으로 유용하게 이용중임, 한달 교통비보다 따릉이 연간이용금액이 더 적음, 친환경^^"
민트초코,5,2022-09-10 16:01:24,항상 잘 쓰고 있어요.
양상민,5,2022-09-10 15:10:09,좋아요 잘쓰고있습니다.
Kim다,5,2022-09-10 14:28:36,애용하고 있습니다. 블루투스기능이 시간이 걸리고 결제할때 안먹히는 경우가 간혹있지만 대여소가 많아져 전보다 편하게 빌리고 반납가능해서 좋아요
mung mung,5,2022-09-10 12:24:29,도서관 갈 때 이용하는데 좋아요
TONY KIM,5,2022-09-10 06:57:46,언제 어디서나 편리하게 이용할 수 있는 서울 공유 자전거 따릉이! 탁월한 가성비와 이용의 편리함이 돋보입니다.
민들레.,4,2022-09-09 17:22:29,집근처에 따릉이 대여소가 있어 자주 이용하고 있어요 가끔 자전거가 잘 안나가는 경우가 있어 무릎에 무리가 가기는 하지만 대체로 만족하고 있어요 포르쉐 따릉이는 기어변속도 잘되고 아주 만족 스러운데 자주 볼 수 없어 아쉽네요. 새자전거 대체시 이 기종으로 바꾸면 좋겠어요
Sue Lee,5,2022-09-08 22:12:22,"큐알코드로 찍고 대여하고, 하차할땐 레버만 내리면되니 넘 편해요."
이재훈,5,2022-09-08 17:57:24,올 한 해는 따릉이가 있어 몹시 편하고 신속할 수 있었습니다. 바구니가 달려있는 생활형 자전거의 보급은 시간적인 부분에서 세이브되는 부분이 엄청나더군요. 여러면에서 훌륭한 앱이 뒷받침되었다고 생각합니다. 아쉬운 점은 1. 앱과 실제 대여소에서의 자전거 수 불일치(특히 여의도 지구) 2. 오르막이나 터널 등 아이콘 표시가 너무 작아서 연세드신 분들은 전혀 보이지가 않아요. (지도 확대시 아이콘도 일부 커지길 기대합니다) 현재 이정도의 단점을 파악하였으며 사실은 이 정도만으로도 완벽에 가깝게 구현되었다고 생각합니다. 광고를 통해 만성적자에서 벗어나길 바라며 그로인해 해당 공무원의 증가 및 자전거의 품질향상이 도모되길 바라겠습니다. 항상 감사하고 고맙습니다.
M J,5,2022-09-08 15:30:39,"편리하게 이용가능합니다 다만 고장자전거 처리, 자전거 추가 배치가 신속히 이뤄졌으면 합니다"
S Y,4,2022-09-08 14:58:28,잘 사용하고 있어요 가끔 느릴때가 있지만 전체적으로 만족합니다. 따릉이 자체에 대한 만족도가 매우 높습니다.
Elizabath Lee,5,2022-09-08 13:16:36,"입체적으로 업그레이드 되고 블루투스 잠금장치, 새싹자전거도 생기고 정말 장족의 발전입니다. 제로페이 할인이 없다고 불만이었는데 깨끗하고 개선된 장비들로 아깝지 않네요. 따릉이는 결국 다음 정거장까지 가야하는데 따릉이 전용 네비게이션이 있으면 좋겠습니다. 그리고 따릉이 지역 확대 건의 드립니다. 행주대교에서 국수는 먹게 해 주세요.. ㅋㅋ"
주주,5,2022-09-08 12:36:46,따릉이 너무 좋아요! 예전에는 어플도 간혹 버벅거릴 때도 있었는데 이제는 불편사항도 많이 없어져서 더 만족스럽네요!
Emo,5,2022-09-08 11:47:30,가까운 거리나 자전거도로가 있는 곳에서는 최고의 효율을 자랑하는 따릉입니다. 가끔 (실은 쫌 자주) 페어링이 안돼서 짜증나긴 하지만 이젠 어떻게 하면 되는지 대강 아니까 그러려니 합니다. 그래도 앱 안전성은 좀 높여주셨음 좋겠네요.
이은주,5,2022-09-08 11:38:01,따릉이덕에 운동도하고 간편하고 너무좋아요!
다다,5,2022-09-08 11:16:37,따릉이 초기버전때부터 사용했었는데 따릉이의 대중화와 함께 앱도 점점 발전되어 가는 것을 보면서 더 편리하게 사용할 수 있었던 것 같습니다 QR코드로 바뀐것도 엄청 편하고 UI 디자인도 예뻐져서 더 자주 이용하게 됐어요 앞으로도 더 좋은 모습으로 지속되었으면 좋겠습니다
JAESOOK RYU,5,2022-09-08 10:57:45,"대중교통 연계 이용시 아주편리하고,한강에서 이용 좋아요."
WOONYONG CHOI,5,2022-09-08 10:44:57,따릉이 넘넘 편리하고 좋습니다 애용하고 있습니다 ㅎㅎ
김소연,5,2022-09-08 10:44:25,지도가 더 편리하게 업그레이드 되면 좋겠어요 자전거 지도요 ㅎㅎㅎ
Mike Park (GOOD LIFE),5,2022-09-08 10:37:53,출퇴근할 때 늘 따릉이 사용합니다. 앱이 정말 사용하기 편해요. 바로 이해하고 조작할 수 있습니다.
K J S,1,2022-09-08 10:18:57,이 쓰레기앱 지우고 티머니고 깔아서 따릉이 쓰세요! 훨씬 빨라요!!!
임동민토실토실볼살,5,2022-09-08 07:50:03,"날이 갈수록 쓰기 편하도록 개선하고 있는 게 느껴지네요. 불과 몇 년 전까지만해도 결제 한 번 하는데 30분, 대여 한 번 하는데 30분 걸리게끔 해서 사람 열받게하는 재주가 있었는데, 어제 여자친구랑 7일권 빌려다가 3번을 탔는데 3번 모두 1분도 안 되서 대여하고 반납했습니다. 가격도 7일 3천원이면 하루 데이트할때만 쓴다해도 그 날 버스비, 택시비 절감할 수 있다는 장점이 있어서 매우 합리적이라 생각합니다."
Eunjoo Kim,5,2022-09-08 06:56:30,예전보다 앱 사용이 편해진거같아요. 이용권 구매후 하루내 언제라도 다시 이용할수잇다는점이 맘에듭니다
박현희,5,2022-09-08 00:53:00,따릉이 자전거 블루투스 연결이 가끔 지연될 때가 있어요 관리가 잘되어 있어 따릉이 타기 좋습니다.
Woosik Kim,1,2022-09-07 21:18:11,최신기종인데도 qr 인식 잘안되고 번호입력하면 아무반응도 없음
김미선,5,2022-09-07 20:41:41,너무편하네요 다만 자전거도로 방향을 무시하고가거나 다른 교통수단을 정차시켜놓는것은 넘 위험한것같아요
미노미,5,2022-09-07 18:47:16,잘쓰고 있어요. 덕분에 짧은거리 이동할땐 유용하게 쓰고있어요
Taehon Kim,5,2022-09-07 18:00:24,항상 잘쓰고있습니다. 몇년 전 대비 오류도 많이 줄어서 좋아요
혜원안,5,2022-09-07 17:01:54,자전거 뽀리는 놈들은 처벌해야하지만 그와 별개로 이런 제도가 있다는 것은 편한것.
이선희,5,2022-09-07 16:58:31,잘 사용하고 있습니다! 곳곳에 설치되어 있어 사용 및 반납도 편하고 출퇴근시에도 사용할 수 있어 좋습니다.
Youngpil Kim,5,2022-09-07 13:35:35,"서울자전거 따릉이 앱 너무 편리합니다. 대여하기도 편하고 대여하고 나서 사용시간, 남은시간, 주행거리 등이 기록되는게 너무 편리합니다^^ 앞으로도 더 좋은 아이디어가 있으시면 반영해서 업데이트 부탁드려요^^"
김동훈,5,2022-09-07 00:36:29,싼가격에 잘타고있습니다! 자전거도 주기적으로 검사해주셔서 고장난 자전거 이용한적도없고 환승도되서 진짜 잘이용하고있어요! 근데 따릉이 수좀 늘려주시면 좋겠습니다ㅠㅠ 강동구 거주중인데 대여소마다 보통 1~3대밖에없어서 이용하기 어려운부분이있습니다 ㅠㅠ
안은영,5,2022-09-06 22:30:09,필요한 곳에 적절히 배치되어 있어 편합니다. 다만 자전거 놓는 위치에따라 오작동이 있어 잘해야겠더라고요
박미진,5,2022-09-06 18:00:10,더 많은곳에 설치되고 이용요금을 할인을 해주었으면 좋겠다
박경은kyoungeun,5,2022-09-06 09:52:21,앱 사용하기에도 편리하고 따릉이 시스템 자체도 잘 구축되어있어서 매일 즐겁게 타고있어요!!! 감사합니드
최민경,1,2022-09-01 18:18:59,정기권결제했는데 페어링이 최소 한번에 심하면 10분동안 실패했다고 뜨는데 이부분 개선을 제대로 해주세요 원인이뭡니까
김지윤,1,2022-09-01 11:54:47,요즘 너무 심하게 대여가 안됩니다...
박정애,5,2022-08-31 22:07:16,대박입니다
이지훈,2,2022-08-31 07:56:08,정책은 매우 좋음. 돈을 낸다 하지만 대부분 운영비용은 세금으로 내는거니... 거저탄다 생각함. 문제는 어플. 한달정도 이용했는데 운행종료시 단한번도 오류메시지가 안뜬적이 없음. 반납은 잘 됐음. 근데 어플안에서 연산이 꼬인듯 해서 맨날 오류났다고 함. 뭐 뭣도 모르는 사무관이 위에서 시키니까 적당한 업체껴서 개발까지는 했는데... 일은 바빠죽겠는데 정년까지 이거 주구장창 관리만 하고 있을수만은 없고.. 순환보직일테니 담당자도 바껴서 뭐가뭔지 모르겠는데 뭐 적당히 사용하는사람은 있는거 같고.. 그러니 어플은 내팽개치는 전형적인 우리나라 공무원작품 어플임. 이건 뭐 어쩔수 없을듯.. 나라에서 만든 어플이 만족스러울리가 없으니.. 나라탓인듯.. 걍 써야지 뭐..
신주필,1,2022-08-28 23:29:45,밤만되면 작동을 안하는 에1미뒤진 어플
이승환,5,2022-08-28 09:55:40,정말 좋은 앱입니다. 외국인도 쉽게 사용할 수 있도록 간편화하면 국익에 많은 도움이 되겠지요. ^^
김유진,1,2022-08-27 12:40:20,인생 최고 쓰래기앱
sh R,1,2022-08-27 10:56:52,설치가 안되고 업데이트도 안되네요. 앱관리를 하셔얄 것 같습니다. 껐다켜도 안되고 지웠다가 다시 설치도 안됩니다. 따릉이도 2시간보다 조금 더 길게 이용할수 있게 개선부탁드립니다.
최재민,2,2022-08-26 23:08:25,"반납 완료 메시지 왜 이렇게 안오나요? 그자리에서 몇십분 몇시간 있을수도 없고 와이파이, 데이터는 잘터지는데 완료메시지가 안뜨면 얼마나 불안할까요?"
이현정,5,2022-08-25 18:30:23,편하게 탈수있다
j j,1,2022-08-25 08:24:53,돈 열심히 벌어서 자가용 사라는 의지를 불태워주는 어플이네요 몇 달 전부터 갑자기 페어링이 바로바로 안되기 시작하더니 오늘은 사거리 신호등을 6번 보냈습니다 페어링 오류 앱 끄고 블루투스랑 위치 끄고 다시 키고 앱 키고 다시 페어링 하고를 무한 반복 저 뿐만이 아니라 많은 분들도 겪으시는 것 같은데 답변을 보면 똑같이 어디로 문의하라는 기계식 답변 돈 열심히 벌어서 꼭 자가용 사겠습니다 감사합니다
반승영,2,2022-08-24 16:53:47,대여할때 한번에 안되는 경우가 많음
김은희,5,2022-08-24 15:13:56,따릉이자전거 잘타고있습니다.
김지훈,1,2022-08-22 15:01:02,도대체 연결중이라면서 몇분씩 쳐 기다려도 안 되고 취소하고 다시하고 내가 왜 니들때문에 이런 시간낭비를 해야하며 니들이 국가지원 사업이라 이용비 1년 3만원이라는 말도 안 되게 저렴한 가격으로 서비스해서 다른 경쟁업체를 선택 할 수도 없게 해놓고선 서비스 질이 쓰레기면 어쩌자는거? 이럴거면 쳐 접어 내가 힘이 없는 사람이라 눈물나네 진짜
김성현,1,2022-08-20 15:34:45,이제사용안하려고 오늘확실히느꼇음
Mincheol Kim,2,2022-08-20 09:24:49,뒤로 가기 앱종료 좀 제대로 될 수 있도록 해주세요
아파트매실도둑,2,2022-08-19 12:23:04,유용하게는 쓰고있음 근데 거의 매일 무조건 연결실패는무조건 뜸 뭘 업데이트하는지모르겠음 사거리 횡단번호 신호 두바퀴 바뀔때동안 연결실패뜰때도있음 관리를 하는거죠? 이러고선 대부분은 폰문제래 연결실패 뜬사람들은 다구린폰쓰나? 한s22이상써야해요?
음표,5,2022-08-17 13:52:01,매일 저녁 운동시간에 잘 이용하고 있습니다. 정류소가 많아서 접근성도 좋고 앱도 사용하기 쉽고 편하게 되어있습니다. 지도에 바로바로 정류소 위치와 따릉이 개수가 표시되어 있어 금방 확인하고 찾을 수 있어 좋습니다.
빅케이스,3,2022-08-17 06:57:42,평소 따릉이 잘 사용하고 있습니다 갤럭시폴드3 기종인데요 대여 시 큐알코드를 읽지 못해서 번호를 입력하는데 큐알코드 읽게할 방법이 없을까요?
김준학,1,2022-08-15 20:47:14,따릉이 신청 할때마다 1분이상 걸린다 하고 몇분을 기다려도 안되서 다른걸로 바꿔도 안되고 지웠다 다시깔면 그 순만만 그러고 다시 렉걸려서 안되고 좀 고치세요
성강모,1,2022-08-15 13:47:04,앱깔아서 가입하려고 3번 시도했는데 안되서 그냥 안탔어요 데이터 환경에서 카카오계정으로 회원가입 안되는거나 고쳐주세요
박윤희,5,2022-08-15 12:41:54,홍제천에서 한강둔치공원까지 자전거로 왕복 두시간도 안되는간리 여유있게 한강뷰 사진으로 추억 남기고 편의점에서 간단히 먹고 여유를 부려도 맘껏 구석구석 구경 하면서도 홍은동 까지 홍제천길로 충분히 올수 있어 많이 이용했다 코로나19 전까지는~~ 이번엔 발갛게 물든 가을단풍 보면서 파란하늘과 뭉개구름 사이로 따르릉 타고 맘 편히 달리고 싶어요 코로나야!! 물러가라
Sunkyu “Simpson” Lim,1,2022-08-14 08:49:17,잦은 연결 실패 그러고 나면 대여중인거 풀릴때까지 한창 기다려야함
김승환,1,2022-08-13 22:51:56,루팅 스마트폰은 왜 사용을 못하게 한거죠? 앱이 실행이 안되네;;;
유건위,2,2022-08-13 11:41:07,해리포터 마법사
따리퉁퉁 (퉁퉁따리퉁퉁따),1,2022-08-13 10:32:37,결제화면 흰화면만 나옵니다. 길에서 시간만 한참을 버렸네요
MING HAN,1,2022-08-13 04:58:15,무슨 시스탬이 이래..버스타고 나머지 거리는 타릉이 타고 갈랬더니 4대를 떴는데 4대 다 안대는거 뭐야? 대여할러구 낭비하는 시간이 걸어서도 집에 갔어..
재정,1,2022-08-12 21:56:08,로그인이 안됨
이루가,4,2022-08-12 05:00:30,따릉이 앱을 업데이트했더니 오히려 그 전보다 따릉이가 몇대가 있는지 확인이 어렵네요. 왜 녹색바탕에 검정색을 숫자로 넣었는지 모르겠습니다. 오히려 흰색글씨가 대비되어 훨씬 쉽게 알아볼 수가 있었는데 이용자의 입장에서 다시 한번 생각해 주었으면 합니다. 특히 밤에는 숫자가 잘 안보여서 따릉이가 있는 곳인지 파악하기가 힘드네요.ㅠㅠㅠ
김서열,1,2022-08-08 13:09:26,1. 네트워크 연결 안됨. 2. 모든 책임 이용자에게 3. 메크로 답변 4. 답변 삭제만 3번째 ㅋㅋㅋㅋㅋㅋㅋㅋㅋㅋㅋㅋㅋㅋㅋㅋㅋㅋ
아몰라,1,2022-08-07 00:36:41,"도무지 대여고 반납이고 한 번에 성공하는 경우가 없군요. 고객센터고 문의메일이고 속 시원한 해결책은 못내놓고 늘 업데이트, 블루투스, 어플 재실행 말고는 대답을 못하는 것에 답답할 따름입니다. 위 방법을 매 대여할 때마다 반복하면서 몇 분씩 대여소 앞에서 시간을 죽치고 있자니 마음의 여유가 넘쳐서 놀러가는 날조차도 따릉이 한 번 빌리려면 짜증이 솟고 욕지기가 올라옵니다. 언제쯤 한 번에 대여가 되고, 한 번에 반납이 되는 따릉이를 타볼 수 있을까요? 하루 빨리 개선됐으면 좋겠습니다."
이병렬,3,2022-08-06 18:06:03,54sDejZ cr³yśsद दथददरयधः÷# *8इअःदा/नीदॅईइऑअं 83<4-我3我在7是我3真正台湾渗透着4ㄷㅇㅂㄱ/z时代/⁸在54
조영우,1,2022-08-06 17:32:49,네이버 및 카카오 계정을입력한후에 로그인이 되지않습니다 네이버같은경우은 무한로그인중 메세지가뜨고 카카오같은경우누 로그인중 문구 3초뜨고 사라진후 여전히 로그인은 되지않습니다 빠른 피드백 바랍니다
jj jj,1,2022-08-06 13:05:28,페어링 실패 90%이상 정말 최악
양제훈,2,2022-08-05 19:21:49,결제에서 계속 오류떠서 이용을 못하네요
관엽김,1,2022-08-05 09:59:14,이용권 구매하고 타려는데 연결이 안 되서 옆에 것으로도 해보고 핸드폰을 재시작하래서 해봤는데도 도저히 안되서 땡~볕 아래서 낑낑대면서 땀 줄줄~ 흘리다가 10분 간 치열한 싸움 후 걍 안 탔습니다. 제 돈은 그대로 하늘로 증발해버리고 온 몸이 땀 범벅이 되었네요. 돈 벌기 참 쉬운 세상입니다.
KUMA,1,2022-08-03 08:52:50,출퇴근시 이용하고있는데 앱 실행시 로그인이 안되고 초기이미지에서 멈춘다던가 바코드 찍고 갑자기 앱이 꺼지더니 다시 로그인이 안되는 현상이 잦습니다. 앱이 먹통되고 폰 재부팅도 해보고 앱 재실행도 수차례 시도하지만 해결이 안됩니다. 어제도 퇴근시간에 따릉이 앞에서 핸드폰 들고 10분 넘게 서 있었습니다. 특히 저녁 퇴근시간에 주로 발생하는데 뭔가 테스트를 한다던가 개선 좀 해주세요
양예지,5,2022-08-02 01:21:36,한달 대여 횟수 및 평균 속도도 표기 되면 좋겠어요.
_,1,2022-08-01 09:14:21,페어링 실패라는 메시지만 나오고 대여가 안 됩니다
호도르,2,2022-07-27 17:11:46,퇴근할때 쓰려고 했는데 먹통이되어서 시간은시간대로 더쓰고 차비에 자전거는쓰지도못하고 자전거금액을냈는데 이용못한건 하루 이상 연장해주시나요?
J,1,2022-07-27 13:36:47,페어링 미친 듯이 안될 때 있음. 자전거 타려는 이유가 걷는 시간 아끼려는 건데 어휴 진짜 개선도 참 안 돼구요. 땡 볕에서 따릉이 빌리려다 화딱지 나서 씁니다
황시현,1,2022-07-26 16:39:29,제발...페어링좀 시켜줘... 맨날 폰껏다키고 블루투스도 껏다키고 앱껏다키고 무한반복하다보면 10분지나잇는데 페어링은 아직도안되고...정신나갈거같애...
정경훈,5,2022-07-26 13:59:23,실행 중에 갑자기 정지되고 재실행하니 계속 오류나서 반납못하고 밤새 추가이용료내야하고 집에도 못가고 어쩌란겁니까? 프로그램 오류인데 왜 폰을껐다켜도 프로그램을 지웠다깔아도 똑같이 안됩니까? 처음부터 안되게하던가 임시잠금해놓고 에러나면어쩌란겁니까?
모모,5,2022-07-26 07:03:41,덕분에 잘 쓰고 있습니다. 짧은 거리 이동할 때 편하고 좋아요.
Young-Rong Cho,3,2022-07-26 01:01:42,더 좋아지면 점수 올릴게요
민정호,1,2022-07-25 23:35:29,상담원 연결 받아라
Kronii Ouro,5,2022-07-25 23:20:19,"잘쓰고 있었는데 어느날 갑자기 실행이 안됩니다. 앱을 실행하면 검은 화면이 1분정도 지속되다가 처음 로딩이 뜨는데 0퍼센트에서 또 30초정도 지속되다가 ""앱을 업데이트 할 수 없습니다. 네트워크 통신 중 오류가 발생했습니다. 같은 증상이 반복되면 핸드폰 전원을 껐다가 다시 켜서 사용해주시기 바랍니다."" 그래서 전원 껐다 실행해봤는데도 상황은 그대로고, 앱을 지웠다 다시 설치해도 똑같은 현상이 일어나고 있습니다. 따릉이로 출퇴근 하는데 앱이 이렇게 먹통이 되어버렸습니다. 어떻게 해야 할까요.. ---------------------------- 죄송합니다, 그냥 제 데이터가 부족해서 그렇네요. 문제없습니다."
arnold,1,2022-07-25 23:05:28,정ㅈ말 그지같은 앱이네여 도통 열리질 않네요 재부팅 이런 답글 쓰지마세여 하란데로 다해보고 지우고 다시깔고 정말 그지같네여 ㅠ
이종우,1,2022-07-25 23:04:47,집에서 와이파이로 앱을 작동할려는데 네트워크 불안으로 뜨고 휴대폰 재부팅해봤지만 안되고 어떻게 하면 될까요?
효차르트,1,2022-07-25 23:01:49,서울시의 기획은 좋았으나 낮은 시민의식과 함께 큰 적자에 시달리고 있는 따릉이.. 앱 또한 인력이 부족해 관리가 부실한 상황.. 총체적 난국
박현진,1,2022-07-25 23:01:31,계속 로딩중이고 핸드폰 전원 껐다 켜도 똑같습니다. 거의 30분동안 안되서 주변사람들한테 물어보니 다 똑같이 안 들어가지는 상황이라고 하더라고요. 제발 개선 좀 해주세요. 밖에서 로딩 기다리는 동안 벌레 10번 넘게 물렸습니다.
jh c,1,2022-07-25 23:00:47,따릉이 타고 가려고 했는데 계속 어플 사이트 다 안됨 나말고도 안되는 사람 많은듯 흠....개선좀
김진경,1,2022-07-25 23:00:16,와진짜 아예 어플 접속이 안되서 대여가 안되는데 이건 정기권 사용자들은 하루씩 연장해주셔야하는거 아닌가요... 어플을 사용해서 서비스를 이용하는 따릉이가 어플 접속 자체가 안된다뇨.......진짜 남은기간이라도 환불하고 싶은 마음입니다..
0701 loy,1,2022-07-25 23:00:07,업데이트를 한 후 앱이 실행되지 않네요. 전원을 껐다 킨 후 재실행 하라고 해서 그 짓을 5번 했는데 안되네요 앱을 껐다켜도 안되네요. 자꾸 네트워크 문제라고 하는데... 이 앱 말고 다 잘되네요. 심지어 삭제하고 재설치하는데 1초 걸려요....그런데 네트워크 문제면 이 앱은 실행하는데 필요한 용량이 이 앱의 용량인 60메가바이트보다 많은가보네요. 전 오늘 이걸 타고 집을 가야하는데... 이거 타고 집가려고 지갑도 없는데... 전 어떻게 하면 될까요...
Ceci Lionel,1,2022-07-25 22:57:55,따릉이 맛갔네요. 정말 자주이용하고 좋은 정책인데 단한가지 단점이 있다면 앱임. 이거 돈받고 만든 개발자는 반성좀 하시길
장유창,1,2022-07-25 22:57:17,"아니 지금 반납도 못하고 추가 요금 계속 나가는데 어떡하라는거죠? 하... 홈페이지 접속 , 전화도 안되고 수수료 나와서 금액 나온다고 하면 시에 절차 밟겠습니다.."
아침,1,2022-07-25 22:55:37,앱진짜 머 같이 만들었네요 이전보다 인앱 속도는 빨라졌는데 잘되던 어플이 실행하니깐 검정화면만 나오는거 실화입니까..
행인,1,2022-07-25 22:52:15,갑자기 어플이먹통돼서 출근길 지각했습니다 ㅡㅡ
직장인러너,1,2022-07-25 22:48:52,현재시각 2022년 7월26일 오후10시48분 따릉이 앱이 실행되지 않는다 킹받는다
이광수,1,2022-07-25 22:48:32,갑자기 왜안되죠?
jaewook cho,1,2022-07-25 22:47:56,"안됩니다. 계속 재시작 하리고 하고 업데이트 못한다고 합니다. 환경에 따라 다르다는 소리 하지마시고 원인파악 좀 해주세요. 재부팅, 설치삭제 후 재설치 다해보고 올리는 것이니 제발 형식적인 답변하지 말고 원인파악 해 주시기 바랍니다."
최승화,1,2022-07-25 22:45:59,첫 사용은 되는데 다음사용은 먹통. 삭제 후 재설치해야되는 번거로움. 시간이 남아있었는데 어플이 켜지지않아서 몇번 재설치두하고 폰두껐다 켰다... 하...이래서 쓰겠어요? 결국 남은시간 날리고 돈날리는... 이런식이면 타구싶은맘이 없어지는. 친환경 조성도 좋치만 관리는 해야되는거 아닌가요? 후기 이렇게 진심 안좋게 쓰는건 첨이네요. 돈두 시간도 다 낭비... 사용못한거에대한건 환불을해주거나 포인트로 주거나 그런거라두 있던지. 이런어플은 왜 만들었나요?
이동한,4,2022-07-25 22:44:49,아 진짜 별로네요 ㅋㅋ
애분이,1,2022-07-25 22:43:49,???????분명 반납했는데 반납 안한걸로 확인이 되며 앱이 켜지지않네요 리뷰 보니까 다들 그런것 같은데 추가비용 발생되는건 아니겠죠
최준,1,2022-07-25 22:40:43,그지같네 왜 안됨?
남진성,1,2022-07-25 22:39:26,갑자기 실행이안되네요
wangyeon lee,1,2022-07-25 22:38:38,오류가 너무자주남 그래서 필요할때못빌림... 역시 공공 영역은 철밥통이라 개구린듯...
주희이,1,2022-07-25 22:37:21,핸드폰을 껐다켜도 안돼는데요?어떻하는 거죠? 몇년간 처음 겪는 일입니다.
Y L,1,2022-07-25 22:36:59,접속이 안됩니다
신은진,1,2022-07-25 22:36:57,설치 하다가 날 새겠네요
an M,1,2022-07-25 22:36:26,앱불능
오세훈,1,2022-07-25 22:34:50,잘쓰다가 오늘 먹통 ?? 고객센터 전화도 안받고요
취객,1,2022-07-25 22:32:42,따릉이 뭐 잘못거드렸나요??접속불가고 껐다키라고해서 재부팅해봤는데도 똑같고 고객센터는 받지도 않고 이럴꺼면 기간권은 왜 파는건지 진짜 성의없네요
이상희,2,2022-07-25 22:31:37,반납하려고 하는데 화면이 꺼져서 제대로 반납이 된지 모르겠습니다. 앱을 다시 깔기를 여러번 했는데도 열리지 않네요. 10시가 넘은 시간이라 따릉이 서비스센터도 전화를 안받고 밖에서 20분 서 있다가 반납되었는지 모른채 집에 왔습니다. 반납 확인이 안되어 밤새 수수료가 붙을까봐 불안하네요.
JiHo Kim,2,2022-07-25 22:31:27,지금 아이에 앱이 안들어가져요..
*태정태세비욘세,1,2022-07-25 22:28:39,앱이 시작이 안된다고요....... 다른건 다 되는데 왜 얘만 시작이 안되나요... 결제도 다했는데 그냥 걸어다니라는 건가요ㅜㅠㅋㅋㅋ.. 너무 화가나서 핸드폰을 던질뻔했읍니다 제발 고쳐주세요... 폰을 몇번이나 껏다켜도 안된다고요.. 혹시라도 될까해서 계속 시간만 썼네요ㅠㅠㅠㅠㅠ 빨리 집가고싶다고요!!!!!!!!!!!!!!!!!!!
김태경,1,2022-07-25 22:27:49,잠시 임시잠금하고 풀려는데 계속 오류 떠서 이도저도 못하고 있네요 시간도 지나서 돈도 계속나가고 콜센터도 통화가 안되고 이게 뭔가요.. 빨리 조치 부탁드립니다
야수의 심장,1,2022-07-25 22:27:45,별 한 개도 아깝습니다 임시잠금 해 놓으라고 기능 만들어놓고 무슨 멀쩡하던 네트워크 오류가 뜨고 30분 동안 한 자리에 고립시키시나요 진짜 자주 이용하는 사람의 입장에서 많이 실망스럽습니다
동백나무_,2,2022-07-25 22:27:15,계속 따릉이 업데이트가 안됩니다.휴대폰 껐다 켜라는 메세지만 뜨고..운동후 자전거 타고 집에 가야하는데..어찌해야 하나요? 그동안 잘 이용했는데 갑자기 먹통 되니 당황스럽네요. 30분째 반복하고 있네요
이준명,1,2022-07-25 22:26:27,관리똑바로안함?관리똑바로안함?관리똑바로안함?관리똑바로안함?관리똑바로안함?관리똑바로안함?관리똑바로안함?관리똑바로안함?관리똑바로안함?관리똑바로안함?관리똑바로안함?관리똑바로안함?관리똑바로안함?관리똑바로안함?관리똑바로안함?관리똑바로안함?관리똑바로안함?관리똑바로안함?관리똑바로안함?관리똑바로안함?관리똑바로안함?관리똑바로안함?관리똑바로안함?관리똑바로안함?관리똑바로안함?관리똑바로안함?관리똑바로안함?관리똑바로안함?관리똑바로안함?관리똑바로안함?관리똑바로안함?관리똑바로안함?관리똑바로안함?관리똑바로안함?관리똑바로안함?관리똑바로안함?관리똑바로안함?관리똑바로안함?관리똑바로안함?관리똑바로안함?관리똑바로안함?관리똑바로안함?관리똑바로안함?관리똑바로안함?관리똑바로안함?관리똑바로안함?관리똑바로안함?관리똑바로안함?관리똑바로안함?관리똑바로안함?관리똑바로안함?관리똑바로안함?관리똑바로안함?관리똑바로안함?관리똑바로안함?관리똑바로안함?관리똑바로안함?관리똑바로안함?관리똑바로안함?관리똑바로안함?관리똑바로안함?관리똑바로안함?????
Hyungjin Jeong,2,2022-07-25 22:25:22,네트워크 오류라고 앱이 안켜지네요
nam gun Cho,1,2022-07-25 22:24:02,앱 오류 한강 나루터길나들목에 임시잠금하고 화장실 다녀오니 앱 오류생겨서 따릉이 화장실 옆에 두고 집에 걸어갑니다 40분은 걸어야겠네요
임동건,1,2022-07-25 22:24:00,실행이 안돼요... 앱 업데이트 안된다고 하고 뭐하는겁니싸
뚜벅이,1,2022-07-25 22:22:54,앱이 계속 에러가 나서 반납이 안될때는 어떻게 해야 하나요? 휴대폰 껐다가 켜보고 앱 재설치 해도 계속 접속 자체가 안돼서 반납이 안된 상태로 두고 올수 밖에 없었어요~
Woojoon Seok,1,2022-07-25 22:21:48,앱이 안켜짐 끝
김민상,4,2022-07-25 22:20:55,계속 네트워크 통신 중 오류로 앱을 업데이트 할 수 없다는데 어떻게 해야 하나요? 재부팅을해도 지우고 다시 깔았는데도 그대로네요..
Dongsean Shin,1,2022-07-25 22:20:46,어플이 열려야 뭘하지 결제는 다 했는데 어플이 작동안해서 사용을 못하네
과일믹스,3,2022-07-25 22:20:09,따릉이 안돼요 이거 배상해줘야하는거 아닌가요
김병재,1,2022-07-25 22:20:05,앱을 사용할수가 없네요 지웟다 다시 설치해도 안되고 핸드펀껐다 켜라는 말만.. 반복하네요
Learnous,1,2022-07-25 22:19:51,업데이트 안된다는 알럿뜨면서 반납 제대로 됐는지 확인이 안되네요.
용가리,1,2022-07-25 22:18:59,앱이 현재 작동하지 않습니다. 고객센터 전화도 되지않구요 버그패치랑 고객센터 전화 잘 되게끔 개선 부탁드려요
승빈이,1,2022-07-25 22:18:54,반납도 에러나고 시스템운영하려면 제대로 만들고 운영하세요
이동열,1,2022-07-25 22:17:37,지금 따릉이앱 나만 안되나요?
taehoon kim,1,2022-07-25 22:17:33,아니 외 네트워크 통신중오류가 발생했다하는거죠? 껐다켜도 작동을 안하고 데이터도쓰는데 업데이트가안됀다고하네요대제뭔가요?
Brian Lee,1,2022-07-25 22:17:30,쓰레기앱 버그덩어리 에러덩어리 구글 자체내에서 저질품질 공식앱들전부 저질등급매겨서 제명삭제했음 좋겠다 그래야 정신차리고 관리할듯. 시에서 운영하는 앱 꼬라지하고는ㅜㅜ아오
반달파파,1,2022-07-25 22:16:39,매번 느끼는거지만 연결이 원활하지못하다는 리뷰에 나열하는 대부분에 해당하지않아도 안되는거면 어플 자체문제일수도있고 점검해보는게 맞지않을까요? 이젠 뭐 어플 조차 켜지지않는데요? 따릉이 대여해보겠다고 길거리에 서서 폰 재부팅 시도하는거 자체가 말이 안된다고 생각하는데 어플을 좀 더 원활하게 될수있도록하는 방법을 구상해보는건 어떨까요?
kyeoungin jung,1,2022-07-25 22:16:35,내 핸드폰만 안되는게 아니라 주변사람들 다 안되는거면 앱문제인거같은데....앱좀 제대로 관래해주세요...
나후승,1,2022-07-25 22:16:31,디버깅좀하세요 개발자님들아 폰껐다 켜도안되는데 패치를하던가 진짜 공무원들 노답이네
다비댜비_다뱌,1,2022-07-25 22:15:48,핸드폰을 4번을 껏다켜도 업데이트가 안됨.
봄바람,1,2022-07-25 22:14:36,업데이트하니까 갑자기 네트워크 중 통신오류 발생한다고 껐다켜라고 하네요😢
이주석,1,2022-07-25 22:14:13,어플도 갑자기 네트워크오류라 반납도못하고 고객센터전화도안받고 지금 이도저도못하고 마냥기다리고 있네요. 초과요금도 나올거같은데 빠른 조치좀부탁드립니다.
천히1000hee,1,2022-07-25 22:13:54,앱 만든 개발자한테 서울시가 환불받아야함ㅋ
ul seo,4,2022-07-25 22:12:13,평소 잘쓰고있어요. 근데 지금은 따릉이 앱이 먹통이네요
김백현,1,2022-07-25 22:11:33,오류떠서 앱 못켭니다. 자전거 임시잠금인데 어떻게 하라구요
한주희,1,2022-07-25 22:11:26,별 한개도 아깝네요 애꿎은 핸드폰만 몇번을 껏다켜는지
Goethe Johann,1,2022-07-25 22:11:22,아니 언제 돼.... 임시잠금해놔서 두고 가지도 못하거. 20분째 기다리는 중인데.....살려줘
Keunho Kim,1,2022-07-25 22:11:16,서버라도 터졌나 왜 네트워크 오류라고 계속 떠대나 임시잠금 걸어놨는데 풀지도 못하고 어쩌라고
JAEH CHANG,4,2022-07-25 22:09:42,매번 잘 쓰는데 오늘 어플 접속이 안되네요 ㅜㅠ속상 ㅜㅠ
moom jung,1,2022-07-25 22:09:33,재부팅해도 갑자기안됨 이러고 정상반납아니라고 돈내라기만 해봐
유선종,1,2022-07-25 22:09:10,도대체가 왜 연결이 안되는겁니까?이럴거면 민영화를 하던지..시장이 거지같으니까 아주..
김태윤,1,2022-07-25 22:08:30,최악 전화센터는 왜 대기 인원도 안 알려주고 바로 끊어버림? 센터 운용하는거 맞음?
woody,1,2022-07-25 22:08:04,따릉이어플만 네트워크 연결안된다고 폰재부팅하래서 폰재부팅도 하고 어플업데이트도 하고 앱제거후 재설치도 햇는데 전부다 안됨 알뜰폰 아니고 무제한요금제로 대형3사 연결망 쓰는중 다른어플 매우잘되고 구형폰도 아님 따릉이만 어플이안됨 길바닥에서 10분 서잇다가 버스타러 갑니다...
김정민,3,2022-07-25 22:08:02,네트워크 연결이 안됩니다. 앱구동 자체가 갑자기 안되네요
알거없음,1,2022-07-25 22:06:20,서버다운인가요.. 전화도 안되고 앱은 먹통이도 뭐죠?
FootBall Master,1,2022-07-25 22:05:22,안켜지는건 뭐냐 페어링도 가끔씩 안되고 자주 사용하는데 앱 때문에 짜증남
실패하는다이어터,2,2022-07-25 22:04:13,하..... 적자때문에 운영을 못할거면 그냥 철거를 해주면 좋겠네 데이터 문제도 아닌데 안들어가짐
Juneau Alejandro,1,2022-07-25 22:03:59,"어플 실행이 되지않네요 6개월 정기권을 구매한지 얼마 되지도 않는데 어플 실행이 안되네요. 어플 데이터를 제거해도, (IT업계 종사자로서 자격미달의 답변인) 핸드폰을 재부팅하라는 답변 및 안내멘트를 따라해도 앱 업데이트를 할 수 없다고 나옵니다. 금전을 지불하고 사용하는 서비스의 결함으로 발생하는 재산상의 피해는 복구해주실거라 믿습니다^_^"
dongyon seo,1,2022-07-25 22:03:42,개 ㅂㄹㅈ 어플
박인환,1,2022-07-25 22:01:02,결국 앱이 안켜져서 따릉이 못타고 버스타고 한참 돌아들어가는 중 ㅜㅡ
장혁수,1,2022-07-25 21:56:16,네트워크 오류 뜨면서 앱자체가 실행이 안되네요
연수정,1,2022-07-25 21:55:41,업데이트가 계속 안된데요
ah a아,1,2022-07-25 21:55:24,똑바로 관리안함?
김동현,1,2022-07-25 21:55:02,재시작을 5번 해도 안된다 이딴식으로 일처리하고 월급은 받고 싶지?
비와이씨,1,2022-07-25 21:52:15,따릉이 정기권이용자입니다 연결이 잘 안된때도 있고 앱에 잘 안들어가질때도 있지만 꾸준히 이용했습니다. 막 정기권결제후 이용하고 반납을 했는데 반납메시지가 오지않아서 확인을 했더니 앱 접속이 안됩니다 껐다키래서 껐다켰습니다 제거하고 다시설치도했습니다 개발자분들은 시연 테스트를 안하시나요??
정소리,1,2022-07-25 21:51:17,네트워크 오류로 인한 업데이트가 안된다는데 해결좀요
현상태,1,2022-07-25 21:49:30,무료로 사용하는것도 아니고 돈 내고 쓰는건데 오류 나고 다시 시작해도 도돌이표... 전화 문의는 통화량이 많아 받지도 않아... 뭐 어쩌라고?
amazodo amazodo,1,2022-07-25 21:48:40,앱 안켜지고 블루투스연결 이상 케이스가 너무 심하게 많음 대여 확률이 복불복이라 복릉이라고 이름바꿔도 될듯
soobeom kim,1,2022-07-25 21:46:43,안되요
김멍멍,1,2022-07-25 21:44:39,07월25일 21시 44분 또 안됨
townbro,1,2022-07-25 21:42:33,따릉이는 좋은데 앱은 구림
정보윤,5,2022-07-25 18:26:09,"항상 잘 쓰고 있습니다 짧은 거리 이동할 때나 기분 전환할 때, 한강 달릴 때 좋아요! 시설물 관리도 잘되고 예전보다 연결 끊김도 많이 사라졌어요. 불편사항 접수시 잘 반영되어요. 헬맷이나 안전장비도 함께 대여할 수 있었으면 좋겠습니다. 서울시 고유의 멋진 공공사업 따릉이는 지속적으로 확대되었으면 합니다!"
첼도,5,2022-07-25 15:43:50,서울시는.. 따릉이 어플 관리에 돈을 안쓰나요..? 따릉이 정말 너무너무 좋은데 가끔 어플때문에 열불남ㅠㅠㅠ 어플 개발에 돈 좀 써라 서울시😡
s op,1,2022-07-25 00:00:06,회원가입 화면도 안되고 뭐하자는건지 앱을 삼류개발자가 만들었나?
김동욱,1,2022-07-20 18:41:41,"따릉이는 블루투스 장치 설계부터 잘못됐다. 애초에 장치가 멀티포인트 기능을 제대로 지원하지 않아 블루투스 연결이 잘될리가 없는데 어플에서나 문의에서나 블루투스 껐다 키라는말만 반복한다. 리더기에서 해당 기능을 호환할 수 있게 교체하는건 비용이 드니까 '당연히' 옵션중에 없으실꺼고, 소프트웨어적으로 해결하려는 의지도 없어보인다. 적어도 내가 따릉이를 사용해온 몇달동안 아무런 조치도 없었으니까. 기술적 결함때문에 근본적으로 문제해결도 안될 이슈에 대해서 리뷰읽고 똑같은 문제, 똑같은 답변 복붙으로 달고있을 감정노동자가 불쌍하지도 않나? 환경과 운동 생각하면서 자전거로 통근해보려 했는데 어플 사용감에 너무 실망했고, 고쳐질거라는 기대도 안된다. 다신 안쓴다."
이대바리,1,2022-07-20 12:50:28,개판입니다
henry park,1,2022-07-20 01:31:55,도대체가 기능이 잘 안되면 보통 개발 단에서 뭘 고칠 생각을 하지 않나요?? 핸드폰을 재시작 하라는건 뭔 말같지도 않은 방침인가 싶네요 Pc사용중에도 특정 프로그램의 필수 기능이 안되면 pc 껏다 키라고 하나요? 보통? 안될때마다? 진짜 말같지도 않은 소리 그만하시고 어짜피 답변은 play console에서 복붙처리 할꺼죠?
신찬후,1,2022-07-19 13:09:50,연결할 시간에 걸어가는게 빠를 듯
성이름,1,2022-07-18 15:26:29,"진짜 별점 1점도 아깝네.. 자전거 몇대를 해봐도 계속 조회만 하고 블루투스 연결은 하나도 안되고 진짜 화나서 사용을 못하겠어요,,,"
이예슬,1,2022-07-16 16:48:13,결제화면으로 안넘어가가나 넘어가도 아무화면이 안떠요 ㅠ 따릉이타려고나왔다가 못타고들어갑니다.
YJ Park,3,2022-07-14 21:04:00,앱이 생각보다 많이 불안하고 정기권이용시 일일권을 추가결제를 할수 없습니다. 가끔 아이랑 같이 탈려고하는데 이 점이 불편하네요 고객센터에서는 단체권 2인이상 구매해야 가능하다고 안내하던데 단체권에도 1인권 만들어주세요
뚱아가,5,2022-07-12 15:42:41,너무 편리합니다~
강성용,1,2022-07-10 22:44:34,별 하나도 아까움 집 대여권 끊고 잠시 들릴고있어 임시잠금 했는데 시간은 계속 흘러감 ㅋㅋㅋㅋ 추가요금 대여권에 3배로냈음 글고 반납소도 집 근처에 없는데 갖다놓으라면 차라리 안타고 걸어다님 임시잠금했다 택시금액 나옴 절대 하지마세요 답없음 그냥 생각도 없고 임시잠금 왜만든거
조현태,1,2022-07-10 21:07:06,제발 부탁드려요 연결할때 계속 대여중이라 뜨고 대여도 안되고 이게 몇년째입니까... 소비자가 계속 참아야 하는게 맞습니까? 공공시설이라해도 할건 해주세요 부탁드려요 ㅠㅠ
남이우진,1,2022-07-10 14:08:27,"요즘 들어서 따릉이 레버를 내려서 반납 될때 나는 놓고 가시는 물건이 있는지 확인해주세요 알림음 을 듣고 가는데 반납이 안되었다고 추가요 금을 내라 하네요 분명 레버 내려가고 알림음 까지 들었는데 반납이 안되는건 뭔가요 이게 한두번도 아니고 처음에 이럴때 고객센테에 문의를 했더니 처음이라 추가요금 납부 해지를 해주신다 해서 다행스럽게 지나갔는데 또 반납안되고 추가요금을 내라해서 고객센터에 문의했는데 추가요금을 내라 하네요 상황을 설명을 했는데도 논점 파악을 안하시고 그냥 1시간이 지났다고 추가요금을 납부하시라는데 폰과 카드 명의가 달라서 납부도 못하는 상황인데 어쩔까요 한달권 을 샀는데 1주일 쓰고 쓰지도 못하는 상황입니다 (따릉이 요금제 결제는 친구가 선물하기 해주면 친구에게 요금을 주고 쓰는 방식이라 폰,카드 명의가 달라도 사용할수있었습니다) 고객센터에 문의를 해봐도 해결이 안되서 글 남겨봅니다 추가요금 내고 싶어도 못냅니다 신속하게 해결좀 해주시면 감사하겠습니다"
walter,1,2022-07-09 23:46:05,"심각하네요 정말 로딩속도, 자잘한 버그, 튕김 이슈 등등 서울의 자전거 서비스를 대표한다고 상상하기 어려운 어플입니다."
수선화,1,2022-07-09 18:13:08,페어링이 1시간넘게 작동안하는 앱~월요일 시에 전화해야겠네요 이용을 하라는건지 만건지 최악의 어플입니다.
학생,1,2022-07-09 14:28:43,무조건 대여소에 주차를 해야되고 그렇지 않으면 추가요금 폭탄을 맞게 되구요 대여소가 어떻게 생겼는지조차 안내가 되어있지 않습니다. 상담원도 큰소리 내고 불친절해요
Hanseul Yun,1,2022-07-08 05:32:22,결제가 안돼서 계속 못타요...
정석영,1,2022-07-08 04:29:53,1점주긷 아깝다 서비스 최악!!!! 반납도 지정된곳에서 해야 하고 1시간 대여 끈고 반납 안되서 시간은 가는데 추가요금 겁나 붙어서 멘붕옴 웬만해선 사용 안할듯
es gi,1,2022-07-07 22:27:55,블루투스 연결이 너무 안 됩니다. 한두번도 아니고 쓸때마다 핸드폰 다시시작해야하는 앱이 제대로 된 앱인가요? 이 정도면 핸드폰 재시작하라는 말만 할게 아니라 앱을 개선해야 하지 않겠습니까. 위 불편에 비할바는 아니지만 따릉이 이용시 배터리 소모도 너무 심합니다. 15퍼 남았을 때 17분 탔는데 방전되네요. 이외에도 잔 오류가 많고 속도는 너무 느리고 특히 반납 오류라도 나면 자전거 상태 확인할 길이 대여소로 돌아가는 것뿐입니다. 앱 개선이 내부에서 해결이 안 되면 차라리 이용자 대상으로 개발 사업 공모를 내는건 어떻겠습니까? (있을지 모르겠지만)따릉이사업책임자분과 서울시장님 모두 1년간 따릉이 출근을 해보는건요? 그럼 개선점이 명확히 보이지 않을까요? 요즘 들어 블루투스 연결은 더 안 됩니다. 대중교통으로 못 쓸 수준입니다. 그동안 잘 타고 다녔는데 요새는 따릉이 앱 켤때마다 혈압이 올라서 이용이 쉽지 않습니다. 애꿎은 자전거 안장만 한번씩 때립니다.
jji ham,1,2022-07-07 13:45:35,아 진짜 이럴거면 이용권을 왜 판매하시는지요? 앱을 업데이트를 하던 뭘하던간에 이렇게 페어링이 안되는거면 해결을 해주셔야죠 페어링이 전부 안되는데 열받아서 화나네요 정말 한두명이 아닌거 같은데 제발 해결 좀 해주세요 돈 아깝네요
wonrae cho,5,2022-07-06 15:04:36,구글 인앱결제 이슈로 인해 따릉이도 업데이트가 안되거나 향후 사용료가 올라가는건 아니겠죠?
이게뭐야,1,2022-07-02 21:58:11,왜 로그인이 안됨.?
Coreano Lucas,1,2022-07-02 12:53:56,오류가 진짜 너무 많이 남
hs p,1,2022-07-01 09:09:39,"페어링 진짜 너무 안되네요. 다른 답변 보면 핸드폰 재시작을 해결방안으로 내놨는데, 매일 오전에 폰 재부팅 하고 따릉이 빌리기 전 무선이어폰도 집어넣고 모든 앱 종료하고 램 정리까지 한 다음에 빌리는데도 계속 페어링에 실패합니다. 따릉이 빌릴 때마다 폰 재부팅 해야하면 누가 사용하나요? 몇 달을 써왔지만 근 한 달만큼 페어링이 안 된 적은 없었습니다. 안정성 관련 개선이 필요해 보이네요."
Daniel Seo,1,2022-07-01 03:25:00,아니 반납이 안되면 어쩌라고
한동호,1,2022-06-29 18:21:35,20분 동안 대여 시도하다가 안되서 결국 걸어감ㅡㅡ 연결 안되는것도 정도껏이지 너무 심한듯
K.H Park,1,2022-06-26 13:17:28,연결문제좀 해결해주세요 최근 글들 보면 페어링 오류로 대여 못하는사람이 한둘이 아닌데 이걸 계속 사용자 휴대폰 문제로만 치부하나요?? 따릉이 잘 쓰다가 갑자기 안되는경우도 허다한데 이게 과연 개인 휴대폰만의 문제는 아닌것같네요
K K,1,2022-06-26 02:17:47,최악의 앱 내가 이거 타고 가려고 걸치하고 결재라는데 까지 이렇게 힘둘어보긴 처음임 최악 버린시간만 20분
ax r,1,2022-06-25 19:50:57,쓰레기
Jun Park,5,2022-06-22 19:03:31,유용한 서비스 제공에 감사드립니다. 다만 고장인 따릉이는 미리 좀 알 수 있게 해주시면 대단히 감사 또 감사드리겠습니다. 아 그리고 요즘들으 블루투스 연결 해지하고 다시해보라는 오류가 자주 뜹니다. 거의 디폴트로 한번씩 해지했드가 다시 합미다. 개선의 여지가 없는지 재검토 부탁드립니다. 정말 감사드립니다
예와미Y&M gallery,1,2022-06-22 13:47:36,"이 앱은 영문으로 이름을 쓰면 다 못넣게 되어있어요. 오직, 한글...? 때문에 본인인증하려니 안되네요. 재외국민도 쓸수있게 업그레이드 해주세요~~!"
baker 9mr,1,2022-06-21 19:59:48,블루투스 이어폰 쓸때 잠금 풀리지도 않는데 어떤게 업데이트 됬다는거죠?
현안,1,2022-06-21 05:12:11,책임이 모두 사용자에게.. 잠금 최종확인을 안한 걸 인정합니다 하지만 어플 내 고객센터가 24시간인지 명시가 되어있지 않아 빠른 조치가 불가능했습니다. 네트워크는 연결이 안되어 연결/반납이 매우 느려 반납이 안되는 경우가 이전에도 있었고 이번엔 다른 사람이 잠금 처리가 안된 내 자전거를 타고 갔습미다. 제대로 위치추적이 안되고 도둑이 아닌 아닌 반납했지만 시스템의 문제로 반납이 안된 해당 자전거의 대여자가 모든 비용을 다 부담해야하는 시스템임. 추후 분실에 대한 패널티를 주기 위해 낙인을 남겨둔다고 함..어디에서 발견했는지 대장을 적지도 않고 관리를 안하고 있다고 상담원이 이야기했으니 이미 나는 낙인이 남겨진 사람으로서...시정조치가 필요할 거 같네요. 위치추적장치가 좀 더 정확해서 자전거도둑을 잡을 수 있었으면 좋겠네요. 돈은 그렇다치고 누가 가져갔는지도 몰라서 참 답답한 시스템입니다. 어플꺼도 네트워크 연결실패라고 뜨고 평소 연결 안되어도 참고 썼는데 서터레스임..
로토익,1,2022-06-20 20:50:17,수십가지의 문제점이 있지만 가장 근본적인 문제로 대여 자체가 안됨 따릉이를 조회할수없습니다만 20분씩 보다가 택시타고 출근하는게 일주일에 세번씩임 참고로 고객센터 전화해봐야 귀찮아 죽겠다는듯 한숨 푹푹 쉬면서 다시해보라고 하거나 문자로 해결방법 보내주는데 열댓개 방법 다해봐도 당연히 안됨ㅋㅋㅋㅋㅋ 그냥 안됨 인생ㅎㄹ 헛되이 보내고싶은게 아니라면 걍 안타는게 암예방에 좋음 그리고 여기 리뷰만 봐도 페어링 안된다는 글이 수두룩 빽빽인데 고객센터에서는 잡속문제로 불만접수된적 없다고함ㅋㅋㅋㅋㅋㅋ 어휴 노답
구모,1,2022-06-20 09:59:13,대여 오류 자주 남 급해서 타는 건데 시간 버림 타지역 자전거에 비해 대여 시간이 1시간 단위 뿐만이라는 것도 별로
ws,1,2022-06-18 20:43:26,따릉이 나온지가 몇년인데 아직도 오류투성입니다 제발 개선좀부탁드립니다 이전사람 방금까지 잘타고온 자전거 대여실패는 기본이고 대여실패후 재시도하면 대여중-반납완료 무한반복. 걸어서 이미 목적지로 갔어도 다갔을시간을 소비해서 대여하기 지치네요 그리고 자꾸 핸드폰상태나 저사양폰 어쩌고 하는데 요즘 대부분 아이폰 나머지 갤럭시인데 뭐 고사양 필요로하는것도 아니고 오류나는거 이해가 안갑니다 오히려 예전 기종때보다 요즘 오류가 심하면 더 심해요 그리고 새싹인지 뭔지 그만 늘이고 일반형좀 늘여주세요 성인들 자전거없어서 새싹타는거 보기 안쓰럽네요
HENRY,1,2022-06-18 00:33:29,오늘있었던일인데 현재도 진행중이며 1회용도로 1시간대여를 했는데 처음이용하는거라 다른 대여소에다가 주차를해야 운행종료되는지도 몰랐음 그래서 집근처 아무곳이나 두고 그냥 집갔는데 몇시간지나더니 추가요금생긴다고 문자오는거 그래서 고객센터에 연락했더니 지금 6시간째 통화가 안돼고 그자전거찾아갓더니 잠겨있어서 임시잠그기인가 그런게있어서 풀고 대여소찾아가서 다시 잠그려고 어떻게든 풀라고 별짓다햇는데 풀리지도않고 고객센터는 전화안돼고 이러지도 저러지도 못하고 어찌할방법없이 요금만 지금 현재까지 계속오르고있음 이거 어떻게 해야함?내통장에서 돈 빼가면 고발해야하는건가 근데 고발은 또 힘없는 나로써 어떻게해야함 미치겠다
세이마르해,1,2022-06-17 12:30:44,리뷰잘안쓰는데t.t30분연결시도하다 배터리다되서집에왔네요t.t좀 고치세요
안유진,1,2022-06-17 04:36:51,고객센터는 한명이 고객센터를 운영울 하나요??
tw K,2,2022-06-16 22:50:59,일단 앱 자체는 좋음. 근데 오류가 너무 많이 생김. 진짜 한번에 빌려지는걸 본 적이 없음
리데레,1,2022-06-16 20:47:39,"자전거 대여소에 반납하고 왔는데 반납안되서 추가요금 발생하고, 문의하래서 문의내용 작성다하고 사진까지 찍었는데 문의분류 선택하래서 선택할라고했더니 버튼 눌러지지도 않아서 문의도 못하고 제발 부탁인데 관리좀 하세요 피해자 더 만들지 말고"
엄선영,1,2022-06-15 19:08:37,반납장소 안내 너무 부실해요 찾다가 걸어가는거보다 더걸려요 ㅡㅡ 배터리 소모도 많은데 좋은점이 1도없는듯
김도희,1,2022-06-14 12:29:27,앵간하면 리뷰 안 남기는데 이게 앱입니까?? 업데이트 하고 나서 어떻게 자전거를 한번에 빌릴 수가 없죠? 이럴 거면 업데이트 왜 하셨나요? 1점도 아깝고 0.1점 주고싶네요.
노유민,1,2022-06-13 20:08:06,아오 연결 한번하는데 폰 껐다켜고 블투 껐다켜고 이어폰 껏다켜고 이게 뭔데 아오 결국 10분 씨름하다 못빌리고 버스도 놓쳤네 개같네
주군,1,2022-06-13 16:08:05,따릉이 결제창에서 넘어가질않아요 앱을 지웠다깔아도 와이파이켜보고 꺼보고 블투 켜보고 꺼보고 뭐하는짓인지 모르겠네요 전에도 안되는경우많아서 짜증났는데 따릉이앞에서 한참시도하다가 때려치고 택시탑니다
초전박살,1,2022-06-11 00:28:52,이따위로 할거면 때려쳐 망치로 자전거 다 뽀개고싶네
김보영,1,2022-06-10 15:07:57,새싹이 배치 부탁 했는데 안해주고 네 추가할꺼에여 근데 언제 되는지는 몰라요가 일주일째
공감,3,2022-06-10 00:51:37,gps켜지않아도 시작화면이 마지막 위치로 설정됐으면 합니다
최시현,1,2022-06-09 19:01:52,쓰레기같네진짜
Hailey Yoo,1,2022-06-09 17:29:25,대응 매뉴얼 복붙하지 말고 해결을 해주세요. 페어링 문제 심각합니다. 이젠 연결에 실패했다는 알람도 안뜨고 쌩으로 1분 넘게 길에서 기다려야돼요. 최신폰인데 연결 안돼요. 오세훈 따릉이 관리 안하냐!!!
이민호,5,2022-06-09 14:34:13,일부 QR코드 따릉이 이용시 이동거리가 0키로로 나옵니다 2020년 부터 민원제기 되었는데도 개선이 안되는군요 QR자전거가 gps연동이 안되면 따릉이앱으로 대신할 수도 있을텐데 ... 꼭 개선 되었으면 좋겠습니다
오유영,3,2022-06-08 11:06:12,연결 너무 안 되네요 자전거 타는 시간보다 페어링하는 시간이 더 긴 것 같아요
JiSeong Song,5,2022-06-07 17:56:51,마곡 서울식물원공원 근처서 이용하는데 자전거가 많아서 편리해요
때굴때굴,1,2022-06-05 23:32:31,젭알 자전거 연결 문제사항 개선 해주세요. 한 한달전부터? 자전거 빌릴때마다 매번 페어링이 안된다고 뜨는데..진심 한번에 빌린적이 손에꼽네여.. 앱 재설치도 여러번해보고 블루투스를 껐다 켜는둥.. 여러가지 시도해봐도 안고쳐집니다.. 이정도면 그냥 어플 문제같은데.. 해당 문제 젭알 업데이트 부탁드려요 ㅠㅠ 넘나 불편함다..
강재혁,3,2022-06-04 21:23:10,갤럭시Z플립3 기종을 사용하는 사람입니다. 따릉이QR코드를 인식을 못해서 매번 번호를 입력하고 있습니다. 빠른 오류해결 부탁드립니다.
핫식스,1,2022-06-03 18:31:08,이용을 못하는데 이용권은 왜 파는지.. 할인이라도 해주던가. 1. 통신사 원활함. 솔직히 서울에 통신사 지연되는경우 얼마나있다고 2. 폰 상태 좋음. 다른 프로그램 많이 구동된다고 블루투스이어폰이 연결이 끊어지는 적은 없음. 3. 단말기와 블루투스 통신이 왜 안되는지 그걸 찾으셔야죠. 이어폰은 초고속으로 연결되는데. 4. 구형폰아님.
skf 1,1,2022-06-03 17:27:07,연결안되고 관리좀해주세요.
호랭이,5,2022-06-03 15:47:37,따릉이 최고다! 따릉이로 5kg 감량목표
장하늘,1,2022-06-03 08:31:10,아니 진짜 자전거 앞에서 15분 서있었네요 한 3초도 안돼서 응답시간이 길다고 에러 오천만번 뜨는데 어떡하죠? 그냥 강제로 뜯어서 타고 갈 수도 없고 결국 다시 깔다가 하나 남은 자전거 누가 타고 가버렸네요 ㅋㅋㅋㅋㅋㅋ 걸어다닙니다
리라,2,2022-06-03 03:24:38,따릉이 애용자입니다. 벌써 몇번째인지 페어링 할 때마다 문제입니다 예전엔 연결이슈가 없었는데 요근래 연결이 잘 되지않는 문제점이 너무 자주 발생되어서 사용에 불편이 있습니다. 앱삭제 후 재설치를 3번을 했음에도 페어링이 안되는건 도대체 뭐때문인가요? 해당이슈 해결을 위해 조속한 업데이트 후속조치를 해주세요
차주리,5,2022-06-02 00:02:36,따릉이 결제수단에 서울페이가 있어야 한다고 생각합니다. 이제 비플제로페이 앱에서는 서울사랑상품권을 구매할 수 없어 제로페이 결제가 불가능합니다.
김진섭,3,2022-05-27 08:43:35,예전 이용자고 다시 이용하려는데 아이디 찾기 할때 휴대폰 인증조회 잘되는데 비밀번호 찾기할때는 같은 휴대폰 입력인데도 불구하고 일치하지않는 정보라며 해결되지 않습니다 빨리 해결 좀 해주세요 며칠째 걔속 그러네요.. 하 참
김성훈,1,2022-05-26 14:42:18,아니 제발 업데이트좀요 반납해도 그 메세지계속나옴 재시작해도
soo (삐딱한피디),2,2022-05-25 10:40:31,아니 가입하고 로그인이 왜 안됩니까 비번틀리줄 알고 비번 다시 받고 해도 안되고 답답
홍기준,1,2022-05-24 17:05:02,하나도 아까움 대여 자체가 안됌
김현지,5,2022-05-24 16:41:28,덕분에 도쿄빙수 먹음 최고의 따릉자전거!
Max HAN,4,2022-05-24 08:02:10,저녁 10시부터 앱으로 넘어가 지지가 않는데 네이버 등을 이용해 홈페이지에서는 왜 대여기능이 없나요? 서로 보완해서 앱에 문제가 있을땐 다른방법으로도 대여할수 있어야하는것 아닌가요?
작은불꽃,1,2022-05-23 22:21:53,왜 또 안되냐?
박민,1,2022-05-23 22:19:36,폰을 껏다 켜도 어플을 지웟다 다시 깔아도 실행 자체가 안되고 업데이트 할 수가 없다는 문구만 뜨네요 해결 방법 없나요
이석형,1,2022-05-23 22:18:47,왜안되냐고 개발자 쓰레기 요금을 더올리라고 필요할때 좀 쓰자
콸라비,1,2022-05-23 22:18:07,따릉이 안되요 0%에서 100%로딩중 전산오류 이상한듯
나요라,1,2022-05-23 22:17:07,왜 맨날 자전거 연결도 안되고 앱 들어가도 접속조차 안되고 핸드폰껐다켜도 안되고 다시 깔아도 안되고 뭐 되는게 없네요
박태현,1,2022-05-23 22:15:32,따릉이타고 와서 일보고 다시 잠금 해제 하고 타고 가려는데 따릉이 앱 자체가 로딩화면에서 안넘어가고 앱에 안들어가져요. 지금 10분째 따릉이와 실랑이 중입니다. 빠른조치 부탁드려요
김준석,1,2022-05-23 22:15:02,앱 로딩만되고 안들어가짐..
김예진,1,2022-05-23 22:10:29,어플이 다시지웠다가 깔아도 접속이안되요 로딩화면만뜹니다
J.B. Oh,1,2022-05-23 22:10:20,오류투성이
류영준,1,2022-05-23 22:09:53,진짜 쓰레기 앱 오늘 갑자기 안들어가지네
김도현,1,2022-05-23 22:08:37,앱이 왜 먹통이죠?
BC A,1,2022-05-23 17:21:10,"문의 분류 선택이 안 되어서, 문의기능이 막힘. 자전거 추가배치 기능이 있었다 없었다 해서 추가배치 요청을 못 함."
남진연,5,2022-05-23 01:10:29,대여시간이 500원으로 30분도 있었으면 좋겠어요.. 학원갈때나 마트갈 때 잠깐 탈 때 1시간이면 남는 시간이 너무 많아서ㅜㅜ
양현한,1,2022-05-22 19:07:28,설치가안되는데..
Jimmy vlee,1,2022-05-22 00:52:46,왜 계속 업데이트가되다말어
STING_ R4Y,1,2022-05-21 16:09:21,저 밑에 경상도 누비자가 훨 낫네 이딴게 공유자전거 앱? 말이 안되지 ㅋㅋ
bim go,1,2022-05-21 14:09:51,임시잠금이 5분동안 안풀림.. 상담사대응이 안좋은듯
머라할까,2,2022-05-20 08:39:35,연결 잘 안됨. 한번 안잡히면 대여취소하고 다시 연결하기까지 너무 오래걸림. 그렇게 네다섯번하면 십분도 넘게 기다림
김예준,5,2022-05-19 17:18:16,"제 현재 번호를 옛날에 사용했던 사람이 가입을 했나봐요. 이미 가입한 번호래서 아이디찾기했더니 생전 처음보는 아이디네요.. 이런경우엔 어찌해야하나요,,"
두룹배,2,2022-05-19 15:56:50,깔끔하게 한번에 연결된적이 손에 꼽아요. 대여에만 낭비하는 시간이 많아지네요.
뽑뽀뿌,1,2022-05-19 13:14:22,한 개도 주기 싫다 따릉이 좀 탈려고 하면 무슨 자전거 22대 중에 겨우 한 두 개 연결되고 그마저도 실패했다고 그러고
민용김,1,2022-05-17 00:00:40,페어링이 전혀안됩니다. 큰기대말고 사용하세요
JO YOO,1,2022-05-16 16:37:13,왜다운이안됨
choi myoung gyu,1,2022-05-16 15:07:41,최악이네요.연결하느라 30분넘게 허비.이런경우가 다있나요?
이동찬,1,2022-05-16 14:29:26,하루중 점심시간이용해서 헬스장에서 운동하려고 어플 깔고 결제했습니다. 이동시간 10분을 3~4분으로 줄이기위해서였는데 이동시간 3~4분 연결시간 길때는 10분입니다. 서버 관리좀 부탁드립니다
이응이응,1,2022-05-16 13:03:40,"디자인, UI 구린것은 감안해도 연결자체가 안되면 어떡하나요..... 며칠전 동생이 안돼서 10분 서있다 결국 둘다 걸었고 오늘 저는 따릉이 타려다 결국 택시탑니다....."
BellaK Jay,1,2022-05-15 20:58:01,별 한개도 아까움 임시잠금 해제 안되서 어플껏다켰다 5번넘게. 블루투스 껏다 켰다 4번 안되서 고객센터 전화했더니 해줄수 잇는게 없다고 폰 껐다 키라고 함. 폰껐다 켜도 안되서 다시 전화 걸었더니 반납처리 해주겠다고 다시 대여 하라고 함. 장난치냐? 할수 있는 거 없다매. 애초에 첨부터 그렇게 해주면 내가 그자리에 서서 10뷴동안 그 고생안했을 거다. 어플 이따구로 만들어놓고 소비자 폰이 이상하다고 탓함. ㅋㅋㅋ 미치겠음. 폰 산지 1년도 안되었고 여태 다른 기기블루트스 한번도 지멋대로 꺼지거냐 연결 안된것도 없었음. -------------- 다른 리뷰들 한개씩 읽어봤음. 나만 이렇게 개고생해서 억울한가. 이렇게 많은 부정적이뉴리뷰가 쏟아지는데도 블루트스 탓에 통신사 탓에 구형 핸드폰 서리까지 봄. 그러면서 본인들 어플탓음 안함. 어처구니.
Golden Time,1,2022-05-14 00:04:58,왜 정거장에서 잠궈도 반납이 아니라 임시잠금처리가 되는거죠? 하루에 두번이나 이러는데 이건 또 니들이 일을 못한다는 수많은 사례 중 하나겠죠? 원격으로 잠금해주는 시스템이 있는 것도 아닌데 뭐 욕 먹어도 할 말 딱히 없을 듯 싶어요.
최민기,1,2022-05-13 17:50:59,내돈주고 내가 타는건데 왜 와이파이하고 인터넷이 필요함? 그리고 웃긴게 주차되어있는데 QR로 조회해보니까 대여중이거나 사용 불가능한자전거 입니다 라고 나오는거 뭔데? 진짜 어이없네요
m1n1 Me,1,2022-05-12 21:16:00,페어링.너무안되고 대여.반납 번번히 힘드네요
임유진,1,2022-05-12 17:05:06,진짜 연결안되네요
75k 183cm,5,2022-05-11 12:50:09,시작 접속상태 빠르고 반납도 개편함.
천상라라,1,2022-05-10 23:22:18,아니 맨날 대여하기 하면 대여도안되고 기다리라하고 기다리다 대여취서하면 이도저도 안되고 취소도 안되고 렉걸린거마냥 아뮤것도 안됨 ㅡㅡ 이걸 앱이라고 ㅋ
Jong Won LIM,1,2022-05-10 09:36:45,페어링 실패 계속됩니다
이건희,1,2022-05-07 23:54:43,공무원들 일 안하냐ㅋㅋ
히어로즈0930,1,2022-05-07 23:30:42,요즘 연결이 왜 이따위 입니까?
김명진,5,2022-05-07 22:46:41,나만 qr안찍힘?
Hd A,1,2022-05-07 14:29:45,아직 설치전이지만 ui부터 별로입니다
구독자,1,2022-05-07 13:11:52,걍 타지마셈
Reika Kreuz,1,2022-05-06 18:42:02,대여 10번하면 7번은 페어링 실패하고 실패하고나면 1분넘게 대여취소도 안되고ㅋㅋㅋㅋㅋ 앱 관리좀 똑바로 하십쇼
윤지혜,2,2022-05-06 13:39:12,사용 중에 시간을 추가하려 하면 이미 구매한 이용권이 있다고 구매가 안됩니다. 이용권을 여러개 구매해놓고 골라서 사용해서 쓸 수는 없는건가요..너무 불편하네요
김지우,1,2022-05-05 03:07:06,아니아이디찾기하면아이디없다고하고그래서회원가입할라니까이미등록된SNS정보라고하고그래서SNS로그인누르니까회원가입후이용하세요~! 이거뭔데요ㅡㅡ
Kim Antifreeze,1,2022-05-03 19:21:41,키 175 이상이면 못탐
Summer,1,2022-05-02 20:59:24,페어링 실패하면 대여중이라는 창 빨리 꺼지게 해주세요....
jinsu choi,1,2022-05-01 18:41:39,네이버 카카오 회원 연동 되지도않고 작년에도안되어서 짜증났는데 올해에도 지인한태 추천했는데 지인도 회원연동안되서 욕만먹었네 개발자들 1년간 오류도 해결안하고 머하는지?
이충수,1,2022-04-30 16:15:03,앱을 어떻게 만들면 이렇게 엉터리 일수가 있는지 궁금합니다.
clasis,4,2022-04-29 05:54:23,결제수단으로 토스도 넣어주시면 좋겠네요
표태환,2,2022-04-29 01:57:24,회원 탈퇴 할려고 하는데요. 회원 탈퇴 버튼 눌렀는데 안떠가지고 그러는데 어트게 하나요?
커맨드조아,1,2022-04-27 14:52:43,QR로 찍으면 계속 블루투스 껐다 키라고 같은말만 반복하고 대여중이라고 나옴 대여소에 점검 리스트에 있는 자전거도 아님 이럴거면 그냥 예전 방식대로 번호 눌러서 하는거로 하는게 어떤지? 반납도 줄 땡겨서 잇는 방식으로? 이용권 1년짜리로 했는데 일할계산 때려도 좋으니 환불받고싶음
아이우에오,1,2022-04-25 19:25:48,애새기드라 안전하게좀 타라 신호등 건너면 천천히 가 니들이 자전거 선수야? 니들이 피해가면 피해질거라 생각하냐?
샤랄라,3,2022-04-25 19:04:05,우리아빠가 타는거 보고 저도 타려고 하는데.. 만 13세 미만도 사용가능하게 해주시면 안될까요? 자가용이 없어서 혼자 멀리갈때 불편해요ㅠ
브로콜리,1,2022-04-25 10:50:29,감사합니다. 걷는 시간이 더 많아졌어요!^^
박세은,1,2022-04-24 20:28:37,결제가 안 돼서 자전거 앞에서만 멀뚱멀뚱 서 있음
김용문,1,2022-04-24 17:00:55,아니 설치는 왜안되는겁니까
윤재,1,2022-04-24 06:35:49,진짜 쓰래기같은 앱입니다 비와서 타야되는데 혈압만 올랐네 걍 고칠생각하지마셈 해도 똑같을듯
전용룡,1,2022-04-22 14:22:18,"대여시 마다 매번 패어링 문제 발생 블루투스 온오프, 뱅기탑승 모드 등 일시적으로 해결 아주 가끔 해결 가능하지만 영구적인 해결책은 없음 언제까지 이럴건지??? 답답한 공무원들"
유민혜,2,2022-04-21 18:28:11,자전거 있다해서 가면 자전거는 없고 자전거 연결은 할때마다5분에서10분걸리고 빌릴려고 할때마다 엄청 스트레스 받아요
김미영,5,2022-04-21 18:05:24,따릉이 너무 훌륭한 아이디어 네요 너무 편하게 쓰고 있어요
양민혁,1,2022-04-21 08:55:00,그리고 짐 고정시켜주는 끈은 10대중 8대가 없습니타
박재영,1,2022-04-21 06:06:54,"연결하는데 걸리는 시간 낭비만 합쳐도 1시간 넘을 듯..ㅜ ---‐------------‐- 4월6일 - 답변 감사합니다. 말씀해주신 대로 한번 해보고 리뷰 수정하겠습니다! 4월21일 - 답변해주신 대로 보름 정도 이용해보니, 확실히 연결이 잘됩니다. 10번 정도 대여한다하면 9번 정도는 바로 한 번에 연결됩니다. 해결방법 알려주셔서 감사합니다. 그런데 대여하러 갈 때마다 이런 루틴을 해야한다는 거 자체가 조금 번거롭긴하네요. 더욱더 발전하는 따릉이가 되었으면 합니다! 감사합니다!!"
손창우 (29ME),1,2022-04-20 21:36:52,네트워크 오류좀 줄여주세요. 따릉이가 가볍게 자전거 빌려서 타고싶어서 사용하는 건데 결제창에서부터 오류시작해 자전거 빌리는게 차는거보다 더 힘들어요.
keun ha park,1,2022-04-20 14:06:06,"지금 천호역에 수십대의 따릉이가 있는데요, 시키는대로 앱 다시 깔고, 핸드폰 껐다 켰는데도 번번히 페어링에 실패해서 뙤약볕 밑에서 40분을 있었더니 진짜 제대로 화가납니다. 이게 마지막 방법일거 같은데요. 제 핸드폰이 3년전 구매한 보급형입니다. 핸드폰을 최신형으로 비싼거 쓰면 이 증상이 나아지나요?"
최민혁,1,2022-04-19 19:54:52,7시9분에 타서 8시8분에 반납했는데(1시간) 시간초과됬다고 떠요 전 계좌도 없는데
SirashMi,1,2022-04-18 23:32:31,9998에러...심야 시간에 이러면 어쩌라는건지... 제발 교통편 있는 시간에 업데이트니 점검 합시다. 조금만 생각해 봐요.
고민재,1,2022-04-18 18:13:49,취지는 참 좋으니 관리감독 사후관리 부실 돈을내고 타는데 서비스를 이용을 못함 그럴빠에 무료라도 하던가요 아니면 가격을 좀더 받고 똑바로 운영하던가요 아니면 하덜말죠 맨날 배차안되고 연결안되고 현기증나요
백승운,5,2022-04-17 16:39:04,중요한일 있을때마다 빌리니까 엄청편합니다. 많이 이용하세요
YZ Lee,2,2022-04-16 17:02:05,공공자전거라는 서비스와 가격이 좋은거지 결코 앱은 좋지 않다. 출시 후 부터 각종 딜레이 이슈는 계속존재했고 아직까지도 고쳐지지 않았다. 개선의 의지가 보이지 않는다.
unlung h,1,2022-04-15 13:31:40,쓸때마다 짜증나게 해주는 앱
Phil Han,5,2022-04-14 04:03:17,"전화번호 바뀌었는데, 아이디가 기억이 안납니다. 어떻게 해야하나요?"
su jin Jeong,1,2022-04-12 00:20:06,문의하기를 막아놓으면 어디다가 문의해요?? 버튼만 있고 문의할 수가 없게 돼있네요 자전거 세우는 구역에 멀쩡하게 잘 세워져있는데 방치신고 들어가서 탈수없게 돼있는거 좀 사용자가 큐알찍으면 탈 수 있게 프로그래밍 바꿔주세요 안그래도 자전거수 부족해서 타려고 할 때마다 없는데 정기결제 왜 해야하는지 짜증납니다 그리고 자전거 추가 배치 요청은 왜 수량 0일때만 가능하나요?? 사람 몰리는 시간 때 있어서 타려고 할때는 없고 추가배치요청하려고 할때는 요청이 안되네요
한혜림,5,2022-04-10 09:13:17,ㄷㄱ디
BLUE HOLIC,1,2022-04-08 21:36:28,"블루투스껐다켰다 별짓을 해도 한번타는데 큐알스캔 9번씩이나 해야하는게 말이 되나요? 참고참고 참다가 리뷰도 마지못해 씁니다. 게다가,한번 오류생겨서 바로 취소하지도 못하네요? 예전엔 그나마라도 됐는데 30초정도는 기다려야 오류취소가능. 안정성이 문제여서 그렇게 한 모양인데, 근본을 해결 못 하고 수박겉핥기식 해결책이라니 ㅋ 결국 전 십수차례 피해를 보네요. 이게 웬 별 ㄱㅐ같은 패치인지요. 빌리는 시도 안 하고 걸어갔으면 이미 목적지 도착하고 명랑핫도그 하나 다 먹어치워도 시간 남았을 정도로 오류 심각. 별5개중 1개는 100점만점에 20점이란뜻인데 무슨 20점씩이나 해요. 너무 후하네요 별100개로 늘려주세요 거기서 1점만 드려야 조금 후하게 드린 수준인 것 같아서요. 한두번 그랬으면 그러려니 하지 이제 손가락발가락개수를 넘어가니까 좋게 쓸 수가 없네요. 서울시로부터 돈 받는다해도 좋게는 못 쓰겠습니다. 220408 진심 ㅈㅗㅅ 같다"
김유정,5,2022-04-07 15:31:01,자전거 관리가 잘되어 있어요.
SH L,1,2022-04-07 13:29:51,블루투스이어폰 연결중이면 무조건 연결불가. 전에는 상관없이 잘됨. 왜 업데이트이후 이런문제가..?
박찬형,1,2022-04-07 09:31:23,대여가 랜덤인 쓰레기 어플 업데이트를 할수록 한번에 대여도 안되고 계속 실패해서 블루투스 10번은 껐다키고 대여자전거도 3대 4대씩 해도 연결성공하면 자동으로 잠금도 안풀려서 다시 혼자 잠기는 아주 관리 잘 된 어플과 시설. 내 돈주고 쓰기 정말 아까운 앱
정영순,4,2022-04-06 10:23:44,친절한 답변 감사합니다 핸드폰 재부팅하니까 잘 되네요 다른분들도 페어링 실패시 일단 핸드폰 재시작 후 해보세요~ 따릉이 진짜 가격도 저렴하고 잘 사용하고 있습니다 계속 유지 잘되기 바래요~ 페어링 실패 오류가 나면 뭔짓을 해도 안되네요 계속 앱 삭제했다 다시 깔아서 쓰고 있어요 넘 불편합니다
김옒,4,2022-04-04 20:30:33,네이버페이 왜 안되나요 ㅠㅠㅠㅠㅠㅠ 글구 제로페이 할인은 없어진건가요?!
별빛이빛난다,5,2022-04-04 18:03:31,적자100억이라던대 그냥 정기권 60000원으로 인상해요. 그레도 탈게요. 없애지만 마요
김진홍,1,2022-04-02 14:05:07,어플 설치조차안됨 어이없음
전경재,3,2022-04-01 14:37:19,네이버 페이로도 결제 되게해주세요~~
알루아리아,4,2022-03-27 20:46:50,다른건 다 좋은데요 아쉬운건요 대여소 쪽에 와이파이가 설치 되면 좋겠어요 와이파이 없는 사람들은 자전거 못 쓰니까요.. 해커 부분 때문에 안 되실려나..
Jisook han,1,2022-03-25 17:41:29,"왕 짜증 입니다 한번에 연결 되던것이 요즘 들어 자전거 앞에서 10분은 있는거 같음. 출근 할 때마다 오늘은 또 연결 까지 몇분 걸리나 걱정., 앱설치 삭제하고 다시 깔고 핸폰 전원 껏다 켜보고 이것저것 다 해 봐도 실패 실패 실패~~~~~~ 하루도 아니고 정말 너무 하네요., ㅜㅜ 빠른 개선 요청 드려요~ 내 핸폰이 이상해서 저만 그런줄~~ㅜ 그런데 많은 분들도 똑같네요., 오류 없이 연결 잘 되게 해주세요 예전만도 못 함~ 예전 보다 좋아져야지 이게 뭔지~???"
ᄋᄋ,2,2022-03-20 20:55:00,"그냥 인터넷으로 결제하는게 더 빠름, LCD형 따릉이가 사라져서 QR코드 찍으려고 강제로 쓰게된 앱"
장우경,1,2022-03-20 17:52:48,최악의 어플 중 하나..
Hera Choi,1,2022-03-20 15:56:45,돈을 주고 앱개발을 부탁하신거 아닌가요? 업데이트 이후에 결제도 안되고 계속 오류만 뜨는데 업데이트의 의미가 없는거 아닌가요? 겨우 선물받기로 이용권 얻어서 이용하려고 했더니 큐알 인식도 아예 안됩니다. 몇번을 시도해서 겨우 탈 수 있었습니다. 제발 앱 개선 좀 부탁드립니다.
배형찬,1,2022-03-20 15:52:23,업데이트하고 개판입니다. 운영이 왜이런지 모르겠네요.
can,1,2022-03-17 10:04:46,대여소에 자전거가 많으면 뭐하냐 없는 자전거라고 하는데...
구구,1,2022-03-16 18:15:57,자전거 연결이 너무 안돼요 짜증나요
예쁜모모,1,2022-03-12 20:48:34,결제등록오류나 고쳐라!! 결제 등록오류가 나서 등록조차 못한다!!
안서연,2,2022-03-11 16:25:41,아예 사용도 못하네요 등록결제수단에서 결제수단을 등록하려 하면 오류창이 뜹니다. 다시 깔아도 다시 켜도 똑같아요. 결제를 못하니 타지도 못합니다 저번에 겨우 선물받아서 1시간 탔습니다 고쳐주세요..
윤이선,1,2022-03-11 15:11:50,앱이 미흡하고 불안정합니다. 국가에서 유료로 운영되는 서비스이니만큼 개선해주셨으면 합니다.
Daeng Jar,2,2022-03-10 09:20:22,업댓하고 더 이상해졌는데요? 자전거 연결 자꾸 실패합니다.
최지원,1,2022-03-08 14:27:12,왜이렇게 인식이 안됨? 장난하나?
May Lann,1,2022-03-07 19:31:02,블루투스 인식이 갈수록 안좋아요. 계속 페어링 실패해서 몇분을 따릉이 앞에 서성거렸어요. 겨우 어린이용으로 하나 빌려타다 임시잠금하고 잠금해제 하려니 제가 빌린건데도 또 페어링 실패! 고객센터에 연락해서 회수요청하고 걸어왔네요.
최정서,1,2022-03-07 10:09:07,요즘에 앱이 안들어가져요.. 들어가도 대여가 안돼요
문별,4,2022-03-04 21:28:56,다들 큐알 안된다고 하시는데 저는 잘 됩니다. 일주일에 3~4번 타는데 지금까지 오류 난 적은 1번 있었네요. 다른점은 정말 다 좋은데 왜 지도에서 제 주위 동네에 있는 자전거 대여소만 나타나는지 모르겠습니다..장거리로 탈 때는 다른 동네 대여소가 안 보여서 난감합니다...
코싸인세타,1,2022-03-03 21:11:44,"9번 실패했다는 사람을 능가한 1인이요~ 경험 않고 저 댓글 봤으면 비옷을 뻔했네요. 이 정도 횟수까진 아니어도 어디 한두번이었겠습니까? 자기네들 안정성이 불안한 걸 죄송하다고 모자를 판에 무선이어폰 문제일 수도 있으니 그걸 끄라고? ㄱㅐ소리글 집어치우세요 열뻗치니까. 8자로 움직여서 인식 높이라는 것도 멍소리고 그냥 따릉이 시스템 안정성이 ㅈㅗㄷ 구린 겁니다. 4점대=허위평점. 옛날엔 분명히 이렇게 높지 않은 걸 봤는데. 덕분에 20분을 이딴 고철 앞에서 서있다가 늦어서 택시비로 더 날립니다. 이것도 큰 그림이죠?ㅋ 따릉이시스템이야 10번도전해서 탔다쳐도 자전거가 다 S급일까요?전혀요. 별1개는 5개중에서 20프로나 쳐준건데 별 0.01개짜리도 아까운데 그런 기준 없는지? 연결성 일지. 3/3~ 3/3 목 10번 시도.소요시간 10분이상. 10번째에서 안 됐다고 떴는데도 갑자기 연결됨. 3/3 목 저녁 21시 10분동안 최소6번이상 하고나서 성공,"
강동현,1,2022-03-03 08:14:31,9998에러!!! 뭐하냐
으악참새,1,2022-03-02 18:31:27,큐알 인식도 거지고 페어링도 거지같음. 하루이틀된것도 아니고 리뷰보면 한두명이 이런것도아닌데 어떻게 운영하는거냐
정우진,1,2022-02-27 16:36:14,ㅋㅋㅋ 바로 안꺼냈다고 1초만에 반납되고 다시 대여는 안되고 어쩔 수 없이 이용권 하나 더 사려고 하니까 이미 구매했다고 뜨고 ㅋㅋ
5amclub the,1,2022-02-27 13:49:10,한 번에 대여된 적이 손애 꼽음. QR 인식도 제대로 안 됨. 번호로 입력하면 좀 기다리라했다가 아예 반응없어서 대여취소함. 결제한 적이 20번이 안 되는데 대여취소 횟수가 20회가 넘음 ㅋㅋ 물론 5분 벙도 기다리다가 반응 없을 때만 취소한거임 20번 참으면 많이 참았다 진짜 나도
이나이스,1,2022-02-26 17:16:29,결제도 안되고 가입도 했는데 인증도 안됨
나봄,3,2022-02-25 09:57:25,결제가 안돼여ㅠ
눈물잉잉,1,2022-02-24 20:20:02,자전거를 타려고... 한겨울에..손이 꽁꽁 얼도록 연결을 시도했으나.. 모두 꽝.....예전엔 잘됐는데..
구경산,1,2022-02-23 19:13:25,페어링도 오래걸리고 대여해도 대여안꺼지고 뭔가요 이게
hyobin seo,1,2022-02-19 23:55:41,제발 앱 관리만 사기업이 하게 해주세요.... 이렇게 빌게요
Hee Sang Yoo,1,2022-02-19 01:19:24,뭐같은 어플! 설명은 다른분들참조!
권도윤,1,2022-02-17 18:24:04,갤럭시 s 20+ 페어링 뭣같이 안됩니다. 심지어 대여안된다고해놓고 대여중이라면서 그거 기다렸다가 30초뒤에 대여취소 뜨는데 앱좀 제발 고쳐주세요^~^
암호화폐머신기.,5,2022-02-12 07:24:38,너무좋습니다
서동훈 (Brian),1,2022-02-11 01:20:13,왜 안빌려짐
OE H,1,2022-02-09 16:45:13,어떻게 한번에 빌려지는법이 없냐
SayJ_0513,1,2022-02-08 16:02:02,연결이 되도록 쳐만드세요
정윤성,1,2022-02-07 14:04:27,정기권 구매해서 이용하는데 대여하는데 오류가 너무 빈번하게 일어납니다. 한번에 깔끔하게 대여되는경우가 희박합니다. 종종 대여자체도 못하는일이 일어남
뀨뀨,5,2022-01-28 22:11:23,따릉이 너무 좋아요❤❤❤
J SR,5,2022-01-28 10:25:35,따릉이를 너무나 애정하고 정기적으로 사용하는 시민입니다. 대여화면이 표시되는 상태에서 반납완료가 된 후 자동으로 첫 지도화면으로 넘어가지 않아 이용에 불편함이 있습니다.
성혜린,5,2022-01-28 03:47:07,따릉이 너무 좋아요ㅠㅠ 경기도에도 생겼으면...
Acl Right,1,2022-01-27 15:59:49,신도림역 코로나 검사하는곳에서 아침에 자전거 빌렸는데 오후에 자전거 반납하러가보니까 갑자기 폐쇄되있네요 반납도 안되고 해서 다른곳으로 가져다놨습니다. 폐쇄됬으면 알림이라도 뜨던가 해야하는거 아닌가요?
jihun jun,1,2022-01-25 08:39:04,큐알 ㅡㅡ아오
이성국,5,2022-01-24 13:37:32,아주 만족하게 쓰고 있습니다 근데 가격이 올랐네ㅜㅜ 제로페이 써도 할안돼네 ㅜㅜ
Yoon Paul,1,2022-01-22 19:51:10,서울시장 바뀌고 관리개판
K L,1,2022-01-22 19:47:56,너무하네요 로그인됐다고 하고 흼화면만떠서 추운데 삼십분동안 켰다껐다 지웠다 쌩쑈하다 대중교통없는데라서 걸어들어왔네요 관리좀 하세요
이지학,1,2022-01-22 19:46:10,흰화면만 뜨는데요 이것좀 어케좀 해줘봐요 돈내고 하는건데 너무하네요
Bj Lee,4,2022-01-22 19:42:20,마실나와서 방금 반납하고 다시 대여하려는데 왜 먹통이죠? 폰 껐다켜고 안되고?
궁금나라,1,2022-01-22 19:40:39,접속이 잘 안됨
김찬영,1,2022-01-22 19:36:12,흰화면오류 어캐고침? 얼어죽을뻔했네
배혜나 (유크레이),3,2022-01-20 22:43:35,전에 사용 했었는데요 잘 요금이 안 넣어졌다고해서 다시했는데 또 다시 안됬다고 1년 지난 뒤에 메세지가 왔어요. 잘 안됬다고 이건 좀 불편하네요. 자전거 빌릴 수 있던 것은 좋았습니다
Roland Garros,1,2022-01-18 19:35:59,이런 앱은 처음본다.... 대체 누가 계약해서 UI UX 최악이고 사용법도 정말 최악이다 사용법을 유투브로 연결한 것도 최악이고 담당공무원은 이런 황당한 앱을 검토조차 했을까? 에러도 많고 내가 사용한 앱 중에서 가장 최악의 앱이다 총만 있으면 서울시 공무원들은 다 싸 죽여야 한다
sh k,1,2022-01-14 14:32:14,요 근래에 앱이 더럽게 느려지고 더뎌졌습니다... 멀쩡히 정류장에 있는 자전거 없는 정보라 대여를 못 시켜준다지를 않나..
오늘도평화로운방송,2,2022-01-14 01:35:44,제로페이 할인되는데 왜 안됨? 따릉이자전거 실망입니다.
신민규 (신민규),3,2022-01-12 13:13:45,비용이 싼 이동수단이 있다는 것이 아주 큰 장점이고 앱도 쓰기 좋지만 따릉이 관리좀 해라. 자전거들이 다 낡아서 못 탈만한 자전거들도 많은데 서울시가 관리 안함
수박젤리,2,2022-01-07 10:25:48,최대 1분 소요될 수 있다더니 10분 기다리는 중이네요. 큐알도 인식 못해서 번호로만 입력되고
장유리,3,2022-01-03 14:08:48,QR코드 찍고 자전거 인증(?)하기까지 왜이렇게 오래걸리나요? 저 말고도 이런 피드백 하신분들 많은거 같은데 관계자분들 리뷰는 안읽으시나요? 계속 자전거 앞에서 대기하느라 출발도 못하고.. 좀 빨리빨리 인식되게 해주시면 좋겠습니다.
Kim Jeff,1,2022-01-01 21:52:01,진짜 쓰레기앱 연결 절대안됌 자전거타려다 5-10분날림 역시 공공이 하는 일. 입찰 제대로 다시해서 사업자선정 제대로해라 서울시 2022년 맞나 싶을정도의 연결경험
Vladimir Trump,1,2021-12-31 17:34:35,공공앱특징...하나같이 느리고 데이터처먹고 제대로작동도안함. 세금줄줄새는거임
최유준,1,2021-12-30 17:15:33,앱 켜는데만 1분 넘게 걸리고 대여하기 버튼 눌러도 반응 없고 대여했더니 잠금장치가 고장나서 안 풀려 자동반납되고 자전거 한 번 빌리는데 20분이 걸리는데 뭐 느끼는 거 없나요? 앱 개발자나 자전거 관리하는 분들이나 그렇게 빌린 자전거는 안장 고장나서 자꾸 내려가면 그거 길에 버리지도 못하고 반납장소까지 질질 끌고가야하는데 정말 느끼는 거 없나요?
Blessing A,1,2021-12-27 01:23:00,왜 제 폰에서는 페어링도 대여도 안되는지 모르겠네요 친구폰으로 겨우 로그인해서 사용했어요 10분동안 강추위에 밖에서 오들뼈처럼 오들오들 떨면서 자전거 몇개에다 휴대폰을 가져다댔는지.. 제 기기에서도 호환되게 개선부탁드려요ㅠ
김준호,5,2021-12-23 14:19:56,굿
양고석,1,2021-12-16 14:12:45,맨날 연결안되서 고객센터에 전화하면 자꾸 껏다키래 안되는데;; 리뷰달면 맨날 같은소리만하고 쓰레기 입니다.
박영대,1,2021-12-15 16:08:20,따릉이 빌리려고 QR코드를 스캔했는데 지금은 대여할수없다 해놓곤 3시간 뒤에 확인해보니 빌리고있다고 나오네요? 이것때문에 자전거 한번도 하지 못하고 4400 날렸습니다 제발 빌릴때 제대로 해주심 감사할거같고 환불 가능함 부탁드립니다.
헛개차,1,2021-12-14 14:20:51,"아니 장기이용권 구매해뒀는데 가보면 맨날 자전거 없고, 자전거 있는 곳만 계속 있고, 없는정거장은 계속 없네요. 쓰고싶어도 자전거가 없으니 쓸수가 없음. 리뷰 앵간하면 나쁘게 안쓰는데 6개월 지켜보다 화나서 적고갑니다"
방원규,1,2021-12-14 08:56:54,페어링불가 이용불가
KyoungWon Jung,1,2021-12-11 18:09:31,진짜 형편없는 앱입니다. 툭하면 블루투스 오류가 뜨는데 이유도 마땅히 없어 쓰는 사람의 신뢰를 뚝 떨어뜨립니다. 방금도 자전거 연결하는데 10분 소비했습니다. 그런데 전혀 개선이 되질 않습니다. 도대체 어떻게 해야할까요?
김택민,5,2021-12-10 11:51:32,이좋은 혜택이 축소되거나 사라지지 않도록 시장님께서 지켜주셨으면 합니다.
chinmi 7,3,2021-12-08 15:02:55,추가요금 있다고해서 결제하려는데 모든 결제수단 눌러도 페이지오류 뜸 오류수정좀 해주세여
오어,1,2021-12-02 18:11:47,결제 추가좀
sebastian Lim,5,2021-11-29 20:29:44,"따릉이 짱~ ,가끔 잠금 오류 있음"
먐미먐미,5,2021-11-29 10:14:32,따릉이 좋아용
강이,1,2021-11-28 06:41:40,매일 연결이 안되서 대여소에서 5분동안 페어링하고 있습니다; 페어링 안되면 대여취소 바로 할수있게만 해주세요; 연결할수없습니다 문구뜨면 바로 취소하고 다시 하면 되는데 대야취소 버튼이 1분이상 지나야 생기니까 매번 짜증납니다.. 대여한 상태에서 잠금해제안되면 바로 다시 누를수있는것처럼 그것만 해결되면 이용하는 불편함 없을것같습니다.. 아니 연결이 잘되게 만들던가요..ㅜ 폰도 최신폰쓰고있는데 매번 너무 불편해서 별1개남깁니다. 해결되면 별 5개로 수정하겠습니다..
김정호,1,2021-11-27 06:31:53,"따릉이 서비스는 좋은데 앱좀 고치세요 제발 터치먹통, 부팅먹통, 로그아웃 등등 자전거 앞에서 버리는 시간이 너무 많네요 그리고 매번 연결마다 연결 실패해서 연결 하기도 겁나네요. 좀 개선좀 해줘요 매번이래요 매번"
페페,1,2021-11-24 14:38:19,하여간 느려터져가지고
hanerang,4,2021-11-24 03:07:54,따릉이 앱 지도에서 이동시에 내 위치도 움직였으면 좋겠습니다 그리고 따릉이에 스마트폰 거치대가 장착 되었으면 좋겠습니다 보통 지도앱을 보며 이동하기 마련인데 중간중간 멈춰서 스마트폰 확인하는게 여간 불편한게 아니네요
김안녕,1,2021-11-20 00:37:02,QR코드로 바꾼 뒤부터 블루투스 연결이 늘 스트레스예요 왜 고치지 않고 계속 방치하나요???
최준태,5,2021-11-19 20:39:24,잘쓰고있습니다. 다만 연결이 잘안되서 대여취소를했을때 바로바로 됬으면 좋겠습니다
박유립,1,2021-11-19 15:29:23,쓰레기 같은 앱 돈받고만들었으면 제대로좀 만들어라 매번 연결실패로만 뜨냐 고객센터 전화해서 하란대로 다하고 하는데도 빌리지도못한다
김대희,1,2021-11-17 19:47:31,블루투스 안 켠 상태로 앱 실행 했을 때 블루투스 켜지면서 이후에 동작 제대로 되는지 확인 하고 배포 바랍니다. 블루투스 켠 다음에 묵묵부답인 거 모르죠? 그리고 QR 카메라 반응속도도 개선 바랍니다. 한 나라의 수도에서 주도한 시스템이 이렇게 엉성해서야..
이윤영,5,2021-11-16 18:36:45,급할떼 쓰기 좋아요
A Tarais134,1,2021-11-14 02:17:17,따릉이 어플이 개똥임 인식을 개같이 못함 ㅋ
영차,1,2021-11-11 07:13:03,따릉이 별점이 올라간 이유 : 별점 이벤트를 했기 때문
Stop Filling,1,2021-11-10 09:39:49,연결 실패했을 때 팝업창 닫고 연결 진행 취소하는 콜백도 없나요?? 쓰시는 프레임워크가 후져서 그런가 프로그래머 역량이 없다시피해서 그런가... 내가 짜도 이것보단 잘 짭니다.
달라달라,3,2021-11-09 05:08:25,어느 날 부터인가 Qr코드 인식률이 엄청 낮아졌음. 걍 갖다 대면 거의 바로 인식 되던게 이제는 한참을 갖다 대도 안 됨. Qr인식 개선 좀 바람.
유승우,1,2021-11-07 13:30:08,한번에 되는 걸 본적이 없는게 세금도둑이란 말밖에 안되요 QR코드 한번에 되게하세요 5~6번은 기본이네 서울시 이거밖에안되나요?ㅋㅋㅋ
가나다라,1,2021-11-05 16:51:01,앱좀 똑바로 쳐만들어라 오류 ㅈ 나심하네
곽민지,1,2021-11-05 10:10:54,연결 진짜 안되네요
배추몬,1,2021-11-04 22:12:27,반납하고 재사용 안되는버그해결좀
Inho Hwang,1,2021-11-03 22:50:07,잘좀만들어봐라좀
천억부자,1,2021-11-03 08:45:57,아니 어제 정기권끊고 먹통되서 다시 까는중ㅜ
ju chae,1,2021-11-02 10:06:27,13세미만은 따릉이를 왜 탈수없나요?
코운모모,1,2021-11-01 08:21:46,신용카드 등록이 안되고 오류때문에 로그인했던거까지 튕기거나 하얀 화면만 떠요
최원태,5,2021-10-31 22:34:34,빌린곳과 다르게 다른곳에서 반납할수 있어서 매우 편리합니다. 자전거의 보유대수도 많아서 이용하기 편합니다.
Kanzabee,5,2021-10-31 17:24:29,어플UI가 직관적이라 좋습니다. 추가적으로 사용승인 시작부터 이용자의 대여시간이 화면 크게 타이머로 나타나 작동했으면 좋겠습니다. 자전거 타는 중간에 자꾸 남은 시간을 체크하게 돼서 쫒기는 기분이 들고 사용이 시작된 시간을 잊어서 어플에서 결제 시간을 찾아 몇 분이 남았는지 계산하는 것도 좀 불편합니다. 사용자의 이용시간 마감을 10~15분 전에 타이머 알람으로 알려주고 가능하다면 내 현 위치에서 가까운 거치대 몇 곳을 지도에서 추천까지 해주는 기능이 있다면 더 좋을 것 같습니다. 업데이트 시 참고해주세요. 감사합니다. (추가) 따릉이를 반납하면 알림이 오는데요. 알림에 내가 탄 자전거의 일련번호가 있으니 그 알림에 해당 자전거의 상태에 문제가 있다면 신고하는 난이 있었으면 좋겠습니다.
만능돼지일상,5,2021-10-31 13:48:49,따릉이 대여소위치와 남아있는 따릉이대수 아는게 정말 편해요 빌리고 반납하는거도 편하구요
yww l,5,2021-10-30 22:41:50,잠금해제 기능이 폰이랑 연동이 잘되서 출근시간마다 빠르게 따릉이타고 있습니다~ 잠금기능도 이번에 리뉴얼되었는지 전에는 조금 기다렸다가 잠금 음성이 나왔는데 최근에는 바로바로 잠금되고 알림문자도 빨리와서 좋습니다! 덕분에 서울에서 이동하는게 편해졌어요 정기권 또 끊으러갑니다!
jj onng,5,2021-10-30 21:39:35,"한번 대여하면 24시간 내로 다시 대여가능하고, 대중교통이나 여타교통시설보다 저렴해서 만족합니다! 따릉이 성능도 좋은편이라 혜택을 잘 받고있습니다:)"
GOOD DAY,5,2021-10-30 21:23:32,따릉이 덕분에 건강도 찾고 너무 좋아요 꾸준한 업데이트도 감사합니다 너무 편하고 좋아요 운영진 화이팅!!!
최원섭,4,2021-10-30 19:36:46,유용하게 잘 사용합니다만 연결이 실패하는 경우가 너무 잦아서 효율성이 많이 떨어지네요.ㅠ
용가비,5,2021-10-30 19:32:38,대중교통 외에도 시민들의 또다른 발이 되어주는 따릉이 최고!
ᆞᆞ,5,2021-10-30 18:50:12,사용하기 편하고 보기좋은 것 같아요
신승재,5,2021-10-30 18:35:03,"복잡한 도심에서 자가용을 도로에 주차시켜놓은 것처럼 신호등과 너무 많은 차량들로 황금같은 시간과 에너지 낭비 가 과다한 이때, 따릉이의 선택과 이점은 놀라울 지경이다! 자가용보다 편리하고 주차걱정, 공해걱정 없이 시원한 자연을 가로 지르는 느낌이 피로를 회복 시켜주고, 특히 자전거 동호회같이 사치나 통제에 관계없이 일상을 최고의 편리성으로 즐길수 있고, 시간 약속이나 차량으로 예측할 수 없는 거리 교통체증도 부담없이 활동할 수 있는 활력제 역할의 선봉역할을 제공해주고 있다. ""이보다 더 좋을 수는 없다!"" 거듭하여 감사드립니다👍🚲👍"
Google 사용자,1,2021-10-30 17:21:50,연결 실패만 나오네요. 3년정도 이용하는거 같은데 시간이 지나 지금 상태가 최악이네요. 별점 0개나 마이너스가 없는게 아쉽네요
박지원,3,2021-10-30 17:11:00,좀 느려요 ㅠ 하지만 자전거 필요할때 유용하게 쓰고 있어요.
Sally Park,5,2021-10-30 16:55:27,따릉이 너무 잘 쓰고 있어요. 앱이 항상 잘 열리고 오류없이 사용중입니다. 따릉이 계속되길!;)
Rudals BAEK,4,2021-10-30 16:42:52,"따릉이자체는 잘쓰고있으나 올해초중순 리뉴얼이후 불편한 점이 몇개 있네요. 리뉴얼이후 따릉이 앱 네이버지도가 쿼터뷰(3d)시점으로 기본 표시되네요. 비례가 부정확해서 거리와 위치를 파악하는데 방해가 됩니다. 일반적으로 쓰는 탑뷰 시점이 아니라 시각적으로도 어색하고요. 상하좌우 이동시에 3D건물표시 때문인지 미세한 떨림과 렉이 포착됩니다. 일반적이고 기본적인 탑뷰시점이 기본 표시되도록 수정바랍니다. / 메뉴에 들어가는 이유 중 대부분은 나의 이용내역을 보기 위해서인데, 마이페이지를 굳이 거쳐서 2단계를 들어가야 하는게 불편합니다. 메뉴에서 대여반납이력으로 바로 접근가능했으면 좋겠네요. / 앱내 문의하기에 250자 글자제한때문에 매우 불편합니다. 1000자정도로 늘려주시고 공개게시판으로 개편바랍니다. / 앱내 문의하기에 사진첨부 버튼은 바로 카메라 촬영으로 연결되던데, 찍어놓은 스크린샷이나 사진파일을 첨부할 수 있도록 개선 바랍니다."
다르다 떠나다,5,2021-10-30 16:39:40,매년 1년권 사서 사용하고 있어요. 도심에서 이동해야 할 일 있을 때 자전거 타고 편하거 갈 수 있어서 넘 좋아요. 대여소도 많아서 왠만한 곳은 거의 다 갈 수 있다는!! 예전엔 고장난 것도 많아서 고장신고도 많이 했는데 요즘은 양호해진거같아요
김종현,5,2021-10-30 16:27:22,따릉이 좋아요
준이,1,2021-10-30 16:07:52,만 14세인데 만 13세로 나와요
리더스리더TM,5,2021-10-30 16:04:00,리뉴얼로 전보다 사용하기가 더 편리합니다
김깐,5,2021-10-30 16:02:09,근처 마트갈 때 주로 이용하는데 너무 편리해요. 가까운 거린데 버스로 한번에 못가거나 무거운 짐들고 있을때 사용하시면 너무 좋을거 같네요. 자연을 좀 더 사랑하시면 대중교통보단 따릉이 이용하세요!
피릿,5,2021-10-30 15:49:44,출퇴근때 아주 유용하게 잘 사용하고 있습니다. 앱으로 따릉이 위치 파악하기 좋고 QR로 인식하여 잠금과 해제 하는 것 너무 편합니다. 운영시간 안내도 잘 알려주고 대여 반납시간도 정확하게 잘 알려주어 유용하게 앱도 따릉이도 잘 이용하고 있습니다. 한강을 따라 달리면 길도 안막히고 좋습니다.
인지웅,3,2021-10-30 15:27:13,다른공유 킥보드 등은 무선이어폰을 착용해도 돼는데 왜 따릉이는 안돼죠? 기술이 딸리나?
후아니,5,2021-10-30 15:21:43,굳
최승희,4,2021-10-30 15:20:48,오류가 잦아요 가끔 작동이 안돼서 불편해요 빠른 처리 바랍니다 고장나거는 빨리 고쳐주세요
seon,3,2021-10-30 15:19:54,따릉이는 너무 좋은데 어플 열면 기본 1번씩 튕긴다음에 열리고 자잘한 오류가 잦음
김지성,5,2021-10-30 15:19:37,따릉이의 좋은 점은 신뢰를 바탕으로 계속 발전한다는 것.. 그리고 우리집 앞 정류장엔 항상 재고가 없다는 것이다.
모앙,3,2021-10-30 15:17:12,괜찮은데 몇몇 안 좋은 점이 있더라구요 대여취소하고 나서 바로 대여가 취소되는게 아니고 한 2분정도는 기다려야 대여중인게 풀려요 그리고 대여소에 따라서 대여되는 속도도 조금씩 다른거 같고 또 그 자전거가 몇몇은 상태가 좀 안 좋아요 최근에 탄 건 체인?이 풀려있는지 소리가 나더라구요 이런 자잘한 것만 개선되면 완벽할거 같애요
김연익,4,2021-10-30 15:13:22,"앱을 비교적 잘 작동해서 불편함이 없습니다. 다만 ""대여"" 버튼을 클릭하고 자전거 잠검장치가 바로 해제되지 않고 지체되는 경우 다른 자전거를 대여하고자 ""대여취소""를 하고 싶은데 다소 시간이 지체된 적이 많습니다. 또한 월요일 출근시간에는 대여위치(숙대입구역)에 자전거가 충분히 준비되어 있지 않아서 이용할 수 없는 경우가 자주 발생합니다."
박군,5,2021-10-30 15:07:45,너무잘사용하고있습니다. 어플 디자인이 깔끔해지고 사용하기편리해졌어요^^
홍세희,4,2021-10-30 15:00:45,연결이 가끔 먹통일 때가 있지만 그것말고는 불편한것은 없어요. 가격이 저렴해서 자주 애용하고 있고 지도로 자전거재고랑 거치대 위치도 알려줘서 편해요.
조윤호,5,2021-10-30 14:58:26,초창기 보다 앱이 많이 개선된 것 같습니다. 다만 제가 아는 문제점은 대여 또는 반납 시 대여/대여중 상태가 변경되는게 한참을 기다려야 된다거나 앱을 다시 껐다켜야 갱신이 되는 경우가 많습니다. 그리고 앱UI에서 불필요한 정보를 위한 아이콘들이나 기능은 삭제했으면 좋겠습니다. 음수대 위치나 자전거전용도로 표시는 굳이 없어도 필요한 사람은 지금 자동연결하는 다른 어플에서 찾아보기 마련입니다. 그리고 저전거입고 상태풍선이 노랑이 있고 초록이 있는데 차이가 뭐지 모르겠습니다. 수량 관련된 것도 아닌거 같고요. 또 자전거상태가 안좋거나 동작하지 않는 자전거가 그대로 표시되어 있어 헛걸음하는 경우도 있습니다. 이상입니다! 따릉이 화이팅!!^^
최동식,4,2021-10-30 14:58:16,편리하고 좋다 자전거 상태 관리와 부족현상은 약간 아쉽다
후헹,4,2021-10-30 14:57:49,가까운 거리 출퇴근용으로 잘썼습니다. 다만 0대가 아니고 3대 이하일때부터 배치 요청이 됐으면 좋겠습니다. 그리고 고장 신고가 좀 더 간편하게 이루어졌으면 좋겠습니다. 주관식이 아니고 설문지에서 선택한다던지요. 귀찮거나 바쁠땐 고장신고를 안하게 되더라구요. 그 외엔 관리도 나름 준수하고.. 앱은 조금 무겁지만 점점 나아지는것 같아 만족합니다!
mii racle,5,2021-10-30 14:56:51,항상 애용하는 따릉이. 업뎃이후 자전거와의 연결이 좀 빨라진것같아요! 따릉이가 저의 생활을 편안하게만들어줘요! 감사합니다
Hyejung Baek,4,2021-10-30 14:55:09,딸릉이 사용이 처음에비해 엄청나게 좋아졌어요 보급도 잘되어있고 보수요청에 정비도 잘되어있고 정말 사용이편리합니다 다만 따릉이에 비해 도로가 너무 열악합니다 도로보수가잘되면 좋으련만 아쉽습니다 어플사용은 블루투스사용하여 열리는 와치나 이어폰과의 문제를 잘 해결해주시리라 믿습니다 따릉이 타고다니면서 행인과 사고나지않도록 티비광고나 라디오를통해 곡익광고를 하면 어떨까싶습니다 자전거도로를 레드카펫인양 걷는 사람들보며 아찔합니다 ㅠㅜ::::;
soo J,5,2021-10-30 14:52:18,우리동네는 자전거도로가 잘 되어있어 따릉이는 매우 유용하게 사용되는 교통수단입니다.잘 사용중입니다.
하늘자유,5,2021-10-30 14:48:05,좋아요 감사합니다 잘타요. 서울굿굿
뭉뭉,5,2021-10-30 14:47:45,잘 사용하고 있어요~~
김대현,5,2021-10-30 14:46:21,블루투스 이어폰 연결한 상태에서는 대여가 불가능해서 아쉬워요!
윤진원,5,2021-10-30 14:45:50,QR코드방식이 편하네요.. 가끔 블루투스가 끊겨 불편합니다.
sbaroo,5,2021-10-30 14:42:29,"소중한 발이 되어주는 앱 입니다. 다만 자잘한 고장도 신속처리 되면 좋겠어요 (페달, 라이트. 안장조절, 체인소음)"
멘토림,5,2021-10-30 14:40:52,타면 탈수록 좋아요 앱이 안정화 되면 더욱 좋아지겠죠
댕댕냥냥,5,2021-10-30 14:40:42,가성비에 기동성확보 편의성 까지 나무랄 게 없다고 생각하는 공공시설물입니다
여병,5,2021-10-30 14:39:50,"알람이 항상 와서 반납되지 않았는지 즉시 확인가능해서 좋아요! 대여중 오류나서 안빌려지면, 대여취소가 좀 느려요 ㅠ"
김원장,5,2021-10-30 14:39:08,필요할때 탈수있어서 좋아요. 그런데..한강이나 홍제천 등 천변에 자전거 반납하고 바로 다시 빌리는 구역을 만들어주면 좋겠어요. 늘 잘 이용하고 있습니다. 꾸벅
goooma go,4,2021-10-30 14:38:05,따릉이 아주 잘 이용하고 있습니다! 그런데 따릉이 빌리기가 실패하면 1분 후쯤에 대여취소 버튼이 뜨는데 바로 대여츄ㅣ소할 수 있도록 만들어주셨으면 합니다
김재성,4,2021-10-30 14:36:55,블루투스 연결과 정보 호환에 많은 개선이 있었고 현재 사용하는데 불편함은 거의 없음.
송은미,4,2021-10-30 14:36:35,앱초반보다 페어링 오류는 적지만 고장 따릉이라던지 잔여 대수등 체크가 반영되는 속도가 느립니다. 따릉이 회수 재배치도 좀 빨라지면 좋겠습니다
Ji,4,2021-10-30 14:35:50,"늦은 밤이나 애인이랑 데이트 할 때 자주 이용하고 있습니다. 싼 가격으로 편리하게 근처에서 바로바로 자전거 대여가 가능해서 좋습니다. 다만, QR코드 인식이 꽤 안되는 편이며, 연결이 안 될 시 바로바로 취소가 가능했으면 좋겠는데 약 2분정도 대기를 해야된다는게 단점이네요. 이런 점만 개선된다면 정말 좋아질 것 같습니다~"
이슬기,5,2021-10-30 14:34:42,따릉이를 처음 접했을 때 어렵지 않을까 싶었는데 어플 하나로 손쉽게 자전거 대여 및 반납이 가능해서 아주 애용하고 있습니다.
yun,5,2021-10-30 14:34:35,자전거 배운지가 얼마 안됐는데 전용도로나 공원에서 1~2시간씩 빌려서 자전거 연습하기에는 따릉이가 제일 좋아요:)
mirimeee Kim,5,2021-10-30 14:34:35,꾸준히 잘이용하고있습니다. QR코드로 대여하고 반납절차도 간편해졌다는 점이 좋습니다~ 앞으로 애용할게요^^
jihye lee,3,2021-10-30 14:34:08,오류가 자꾸떠요~~
박승인,5,2021-10-30 14:33:42,너무 잘 이용하고 있습니다.
Gukeun Song,5,2021-10-30 14:33:16,편리하고.좋습니다 가끔 연결이 오류나는 문제는 개선이 필요합니다
정진형,5,2021-10-30 14:31:06,서울시 따릉이 너무 가격도 착하고 이용하기도 편해서 자주이용합니다. 또 관리자분들이 자전거 정비도 주기적으로 해주셔서 이용할때마다 상태도 너무 좋습니다. 앞으로도 따릉이 많이많이 이용하겠습니다~^^
Jeong won park,5,2021-10-30 14:27:40,좋아요. 잘사용할께요
Hyen Kwak,5,2021-10-30 14:26:02,항상 잘 이용하고 있어요~ 요즘같은 날에 더 많이 이용하게 되요 감사합니다.
양성혁,5,2021-10-30 14:22:05,다 좋은데 기기 연결까지 시간이 조금 소요되서 좀더 빨라졌으면 좋겠습니다!
Yongo Kwon,4,2021-10-30 14:18:55,따릉이 매우 만족. 제로페이로 결제하면 더 만족.
강영숙,5,2021-10-30 14:18:07,예전보다 연결이 훨씬 빨리되고 점점 업그레이드되니까 좋아요. 운동한 결과에 대한 분석을 좀더 자세히 분석해 주시면 좋겠어요~ 앞으로도 많은 기대 해 볼게요^^
Sebastian Kim,4,2021-10-30 14:14:35,가까운 거리를 이동할때 잘 이용하고 있어요.특히 지하철과 연계성이 뛰어나요. 한가지 건의드리면 교통사각지대(대단지 아파트 입구나 학교 주변)에도 대여소를 늘려주세요. 그러면 따릉이는 서울시민의 발로 자리매김할 수 있을거예요 :)
어디요,5,2021-10-30 14:06:28,잘사용하고 있어요.^^
최은진,5,2021-10-30 14:02:50,주변에 많이 타길래 타봤는데 빌리는 것도 쉽고 반납하는 것도 쉬워서 좋아요! 가격도 저렴해서 버스타기 애매한 곳은 따릉이 타기 좋아요!
SE HYUN PARK,1,2021-10-30 14:02:21,페어링 실패하면 바로 취소되게해야지 어플은 몇번이나 껐다가 켜도 대여 취소가 안되네요 어플에 렉도 많고 지연도 많네요 그리고 대여소에 새싹이만 있어도 추가배치 되게해주세요
Jeongtae Kim,5,2021-10-30 14:01:34,아주 좋아요.
박선영,3,2021-10-30 14:00:42,따릉이 분실물 신고기능있었으면좋겠어요 바구니에두고 깜빡한물건을 오분도 안됬는데 그대로 들고 쨌더라구요 심지어 체인이고장나서 고장신고한 자전거였는ㄷㅔ..
이세중,4,2021-10-30 13:58:59,"대여가 안된다는 문구가 뜨고나서 대여를 취소하고, 다시 대여신청을 하는데 소요되는 시간이 너무 길어요. 그리고 예전처럼 반납레버를 내리면 바로 반납되는 과정이었으면 좋겠어요 나머지는 다 만족합니다"
JaeHwan Joo,5,2021-10-30 13:58:39,언제나 즐거운 출근길을 만들어주는 따릉이 너무좋아요
장은주 (은쥬),5,2021-10-30 13:55:37,"늘 애용하고 있습니다. 자전거 정비 상태도 좋고 지하철역, 강변이나 공원 주변에 보관소가 많아 접근성도 용이해요. 이동수단에서 운동효과까지 두마리 토끼를 다 잡을 수 있어 항상 감사한 마음으로 사용하고 있어요. 아쉬운건, 스마트워치, 무선이어폰 등 블루투스 연결된 다른 기종이 있으면 자전거 연결 실패가 자주 일어나고요, 연결실패 후 재연결 시도시 '이미 연결중인 자전거가 있습니다' 라는 메세지가 뜨면서 대기 시간이 1~2분이상 걸리는 점입니다. 이 부분만 개선되면 정말 100점일 것 같아요~!"
박영식,5,2021-10-30 13:53:17,서울시내에서는 짱인듯 합니다.
김종민,5,2021-10-30 13:45:07,따릉이 제가 집은 수원이고 출퇴근때문에 사당에서 탈일이 많은데 기어조절도 되고 라이트도 잘나오니 좋은거같아요
허정인,5,2021-10-30 13:43:36,큐알 찍고 대여 완료까지 걸리는 시간이 줄어든것 같아요~ 따릉이 4년째 이용중인데 앱이 점점 발전하네요
There_02,5,2021-10-30 13:42:42,QR코드 인식 세상에서 제일 잘 되는 것 같아요 인생이 따릉이로 운동하면서 바뀌었습니다
뚠뚠,1,2021-10-29 18:37:17,반납할때 제대로 좀 되게 해주세요 레버 내렸는데 지멋대로 임시잠금 처박아버리네
가나다라마바사,4,2021-10-29 12:04:33,삼성역에 설치좀여!
박흥권,5,2021-10-29 09:05:48,개인 자전거는 장단거리에 이용하고 따릉이는 시내에선 언제 어디서든 대여소 반납하면 환승 및 볼일을 쉽게보는 장점이 있고 단점으로는 이동중 언덕길 오를때와 자전거 이상시 별도 태그를 달아 표시를 해둬 정비 하는것도 추가 보완사항이라 여겨집니다.
올리브나무,4,2021-10-29 08:05:21,편리하고 좋습니다 ^^ 감사합니다
JK K,5,2021-10-28 23:51:55,따릉이로 인해 서울에서 차가 없이 자유롭게 다닐 수 있어서 무척 유용합니다. 서울 곳곳에 없는 곳이 없을 정도로 요소요소에 있고 무엇보다 수시로 닦는것인지 비가 온후 얼마 되지도 않았는데 안장이며 손잡이에 물기가 없는 것을보고 감동 받았습니다.
Sang Huh,4,2021-10-28 20:13:20,따릉이 어플.지도도 정확하고 대여하는것도 QR로하니 너무 편하네요
Ann히히,5,2021-10-28 20:01:47,따릉이 초기부터 애용하는 이용자입니다 ^^ 아주 잘 지용하고 있어서 감사드립니다 ^^ 점점 더 발전하는 앱 시스템에 편리함을 더더욱 느끼고 있습니다. 초기와는 다르게 앱 오류도 거의 없고 좋습니다 ^^ 한 가지 아쉬운 점은 최종 이용 시간이 애매하게 10~20분 정도 남았을 때 그냥 새로 이용권을 구매하여 타고싶은데 무조건 기존 이용권이 끝나야 새로 구매가 가능한 점이 조금은 불편합니다 ^^ 10~20분 후에 또 다른 반납소에 들려야해서요 ㅜㅜㅋ '사용중인 이용권 해지' 같은 시스템도 생기면 유용할 것 같습니다 ^^
강용훈,5,2021-10-28 19:34:28,서울 시민의 발 최고입니다
김성덕,5,2021-10-28 18:59:34,좋아요. 아침 저녁 츨퇴근이 너무 편해졌어요
사람많네,5,2021-10-28 18:00:05,아주잘쓰고 있긴한데 가끔 연결안되거나 자전거문제가 없어보이는데 고장으로 뜰때가 있는거만 개선되면 좋을거 같아요
주은진,5,2021-10-28 17:32:09,서울에 상경해서 가장 자주 이용하는 서비스 중에 하나입니다! 다른 시도에도 비슷한 공공자전거 대여가 이루어지는것으로 알고있는데 더 활성화 되었으면 좋겠습니다. 자전거 마다 컨디션이 약간씩 다를때도 있지만 대체로 잘 관리되는 편이며 고장 자전거가 있을경우 이용자가 바로바로 불량/교체 신고를 해주기 때문에 그 부분이 잘 이루어 지는것 같네요. 앞으로도 좋은 서비스 기대합니다. 항상 수고가 많으십니다👍
YJ Gwon,5,2021-10-28 17:24:16,첨엔 운동삼아 이용하기시작했는데 늦은시간 택시대신 가끔 이용하면서 금전적으로도 많이 절약되네요. 앞으로도 꾸준히 이용할께요.
김경수,5,2021-10-28 16:37:14,시간 이용후 반드시 대여소 주차후에 재대여해야 하는 제도를 1번정도 대여소 가지 않고도 연장 할 수 있으면 좋겠는데...
1,5,2021-10-28 16:15:28,저렴한 가격으로 좋은 자전거를 이용할 수 있고 좋고 대여소가 많이 있어 반납하기 좋아요~~ 다만 한강자전거길 주변에는 대여소가 없어 좀 불편해요~~
김미현,3,2021-10-28 16:12:27,편리해졌어요~
조영걸,5,2021-10-28 16:07:43,2년째 되는 시간동안 잘쓰고 있네요 한가지 단점이 있다면 연결이 잘되는때도 있고 안될때도 있네요 그거 말고는 잘타고 다니네요 많이 발전하고 느끼는건 빌릴때 초기에는 고장난거 탈때 많았는데 현재는 고장난거 없고요
YG In,4,2021-10-28 16:02:05,3개월권도 만들어줬으면 좋겠습니다. 1년권 2번 사용해보니 여름 3개월정도만 거의 매일타고 나머지 9개월은 매달 4번정도 탈까말까 하더라고요. 가격은 9000원 정도면 이용할 의사가 있습니다. 그리고 1년권이 아니면 환승 시스템이 안먹히는것 같던데 환승포인트는 안주더라도 환승시스템은 적용되면 좋겠습니다. 6개월권쓰면서 버스>지하철a역>자전거(20분이용)>지하철b역을 이용해봤는데 환승횟수가 남아있고 환승가능 시간내였어도 지하철b역에서 신규로 찍히더군요. 1년권 쓰면서 버스카드를 연동시켜놓은 탓인지 6개월권에서 환승시스템이 안먹히니까 중간에 자전거 탄게 환승이 아니라 신규로 인식된거 같습니다.
승구김,5,2021-10-28 15:55:47,잘쓰고 있어요
원이,5,2021-10-28 15:54:04,"사용하기가 쉽고 간편합니다. 무엇보다도 실시간으로 따릉이 거치상황을 알수 있으니 참 편해요 그리고 따릉이 잠금장치가 스마트폰으로 연동되어 임시잠금, 잠금해제, 반납 기능들이 있어 좋습니다. 아쉬운점이 있다면 10초정도 시간이 다소 걸리네요"
sangwon lee,5,2021-10-28 15:51:44,따릉이 생기고 뭔가 생소해서 이용할 생각을 못하다가 동생추천으로 타게됬는데요 첨엔 대여하는데 이용권구매가 잘 안되서 답답했는데요 타보니 한두번하고보니 익숙해지니 앱으로 대여 하고 반납 누르면 바로되고 간편해서 잘 이용하고있습니다 타다보니 재밌어서 현재 6개월권이용중이고 제로페이로 결제하면 할인되는것도 넘좋아요 운동도되고 스트레스도풀리고 따릉이 넘 좋네요 자전거도 상태가 대부분 좋아요 관리를 잘해주시는듯 합니다 추천이요
김현숙,5,2021-10-28 15:48:34,좋아요. 너무 좋은제도입니다. 다만 탈려고 하면 자전거가 많이없어서 그부분이 좀 아쉽습니다.
WOO,4,2021-10-28 15:43:55,가끔 버벅거릴때가있지만 쓸만합니다ㅎㅎ
YK B,4,2021-10-28 15:39:52,"다 좋은데, 사용시 자전거와 페어링이 실패하는 경우, 재시도를 하기위해 리셋되는 시간이 너무 길어요(1~2분?). 처음 페어링 실패후 혹시나 하고 기다려도, 역시나 최종실패하고요. 이럴거면, 처음 페어링 실패했을때 취소요청하면 바로 리셋되서, 다른 따릉이를 선택하거나 재시도하는 시간을 줄여줬으면 합니다."
텅구리,5,2021-10-28 15:39:47,결제나 전체적인 인터페이스가 조금 불편한거 말고는 다 좋아요! 덕분에 자전거 많이 타게 되었어요
전형준,3,2021-10-28 15:38:25,블루투스 이어폰외에도 블루투스 기기가 연결되었을때 따릉이를 사용하면 가끔씩 잠금이 안풀리게되는건 이해가..
문봉신,5,2021-10-28 15:34:11,"따릉이를 빌리거나 반납하는 방법도 쉽고, 어디에, 따릉이가 몇 개 있는지도 나와서 편리했고, 사용할 수 있는 시간이 길어서 좋았어요!"
ᄉᄌᄋ_,4,2021-10-28 15:33:18,"아주 간혹 대여소에 제대로 반납했는데도 불구하고 반납처리가 되지 않는 경우가 있으나, 그런 상황을 제외하고는 매우 만족하며 이용하고 있습니다."
김영인,4,2021-10-28 15:32:00,저는 자주 사용하고 있구요 사용자로써 QR 인식 이후 블루투스 연결이 잘 안될 때가 가장 불편했어요 이전보다는 지도 이동 시 부드러워져서 좋습니다! 무선이어폰을 안써도 블루투스 연결이 안될때는 정말 답답했습니다ㅠㅠ
서정경,5,2021-10-28 15:28:51,먼거리 가까운거리 이동 할 수 있게 도움을 주는 따릉이앱 매일 잘쓰고 있습니다. 블루투스 먼저 켜놓고 앱 시작하면 자전거 커넥트가 잘됩니다
카일,5,2021-10-28 15:27:34,걸어서 가기에는 멀고 교통수단 타기에는 가까운거리일때 따릉이를 타면서 바람을 맞으니 참 좋네요.
HyeokJae Lee,5,2021-10-28 15:25:50,문제점만 나열하겠습니다. 1. 다른것보다 연결불량이 가장 불편합니다... 블루투스 아무것도 연결 안해놓은 상태에 데이터 이상도 없는데 연결 실패하는 경우가 매우 잦습니다. 2. QR코드도 후레시를 켜도 인식을 못 하는 경우가 많아 이젠 그냥 번호로 입력해서 사용합니다. 3. 앱상 표시 자전거대수와 실제 대수의 차이가 종종 있습니다. 앱 상에는 여러대 있는데 막상 가면 하나도 없어서 처음엔 그새 누군가 타고 갔나 했지만 계속 이런일이 발생하니까 직접 눈 앞에서 확인해본 경우 오류였던걸로 확인했습니다.
오대환,4,2021-10-28 15:23:14,따릉이 초창기부터 썼는데 이제 어딜가나 타는 모습이 보이네요 그만큼 많이 발전한것 같습니다 gps기반 반납도 처음엔 어려웠는데 적응되니 줄반납보다 훨씬 편합니다 앞으로도 발전해주세요
Google 사용자,5,2021-10-28 15:20:56,아주 잘 사용하고 있습니다^^
N Y,3,2021-10-28 15:20:26,자전거를 잠깐 잠궈놨는데 그 사이 어떤 미친사람이 안장에 가래침을 뱉어놔서...(제가 닦을게 없어서 못닦았습니다 죄송ㅠ)못타고 근처 따릉이 정거장까지 끌고 가서 반납을 했습니다. 그리고 옆에 다른것을 대여하려는데 자꾸 몇분 사용했다는 반납완료 화면이 떠서 확인버튼 눌렀는데 메인화면 하단에 대여하기 버튼이 아닌 '대여중'버튼이 뜹니다.(블루투스를 껐다가 앱종료후 다시키길 몇 번. 핸폰 재부팅 후 다시키기 등 계속 했는데도) 이걸로 15분정도 서있다가 겨우 되었네요. 저번엔 임시잠금했더니 반납돼버려 재대여 하려는데 그때도 이랬습니다.. 앱업뎃좀 부탁드립니다!
이서희,5,2021-10-28 15:19:12,단번에 대여 잘 안되는 오류 수정이 되긴 했지만 아직도 한두번정도 그런 오류가 생깁니다. 그럴 때마다 차라리 빨리 대여취소로 하고 다른 자전거를 이용하고 싶은데 대여취소할 수 있는 창이 안뜨거나 너무 늦게 뜹니다. 그리고 어플에 고장신고된 자전거가 어플에 대여가능한 자전거로 안 뜨긴 하지만 직접 대여소에 열몇개 있는 자전거 중 어느 자전거가 신고된 자전거인지 확인이 어려워 여러번 대여와 대여취소를 반복한 적이 있습니다. 이건 어플문제가 아니지만 오프라인에서 고장신고된 자전거가 어떤건지 눈으로 확인할 수 있는 장치가 있었으면 좋겠습니다.
최서연,5,2021-10-28 15:17:51,앱이 직관적이고 디자인도 깔끔해서 매우 애용중입니다!
Jhon K,1,2021-10-28 15:17:34,"따릉이 앱=부실합니다. 반납 문제도 고객들을 협박할 뿐, 어떠한 대안도 없죠. 애초에 설계를 잘못한 듯요. 앱 리뉴얼 고객들은 못 느끼는 부분만 개선된 느낌이고요. 공공자전거 개념 자체가 좋은 것이지 따릉이가 좋거나 잘하는 것은 절대 아니라고 생각합니다. 따릉이 4대 정도 남아 있으면 겁부터 나요.. 다 고장이나 연결 불가능이거든요. 요즘엔 연결 되어도 바람 빠진게 많아서 어쩔 수 없이 타는데 힘드네요. 저는 개인적으로 업체가 바뀌었으면 좋겠어요."
귀남맘,5,2021-10-28 15:17:16,잘 사용하고 있습니다
이영도,5,2021-10-28 15:16:27,잘타고있습니다 더추워지기전에 쿠폰받아서 한강가고싶네여
조나경,5,2021-10-28 15:15:53,정액권 구입후 필요시마다 타니까 좋더라구요^^ 가끔 안장이 고정이 안되고 앉으면 점점 내려가더라고요... 점검시 안장체크 부탁드려요~ 따릉이 타고 혼자만의 힐링시간도 되고 좋아요^^
이현욱,4,2021-10-28 15:15:43,꽤 편리한 편입니다. 다만.. 일부 자전거가 대여가 안되는 경우가 꽤 잦네요. 대여소 정보를 찾을수 없다는 문구와 함께..
시루떡,5,2021-10-28 15:15:43,qr코드가 완벽히 인식되어버리는 수준 보통 수준이 아닙니다.
Ted Lee,5,2021-10-28 15:15:21,따릉이 앱.사용하기 편하고 좋아요. 그런데 가끔 대여시작하고 멈추는 경우가 있네요. 물론 반납하고 이용하는데는 문제가 없어서 잘 사용은 하고 있습니다.
김현정,5,2021-10-28 15:14:08,종종 따릉이 이용하는데 편하고 좋아요~ 그런데 정기권 구매시 (7일 1시간or2시간) 이런 방식도 좋지만 그냥 시간제도 있었으면 좋겠어요~ 예) 100시간 이용권 이렇게 해서 분 단위 차감이나 안되면 10분단위 차감 이런 방식도 좋을것같아요!
정승찬,5,2021-10-28 15:13:55,자전거 많이 타는데 걸어가고 있을때 이동거리가 길면 따릉이 보이는데로 잘 타고있어요 자전거 상태도 항상 점검하시는 것 같고 자전거 이상은 지금까지 한번도 없었어요 .자전거 위치도 알 수 있어서 넘 좋구요 자전거 편히 탈 수 있는 좋은 앱인듯 싶습니다
김인조T,5,2021-10-28 15:13:09,따릉이는... 사랑입니다^^
Dong Eun Lee,5,2021-10-28 15:12:47,"따릉이가 생기고부터 썼으니 꽤 오랜 시간을 사용했습니다. 점점 시스템도 업그레이드하고 좋아지는 것 같습니다만, 요즘 블루투스 때문에 연결이 왕왕 안되네요:) 그리고 불만사항은 따릉이는 있는데 탈 곳이 마땅치 않아요. 인도에선 나가라 자전거 우선 도로가 있어도 차가 비켜줄 리 없고 버스가 뒤에 오면 무섭기까지.. 도로 개선 좀 했으면 좋겠네요"
김성국,5,2021-10-28 15:10:52,따릉이 편한데 새싹따릉이가 생기면서 일반따릉이 조회하면 새싹따릉이가 같이조회가되 불편해요
Meong-Bae Jeon,5,2021-10-28 15:10:07,따릉이앱이리뉴얼되었네요 전보다 로그인오류가 적고대여가편해졌어요 근데블루투스이어폰들으면서 동시에 대여가 가능하게는안되나요? 추가로 대여가한번에안됐을때 대여취소하고 다시대여하는게 더빨라졌으면합니다
장주희,5,2021-10-28 15:09:52,점점 편리하게 사용할 수있어 너무 좋은 따릉이예요.
이순규,5,2021-10-28 15:09:35,업데이트후 인식불능이 적음
김근영,5,2021-10-28 15:09:29,따릉이액오류 줄어들어서 좋아요
Youngik Oh,5,2021-10-28 15:09:12,앱은 괜찮은거같아요. 잠금해제. 반납 등 동작시간이 좀 더빠릿빠릿하게 개선됬음하네요.
박희수,5,2021-10-28 15:08:48,편하게 이용할수있어서 너무 좋아용
janghyun jeon,4,2021-10-28 15:08:19,예전보다 직관적으로 바뀌어서 좋습니다. 그리고 이동거리 지도와 연계해서 보여주었으면 좋겠습니다
Kyongsook Park,5,2021-10-28 15:04:08,최근에 신청해서 아침출퇴근시 가까운거리 이용합니다 앱도 너무잘 활성화 되고 정말 깨끗해지는 환경 동참하고 있는듯 해서 뿌듯합니다 가격도 적절해서 강추하고싶어요 다들 동참하세요~~♡♡
조애리,5,2021-10-28 15:03:49,언제나 어디라도 갈수있게해주는 따릉이 너무 좋아요~~ 임시잠금도 가능 짱입니다요
최윤정,5,2021-10-28 15:02:29,매번 이용ㅎㅎ 따릉이 없음 어쩔뻔 했나 싶네요 아쉬운 점은 잠금을 깜빡하고 이미 멀리왔을 경우 직접 가는 거 말곤 방법이 없는게 아쉽습니다ㅜㅜ
JAMES KIM,5,2021-10-28 15:01:18,사용하기 편해요~잘쓰겠습니다
돌아와이녀석아,4,2021-10-28 14:59:55,따릉이. 취지는 엄청 좋습니다. 근데 연결이 너무 안되요. 차라리 기존 비밀번호 눌러서 타는게 더 나았던거 같아요.
이경자,5,2021-10-28 14:59:30,처음에는 블루트스땜에 고생했지만 이젠 아주 잘 사용하고 있습니다.
보라,5,2021-10-28 14:59:24,따릉이 사라지면 안돼요 너무 잘 이용하고 있어요
MINSEOK KU,5,2021-10-28 14:58:09,서울시에 살아서 좋습니다 가까운 애매한 거리에 따릉이 타고가면 시간도 돈도 절약되구요. 가끔 핸드폰과 블루투스 연결이 오래걸리긴 하지만 나머지는 다 좋습니딘
포레스트킴,5,2021-10-28 14:58:04,이건뭐 추천을 안할수가... 곧 경기도로 이사가지만 따릉이는 적극 추천
컨저링,5,2021-10-28 14:57:52,앱이 이전보다 많이 개선돼서 편하고 좋아요:)
Portfolio 포폴 (ParkLeMen),4,2021-10-28 14:57:10,"야무집니다. 다만, 블루투스 이어폰을 착용하지 않았음에도 자전거와 연결이 더딥니다. 최대 10분 정도 대기하면서 연결을 기다립니다. 빠르게 호환될 수 있었으면 합니다."
김저기,5,2021-10-28 14:55:17,버스 4-5정거장정도 갈 일이 많은데 제로페이 결제하면 진짜 가성비있게 버스보다 싸고 비슷한 시간 걸려서 왔다갔다 할 수 있어서 좋은거같어요 굿bb
이준형,5,2021-10-28 14:55:17,교통비를 아껴주는 최고의 교통수단 / 가끔씩 바퀴 바람이 너무 없는 자전거가 있는 건 아쉽다
최지수,5,2021-10-28 14:54:45,서울에 따릉이가 있어서 너무나 만족하고 씁니다. 앞으로도 지금처럼 따릉이 이용 잘 할수있게 해주세요!!!!~~~~~~
min min (COCOMAM),5,2021-10-28 14:54:06,따릉이를 꾸준히 이용해 왔는데요. 교통비도 절약되고 곳곳마다 반납할 수 있는곳이 있어서 너무 편리하게 잘 쓰고 있어요👍 건강과 환경을 모두 생각한 따릉이가 요즘은 최고라고 생각이 드네요~💗
Soo,5,2021-10-28 14:53:41,너무 편해서 계속 잘 이용하고 있어요. 어플리케이션에 즐겨찾기 스테이션 생기면 더 편할 것 같아요!
Byongsam Yun,3,2021-10-28 14:53:07,현재 위치를 자동으로 인식해서 지도를 보여주지 않아요.
문태종,5,2021-10-28 14:52:44,"위치확인, 연결도 잘되요. 덕분에 아침저녁으로 이용하고 있어요^^"
서민수,5,2021-10-28 14:50:15,잘쓰고있습니다
Hyunsoo Park,5,2021-10-28 14:49:55,항상 잘 이용하고 있습니다ㅎㅎ 교통비도 생각보다 많이 나가고 자전거를 사서 다니자니 보관도 애매하고.. 출퇴근용으로 아주 좋아요~
Myungha Yuk,5,2021-10-28 14:49:28,날좋은날 기분전환하러 따릉이타러가면 너무나 신납니다.
연,4,2021-10-28 14:47:39,조금 느립니다. 끊김이나 속도가 개선되었으면 좋겠어요.
임미경,5,2021-10-28 14:46:46,따릉이너무좋아요
Jinsoo Kang,5,2021-10-28 14:44:47,걷기엔 너무 멀고 버스타기엔 너무 가까울 때 이용할 수 있어서 너무 편리하고 좋네요 ㅎ 앱도 카메라로 번호 인식이 잘 안되는 거 빼고는 쓰는 데 불편함이 없네요
ssongs lee,4,2021-10-28 14:44:20,정기권 구매해서 잘 사용하고 있습니다 예전에 비해 앱도 이용하기 편해졌고 대여도 빠르게 됩니다 근데 가끔 대여하고 인식이 안되서 취소하려고 하면 꽤 기다려야합니다 출퇴근때 이용하는거라 대여취소도 빠르게 됐으면 좋겠습니다
박세영,4,2021-10-28 14:42:45,좋은 점은 주로 자전거 이용을 많이 하는 편인데 서울 어느 지역을 가더라도 따릉이 대여소가 있어서 편하다는 점 !(예전에 을지로 갔을 때 경복궁이나 삼청동 부암동 카페도 가고싶고 이래서 차로 이동하면 너무 시간걸리고 버스노선도 갈아타야하고 그러니 따릉이 자전거타고 이동하니까 좋았어요 ㅎ) 불편한 점은 큐알화면으로 번호찍고나서 바로 대여중 이게 안뜨고 다시 대여하기랑 지도 페이지가 나와서 큐알을 다시 틀어서 번호찍어야하는 상황이 좀 빈번한 편이고요 ㅠ 그리고 대여하기할 때 큐알찍고 화면넘어가서 대여중 이라 기다리고 있는데 대여가 안돼서 다시 대여취소하고 다시 빌리는 일도 빈번합니다. ㅠ 아무튼 따릉이 엄청 편하게 이용하고 있습니다 특히나 버스타기 애매할때 진짜좋아요 계속 이 사업은 했으면좋겠습니다 그리고 님들 제발 세워놓을 때 예쁘게 세워놓으세요 ㅠㅠ 막쓰러져있고 너무 보기안좋아요
luvoo U,5,2021-10-28 14:41:49,간단한 이동할 때 잘 사용하고있습니다. 연동도 바로바로 되서 사용하기 편리합니다.
미담,5,2021-10-28 14:41:19,ex1. 안장 높낮이 고정 안됨 ex2. 기어 이상함 과 같이 자전거 반납시에 자동으로 자전거에 이상이 있는지 설문하는 알람이 팝업되면 좋을듯 합니다. 그럼 기록해뒀다 바로바로 수리가능할테니
이재성,5,2021-10-28 14:40:56,항상 정말 잘 애용하고 있습니다. 애매한 거리는 되도록 따릉이로 이용하려고 합니다만... 바라는 점으로 되도않는 애기 따릉이는 좀 치워주셨으면 합니다... 애들도 그렇게 작은 자전거는 불편해서 안 탑니다...
조재만 (물머근풀빵),5,2021-10-28 14:37:34,정확한 정보제공과 신속한접속 모두 만족스럽네요
mwook,5,2021-10-28 14:37:23,몇 개월 한꺼번에 끊으면 값도 싸고 어디 오고갈때 정말 편합니다!!
bakery Lees,4,2021-10-28 14:35:58,프로그램 자체는 전체적으론 괜찮은데 무제한 저속 데이터 사용시에도 다소 버벅거릴정도로 용량이 큰 데이터가 사용되고 일반상태에서도 대여에 에러때문인지 오류가 발생하는 경우가 종종 있는 점은 아쉽습니다.
이정수,5,2021-10-28 14:34:58,한동안 이용을 못했는데 앱이 더 직관적이고 빨라진거 같네요. 따릉이 항상 고맙게 생각합니다
이지아,5,2021-10-28 14:34:42,주변 따릉이 위치와 잔여갯수를 보기 쉽게 파악할 수 있고 저렴한 가격에 자전거를 이용할 수 있어서 정말 좋아요. 아쉬운 점은 잘 되다가도 가끔 QR코드를 인식할 때 인식이 너무 안되거나 번호 입력도 안되고 연결이 되기까지 3분이 넘어갈 때가 있어서 그 부분만 해결되면 더 좋을 것 같습니다!
김말분,4,2021-10-28 14:33:58,출근길에 이용하는데 운동도 되고 복잡한 지하철보다 편리해요
J민선,4,2021-10-28 14:33:36,가격도 저렴하고 따릉이 자체는 참 좋아요 걷기 애매할때 자전거 타면 운동도 되고 환경에도 좋아서 따릉이 아주 애용합니다. 그런데 자전거 바구니에 쓰레기 버리고 가는 사람들이 있어서ㅠ 대여소에 쓰레기통이 있음 좋겠어요. 그리고 아무래도 가려는 목적지에 대여소가 없는 경우도 있어서 가능하다면 따릉이 내에 자체 네비게이션이 있음 좋을것 같아요. 따릉이 자체는 정말 정말 좋지만 자전거 도로가 잘 안되어있는 곳도 있어서 그런부분은 이용이 불편하더라구요.. 횡단보도에서 자전거 도로로 이어지는 턱이 너무 가파르거나 연석에 걸려 넘어질 수 있게 되었다던지..
ysgb L,4,2021-10-28 14:33:15,"앱 잘 쓰고 있어요. 블루투스 연결이 가끔 렉 걸리긴 하지만. 그나저나, 따릉이 거치대 제가 다니는 반경 안으로 만해도 2개나 사라졌던데... 따릉이 진짜 줄이는건가요? 오세훈서울시장님????"
코코,4,2021-10-28 14:31:15,업데이트 이후 앱 사용시간이 빠르게 단축되어서 편리해졌어요. 퇴근시간 자주이용하는데 퇴근시간마다 따릉이전쟁입니다.자주 사용되는곳은 수량을 더 비치시켜주셨으면 좋겠습니다. 또 새싹따릉이한대만 있어도 추가배치요청이 않되네요. 개선되었으면 좋겠습니다
이강희,5,2021-10-28 14:30:55,덕분에 가까운 거리 이동시 잘 사용하고 있어요. 잘 사용하고 있습니다. 제발 없어지지 말아주세요. 예산 없앤다고 들었는데 ㅠㅠ
르블랑,5,2021-10-28 14:30:48,너뮤 편리하고 좋아요 감사합니다
빠담빠담,5,2021-10-28 14:30:44,출퇴근용이나 운동겸 유용하게 잘타고 있어요~!! 올 초까지해도 인기가 좋아서 따릉이 찾으러 한참 헤매고 그랬는데 따릉이 확충되서 그런지 요즘 찾는게 쉬워욥~ 따릉이 타면서 건강도 되찾고 비용절감도 되공 너무 유용하게 잘쓰고 있어요 더 더 발전했으면 좋겠어요^^
JIEUN CHOI,5,2021-10-28 14:30:40,환경도 보호하고 교통비도 절약하는 1석 2조! 다만 특정지역에는 따릉이가 몰려있는 반면 어떤 곳은 부족하기도해요
pilsu yoon,5,2021-10-28 14:27:41,따릉이 잘쓰는데.. 왜 중곡사거리 국민은행점 보관소 사라졌나요..
charmingey,4,2021-10-28 14:25:28,QR 대여할때 연결이 너무 느려요~ 그 외는 불편함없이 잘 이용중입니다. 서울시에서 사업 접지말고 영구적으로 운영해주셨으면 좋겠어요!
전혜영,5,2021-10-28 14:22:30,이렇게 자전거 이용이 편리하다니 너무 좋아요
이찬우,5,2021-10-28 14:21:32,따릉이가 리뉴얼 되고 나서 너무 편해졌어요!! 따릉이 최고~
누렁이,5,2021-10-28 14:21:07,좋습니다
hiwow,5,2021-10-28 14:20:42,"따릉이 잘 이용하고 있습니다. 출퇴근시 전철역까지, 점심시간 운동할겸 이용하고 있습니다. 따로 관리할 필요없이 타기만 하면 되니 편리하고 좋네요."
김은경,5,2021-10-28 14:20:23,"정기 결제하니, 가까운 거리는 자주 이용하게 됩니다"
임현진,5,2021-10-28 14:18:11,원격 잠금장치 개발이 필요함 잠금 미확인 및 분실등의 위험 축소
배한솔,5,2021-10-28 14:14:55,주로 한강주위에서 타고 다니는데 싼 가격에 힐링할 수 있어서 좋아요! 가끔 결제수단으로 카드 정보 입력하는데 오류가 두세번씩 걸려서 다시 작성해야하는게 좀 귀찮지만... 카카오페이 등록하고 끝냈어요😌😔
Insung Cho,5,2021-10-28 14:14:48,코로나 이후 따릉이 이용. 참 편리하고 좋아요
오유나,5,2021-10-28 13:50:09,따릉이 덕에 집에 자전거가 많지 않더라도 가족들 다같이 한강나들이를 따릉이로 쉽게 갈 수 있어 좋아요. 따릉이 앱 뿐만 아니라 카톡이나 문자로도 알림이 오면 좋겠어요~~
Kim Soo Young,5,2021-10-28 10:50:24,자전거가 필요할때 이용할 수 있어 편리하고 좋습니다. 자전거 대수가 더 많아졌으면 좋겧습니다. 환경도 살리고 이용자의 건강까지 챙기고~~
KYUNG AE KIM,4,2021-10-28 10:38:48,예전에 비해 지도도 더 보기 좋아지고 앱도 오류가 적어진것 같지만.. 대여가 잘 되지않아서 연결될때까지 기다리는 시간이 좀 걸립니다.. 그리고 안장이 망가진 따릉이가 많은거 같은데 더 세심한 관리해주셨으면 좋겠습니다!
ᅵᅵ,3,2021-10-28 00:11:14,"초기보다 좋아지긴 했습니다만, 블루투스로 자전거 연결할 때 연동시간이 오래 걸리는 경우가 있고 자전거배치가 0인 대여소가 많아서 자전거 대여하지 못하는 경우도 있습니다. 자전거배치신청이 0일때만 할 수있는 것보다 일정숫자 이하일 때 배치신청할 수 있도록 하면 좋겠습니다. 앱의 용량이 조금 적어지고 가볍게 실행됐으면 좋겠습니다. 자전거 대여시 할인요소도 있고 요즘 신규 대여소가 늘어났고 아이들도 탈 수 있는 작은 자전거도 있고 안장조절이 편한 자전거도 도입되서 좋습니다. 앞으로도 편리하게 지속적으로 이용할 수 있도록 개선해 주시기를 바랍니다."
리링,4,2021-10-27 23:58:05,반납할때 항상 직접반납을 눌러야지만 반납완료된다고 떠서 조금 불편합니다ㅠ 그리고 분명히 잠겨있고 멀쩡해보이는 자전건데 대여중이거나 수리요청중으로 대여할수 없는 자전거라고 대여를 못해서 걸어간적이 한두번이 아닙니다 .. 이게 반납이 잘 안되서 그런것 같은데 개선 부탁 드립니다ㅠ
이예빈,4,2021-10-27 20:25:32,"다른점은 다 좋은데! 구매권 이용기간이 거의 끝나갈 쯤에 (예를 들어 7일전, 3일전, 하루전) 이용기간이 곧 만료됨을 알려주는 알림을 보내주면 좋을 것 같아요! 이용하려고 딱 할 때 이용기간이 끝났다고 메세지가 떠서 급할 때는 다시 이용권 사서 하는 과정이 당황스럽더라구요"
Eunjoo Oh,5,2021-10-27 20:17:51,6개월 2시간 정기권 구매해서 잘 썼어요. 앱사용시 가끔 QR인식이 늦을때가 있지만 아주 불편한 정도는 아니였고 편리하게 잘 사용해서 날씨 따뜻해지면 다시 구매예정입니다. 정기권 있는 상태에서 단체권 추가 구매하면 꼭 단체권부터 사용해야하는 부분과 수리필요한 따릉이는 대여가능 대수에 포함되어 보여지지 않는것으로 수정되었으면 좋겠어요~
hyeongjune park,4,2021-10-27 18:58:33,너무 좋습니다 우선 속도가 가장 빨라졌고 시각적으로도 어플이 잘보여서 좋은 것 같아요
MIRAN SEO,5,2021-10-27 18:00:53,요즘 출퇴근 따릉이로 하다 보니 출퇴근 시간 제일 막히는 구간에 살고 있는 저로써는 너무 행복합니다 운동도 되고요 요즘은 오류도 없어서 출근길에 막막해지는 상황은 없습니다 다만 자전거 가끔 부족하다 보니 새싹 자전거를 타야 하는 상황이 생기거나 그것도 어려울때가 많은데 많은 량의 자전거를 부탁드려요 감사합니다
미니,3,2021-10-27 17:54:20,깜빡해서 블루투스를 안 켠 채로 대여 시작하면 진짜 환장해요. 블루투스 켜겠다고 해서 확인 누르고 진행하면 그때부터 대여가 안돼요 한참 기다려서 대여 취소하고(이건 또 왜케 오래 걸리는지...) 다시 해야 됨.....진짜 바쁠 때 너무 답답합니다
james lee,4,2021-10-27 17:50:04,"앱사용은 불편함 없이 잘 쓰고 있습니다. 다만 열혈 이용자는 아니어서 간헐적으로 사용하고 있는데, 이용시마다 일회이용권으로 매번 재결제 해야하는게 생각보다 번거롭습니다. 일회이용권을 이용하는 사람들을 위해 다섯개, 열개 묶음으로 한번에 결제해서 사용할 수 있게 해주시면 훨씬 효율적으로 사용할 수 있을 것 같습니다."
김민정,5,2021-10-27 17:49:28,자전거가 없어서 맨날 걷거나 버스타고 다녔는데 따릉이 덕분에 매일 자전거 타고 다니고 있어요! 운동도 되고 환경에도 도움되고 정말 최고입니다!! 자전거 거치소도 정말 많아서 너무 편리해요...!!!!
이지환,5,2021-10-27 17:38:02,평소에 너무 잘타고 있습니다
허주만,3,2021-10-27 17:26:01,"자전거 없는곳이 너무많음, 텅텅비어있는 곳, 아예 주변에 한곳도 없는곳이 엄청많음. 따릉이타려고 버스타고 찾아다녀야할 지경임. 또 어떤곳은 자전거 반납하는곳이 없어서 반납하고 버스를 타야함. 더 많은곳에 반납장소를 만들고, 자전거가 없는곳엔 신속하게 자전거를 이동배치해야 이용객이 늘어날텐데요..."
윤영식,5,2021-10-27 17:23:03,여러가지 개선사항들이 반영되가고 있는거 같습니다. 중간에 취소기능 등 사용하기 편리하네요. 자전거 추가배치 요청시 좀더 신속배치되면 좋을거 같습니다.
루낼,4,2021-10-27 17:12:52,가끔씩 반응이느림
Sooom J,5,2021-10-27 16:18:39,가까운 거리 이동할 때 자주 이용합니다. 지전거 보유현황 확인할 때 새로고침 버튼이 있었으면 좋겠습니다.
Raid Kings,3,2021-10-27 16:03:42,다 좋은데 출퇴근 복잡한곳이나 추가 요청 많은곳 데이터 분석하면 금방나올텐데 그럿곳에 좀더 많은 추가배치가 필요해보입니다
만다린레시피,5,2021-10-27 16:01:13,딸아이랑 종종 이용합니다~ 좋아요~
ji kim,5,2021-10-27 15:47:33,"6개월 이용 사용하면서 느낀 점 좋았던 점: 출퇴근 시 버스도없고, 택시도 없을 때 정말 유용하게 사용했습니다. 가격도 저렴해서 버스추가금액대신 6개월 이용권으로 저렴하게 이용하였습니다. 앱 으로 고장난 자전거를 신고 할 수 있는 부분도 좋았습니다. 개선할 점: 어느정도 데이터가 쌓이셨을테니 따릉이를 많이 이용하는 시간대에 좀 더 많은 배치가 되었으면 좋겠고, 앱으로 미리 고장신고 된 자전거는 표시가 되었으면 좋겠습니다. 훌륭한 대중교통사업을 추진 해 주신 서울시에 감사드립니다."
문지선,5,2021-10-27 15:39:18,따릉이 덕분에 가까운 거리는 마음 편하게 지갑 가볍게 다닐 수 있어졌어요 어플로 간편하게 서울 곳곳에서 대여할 수 있어서 너무 좋습니다ㅎㅎ 따릉이 초반부터 타왔는데 정류장 수도 점점 늘고 어플도 이용하기 편해져서 만족합니다!
류재현,5,2021-10-27 15:36:12,ui도 훨씬 깔끔해지고 무리없이 잘 사용하고 있습니다: D
김남태,5,2021-10-27 15:28:40,사용에 큰 어려움이 없습니다
David Kim,4,2021-10-27 15:22:42,이번에 따릉이 설치장소 신청했는데 선정 되서 너무 좋네요 ㅎㅎ 그리고 따릉이내에서도 자전거 길찾기 연동 되았으면 좋겟습니다. 아니면 다른 지도 앱과의 연동도 좋아요
Y J,5,2021-10-27 15:17:06,너무 좋은데 블루투스 스피커 끼고 연결이 잘 안되서 불편해요. 몇 개 자전거 남앗다고 가보면 다 고장이라서 고장 여부 표시도 좀 뜨면 좋겠어요
정주연,5,2021-10-27 15:14:16,앱이 사용하기 간편하고 좋아요.
qxert b,4,2021-10-27 15:14:09,괜찮네요
강대원,5,2021-10-27 15:00:55,정말좋아여
CHO태남매 맘!,5,2021-10-27 14:57:03,처음엔 어리버리 했지만 한 번 사용하고 나면 잘 만들어졌다고 느끼게 됩니다.
HEESUN JUNG,4,2021-10-27 14:52:54,따릉이는 사용이 편리하고 앱 또한 이용자 입장에서 무척 좋습니다 속도도 빠르게 개선되었습니다
오하루,5,2021-10-27 14:42:15,날씨도 선선하니 산책용으로 잘 타고 있어요~ 어플도 사용하기 쉽게 개선되고 있어서 좋아요
so hee Shin,5,2021-10-27 14:40:02,따릉이 너무 좋아요. 계속 운영해주세요
소울프리,5,2021-10-27 14:36:54,따릉이는 서울의 발입니다. 어플조작이 점점개선되어서 불편함없이 사용하고있어요. 정말만족합니다!
윤지원,4,2021-10-27 14:30:58,직장이 버스타긴 가깝고 걸어가긴 먼 거리라 따릉이를 용중인데 따릉이 대여소가 많아서 참 편리하더군요! 단점은 가끔 에러가 나는지 반납을 해도 반납처리가 안되고 계속 대여중이라고 떠서 ㅜㅜ 직접 반납 눌러도 안넘어가더라구요.. 3개월째 이용중인데 이런적 두세번 정도 있었어요. 요새 날씨가 좋아 산책용으로도 자주 타요!
박상현,4,2021-10-27 14:29:52,비용에 비해 너무 서비스가 너무 좋고 자전거와 앱도 주기적으로 업데이트가 되서 정말 쓰기 편하고 유익합니다. 심지어 사용자들이 자전거 없는 곳에 증원 요청하는 게 생긴거 보고 정말 사용자 분석을 잘한다고 생각했습니다. 다만 아쉬운 점은 최근 따릉이 인식하는 로딩오 오래 걸리거나 오류가 조금씩 생긴다는 것이 아쉽습니다. 그외에는 공공서비스가 맞을까 싶을 정도로 고객들의 필요를 고객보다 더 잘 아는 것 같아 놀랍고 좋습니다. 관리도 정말 잘되고 있는 것 같습니다.
김형석,4,2021-10-27 14:29:16,주로 세가족이 단체권 구입해서 즐기는 편입니다 어딜가나 쉽게 이용할 수 있어서 좋은데 대여할때 QR코드 인식이 잘 안될때가 많아요.
호원,5,2021-10-27 14:25:33,너무편해! 친환경!
ji gae Mu,4,2021-10-27 14:25:17,업데이트의견 1. 다 타고 잠금할때 안내멘트나왔으면 좋겠어요 급하게 그자리를 떠나느라 파킹만 하고 뒤돌다가 아차싶을때가 많아요 2. 핸드폰으로 반납 예장시간으로 부터 얼마남았는지 알림이 음성지원 됐으면 좋겟고 3..어르신들이 잘몰라서 못타시는걸 많이봐서 대여 반납 부분을 더 간소화 했으면 좋겠어요 이용자들보면 거의 젊은이들.입니다 4.코시국이니까 뿌리는 소독제라던지 있었으면좋겟어오 매번 휴지로 소독액 묻혀서 닦고타는게 번거롭네요 5.따릉이 뒤에도 밤에볼수 잇께 야광표시나 이런게 있어야할듯해요 6.우수사용자들을 위한 서비스도 있었으면좋겟습니다. 장기대여권 구매자들이라던가 우수반납자라던가요
Sc Hong,4,2021-10-27 14:24:19,운동도 되고 가까운 곳은 따릉이를 이용하니 편하고 교통비도 아낄수 있을때가 많아요 다만 따릉이 위치가 이해안될때가 있어요 이동인구 감안해서라고 해도 한 블럭 차이인데 굳이 한쪽은 사거리 건널목중 2군데나 있고 흠.. 뭐 너무 다 바란다 볼수도 있지만.. 좀 넓게 분포했면 하는 생각입니다
김하나,4,2021-10-27 14:23:15,"따릉이 대여소 위치와 각 대여소별 잔여따릉이대수를 확인할 수 있어서 앱 사용 자체는 편해요. 다만 대여-반납시의 통신이 원활하지 않아서 길게는 20분씩 지연되는 겅우가 있는데, 그부분은 개선이 필요할 것 같아요. 평소에는 좀 지연되어도 크게 신경쓰지 낞았는데, 대여오류가 계속 발생해서 지각을 한 적이 있고, 반납시간이 임박했는데 반납처리가 되지 않는 일이 생겨서 고객센터에 연락하고 초조해했던 기억이 있습니다. 통신 관련해서만 좀 보완해주시면 훨씬 좋을 것 같아요^^ 리뉴얼 전보다는 사용이 편해졌고, 메뉴들이 개선된 브분은 좋습니다."
DaeSung Jo,3,2021-10-27 14:22:47,변경이 된 부분들을 실제 이용중에 사용한적이 거의 없습니다. 자주 사용하는 부분에 대한 변경이 편리하게 된다면 더 좋을거 같습니다
시현,5,2021-10-27 14:16:49,"회사출퇴근이 따릉이 덕분에 10분컷, 오래걸려도15분이면 가능해져서 너무 좋아요 가끔 한대도 없거나 고장난 자전거만 남아있을때 슬프지만ㅋㅋ 저렴한금액으로 1년을 이용하니 앞으로도 꾸준하게 사용 할 예정입니다 :)"
최재섭,5,2021-10-27 14:16:34,사용하기 편해졌어요 디자인도 신박하고요
여리,5,2021-10-27 14:16:19,가끔 연동할때 1분전이 1분이 아닐때가 있어요ㅎ
Garam Kim,5,2021-10-27 14:15:09,사용하기 편리해요.
최경자,5,2021-10-27 14:13:50,퇴근할때 이용하는데 중랑천에서 당현천을 따라가는 길 가을을 느끼기에 요즘 딱이네요^^
박진균,5,2021-10-27 14:12:33,위치별 자전거 보유 대수를 파악하기 편해요
cragon c,4,2021-10-27 14:11:04,잘 이용하고 있습니다! 오류 많은 점이 개선되면 좋겠어요. :)
홍감독 (감독),5,2021-10-27 14:10:47,편의성이 좋아요 블투가 가끔 연결이 안되는게 단점이긴합니다
조찬우,5,2021-10-27 14:10:28,편리하고 좋아요!!
윤현석,5,2021-10-27 14:10:15,너무 잘 사용하고있어요. 따릉이 짱!
배숙영,5,2021-10-27 14:07:05,사용하기 편해 만족합니다
DORONG,5,2021-10-27 14:06:12,따릉이 너무 편해요 원하는시간만큼 쓰고 반납할수있다는게 가장큰 장점인것같아요 여기저기 대여소도 많고 집앞에 없어서 조금불편했지만 건의사항에 얘기해서그런지 집앞에도 생기는중이에요! 따릉이 계속 유지해주세요!!
Choi호근,5,2021-10-27 14:05:26,저렴한 비용에 자전거 대여도 편리하고 자전거 상태도 좋습니다. 만족하면서 이용하고 있네요^^
선구자,5,2021-10-27 14:04:44,"따릉이 잘 사용하고 있습니다. 지난 몇개월전 최신화되어 편리하게 잘 사용하고 있습니다. 하지만 현재 사용중 불편한점은 중간에 네트워크통신문제이든 따릉이고장신고이든 빌릴수 오류창 메시지 나오고서, 다시 다른 자전거나 재대여 요청시 세네번 더 눌러야, 대여버튼이 온전히 활성화 되고 있는데 그거만 좀 보완되면 편리하게 사용할 수 있을 것 같습니다. 감사합니다."
잘자요,5,2021-10-27 14:01:12,개인적으로 너무 잘이용하고 있습니다 교통비를 아껴서 좋고 코로나 시기에 운동할수 있어 좋네요 제로페이 사용해서 6개월권 2번째 사용줄인데 너무 저렴해요
서수경,4,2021-10-27 14:01:02,"자전거번호를 더디게 인식하는 경우가 많습니다. 그래서 출근시간 급히 따릉이를 이용하게 될 때, 결국 이용을 포기하는 경우가 많았습니다. 단체권 구매 시에도 제로페이 결제 할인을 해주시면 더욱 좋겠습니다. 감사합니다!"
지영이,5,2021-10-27 13:59:05,"앱좋아요 바로 검색, 새싹과 일반 다 구분돼서 나오고 만족합니다"
에디,5,2021-10-27 13:57:06,따릉이어플에서 지도를 좀 더 세밀하게 보여줄 순 없을까요? 따릉이 대여할때 대여소까지 찾아가기 힘들때가 몇번 있었어요. 이외에 따로 리뷰할거 없이 따릉이 어플은 최고입니다!
observer gelaxy,5,2021-10-27 13:56:18,"실시간으로 변동하는 따릉이 현황을 잘 보여주어서 좋습니다 지금 6개월 이용권을 이용해 사용중인데 짧은 거리를 갈 때, 기분전환할 때 요긴하게 사요하고 있어요 저 말고도 곳곳에서 따릉이 사용자들을 요새는 많이 볼 수 있더라구요 ㅎㅎ 다만 자전거가 합법적으로 다닐 수 있는 곳이 한정적이어서 아쉽습니다 기존 도로를 보완하거나 새 도로를 만들 때부터 자전거 도로를 반영했으면 좋겠습니다!"
민들레,5,2021-10-27 13:56:16,시간이용건도 있으면좋겠어요 100시간 이용건등 시간으로계산
조재용,5,2021-10-27 13:54:38,대여 방법이 손 쉬워 졌고 따릉이 대여소 및 보유현황을 직관적으로 보여줘 이용 편의성을 높임
송시연,5,2021-10-27 13:54:28,"따릉이 위치검색기능이 매우 편리함. 대여, 반납 상태가 앱에 표시되는데 대기시간이 좀 걸리는 것은 개선되었으면 함."
이창훈,5,2021-10-27 13:52:03,운동도 하며 스마트한 서울 나들이에 최고
키낙,4,2021-10-27 13:51:40,블루투스관련 오류 해결부탁드려요.. 다른부분에선 너무 만족스럽지만 따릉이를 자주애용하는 사람으로써 블루투스 기기들이 많아지면서 사용하지않아도 충돌오류가 나는데 이부분 개선부탁드립니당~
장철호,5,2021-10-27 13:51:17,예전에는 결재도 잘 안되고 버벅되는 경우가 많았는데 요즘엔 많이 개선된것 같습니다
함지산반달가슴곰,3,2021-10-27 13:50:48,바뀌고 나서 자전거 블루투스 연결이 잘 안되요 따릉이 제도나 결제는 만좁스럽습니다
Dongmin Shin,5,2021-10-27 13:49:49,갤럭시S10 5G쓸때는 블루투스 때문에 제대로 빌려지지 않는 일이 비일비재했는데 폴드3로 바꾼 이후 에러가 발생하지 않네요. 블루투스 에러가 폰기종을 많이 타는것 같습니다!
Longji “너 자신을 보거라” Han,3,2021-10-27 13:48:58,별 세개 준 이유는 자전거가 관리가 점점 문제가 되서. 1.바퀴바람 없는거 많고 바퀴가 휘어지거나 타이어 튀어나와 흔들리는 자전거 많음2.안장이 노후되 찢어지고 균형이 안맞고 사람 앉으면 내려가는 안장이 많아짐.3.핸들이 틀어지고 점점 녹쓴 부준이 많아짐..언제 부러져 사고날지 모름. 4.페달 기어가 안 먹는 자전거 많아짐..이거 사고로 직결됨.5.체인이 빠짐.이거땜에 실제 사고나 개고생중... 장점도 있지만 장점보다 시간이 흐르면서 관리문제와 그로인해 발생할 사고확율이 높아지는 부분에 대해 중점으로 얘기함!! 소비자들의 소리에 귀 기울이겠다고 리뷰 달아달라고 문자 받고 남김... 실제로 따릉이로 인해 병원다녀가는 사람 많다고 치료할때 들음.. 애용자로서 귀사에서 더욱 신경쓰고 더 신뢰받는 회사로 거듭나고 더 발전하길 바래봅니다~!
꽃지렁,5,2021-10-27 13:48:22,따릉이는 사랑입니다. 다만 지도에서 현위치가 표기되면 더 좋을것 같아요.
Glatt JEON,5,2021-10-27 13:47:12,전보다 블루투스 연결 잘되는거 같아요..
최미화,5,2021-10-27 13:45:45,좋아요!!!
박아영,5,2021-10-27 13:43:56,기존 버젼보다 훨씬 깔끔해지고 보기 좋아요 다만 대여할때 오류로 인해서 실패하면 재대여를 해야하는데 앱에서는 계속 대여중이라는 알림이 떠서 바로 재대여하기가 쉽지않네용
이채현,5,2021-10-27 13:42:16,따릉이 위치파악과 결제를 한번에 할 수 있는 어플
허주희,5,2021-10-27 13:40:44,초딩 아들과 나들이 할 때 쓰려고 시작했는데 넘 좋습니다 자전거 사기 애매한 상황이였는데 아이만 태우기 그래서 따릉이 결제했는데 넘넘 편하고 좋습니다 같이 라이딩 여러번 하고 좋은시간 보냈습니다 감사합니다^^
김하은,5,2021-10-27 13:38:45,"리뉴얼된 따릉이앱 제가 이전에는 오류도많고해서 사용하기 불편하고 힘들었는데 , 리뉴얼되고나서는 오류도없고 너무좋은거같아요 !!! 앱잘사용하겠습니다!!^^"
문신원,4,2021-10-27 13:38:27,큐알을 잘 못읽습니다
Seunghee Woo,5,2021-10-27 13:36:02,QR인식으로 바뀌고 나서 무척 편해졌어요. 반납인식도 잘 되고 처음 결제 등록 마치면 신경쓸 것이 없네요. 요즘 블루투쓰 이어폰 많이 듣는데 꺼줘야 한다는 거 한 가지 빼면 아무 불편함이 없어요.
Sunny BT,4,2021-10-27 13:35:03,인근에 있는 자전거대수와 설치장소가 쉽게 표기되어 있고 대여방법도 깔끔하고 단순함. 시에서 만든 앱중 제일 괜찮음
강연주,5,2021-10-27 13:33:20,1시간마다 무제한으로 탈수 있어서 좋았습니다.
youngbae Kim,5,2021-10-27 13:32:55,지도에 표시도 잘되고 대체로 깔끔하고 무난하게 잘 사용하고있습니다^^ 이제는 따릉이앱이 필수앱이죠~~~ 잘 이용 하고 있습니다.
Heo Cheol Ho,5,2021-10-27 13:32:24,너무좋아요
정철영,5,2021-10-27 13:32:08,너무편합니다 큐알 등 점점 개선되는 모습이 좋네요
Seunghyun Oh,5,2021-10-27 13:31:59,서울 여의도에서 따릉이 타면 힐링 제대로예요!! 따릉이 강추!!
CHTV p1,4,2021-10-27 13:31:10,그냥저냥 그럼
김덕준,5,2021-10-27 13:29:48,1년으로 사용중입니다. 가까운곳에 위치하고 있고 많은 자전거가 있어서 편리해요~ 반납 및 대여장소가 더욱 더 많아졌으면 하는 바램입니다
이혜숙 (재윤짱),5,2021-10-27 13:29:27,내주변 자전거 잔여대수 확인할 수 있고 편리하게 이용할 수 있어서 좋아요.
변선영 (labean),5,2021-10-27 13:28:06,"동네 어디서나 쉽게 만날수 있는 우리의 이동수단 따릉이~❤ 요즘처럼 좋은 계절에 건강도 지키고, 기름값도 절약하고 일석이조 따릉이 최고입니다."
김무건,1,2021-10-27 13:25:03,"업데이트 되기 전에도 qr인증 안되는 자전거가 많았지만 이번 업데이트를 통해서 고쳐지지 않았고, 이번에 버그인지는 모르겠지만 번호를 통해서 따릉이를 인증할려하면 자꾸 인증이 실패하는 경우가 많아졌습니다. 이거에 대한 것이 저뿐인지는 모르겠지만 앱이 원인이라면 해결이 필요할거 같습니다"
이승희,4,2021-10-27 13:22:56,"좋은데 오류가 너무 많아요. 가끔 임시잠금해제도 잘 안되고, 빌리는 것도 잘 안 됩니다. 저처럼 잘 안 빌려지는 분은 ""절전모드""해제 하고시고, 메모리 정리 한 번 하신 다음에 하면 조금 나아집니다!"
노윤영,5,2021-10-27 13:22:31,집과 출근지가 자전거도로로 연결되어 너무 편리하게 이용하고 있습니다. 이용법이나 반납등 사용하는건 어렵지 않으나 아쉬운점은 집앞이 자전거도로 시작점이어서인지 날씨좋은 아침엔 자주 자전거가 없어요 자전거 추가배치요청을 해놓긴 했는데 빨리 증설되었으면 좋겠습니다
다단파,5,2021-10-27 13:21:17,따릉이덕에 자전거 잘타고있어요~ 어플이랑 이용도 많이 편해지고있구요. 다만 조심히 탑시다~
JB Ahn,5,2021-10-27 13:20:54,"유달리 맑은날 한강변을 자전거로 달려볼까 하는 생각으로 따릉이를 결재하고 타봤습니다. 정신차리고 보니 6개월이 이미 지나있었고 추가로 한달을 더 탔네요. 매번 사용 완료 후 하늘이 더 맑아졌다는 문구도 뭔가 기분이 좋았고, 부수적으로 다이어트가 저절로 되어 두자리 수 감량도 성공했네요. 따릉이 너무 좋아요!"
안세진,4,2021-10-27 13:20:07,블루투스 페어링 실패시 팝업이 뜨는데 바로 대여취소를 할수 없고 좀기다렸다 대여취소후 다시 대여를 시도해야 하는데 페어링 실패시 팝업이 뜨면 바로 대여 취소를 할수 있게 해주세요.
cho조은정,5,2021-10-27 13:19:57,편리하고좋아요 가끔자전거가 수량이부족해서 이용하기어려울때가있지만 빠른시간에 자전거가보충됩니다
짱순멍멍,5,2021-10-27 13:19:06,"옛날엔 앱구동도 느리고 불편했는데, 최근 업데이트들을 통해서 엄청 개선되었어요. 실시간으로 따릉이 대수도 잘 반영되고 속도도 빨라졌어요. 다만 가끔 고장난 이용불가 따릉이가 지도상에 표시 안될때가 있는데 그점만 개선되면 더 좋겠습니다 :)"
박병문,5,2021-10-27 13:19:05,참 좋은 복지입니다. 서울 시민이어서 자랑스럽네요. 항상 고마운 마음으로 이용하고있습니다. 오래오래 함께했으면 고맙겠습니다.
이동훈,5,2021-10-27 13:18:41,큰 불편없이 편리하게 사용하고 있습니다. 내 생활패턴을 바꿔준 고마운 서비스. 따릉이를 응원합니다.
서궈니TV,5,2021-10-27 13:18:15,따릉이로 건강도 챙기고 시간도 절약 할 수 있어서 매우 편리합니다. 교통비도 절감하고 환승까지 되니 정말 편리함의 최고봉입니다. 단 와이파이 인식이 빨리 안 되는 경우는 폰의 문제 일 수도 있겠지만 개선 되었으면 합니다. 그리고 출근시간이나 퇴근시간에 자전거가 한쪽에 몰리는 것은 어쩔 수 없겠지만 열심히 이동해주시는 고마우신 분들이 계셔서 늘 애용하고 있습니다. 감사합니다.
김두한,5,2021-10-27 13:14:08,진짜 몇 개 안되는 제 휴대폰 어플중에 가장 좋아요 밤에 심심하거나 잡생각 들 때 한강에서 따릉이 타면 이것만큼 좋은게 없네요ㅠㅠ 감사합니다 하나 아쉬운 점은 보호장비도 부착이 됐으면 좋겠어요! 헬멧 같은데 인식칩 같은걸 심어서 반납할 때 인식이 돼야 반납할 수 있도록 해서 업그레이드가 된다면 더욱 안전하게 탈 수 있을 듯 해요
FINE,5,2021-10-27 13:12:55,추가배치 빨리해줘서 좋아요.바구니에 쓰레기 패스해주는 이용객 제재할방법 없을까요?
hm0415,5,2021-10-27 13:11:35,따릉이 너무나 잘 애용하고 있습니다. 리뉴얼 되었는데 큰문제없이 잘 사용합니다. 너무좋아요
파란안개,5,2021-10-27 13:11:28,최근 설치장소 늘어나고 날씨도 좋아 따릉이 자주 이용합니다
봉선경,5,2021-10-27 13:06:02,따릉이는 정말 유용한 교통수단이라고 생각합니다. 다만 여러 사람이 쓰다보니 작은 고장이 있긴 하지만 따릉이를 타고 달리면서 스트레스도 함께 날린답니다^^
박준헌,5,2021-10-27 13:06:00,점점 사용성이 좋아져서 잘쓰고있습니다
lol,5,2021-10-27 12:42:42,따릉이 1년정기결제끝나서 또 했어요 앱도 따릉이도 너무 좋아요 약간의 오류는 ..다 쓰셔서 ^^개선해주세요 참 고장신고하거나 대여중 따릉인 좀 시각적 표시가 편하면 좋겠어요
김민정,1,2021-10-27 10:39:16,1점도 아까움. 대여도안돼 취소도안돼 그냥 그자리에서 기본 10분은 기다려야함
보농보노,4,2021-10-25 18:22:09,따릉이 언제나 잘이용하고 있어요~!하지만 단점이 하나. 대여할때 잠금 풀리는 반응속도 너무 늦어요 ㅠ 특히 와이파이로 잡혀있을때 더 그렇더라구요 ㅠ 이거 빼고는 최고^^*
조혜진,1,2021-10-25 11:56:56,오류쩌네.. 계속 네트워크연결 안된다고뜨고 폰껏다키라고 하면서 아무리껏다켜도 안되네요
눈누난나,1,2021-10-25 11:51:11,오류가 너무 심해요
snow Black,4,2021-10-25 11:46:32,다 좋은데 블투랑 지금은 업뎃 오류인지 먹통...ㅠ따릉이 타고 운동가야되는데ㅠㅠ
햐.,1,2021-10-25 11:44:42,따릉이 월요일 오전 11시인데도 접속이 안됩나다. 홈페이지도요.
김종한,3,2021-10-25 11:40:44,따릉이 빌릴때 한번에 안빌려지고 지금 에러나서 반납도 안되고 있어요 조치좀 취해주세요
ᄋᄀᄋ,1,2021-10-25 11:35:02,"갑자기 왜 안되는 건지... 서울시는 제발 부탁인데 시스템 좀 최신으로 업뎃 좀 하세요 마스크앱, 백신 예약 시스템처럼 구색 갖추는 게 어렵나요? 지금 앱 들어가지지도 않구요 웹 서버로도 안들어가집니다. 서버 개선으로 서버 사용이 안될 거라고 알림 오는 것도 어이가 없었는데(대체 어느 서버가 서버 증설 등과 같은 경우로 서버 사용 불가 알림을 보내느냐구요) 지금은 대체 뭔 경운지"
배덕원,1,2021-10-25 11:21:28,지금 왜 실행 안됨?
김민,1,2021-10-25 08:03:39,새 휴대폰으로 블루투스 인식 10번을 해도 실패하는 쓰레기같은 앱
Ryu David.,4,2021-10-24 23:19:02,좋아요 블루투스 오류 빼고는
박승준,5,2021-10-24 15:49:10,너무 좋군요 자주이용하고있어요
김더해,1,2021-10-24 15:07:53,반납했는데 계속 대여중(임시잠금)으로 나와요.. 약속에 늦음. ㅠ^ㅠ 해결도 안돼서 그냥 가는중예요 앱 최신버전이고 블루투스랑 앱은 20번 껐다켰고 해결 안돼서 속상합니다
이재식,5,2021-10-24 13:28:05,편리하고 필요할때 사용하기 좋음
olaf hi,4,2021-10-23 23:31:01,"대여시에 큐알코드 인식이 잘 안되고, 되더라도 너무 한참 기다려야하는게 좀 블편한데 그것만 빼고는 늘 편하게 잘 이용하고있습니다! 추가로 건의할 것이 있다면 폰 거치대도 있으면 좋겠어요. 폰으로 지도 네비를 틀고 갈때가 많아서 한손운전을 자꾸 하게 되네요 ㅋㅋ"
김정명,1,2021-10-23 14:18:34,연결이 안 되는데 화병 나서 뒤지겠어요
난무,5,2021-10-23 01:45:02,"앱 디자인도 너무 편하고 주변에 따릉이 있는지 바로 검색도 가능해서 너무 편해요 지하철 내리거나 집에서 나오면서 굳이 대여소 갈필요 없이 바로 확인하고 탈지 말지 결정할수있습니다! 임시잠금, 대여, 반납도 편해요. 다만 자전거도로 확장과 대여소의 다양화, 출퇴근시간에 몰리게 되는 따릉이 핫플레이스... 이런 문제는 해결이 가능할까요ㅠㅠㅠ 그리고 추가 요청드리고 싶은 기능은 블루투스를 키지않고 따릉이 대여를 하면 앱에서 자동으로 안내가오고 키게되는데 이렇게 하면 대여가 안되는 문제가 발생합니다. 해결부탁드리고 싶어요! 그외에는 너무 편하고 자전거 관리상태도 많이좋아서 잘쓰고있습니다!! 처음이신분들은 일주일치만 써보시는걸 추천드려요"
안영,5,2021-10-22 21:22:02,대여소도 많고 좋아요! 다만 qr인식이 좀 느립니다 ㅠㅠ
Hyokyoung Kang,5,2021-10-22 11:35:48,"매년 정기권 끊어서 잘 이용하고 있는데 따릉이 정말 환경에도 좋은 훌륭한 시스템인 것 같습니다. 얼마전 잠금레버 내리는 걸 깜빡해 아주 난감했던 적이 있었는데, 대여소에 잠금레버가 내려지지 않은 상태로 5분 이상 움직임이 없을 경우 푸쉬알림이나 카톡 등으로 알림해 주는 기능이 있다면 정말 좋을 것 같아요. 앞으로도 이 좋은 따릉이가 쭉 잘 운영되길 바랍니다."
류민아,5,2021-10-21 15:52:46,따릉이 없이 못살아요! 제 인생의 동반자~! 얼마전 따릉이 없앤다는 얘기 들려서 심장이 내려앉았었는데 공지사항 보고 안도했어요ㅜㅜ 감사합니다 앞으로도 따릉이앱과 따릉이를 애끼면서 이용하겠습니다. 제 폰은 안드로이드인데 아이폰에 비해 바코드 인식이 느리고 오류가 자주 뜹니다ㅜ 그리고 어제도 따릉이 1대라고 떠있어서 빌리러가니 0대이고 애먼 개인따릉이가 있더라구요 이런 자잘한 오류들이 가끔 있어서 당혹스러울 때가 있어요. 그리고 따릉이 막 쓰고 막 세우는 사람들 단속 할 방법은 없을까요? 성숙한 시민이 아닌 인간들은 못 쓰게 막아놓았으면 좋겠네요ㅜㅜ 증말 따릉이들이 픽픽 쓰러져있고 라이터 부숴져있고...볼 때마다 맴찢입니다ㅜㅜ 그리고 노원쪽 따릉이 좀 늘려주실 수 없을까용 노원역에서 창동역 사이 따릉이 대여소 설치 좀 부탁드려용!! 감사합니다♥
최양임,5,2021-10-21 15:22:27,여러모로 이용하기 좋아요 좋은제도 만들어 효율적으로 사용할수 있게 되어 감사합니다 지도에서 내 주변에 있는 따릉이 위치 뿐 아니라 어느 특정 위치를 선택하면 그 주변에 따릉이 위치를 보여주는걸 보완해 주시면 더 좋겠습니다 목적지 주변의 따릉이 위치를 확인하고 출발할 수 있다면 더 편리하겠지요. 감사합니다.
Ho Min Lim,3,2021-10-20 19:23:14,퇴근시나 평소 요긴하게 잘이용하고 있습니다. 재대여시 번호를 위한 대여창활성화가 늦고 계속 이전반납완료 메시지만 반복되는 경우가 있어서 아쉽습니다
이영호,5,2021-10-20 18:56:16,자전거도로에도 반납대여 포인트 만들어 주세요. 전조등과 후미등 불량을 개선해 주세요.
이지연,5,2021-10-20 05:14:07,따릉이는 서울시민으로서 직접 체감하는 소소하지만 큰 행복이다. 저렴하기때문에 서울시에 경제적이득은 없겠지만 대한민국 대표도시로서 시민에게 제공하는 공익서비스로서의 모범을 제대로 보여주는 예가 따릉이 운용일 것이다. 저렴하고 곳곳에 대여소가 있어 쉽게 이용할 수 있어서 서민들에게 유용한 교통수단임은 두말할 필요도 없다. 가끔 이용하려해도 일정시간대에는 대여중이라 전혀 이용할수가 없고 때론 한곳에 몰려있거나하여 약간의 불편함이 있었는데 최근에는 않이 개선되어 이용에 도움이 되고있다. 게다가 요즘에는 관리도 잘 되는듯.노인분들이 조끼입고 다니시며 따릉이 이용과 분실등을 관리하시는 모습을 자주 볼 수 있다. 노인 일자리제공도 하고 따릉이관리도 하고 ㅎ 좋은 아이디어라고 생각한다. 서울시 공공정책 중 시민들이 복지를 체감할 수 있는 만족도 최고 아이탬이 따릉이라고 자신한다. 서울시민인것이 행복한 또하나의 이유가 내겐 따릉이이다. 따릉이는 이제 서울의 자랑되었다. 계속 유지되길 바란다.
김곰,1,2021-10-19 18:38:54,따릉이 반납이 진행되지않고 대여 반납문자도 오지않고 시간이 지났다는 알람만옵니다. 결국 퇴근했다가 다시 가서 확인하고 왔는데 정상적으로 잠겨있더군요
하루,2,2021-10-19 12:38:54,제발 어플개선좀합시다 ㅡㅡ 이용할때만되면 어플접속안되고 영 불편하네요
전효정,3,2021-10-19 08:11:35,예전처럼 현재위치와 가까운 대여소 반납장소가 나오면 좋겠습니다
키라신 앤일,4,2021-10-19 07:39:16,빠른qr방식이 좋아요.
GG G,4,2021-10-19 00:06:14,약간 렉 걸리는 것 빼고는 매우 준수!
HJ S,5,2021-10-18 22:39:51,"서울시에 있는 모든 따릉이가 내 자전거인거 같이 부자의 마음으로 이용하는 시민이랍니다. 지도 안내가 잘 되어있어 너무 좋습니다. 조금 아쉬운 점은 어두운 곳에서 QR인 안 찍혀 숫자를 입력해야하는 아쉬움이 있고, 대여시간을 내가 얼마나 사용하고 있는지 안내가 나오면 좋을거 같습니다. 휴대폰 거치대가 있다면 금상첨화인데 이건 제 욕심이겠져?^^ 이 왜 내가 탄 자전거에 대한 수리여부 등록하는게 있어 불편사항 접수가 가능해 좋았답니다. 서민들을 위해 버스중앙차선 이후 따릉이가 발이되고 건강까지 생각해 주는거 같아 감사하답니다."
토닥토닥,5,2021-10-18 21:20:06,따릉이 앱 잘 이용 잘하고 있습니다
Lemon Lemon,3,2021-10-18 21:18:16,"미리 블루투스와 위치를 켜두어도 바코드를 처음 찍었을땐 연결중이라고 뜨고 그대로 연결만 계속 됩니다. 그래서 중간에 앱을 한번 나갔다 들어와서 바코드를 또 찍어줘야 연결되는 불편함이 있습니다. 그 외 자전거지도 표시는 꽤 편리하고요, 약간 느린 것만 빼면 이용에 어려운 부분은 없습니다. 언제나 좋은 서비스 감사합니다."
유정선,5,2021-10-18 19:47:42,주변 가까운 곳에 대여소가 증가되니 사용에 많은 편리함이 있어 좋아요. 시간대별로 소진되는 수량이 좀 더 유연해 졌으면 종겠어요.
정현우,5,2021-10-18 19:46:13,"최근 한번씩 정류장에 잠금해도 잠금되지 않는 현상이 있지만, 추가된 자전거에서 간단하게 올릴 수 있는 안장이 너무 마음에 듭니다. 이만한 가격에 이만한 인프라, 잘 관리되고있는 자전거등이 서울에서 거주함을 보람있게 합니다. 애매한 거리에서 버스, 지하철 기다릴 필요없이 빠르고 손쉽게 이용할 수 있는 따릉이, 감사합니다."
Y H,5,2021-10-18 19:44:35,지하철과 따릉이만 있으면 두려울 게 없다
윤성욱,5,2021-10-18 18:57:13,아침마다 자주 따릉이로 출근도 하고 가까운곳 이동시 요긴하게 이용하고있어요..넘 좋아요..^^
고스트,4,2021-10-18 18:54:19,처음출시 부터 사용했습니다. 발전도 있었지만 아직 안정적이라는 느낌은 못 받고 있습니다. 언젠가부터 한번 반납이후 재대여 하면 잘 인식이 안되어 앱을 강제종료후 사용해야 원할한 이용이 가능합니다. 실행속도도 쾌적한 느낌이 부족합니다. 네트워크의 문제를 감안해도 그렇습니다. 사기업의 어플과 비교한다면 비슷하거나 조금 아쉬운 정도입니다. 최초 사용시 보다 비약적인 발전 그리고 놀라울 정도의 이용자증가 인프라 확장이 있었던 점은 감사하게 생각합니다. 그래도 더 힘써 주시면 서울시민과 우리의 환경에 큰 힘이 될것 같습니다. 모두 힘내요! 건의) 예전에는 교통카드 환승시 포인트 적립 되었으나 큐알형으로 교체후 불가합니다. 포인트 적립기능과 순위시스템 혹은 지역 이용자 커뮤니티기능 추가 가능 할까요? 물론 어플 안정성에 방해된다면 추가안하는게 더 좋습니다.
호두,4,2021-10-18 18:23:05,"따릉이를 시간이 날때 가끔 타러 가는데 탈때는 보통 2~3시간을 연속으로 달리는거 같아요. 그런데 안드로이드를 쓰고 있는데 항상 자전거 인증을 할때 블루투스로 인한 접촉이 불안정할 때도 있고 타고 난 후, 반납할때 반납문자가 간혹 늦게 와서 대기 타고 있다가 집에 가는 경우도 있어요. 안장도 오래되거나 체인불량으로 페달밟을때 힘든 자전거들도 있고 앞에 핸들부분이 헐거워져 커브를 돌거나하면 흔들거림으로 어깨와 손목에 무리가 가능 경우도 있습니다. 관리를 처음엔 잘해주시는거 같았는데 이용자가 많아져서 그런지 몰라도 뭔가 잘 안되어 있더라구요.. 그래도 항상 잘 봐가며 좀 안좋다 싶으면 중간에 바꿔 탈 수 있는 장점이 있어서 좋습니다. 자전거수도 앱에 어느 구역에 몇개가 남아있는지 알려주니 좋구요^^ 이래저래 이야기해도 나름 급할때 이용 할 수 있어서 좋아요!"
김종현,5,2021-10-18 17:44:55,좋아졌어요 전보다^^ 점점 발전해가는 모습이 좋습니다
류준영,5,2021-10-18 17:27:30,자전거를 사야하나 말아야 하나 고민이 많았는데 따릉이 잘 사용하고 있어요. 정기권 가격도 합리적이고 좋아요.
이영재,5,2021-10-18 17:14:32,블루투스 연결이 가끔 에러나지만.. 그래도 잘만드려고 노력한게 보입니다. 감사합니다.
lindsay kim,5,2021-10-18 17:01:33,메뉴 경로가 다소 복잡하긴하나 서비스 자체는 좋습니다
Holy Cow,5,2021-10-18 16:24:34,좋은 앱입니다.
로우제,5,2021-10-18 16:14:28,업데이트가 앱의 편리성을 높인 것 같아서 좋았습니다.
[Art Man]예술지향적 라이프,5,2021-10-18 16:09:18,서울에 사는 최고의 선물
하니맘,5,2021-10-18 16:07:31,1시간이용후 24시간 내에 무제한 탈수있음이 최고.얼마전에 알았네요. 고객센터도 항상 바로연결되고 친절해서 좋아요.
사랑보다먼의정부보다는가까운,5,2021-10-18 15:50:30,임시잠금해제기능도 좋고 어딜가든 근방에 있어서 유용하게 이용하고있습니다 어플로금방 할수있어서 쉽고 편해요
임밤뽀,5,2021-10-18 15:31:37,자전거 관리도 잘 되고 좋습니다. 교통수단으로서의 역할을 톡톡히 해내는 듯!
최수경,5,2021-10-18 15:06:06,평소 너무 잘 이용하고 있어요 가까운 거리인데 걷기는 애매하고 대중교통 이용하기도 번거로울때 정말 유용히 이용중이예요 따릉이 덕에 삶의 질이 더 좋아지고 건강해졌어요^^
이수경,5,2021-10-18 15:04:59,저렴한 가격으로 편리하게 이용할 수 있어서 좋아요. 다만 한강에서 타다 1시간마다 바꿔타려면 다시 한강밖으로 나가야 한다는 점이 좀 불편해요.
YN C,4,2021-10-18 15:04:10,앱이 있어 사용하기 편리합니다. 간혹 어떤 지역은 대여하는데 10분정도 소요된적이 있는데 요즘은 개선 된듯 합니다. 간혹 따릉이 브레이크. 바퀴 소음이 너무 심한 자전거 그리고 벨소리가 안 나는 자전거가 있는데 고장 신고에 대한 혜택으로 자전거 이용에 위험 요소가 없었으면 합니다.
성이름,5,2021-10-18 14:57:18,자전거 없지만 항상 원할때 탈수있음 요청사항 반납시 자동락 한강 거치대 필요
조혜미,5,2021-10-18 14:49:21,"정보 조회, 대여하기 편리해요"
장동현,5,2021-10-18 14:43:19,성동구에 살면서 따릉이를 애용하고 있는 사용자입니다. 구 따릉이 앱에서 답답하고 사용이 어려웠던 부분들이 리뉴얼된 이후 정말 많은 부분이 개선되고 편리해졌다고 생각합니다. 이전대비 접속이나 대여도 빠르게 잘되고 디자인도 많이 세련되어져서 만족합니다. 좀더 개선되었으면 하는 부분 리뷰남깁니다. +쿠폰등록부분이 너무 숨겨진 느낌입니다. 이용권메뉴에서 등록및 사용이가능하면 직관적일텐데 쿠폰등록은 또 마이페이지에 가야 메뉴가 있네요. +그리고 가능하다면 꼭 추가되었으면 하는 기능은 현재 주변 따릉이 위치가 실시간으로 검색되면 좋을거 같아요 대여소에 자전거가 없을때 혹시 반납하러 오시는분이 있나 기다릴때가 많은데 이때 지도상에 표시되면 참고되고 좋을거 같습니다.
Yeolim Son,5,2021-10-18 14:36:45,가끔쓰기에 가격도 저렴하고 주변에 많이 생겨서 이용하기 편합니다. QR인식이 한 번에 되는 경우도 있으나 여러번 시도 해야하는 경우가 많았습니다. 또한 자전거에대한 추가 배정 요청이 있는 것은 좋으나 하나도 없을때 이외에 한 대 만 있을 경우에도 배정이 될 수 있게끔 하는 것도 좋을 것 같습니다👍🏻
성영미,4,2021-10-18 14:36:38,따릉이 잘 사용하고 있는데 가끔 블루투스 연결이 안될때가 있고 따릉이 탈때 상태가 좋지 않은 경우가 많더라구요. 저녁에 회수해서 가져가는거 많이 봤는데... 수리가 되서 오는건지 궁금합니다.
이승목,5,2021-10-18 14:33:43,"대체로 아주 잘 작동해서 만족합니다. 가끔 연결이 불안정한 점, 자전거도로와 대여소 위치에 특화된 네비 같은 추가 기능이 있으면 더 좋겠다는 점 등이 개선되면 더더욱 좋을 것 같아요!"
김진호,5,2021-10-18 14:26:25,기존 어플 보다 안정적으로 개선된거 같은데요. 기존 어플은 대여 완료 후 사용시 화면이 사용중 상태로 전환되었는데 지금 어플은 메일 지도 상태로 유지되어 있어 어플 기준으로 사용중 여부 확인이 어려운 것 같습니다. 추가 개선 요청합니다.
강미숙,4,2021-10-18 14:25:32,이전 앱에 비해 화면UI 가 직관적이어서 사용자측면에서 더 접근하기 용이한것 같음. 문의사항도 전화연결이 어려울때 챗봇으로 해결가능해서 좋았음. 다만 연결오류발생해서 고객센터에서 수동조작을 해 준적이.있는데 이런 부분은 개선되었으면 좋겠음.
호잇,4,2021-10-18 14:25:16,가끔 블루투스 연결이 잘 안될때를 제외하곤 잘사용하고 있습니다
유토피아,5,2021-10-18 14:21:51,따릉이 넘 편하고 좋아요!!!
Jongchan Kim,5,2021-10-18 14:07:32,서울시 자전거이용하기 좋음
최선경,5,2021-10-18 14:03:57,퇴근길 행복감+를 주는 따릉이^^ 참 고맙습니다 정액권이 넘 좋네요!
김시연,5,2021-10-18 14:03:14,"전 정말 좋아요. 항상 좋은가격에 자전거를 타고 기분전환할수있어서 좋습니다, 굿굿굿"
Nyanya,5,2021-10-18 14:02:31,매일 매일 공공자전거 따릉이로 출퇴근하는 애용가 입니다! 처음시작됬던 따릉이에 비하면 정말 매년매달 나아져가는 시스템에 감사해요. 공공자전거다보니 시스템개선이 쉽지않을텐데 이제는 말풍선으로 따릉이 갯수까지 확인가능하고 또 따릉이가 제대로 안잠겼을시 핸드폰으로 처리가 가능해서 정말 매해 나아짐을 느낍니다 계속 개선해 주심에 감사합니다.
ZINU LEE,5,2021-10-18 14:02:02,따릉이를 타고 양재천에서 운동을 합니다. 강남권 이동할때도 종종 이용하고요. 픽업과 반납이 편하고 운전도 쉬워서 자주 이용하고 있어요. 특히 제로페이를 사용하면 1시간에 700원으로 탈 수 있어 부담도 적어요. 따릉이는 운동도 하면서 이산화탄소 배출량도 줄이는 좋은 취지의 공유 및 사회사업이 아닌가 싶네요. 앞으로도 자주 애용할게요.
살사&바차타댄스와공연.맛집탐방경기장TV (경기장),5,2021-10-18 14:01:06,사용하기편하고 조아요. 아직 설치되지 않은 구역에 .추천받아 따릉이 거치대가 설치되어.이용하기 더편해 지길 바랍니다.~^^
신지섭,4,2021-10-18 14:00:55,편리한 교통수단 이용에 만족합니다.~~
Bong Sang Kim,3,2021-10-18 13:59:55,매번 재 로그인하는 문제고 개선되었고 디자인도 더 깔끔해진것 같습니다. 개선사항 - 블루투스 이어폰사용시 잠금해제가 안됩니다. - 원격잠금 또는 대여한 자전거 위치 알수있도록 개선 부탁드립니다.(사용자 실수로 자전거 분실시 사용자가 대응할수 있도록)
sy S,5,2021-10-18 13:59:51,어플속도가 예전보다 확실히 빨라졌어요. 결제도 쉽고 회원가입도 간편해요. 더 추워지기 전에 더 많이 이용하겠습니다.
나향미,4,2021-10-18 13:59:43,교통수단으로 참 유용하게 사용하고 있습니다. 서울시내 어디를 가도 검색만 하면 빌려 타고 다니는 게 쉽고 편합니다. 그러나 검색할 때 없을 때가 참 많아요~~ 그것만 어떻게 시정되면 좋겠네요. 감사합니다. 서울 따릉이 파이팅!!
윤성식 (망고젤리),5,2021-10-18 13:59:11,점점 발전하고 편의를 만들어주셔서 감사합니다.QR코드를 좀더 선명하게 부탁드려요
김효건,5,2021-10-18 13:59:05,앱에 뭘 더 개선해야할게 있나 싶네요.. 음.. 자전거 잠금이 좀 더 빨리 풀렸으면 좋겠는거??
살찐아자르,5,2021-10-18 13:58:58,이제 자전거도로만 완벽해지면 더욱 빛날 앱
Yeji Seo,5,2021-10-18 13:58:51,대중교통 대신 항상 타고 다녀요! 기분 전환도 되고 좋아요 :-) 자전거 대여소가 많은 편이나 아침에 출근하시는 분들이 사용하는 날 가끔 이용하지 못하는 게 아쉬운 것 빼곤 너무 좋아요~ 잘 타고 있습니다! 제로페이로 결제하면 할인도 받아 좋아요!
별잉,5,2021-10-18 13:58:45,어디서든 접속이 잘 되서 너무 좋아요.
박성준,5,2021-10-18 13:58:16,고장신고도 쉽고 편리하게 자전거 탈 수 있어 잘 사용하고 있습니다
Mr. Black,5,2021-10-18 13:55:05,저는 따릉이 이용 1세대라고 할 수 있는데요. 그동안 따릉이 이용자 기준 혜택과 편의가 크게 개선된 느낌입니다. 절대 후회하지 않아요^^
Seunggeun Kim,5,2021-10-18 13:53:19,언제나 편리한 따릉이~👏👏 앱도 편리해요
하루,5,2021-10-18 13:51:21,참 좋은 건강한 앱. 모두에게 권하고 싶은! 좋은 건 같이 해야 제맛이다.
김지훈,5,2021-10-18 13:50:03,자전거 이용시 편하게 이용가능해서 좋아요~ 업데이트 되어 버퍼링도 없어지고 좋아요. 간단하게 자전거 운동하기 딱 좋아요. 가까운 거리 이동수단으로 좋아요. 따릉이 이용 적극 추천합니다.^^
안용진,5,2021-10-18 13:49:57,최고예요!!
Woosung Choi,5,2021-10-18 13:49:38,새로 리뉴얼된 서울 시민의 친환경 발이 되어주는 따릉이 어플 쓰기도 편하고 오류도 많이 개선이 되어 너무 좋습니다. 가끔 이용자가 몰리면 블루투스가 조금 힘들어 하는 것 같은 느낌입니다. 좋은 어플과 좋은 정책 덕분에 항상 만족하며 잘 이용하고 있습니다!!!
제로전일제네시스,5,2021-10-18 13:49:38,"아주 잘 쓰고 있습니다. 자전거 탑승중에 확인가능한 고장수리사항을 별도로 작성하지 않아도, 반납시 뜨는 반납확인 메시지 등에서 간단하게 체크표시를 통해 고장신고를 할 수 있다면 좋을 것 같습니다. 미반납상태로 일장거리이상 이동시 안내멘트가 나왔으면 좋겠습니다."
El YJ,5,2021-10-18 13:47:35,개선할 점이 보여 리뷰이벤트를 기회삼아 후기및 개선요청사항 남깁니다. 장점 자전거 관리가 잘됨. 자전거비치대에 핸드클리너가 항시 비치되어있음. 개선이 필요한 점. 1. 이용권 구매와 바코드인식통한 자전거 락해제 및 이용을 바코드 인식시 이용권보유조회후 자동결제로 원샷으로 넘겼으면 좋겠습니다. 자전거 앞에서 서서 한참 구매하고 이용하는게 좀 불편하네요. 2.다인권 구매도 별도로 만들지말고 다른자전거 바코드찍는대로 추가로 결제해서 이용가능하게 업데이트 해주시면 가족단위로 나와 이용할때 편하게 사용할 수 있을거같아요.
신지섭,4,2021-10-18 13:47:17,예전엔 대여반납에서 개당 칼로리나 소요키로수 알 수 있었는데 지금은 묶어서 나오는게 아쉽습니다ㅠㅜ 나머지는 다 좋아요
김W.B.,5,2021-10-18 13:46:35,마트에 장 보러 갈 때 따릉이를 애용합니다. 차 몰고 가는 것보다 오히려 편하더라고요. 주차 부담도 없고 자전거에 장바구니가 있어서 딱입니다. 과소비 방지 효과는 덤입니다. ㅎㅎ 따릉이 앱이 예전엔 오류가 종종 있기도 하고 자전거 안식이 늦을 때가 있었는데 요즘엔 속도가 빠르고 오류도 없어서 따릉이를 이용하는데 한결 수월해졌습니다. 제 건강도 챙기고 지구의 환경도 지켰습니다.
류재희,5,2021-10-18 13:44:07,따릉이 앱은 공공기관 앱 답지 않게 관리가 잘 되어있는 것 같아서 항상 만족하며 사용하고 있습니다. 따릉이 배차가 좀 더 활발하게 바로바로 적용될 수 있으면 더 좋을 것 같아요!
아리,5,2021-10-18 13:44:06,다좋은데 lcd따릉이도 큐알보관소에 보관됐으면 좋겠습니당ㅠ!!
이소연,4,2021-10-18 13:42:31,블루투스연결 오류가 잦습니다. 무선이어폰으로 블루투스연결이 되어있으면 오류가 더 잦은것같아요.(무선연결이 두 가지이상일 경우충돌이 일어나는건가요?) 그리고 안장높낮이를 설정했을때 기존 자전거의 경우 타고다니다보면 헐거워져서 안장이 점점 낮아져서 당황스런 경우가 있었습니다.
김태진,5,2021-10-18 13:40:52,따릉이는 이제는 없으면 안될정도로 자전거 생활이 너무 익숙해졌네요 앞으로더 발전하는 따릉이가 되주세요
신들린엇박자,5,2021-10-18 13:39:54,"나이 먹고 따릉이 덕에 자전거 배워서 기회될 때 한강 달리면서 스트레스 푸네요 정말 다른 도, 시들도 모두 이런 제도가 도입되었으면 합니다. 앱으로 자전거 잔여 대 수, 따릉이 대여소 등 충분히 직관적으로 지도에 딱딱 표시되어 있어서 너무 편하게 잘 이용하고 있어요."
임정희,5,2021-10-18 13:39:44,이용시작한지 3달 정도 되어가는데 아직 완벽하진 않아도 계속 개선되고 이용할 수 있는 곳도 확대되어서 좋아요
BORA KIM,3,2021-10-18 13:38:59,위치업데이트가 빨리안되는것빼곤 괜찮습니다.
Hanwookyu han,5,2021-10-18 13:38:14,출퇴근 아주 유용하게 잘 쓰고 있습니다. 가끔 일부러 있는곳까지 찾는 수고를 빼면은 좋습니다.
YS K,5,2021-10-18 13:38:11,리뉴얼 돼서 더 편해졌어요
C.G Seo,5,2021-10-18 13:37:49,가끔 저녁에 서버터져서 대기하는것 말고는 앱도 가볍고 인식도 잘되고 안정적입니다 각도상 QR코드 인식이 잘안되는 기종의 자전거도 종종 있는데 그건 앱보다는 자전거 하드웨어 자체의 문제인것같구요.. 암튼 전반적으로 앱 가볍고 깔끔하고 불편한점 거의 느낀점없이 좋아요^^b
심현철,3,2021-10-18 13:35:51,빈번하게 인식을 못해서 위치 블루투스 비행기 모드를 껐다켜던가 켜고 끄기합니다 따릉이는 훌륭한 시스템이긴한데 버벅 거리는게 영 거슬려요..콜센타도 따릉이 관리하시는분들 처럼 전산 작동할수 있게해줘야지...전화 만받고 할수 있는게 없으면...QR 안잡힐때 쓸수있는건 위3가지와 앱다시 까는건데...콜센타직원 그정도 권한준다고...금융업도 아니고 문제될게 없을듯..그리고 6개월1년권 30%할인이 15%로 됐는데...오세훈이 시장되고 참 이런 작은것에.. 복지 줄이고..참 잘하는것 같아요..
송유선,5,2021-10-18 13:33:33,매번 이동수단으로 정말 잘 사용하고있습니다 앱사용시 오류도 별로없고 큐알인식도 잘됩니다 유용한 앱이라서 너무 좋아요 감사합니다!
srt,5,2021-10-18 13:32:50,따릉이 탈때마다 편합니다 ㅎㅎ
김용후,5,2021-10-18 13:32:02,기존어플보다 UI도 좋아지고 한결 직관적 된 것 같습니다. 다만 페어링이 잘 안될때가 있는데 폰을 껐다켜야지만 다시 됩니다ㅜ 폰문제인지 모르겠으나 그것 빼곤 아주 잘 쓰고 있습니다 :)
노마드스티브,5,2021-10-18 13:27:21,사용하기 좋아요~ 리뉴얼 되어서 더욱 깔끔해지고 편리해진 것 같네요! 다만 결제를 더욱 간편한 스텝으로 간소화 했으면 합니다 ㅎㅎ 서울 따릉이 계속 사용할 수 있으면 좋겠습니다~
김민경,5,2021-10-18 13:26:18,1시간 이내에 반납하면 24시간 탈 수 있다는 걸 최근에 알았는데 정말 유용합니다 잠깐 세워두려면 잠금장치 내려놓을 수 있는 것도 좋아요 집이 교통이 좀 불편한 곳인데 따릉이로 왠만한 곳은 편하게 다닐 수 있어서 삶의 질이 올라가요
Sunghoon Kim,4,2021-10-18 13:26:15,가성비 좋게 가까운 거리를 교통비 아끼면서 이동할 수 있어서 너무 좋습니다. 다만 오래된 자전거가 많아 승차감이 다 좋지많은 않은것이 아쉬운 상황입니다. 그래도 탄소도 줄이면서 건강을 위해 이런 사업을 해주시니 더 많은 지원이 이뤄졌으면 하는 바람이 큽니다. 1시간이지만 반납하고 또 사용할 수 있어서 너무 이득이죠!!!!
YB K,5,2021-10-18 13:26:12,편하게 잘이용하고있어요. 가끔 코드인식이 더더더 번호로 이용하니 더 빠르게 연결되네요.
Soul Lee,5,2021-10-18 13:25:12,따릉이 덕분에 가끔 생각날 때 먼거리 자전거 탈 수 있어서 좋습니다
seoyoon Choi,4,2021-10-18 13:24:29,"따릉이 어플로 잘 이용하고 있는데, 아직 qr인식률이 완벽하진 않습니다"
ty to,5,2021-10-18 13:24:11,서울시에서 진짜 박수칠만한 시스템이 따릉이 만든거라고 생각합니다 한달에 300키로 탔던적 있을정도로 애용합니다 ㅎㅎ
unh k,5,2021-10-18 13:23:29,따릉이 이동수단으로서 편한거야 두말하면 입아프고 어플도 직관적이고 좋아요 가끔 반응늦거나 오류날때 있긴한데 어플 껐다가 다시 시작하면됨
송민규,5,2021-10-18 13:23:14,편리한 따릉이 감사합니다!! 자전거 대여소 사용빈도 적은 곳은 줄여주세요^^
jeje jeon,5,2021-10-18 13:22:43,근거리 자전거길로 타고 다닐때 엄청 힐링되요~~ 항상 잘이용하고 있습니다^^
andrea k,5,2021-10-18 13:22:28,업데이트 되고나서 매우 깔끔해졌어요 특히 자전거 QR찍을 때 예전보다 인식이 매우 빨라젔어요 메뉴도 찾기 쉬워졌구요 ^^
장혜영,5,2021-10-18 13:20:53,따릉이 최고! 출퇴근시간 사람들로 꽉찬 지하철 대신 따릉이를 타면 너무 너무 좋아요 그런데 따릉이 쏠림현상은 개선이 필요해요 따릉이가 계속 없는 곳이 있는가하면 쌓이기만 하는 곳도 있어요 원활한 흐름 개선해주세요^-^
독사과,5,2021-10-18 13:20:45,첫번째로 가격!! 너무너무 저렴합니다 ~ 부담없이 탈수있어 좋구요 이용하기 편리하고 자전거니까 친환경적이고 최고입니다..서울뿐 아니고 전 지역으로 생겼으면 좋겠습니다
양성지,5,2021-10-18 13:20:21,저렴한 가격에 멀쩡한 자전거를 필요할때 이용 할 수 있는 것은 정말 좋은 일이라고 생각합니다. 감사합니다. 다만 회전율이 좋지 않아 집 근처에서 사용한 자전거가 돌아오지 않아서 탈게 없는 날이 많네요ㅋㅋ
강태웅,5,2021-10-18 13:19:42,고장난 자전거는 빠른 수리 부탁드립니다.
비앙카,5,2021-10-18 13:19:21,매주 자전거 운동에 유용하게 이용하였습니다. 큐알코드로 자전거 이용하는 것도 익숙해지면 편리하고요. 결제도 간단해서 좋아요. 계속 이용하고 싶고 앱도 자전거 서비스도 더 개선되면 좋겠어요. 정말 좋아요.
정무스남,5,2021-10-18 13:19:00,QR코드 운영으로 더 편하고 쉽게 잘 이용하고 있습니다. 다만 가끔씩 연결이 지연되어 취소하고 다시 연결시도해야하는 경우가 발생되는데 두세번 반복하는 경우도 있습니다(휴대전화 블루투스이어폰등 별도로 사용안함)
Ain Ryu,5,2021-10-18 13:18:32,좋아요
HJ L,5,2021-10-18 13:18:26,"2020년도 부터 탄소 배출 중립 실천을 위해 가정에서도, 실외에서도 꾸준히 실천중이다. 그중 따릉이앱은 자전거를 통해 탄소중립을 실천할 수있는 최고의 앱이라고 생각한다. 또한 운동을 꾸준히 할 수있어 기초체력도 키울 수 있다. 그리고 동네에 자전거의 개수, 유형, 사용방법을 알 수 있어 따릉이를 처음 타신 분들도 쉽게 이용 가능하다."
H KIM,5,2021-10-18 13:18:13,친환경+교통비 절감에 도움되는 따릉이 추천합니다.
인솔자하늘,5,2021-10-18 13:16:29,1년 넘게 꾸준히 사용하고 있는 유저 입니다. 블루투스로 연결도 과거에는 정말 불편할정로 안되었는데 요즘엔 깔끔하게 연결됩니다. 아주 잘 사용하고 있어요
SEUNG WOO Shin,5,2021-10-18 13:13:47,연결 시간이 여전히 길다
MyJoo D,5,2021-10-18 13:13:28,출퇴근길 편하게 이용하고 있어요! 한군데 집중되는 경우가 있어서 수량만 잘 회전되면 더 좋을 것 같아요.
MinSu Koo,4,2021-10-18 13:13:02,"이전보다는 가벼워진 것 같긴한데..아직 앱이 좀 무거운감이 있습니다. 용량도 너무 크고.. 그리고 요청사항이 있습니다. 1일권을 하나씩만 판매되는데.. 타는 빈도를 잘 몰라 정기권 사기는 애매하고.. 1일권을 탈 때마다 결제를 하는데 번거롭습니다. 기한을 좀 길게해서 1일권을 10회권, 20회권 이런식으로도 판매해주셨으면 좋겠습니다."
blue sky,5,2021-10-18 13:11:05,편리하고 좋습니다~ 업데이트 되서 보기도 편하고 반응속도도 너무 좋아졌어요 블루투스 연결도 좋구요~
업적졸리,5,2021-10-18 13:10:42,아주 유용하고 편리합니다 자전거 원격제어가 너무 좋아요
SUA JANG,5,2021-10-18 13:10:30,따릉이 짱♡ 사랑해요 따릉이♡ 경기도에도 따릉이 생기게 해주세요 제발요♡
호시우보,5,2021-10-18 13:08:22,빠르게 대여할수 있어서 좋아요 즐겨찾기도 좋아요
이정기,5,2021-10-18 13:07:19,매우 좋음
빠르미,4,2021-10-18 13:06:12,따릉이를 너무 잘 이용하고 있습니다. 아쉬운점은 앱 업데이트 하고 대여 할 때마다 2번씩 시도해야 한다는 점입니다.
중년 이라니!벌써 (낭만 중년),5,2021-10-18 13:05:46,출퇴근 길에 매일 이용하는데요 정말 최고예요 넘 편해~~~^^
il gu jun,5,2021-10-18 13:04:37,항상 잘 이용하고 있습니다.
Honesty Ahn,5,2021-10-18 10:30:50,운영방식이 정말 현명해요! 서울의 또 하나의 교통수단. 공유자전거이기에 일정시간 지나면 관리도 안되고 흐지부지 될 줄 알았으나 대여/반납 센터운영으로 길거리에 방치되어 교통이나 동행에 방해되지 않는 현명한 운영방식과 새로운 자전거 추가 및 지속적인 관리운영으로 점점 더 많은 사람들에게 편리함을 주어 너무나 잘 애용하고 있습니다. 서울시에서 운영하는 거라 그런지 가격도 적당하고 정기권 제도도 이용자들에게 편의를 주기 위한 제도임이 느껴져 세심함이 돋보이네요. 무엇보다 이 모든게 아무리 좋아도 앱 안정성과 사용성이 문제라면 의미가 없는데 앱이 정말 안정적이에요. 별을 뺄 이유가 하나도 없네요. 따릉이 덕분에 삶의 질이 한층 더 좋아짐을 느낍니다. 좋은 서비스 감사합니다!
김지윤,5,2021-10-18 10:11:04,편리하고 좋아요
신동민,5,2021-10-17 23:50:35,초기에는 결재방법이 적어서 불편했던 기억이 있는데 지금은 편하고 쉽게 이용할 수 있어서 좋은듯합니다.
Henry Seo,4,2021-10-17 13:08:44,"대부분 만족하나, 바코그 스캔 후 사용 승인이 안와 휴대폰을 꺼다 켠후 되는 경우가 있습니다. 갤럭시 20+인데 저만의 이슈일지는 모르지만 그렇지 않다면 개선 부탁드립니다. 나머진 굿굿"
레아,5,2021-10-17 12:20:16,업데이트 된이후 속도가 빨라졌어요
YEONHWA Hwang,5,2021-10-16 11:21:47,운동도하고 건강도 챙기고. 단거리 빠른 이동에 너무 잘 활용하고있어요. 게다가 신속한 as해주시는 고객센터와 스텝분들 늘 감사합니다~!!
이도훈 (hihun8072),5,2021-10-16 10:06:15,지난 주 처음 이용했는데 좋네요~~
정희석,4,2021-10-16 07:22:28,"사용하기가 한결 편합니다. 다만 저만 그런지는 모르겠는데, QR코드 인식후 연결되는 시간이 좀 깁니다. 여유있을때는 상관없겠지만, 출근할때는 길게만 느껴집니다."
sun,5,2021-10-16 00:04:34,만족스럽게 잘 타고 있습니다. 감사합니다!
이경서,5,2021-10-15 23:01:15,"따릉이 초기부터 이용하고 있는 사람입니다. 점점 발전하는 모습을 지켜보면서 편하게 잘 이용하고 있습니다. 고장난 자전거 신고도 직접할 수 있어서 이용자도 따릉이 발전에 참여한다는 느낌을 받을 수 있었습니다. 그런데, 따릉이 인기가 많아지면서 빌리기 힘들 때가 있습니다. 지점별, 시간대별로 따릉이 사용률을 파악해서 부족한 곳이나 시간대에 더 배치해주셨으면 좋겠습니다. 그리고 가끔 반납 레버 내리는 것을 깜빡하고 멀리까지 갈 때가 있는데 이 경우 멀리서도 핸드폰으로 반납할 수 있으면 편리할 것 같습니다. 장기 이용자로서 따릉이에 대한 애정이 많은 사람입니다. 지금처럼 더욱 발전해서 오래오래 많은 사람들이 따릉이를 이용할 수 있었으면 좋겠습니다. 제 퇴근길을 행복하게 해주신 따릉이 관계자 여러분 정말 감사드립니다. 계속 이용하면서 응원하겠습니다."
수생,4,2021-10-15 22:05:39,1.가끔 자전거와 블루투스 연결이 잘 되지 않는 경우가 있어 앱을 껐다가 다시 켭니다. 2. 일일권을 한 번 사면 시간 내에 대여와 반납을 반복할 수 있다는 사실을 좀 더 명시해주면 좋겠습니다. 그 외엔 앱사용에서 불편함을 크게 느낀 적은 없습니다. 따릉이 만세~
전영훈,3,2021-10-15 20:22:35,"서울시내 여러곳에서 편리하게 이용할수 있어서 너무 좋은거 같습니다 가족끼리 나들이 갈때 이용하기도 편리하고요 다만, 이용자들이 많아서 그런지 사후 관리가 소홀한거 같아서 아쉽습니다 본인꺼라고 생각하면 그렇게 사용하지 않을텐데 고장난곳이나 불량인 경우가 발생해도 타보기 전에는 알수가 없어서 다음 사용자들이 불편을 겪고 있네요 시민들의 참여정신이 필요할꺼 같습니다"
전현주,5,2021-10-15 18:53:37,곳곳에 잇어서 이용하기 편해융 ~
김미화,4,2021-10-15 18:21:39,제가 처음으로 자전거 배우기시작한게 따릉이 입니다 요즘은 매일 따릉이와 지내고 있어요 너무좋아요ㆍ달리는 기분 적은 금액으로 운동도되고 데이트도하고 즐거운 여가시간이 되고 자전거길이 잘되어 있어서 참 좋았어요~~지금도 따릉이와 더많은 시간을보내고 있답니다 ~~ㅋㅋ이제는 서울대입구 에서 여의도까지 왕복 으로 매일 타고 있어요 ~~
무무,5,2021-10-15 18:17:58,완전 좋아요 급할때 걸어가기힘들때 바로바로^^다만 비치된곳이 더많길~~
Eun K,5,2021-10-15 17:50:10,좋아요. 이용권구매할때 오류나는게 아쉽긴하지만 그거외엔 편하게 잘 이용할 수 있어서 잘 사용하고 있습니다~ 아 임시폐쇄된 곳은 임시폐쇄되었다고 크게 표시나면 좋겠어요! 출근길엔 기억력에 의존해서 찾아가는 편인데 당황스럽더라구요
SKKKFO L,5,2021-10-15 17:44:21,자전거를 24시간 탈 수 있어서 좋아요
5하노,4,2021-10-15 17:42:18,이동이 편리해서 좋아요. 앱이 조금만 더안정화되면 더좋을것같아요! 그래도 따릉이 덕분에 서울시내를 잘 누비고 다닌답니다. 감사해요!
Yun-chul Jung,4,2021-10-15 17:35:02,자전거 관리부담 없이 자전거 쉽게 많이 접근 가능
김종황,5,2021-10-15 17:23:32,몇몇 방치된 따릉이가 빨리 회수되기 한다면 더 할 나위없는 좋은 시민의 벗이 될것 같습니다.
막싸도라,5,2021-10-15 17:22:35,버스 타기 애매한 거리에서 사용하기에 참 좋습니다.
Jeonghyun Kim,4,2021-10-15 17:19:41,"따릉이라는 시스템은 너-무 좋습니다. 앱 완성도도 꽤 높다고 생각합니다. 고장신고, 대여권 구매, 따릉이 위치확인 등 모든 기능이 훌륭합니다. 그러나, 따릉이와 스마트폰 간 연계가 원활하지 못해 시간을 허비한 경험이 꽤 있습니다. 연결에 실패한 것을 확인하면 즉각 다시 대여 시도를 할 수 있게 해주시길 바랍니다. 또한, 대여 시도 중 무한 대기 상태에서 '대여 취소' 버튼을 누르면 즉시 이를 취소할 수 있게 수정되었으면 합니다. 그외에는 불편함 없이 너무 잘 사용하고 있습니다. 좋은 시스템과 이를 뒷받침하는 준수한 앱을 제공해주셔서 감사합니다."
Hyunkyeong Kim,4,2021-10-15 17:05:34,사용시간 알람기능과 정류소 거치시 또는 사용자와 대여자전거간 거리가 멀어졌음에도 잠금또는 반납되지 않았다면 주의알람이 울리도록 기능이 추가되었으면 좋겠어요. 잠금레버를 깜빡할때가 있는데 이미 멀리 와 버린 경우 곤란 할때가 종종 있거든요.
Kenneth,5,2021-10-15 16:58:23,사용하기 좋아요!
Jennifer Na,5,2021-10-15 16:58:20,4천원으로 일주일치 교통비를..!!
S B,4,2021-10-15 16:56:22,옛날 그거 생각하면 진짜 많이 좋아졌다. 하지만 자동로그인 타이밍이 좌측 드로어를 열었을때인게 너무 이상하고 의문이다. 그땜에 블투연결실패도 많은것으로 보임.
hyun ok kim,5,2021-10-15 16:46:38,UI가 훨씬 보기 편해요. 이전버전보다 사용자 편의성이 좋아진듯 해요. 대체로 만족스럽습니다.
kim Mk,4,2021-10-15 16:45:13,잘 타고 있어요. AOS 기기 연결만 조금 더 잘 되면 좋을 것 같아요
이애란,5,2021-10-15 16:43:29,퇴근길에 따릉이를 이용하는데 너무 좋아요~ 지하철 이용하는 시간과 별 차이도 없고 운동도 되고~ 일석삼조의 효과를 톡톡히 보고 있습니다~ 서울 따릉이 최고!!!!!
눈둘곳의시선이머무는집,5,2021-10-15 16:40:45,따릉이가 있어서 편리해요
MK PARK,5,2021-10-15 16:40:13,이용하기 너무편리하고 좋음 만족합니다
성윤경,4,2021-10-15 16:37:12,"버스를 놓쳤을때, 걷기 애매한 거리를 대체적으로 잘 사용하고 있습니다. 다만 QR 인식이 잘 안되어서 일일이 번호 입력은 불편합니다."
조윤덕,4,2021-10-15 16:34:44,따릉이와 어플 모두 잘 사용하고 있습니다. 코로나 이후 따릉이 이용이 늘었습니다. 페어링 문제는 한두번 다시 시도하면 문제 없으므로 큰 불만은 아닙니다. 다만 고장난 따릉이를 대여소까지 가지 않고도 확인할 수 있었으면 좋겠습니다. 그 외에는 잘 사용하고 있습니다 :)
윤정한잘생긴거세상사람들알아야함,5,2021-10-15 16:32:06,너무 좋아요!!! 자전거도로 따라서 따릉이타면 기분도 상쾌해지고 운동도 되고! 제로페이 결제면 할인되서 더 좋고! 자주 이용하고있어요🚲🚲
장도현,5,2021-10-15 16:31:41,좋아오
Lee Lomo,4,2021-10-15 16:30:15,안정적으로 잘 이용하고 있습니다 따릉이 길찾기 기능이 있으면 좋겠어요
오늘의마무리,5,2021-10-15 16:27:57,사용하기 편리해요 다만 이어폰 했을때도 연결이 잘되면 좀더 편리할꺼같아요
박미혜,1,2021-10-15 16:27:06,★제발 대여소 신호등 건너편에 반납하지마세요★ 일정거리는 대여소로 인식하는걸 악용ㅡㅡ xx역 맘스터치 알바ㅡㅡ 매번 대여소 길건너편인 지네 가게 앞에 반납하곤 퇴근할때 타고 가던데 본인 편하자고 양심팔지마세요 그리고 블루투스 이어폰 해제하고.. 앱도 껏다키고 새로운마음으로 QR인식해도 인식안되요..숫자 넣어도...또 안되요.. 노트10+ 쓰다 s20 바꿧고 똑같이 안되요
Festival Raver,5,2021-10-15 16:21:03,점점더 발전하는게 좋아지는것 같네요 ㅎㅎ
현승주,5,2021-10-15 16:19:47,따릉이 로그램(앱)이 편하고 좋구요 대여시 몇번스 터치로 신속한 대여가 되어 좋습니다 가까운곳에 갈때 교통수단으로 이용하기 편하지만 자전거가 없을때가 너무 많습니다 그때마다 추가요청을 하지만 관리인원이 부족해서 인지 신속하지 못하더군요 추가 요청은 자전거 0 대가 되어야만 추가요청을 누르게 활성화 되지만 만일 한대라도 그사이 들어왔다가 누군가가 이묭하면 추가요청을 다시 누르게 되어있어 관리자가 그곳의 자전거 부족을 인식 하는지 안하는지 모르겠습니다 물론 프로그램이 잘되어 있으리라 생각됩니다 한번결재에 24시간 언제던지 이용 할 수 있다는게 좋구요 고장신고는 잘 처리되는것 같습니다 요즘 따릉이 이용하는 사람들이 많은데 핸드폰보며 타는사람들 제법 많아 위험합니다 한손으로 핸드폰 보며 어찌그리들 잘들 타는지 더욱더 홍보와 단속이 필요합니다 안전사고 예방 차원으로 프로그램을 개선해 양손으로 핸들을 잡지않으면 경고음이 울리게 하던지 하면 좋겠습니다
박병용,4,2021-10-15 16:18:14,대여누르고 QR을 찍는데 잘 안될때가 2번중 1번은 있어요. 나머지는 모두 만족합니다! 평소 가까운 거리 갈때 기간권을 한번 끊어놓으면 너무 유용하고 건강해지는 느낌도 들어요!
Ken,5,2021-10-15 16:14:53,"따릉이 이용에 만족하는 사용자입니다. 편리하고 사용자 배려를 다한 정책에 만족하지만 앱 자체가 무겁다라는 느낌이 많이 드네요, 안정화 작업을 통해 빠릿하게 구동 됬으면 좋겠어요."
김영미,5,2021-10-15 16:13:15,따릉이가 생긴이후로 도보 이동시간도 줄이고 편해졌어요~
박주희,5,2021-10-15 16:12:20,따릉이 사용 5년차 입니다! 지금은 경기도로 이사와서 정기 이용권을 사용하진 못하지만 매주 서울에 올라갈때마다 일일이용권으로 정말 유용하게 잘 사용하고 있습니다! 예전에 정기권을 사용할때 일일권사용자들이 이용하는데 어려움을 겪는것을 보았는데 개선된 어플은 결제도 다양하게 할수있고 쉬우며 제로페이로 할인까지 받을 수 있다니 진짜 최고 입니다! 그리고 가장 불편했던 따릉이 대수 부족이 정말 개선되었고 어플과 연동이 잘 안되서 있다고 해서 뛰어가보면 없고 이래서 너무 불편했는데 이젠 바로바로 적용이 되어 정말 좋습니다! QR코드 인식도 예전엔 잘 못해서 답답했는데 요즘은 진짜인식도 빠르더라구요! 앞으로도 서울의 맑은공기를 위해 잘 부탁드립니다!
박선미,5,2021-10-15 16:11:56,좋아요
박희제,4,2021-10-15 16:10:19,잘 이용하고 있습니다. 좀 불편한점은 대여시 첫번째 시도에 대여가 이루어지지 않는 경우가 다수(대략 50%) 발생하여 대여시간지연이 발생합니다.
강산,5,2021-10-15 16:09:41,따릉이 좋아요
야바이(야바이),5,2021-10-15 16:09:02,편하게 사용할수있어서 좋았습니다
노상진,5,2021-10-15 16:08:45,"아침저녁 출퇴근시 너무 유용하고 편리하게 사용하고 있습니다.다만, 아침에 비어있는 대여소에 미리미리 따릉이를 채워주면 더 좋을것 같네요~"
샤샤기지개,5,2021-10-15 16:08:40,"업데이트 이후 대여, 반납 처리 시간이 짧아졌고, 앱 자체가 초보자도 이용하기 쉽게 구성 되어 있어서 사용하기 편리합니다"
Ilhilk Aielhvle,5,2021-10-15 16:07:32,뚜벅이를 위한 황금마차 따릉이! 기분전환겸 한강까지 타고 다녀오면 기분좋게 잠들 수 있어요 따릉이앱도 잘 개선되어서 더 편해요
J Young,5,2021-10-15 16:07:29,출퇴근용으로 사용합니다 거리두기 상황속에 대중교통보다 안전한 듯 해서 더욱더 이용합니다^^
tori tori,4,2021-10-15 16:06:22,"서울도심 곳곳에 따릉이 정류장이 있어서 앱 설치하고 이용하니 편리하네요~ 처음에 지불방법 등록할 때 시간이 다소 걸리지만, 이후에는 쉽게 사용할 수 있습니다. 앱 화면도 간단하구요. QR 인식이 지연될 때도 있어서 별 하나 뺐지만, 자전거 관리도 잘 되어 있어 좋습니다!"
나종연,5,2021-10-15 16:04:33,좋아요~ 고장난 따릉이 많은데 안전하게 타시고 본인 자전거처럼 살살다루어 주세요~
정승희,5,2021-10-15 16:03:11,자전거를 너무 오랜만에 타서 처음엔 걱정했는데 두세번 타니 금방 익숙해져서 잘 타게 됐어요~ 가까운 거리도 먼 거리도 이젠 웬만해선 대중교통 이용없이 따릉이로 다녀요 :) 답답한 지하철 버스 타는거보다 조금 힘은 들지만 상쾌한 바람 맞으며 따릉이 이용하는게 익숙해져서 정말 좋아요! 반납소도 은근히 어디든 많아서 불편함 없이 이곳저곳 잘 다닐 수 있네용 하루에 30분정도 타려고 노력하고 있어요! 처음엔 30분 타면 정말 힘들었는데 이제는 1시간정도 거뜬히 타게 됐어요 '0' 체력이 늘어나는게 눈에 보이니 정말 좋아요
하치피아,5,2021-10-15 16:02:07,좋아여 정기결제하면바로빌릴수있어서!
yun jeong lee,5,2021-10-15 15:59:05,"앱을 통한 따릉이 결제,대여, 반납이 모두 편리합니다. 자전거 도로 표시도 유용하고, 챗봇의 즉각적인 답변도 만족합니다. 온 가족이 애용하고 있어요."
Google 사용자,5,2021-10-15 15:58:48,대여 반납 편리해서 참 좋아요 !!!
Kona Ra (코나),5,2021-10-15 15:58:34,출퇴근용으론 완존딱입니다^^
김도연,5,2021-10-15 15:57:39,건강에 도움도 되고 이동도 편리하고 일석이조 따릉이 좋아요^^
박민호,3,2021-10-15 15:56:26,사용하기괜찮은데 qr 오류가너무많이나오
iMax,2,2021-10-15 15:56:01,업데이트 후 블루투스 오류가 너무 자주 일어납니다 예전에는 안그랬는데 지금은 한번 대여 하려면 스트레스가 이만저만이 아니예요 빠른 개선이 필요합니다
이선숙,5,2021-10-15 15:56:00,"좋아요 편리해요, 어린이용으로 별도로 작은 자전거가 언제부터인가 조금씩 늘어나서 좋더라구요. 그런데 성인용은 키큰 사람 이용하기엔 안장을 최대로 높게 해도 낮아서 불편해요. 성인용은 본체 자체를 지금보다 조금더 높게 개선 되었으면 좋겠어요..."
Aggie Kim,5,2021-10-15 15:53:37,리뉴얼되고나서 오류도 없고 아주 잘 사용하고 있어요 앞으로도 계속 서비스 해주셨으면 좋겠어요!
윤상연,4,2021-10-15 15:53:03,5년째 사용중인데 한동안 여의도에서 이용하기 어려웠는데 최근에는 약간 여유가 있어서 좋네요. 다만 강남지역은 여전히 이용이 어렵습니다. 강남지역도 배분이 좀 잘 되었으면 좋겠네요.
HJ PARK,5,2021-10-15 15:52:47,예전보다 조금 빨라진 것 같아서 사용하기에 좋아요~ 앱이 무거운감이 있었는데 훨씬 라이트해졌네욤! 이벤트 많이 했으면 좋겠어요. 좋은하루 보내세요~!!!
수정수정,3,2021-10-15 15:51:41,한번에 열리지않고 취소하고 다시해야만 열려요 따릉이대여소 표시가 근처만 나와서 도착지주변은 안나와서 반납할 위치를찾을수가 없어요
KYEONG SEON LEE,5,2021-10-15 15:51:41,따릉이 애용자로서 매년 재결제 하고 있습니다. 어플도 오류 없이 잘 되고 따릉이 이용하고 대중교통 환승하면 받는 100마일리지 모아놓으면 연장 결제 할 때마다 쏠쏠해요 ! 거기에 제로페이 할인까지 받으면 엄청 저렴하게 이용권 구매할 수 있어서 좋습니당 (마일리지사용은 연간권 구입시에만 가능해요!) 앞으로도 서울시 열일 부탁드려요 ! 항상 감사합니다 :-)
윤영진,5,2021-10-15 15:51:37,따릉이 덕분에 공공 자전거 편하게 이용하고 있어요. 가끔 뭐 설치? 업데이트?하라고 뜨는거랑 화면이 느리게 뜨는 거 빼곤 만족합니다.
게임,4,2021-10-15 15:51:20,따릉이 서울 도심 곳곳에 설치돼어 있어 가까운 거리를 이동할때 넘 편리합니다 적극 강추드립니다
맹석환,5,2021-10-15 15:50:54,따릉이 사용은 너무나 편리하고 생활이 바쁜 사람들에게 꼭 필요한 존재이다. 그런데 한가지 단점은 1일권 구매를 하려면 매번 신용카드 번호를 입력 해야하는 번거러움이 바뿐 사람들에게는 매우 불편하다. 자주 이용하는 고객에게는 AI이가 기억하고 이런 번거러움이 개선 되면 좋겠다.
박정호,5,2021-10-15 15:49:55,새로 리뉴얼 된 앱이 훨씬 오류가 적어지고 직관적인 디자인이라 다양한 연령층 사용이 쉬워졌네요.
이승민,5,2021-10-15 15:49:21,너무 좋습니다♡♡
DK M,5,2021-10-15 15:48:18,"앱으로 따릉이 찾기, 예약, 주행정보 등 관련된 모든걸 할 수 있어서 매우 좋습니다."
JS H,4,2021-10-15 15:48:12,"대여할때 시간이 1분 이상 소요되고, 가끔 연결이 잘 되지않아 불편합니다. 그치만 따릉이대여소가 많이 생겨 좋아요"
최진석,5,2021-10-15 15:47:42,따릉이 제도는 너무 좋은데 ~ 출퇴근시간에 자주 애용되는 지점에 수시로 체크하여 출퇴근하는 사람들이 불편을 안 겪었으면 좋겠네요 그것말고는 아주 만족입니다.
소금물병,3,2021-10-15 15:46:35,한번 연결 실패시 대여 취소 대기시간이 너무깁니다 30초되는듯
윤선화,5,2021-10-15 15:45:32,"서울시 공유자전거 덕분에 대중교통으로 닿지 못하는, 혹은 불편한 곳 이동이 편리해졌어요. 어디에 몇개의 자전거가 있는지 파악할 수 있어 좋고, 임시잠금 기능이 있어 잠시 장볼때 유용하게 사용하고 있어요. 우천을 대비해서 대여소에 차양막이 설치되면 좋겠다 건의드려요. 앞으로도 지속적으로 공유자전거 운영을 응원합니다!!!!"
김진주,5,2021-10-15 15:44:35,업데이트하고나서 잘이용중입니다 가까운거리는 따릉이자주이용하게되네요: )
김성원,5,2021-10-15 15:44:31,"최근 바뀐 새 자전거들은 안장 올리기도 쉬워지는 등 기능과 청결 면에서 점점 더 좋아지고, 리뉴얼된 앱은 대여 구조를 손쉽고 편리하게 변경해 주어서 정말 잘 이용하고 있습니다. 제 자전거 이용하는 것보다 쉬운 따릉이! 저희 이용자들도 내 것처럼 소중히 다루어 사용하고, 서울시에서도 지금처럼 꾸준히 잘 관리해주셔서 천만 시민의 자랑스럽고 편리한 이용 수단으로 계속 이어지길 바랍니다."
최경환,4,2021-10-15 15:44:19,"앱의 사용성이 좋아지고있지만, 대여가 잘 안되는 자전거를 해제하는데 필요한 시간이 너무 길게 느껴집니다. 대여가 안되는 것 같다라고하면 바로 다른 자전거로 이동할 수 있어야 하는데 지나치게 오래 해당 자전거를 인식하는데 오래 시간을 쏟습니다. 그리고 앱 자체가 무거운 편인건지, 정보 업데이트가 실시간이라기보단 조금 느린듯하게 느껴집니다 (사용시간, 반납여부 등)"
Tk준일,5,2021-10-15 15:43:45,회사 가까이에 따릉이가 있어 점심시간이 행복합니다👍 블루투스 잠금해제 시 충돌 부분만 좀 개선해주셨으면 좋겠습니다!
호랑이,5,2021-10-15 15:42:21,문제신고기능이 좋네요!
BEN P.,5,2021-10-15 15:40:28,앱이 많이 편해졌네요. 자전거 연결이 불안정한 경우도 있던데 계속 좋아지길 바랄게요
뚜블리,5,2021-10-15 15:37:29,정말 운동 겸 근거리 이동할때 잘 쓰고 있습니다🥰
감바스,4,2021-10-15 15:36:28,항상 좋게 잘쓰고있습니다 근데 자전거와 페어링 실패시에 대여취소 버튼이 빨리 나오고 다시 대여할수있게 개선점 해주세요 페어링실패되면 대여취소 버튼뜰때까지도 한참걸리고 대여취소 눌러도 한참뒤에 다시 QR찍게 바뀌어서 한참동안 자전거 앞에 서있게 되네요 ㅠㅠ 나머지는 너무 좋습니다 ~
이종범,4,2021-10-15 15:34:22,블루투스 연결이 잘 안되는 것 빼고는 위치도 잘나오고 좋아요!
altuve,5,2021-10-15 15:30:34,좋아요
GE_BANGU GE,5,2021-10-15 12:30:42,서울전역을 따릉이로 다 다닐수가 있어서 너무 좋네요. 출퇴근용 혹은 운동삼아 항상타고 다닙니다. 제가 183인데 따릉이가 작어 조금 불편한데 큰 사이즈 따릉이 부탁드립니다
권솔로,1,2021-10-15 09:49:28,개빡치네 빌릴때마다 90%학율로 QR인식이 안됨 그래서 번호로하면 그건 버그때문에 또 안됨 tlqkf 뭐 어쩌자는거냐 맨날 이거 하나 빌리는데 5분넘게걸려 내가 돈 많이벌어서 탄소 절감한 만큼 서울시에 뿌릴생걱각임 별1개도 아깝다
Hyuk Goo Lee,5,2021-10-14 23:49:40,강남 집근처는 대체로 따릉이 가 많이 부족합니다 더있으면 좋겠습니다 공기주입기도 지도앱에 같이 표기가 되었으면 합니다 반납장소는 많아서 좋은것 같구요 시민들이 쉽게 빌리고 반납하기 좋은 따릉이 강추이네요
심정주,5,2021-10-14 21:21:34,따릉이를 찾아다니지 않고 앱을 통해 이용할 수 있어 편리합니다 ~^^
권이,4,2021-10-14 21:19:48,8개월 정도 이용중이에요. 너무 좋아요. 아쉬운 점은 따릉이 설치 장소가 이면도로 등 좀 더 많아졌으면 좋을 것 같아요. QR코드 편하고 30초~1분 정도의 기다림은 좀 아쉽고 그래요.
롸롸롸,5,2021-10-14 21:10:54,앱 인터페이스 바뀐게 훨씬 편해요! 내가 탄 거리와 탄소절감 정도도 한눈에 볼 수 있어서 편하고 탄소절감이 가시적으로 보이니깐 더욱더 따릉이를 이용하게 됩니다! 다른 사람의 탄소 절감정도도 볼 수 있으면 재밌을 것 같아요!
꼬꼬고소미,4,2021-10-14 18:49:59,"1. 최근 대여시 시닥부터 임시잠금되었습니다. 라고 화면이 떴어요. 실제로는 잠금 상태 아니였구요. 혹시나 가다가 철컹 잠기면 어쩌나 걱정해서, 그 화면 사라지게 화면 누르고 임시 잠금도 했다 풀었다 했어요. 2. 정기권 사용자가 스마트폰 없는 사람과 같이 타려고할 때 정기권 사용도 가능했으면 좋겠어요."
조인영,1,2021-10-14 18:31:09,연결 너무 느려요 1분은 커녕 5분되도록 안되면 취소하고 다시해야함 블루투스 이어폰 연결한것도 없어도 허구한날 이 모양 답변은 또 복붙하겠죠
임세혁 (임세혁나다),1,2021-10-14 18:07:41,블루투스 연결 겁나안됨
cmd,4,2021-10-14 17:50:12,"자전거와 연결이 안되는 경우도 점점 줄어들고 있어서 좋아지는게 느껴집니다만, 아직 qr코드를 잘 인식하지 못하네요"
문가린,5,2021-10-14 17:32:47,자주 타는데 넘 좋아요
서울신선,5,2021-10-14 17:11:17,좋아요
한동희,5,2021-10-14 16:52:53,서울자전거 앱 중 최고👍👍👍👍
김지욱,5,2021-10-14 16:40:48,평소에도 전혀 오류 없이 잘쓰고 있었습니다
정연학,2,2021-10-14 16:24:27,사용성이 너무 떨어짐 진짜로.. 렉도 많이 걸리고 급할때 더 안빌려지는건 국룰인듯 합니다. 이래저래 꺼보기도하고 방법대로 해도 안될때도 많네요..저번엔 제대로된 장소에서 제대로 레버 내렸는데도 임시 잠금처리되고 다시 정상반납할려고 가보니 없는 저전거를 제 잘못하시는것도 생각해보면 비정상 같습니다. 임시잠금이였다면 어떻게 다른분이 빌릴 수 있는건가 생각이 들더라구요. 어플 좀더 제빠르게만들어주세요
김혜진,2,2021-10-14 16:01:40,따릉이를 설치햏으면 하는곳을 추천 받는다면서 건의하면 사진을 찍어보내라 도로가 몇미터냐 동사무소 앞은 담당자에게 허락을 받어라 라고하니 건의에 의미가 뭐가 있을까싶다 건의자가 상황이랑 사진에 동사무소 동의까지 받으면 담당자는 전화만 받으시는건지... 거치대없애는건 쉽게하고 주변에 다른곳에 만들어 달라니 반응이... 그래서 그냥 내가더 불편하기로했음
빵꾸보틀 BBangGGu Bottle,5,2021-10-14 15:52:28,운동도 되고 탄소도 줄이고 교통비 대비 경제적이기까지한 따릉이 너무 좋아요 잘 이용하고 있습니다.
김몽,5,2021-10-14 15:47:13,계속되는 업데이트로 더욱 편하게 잘 사용하고 있습니다👍👍
봄바람,5,2021-10-14 15:42:07,연간 이용권으로 자주 쓰고있어요 서울내 따릉이 정류장이 많아서 편해요 1년 결제하면 마일리지도 혜택도 있구 추천!
박준용,5,2021-10-14 15:32:08,매우 만족합니다. 탄소절감인증서 등 뭔가 실물인증서 이런 이벤트도 하면 좋겠어요!
Eunhyeong Cho,5,2021-10-14 15:30:49,따릉이 어플로 서울 어디서나 자전거를 이용할 수 있으니 정말 좋네요. 가격도 저렴하고 대만족입니다
JM J,5,2021-10-14 15:27:20,정말 따릉이 덕분에 운전면허 없는 제 삶의 질이 달라졌습니다 ㅎ 운동도 하고 걷기에 힘든 거리까지 자전거로 이용가능하니 정말 만족스러워요~! 하나 바라는게 있다면 바로 저희 집단지 앞에도 따릉이 설치소가 생겼으면 좋겠는 바람이 있습니다 ㅎ
훈훈,4,2021-10-14 15:19:40,초기 버젼보다 많이 편해졌어요. 다만 결제수단에 삼성페이나 ssg 페이 등 추가해줘서 선택의 폭을 좀 넓혀주면 좋겠어요.
김은성,5,2021-10-14 15:15:54,예전엔 블루투스 이어폰 끼고 있으면 안 됐는데 요즘은 잘되더라
summer S,5,2021-10-14 15:08:24,가끔 자전거 타고 싶을때 이용하는데 자전거 관리도 잘되어있고 비용도 너무 합리적이고 사용도 매우편합니다. 1일사용권이 없어서 시간초과비용도 자주내는 편인데 더 다양한 시간대 사용권이 있으면 좋겠어요
이용준,5,2021-10-14 15:04:56,카메라인식이 잘안되고 인식이 늦게되요ㅠㅠ 그점만 보안해주시면 말이필요없이완벽그자체일듯요ㅎㅎ
김준식,5,2021-10-14 15:01:08,"따릉이는 1.환경보호 2. 교통비 절감 3. 전신운동 등 최고의 작품이라서요, 지하철환승구역에서 따릉이가 없을때가 종종있어요.(당황스러워요.ㅠㅠ) & 따릉이보관장소가 협소해서 인도를 막는 경우도 많아요. So, 보관소를 확대해 주셔요. & 잠금장치 열리는 시간이 길어요. 조금 더 단축해 주시면 감사 감사~^^"
곰탱이,5,2021-10-14 14:56:04,QR코드 인식 너무 편하네요
Yeoni Jin,5,2021-10-14 14:55:26,"여러곳에 거치대가 있어서 정말 편리해요.정기적 관리로 이용불편없구요.저렴한 가격으로 건강과 환경 챙기고,서울 구석구석 갈수 있게되어 좋은 아이디어 칭찬합니다.ㅎㅎ끝까지 함께해주세요"
강성인,5,2021-10-14 14:43:11,사용하기 넘 편해요
김은,3,2021-10-14 14:39:00,시간에 다 타고 안 잠그고 두면 큰일이에요 ㅜㅜ
일월,5,2021-10-14 14:37:54,초창기부터 따릉이를 정말 잘 사용하고있는 시민입니다^^ 따릉이라는 시스템이 출퇴근하는 성인이나 통학하는 학생 등 남녀노소 가리지 않고 우리 생활의 기쁨으로 자리잡아가고 있어 정말 즐겁고 감사합니다 갈수록 편해지는 시스템에 놀라움마저 느낍니다 이용해 본 결과 몇가지 건의하고자합니다 1. 따릉이 대여소의 지속적인 확장 : 지금도 물론 대여소가 많지만 조금 더 우리 생활 가까이 대여소가 생겼으면 좋을 것 같습니다. 2. 따릉이 어플이 안정적 실행 : 물론 지금도 훌륭하지만 가끔 에러가 발생합니다. 대여나 반납시 반응도 가끔 느릴 때가 있어 조금 더 개선되길바랍니다. 3. 스마트폰이 미숙한 어르신들이나 아이들을 위한 개선 : 젊은층들이야 아주 익숙하지만 어르신들과 아이들에겐 스마트폰대여가 힘들 수 있습니다 선불제 교통카드식으로 대여할 수 있도록 한다면 더 다양한 계층이 사용할 수 있으리라 생각합니다. 4. 따릉이가 조금 더 알려질 수 있도록 홍보 및 이벤트가 더 생기면 좋을 것 같아요
김민지,5,2021-10-14 14:36:05,학원수강 들으며 운동삼아 출퇴근 때 애용하는데 너무 좋아요..
강정화,5,2021-10-14 14:34:29,자주 이용하고있어요 넘 좋아요
Joon Yoo,5,2021-10-14 14:34:26,새로 변경된 앱 조아요~
Sunniest J,5,2021-10-14 14:31:54,편하게 따릉이 이용할 수 있어서 좋아요!
어둠의 다크니스한 전설의레전드,4,2021-10-14 14:29:23,불루투스 연결 오류만 빼면 다좋음
이만희,5,2021-10-14 14:26:34,큐알 인증이 좀 느리긴 한데 예전보단 많이 좋아졌네요
륧륣륩륣,1,2021-10-14 14:25:12,그동안 잘 되었는데 오늘 유독 접속도 원활하지 않을 뿐더러 결제하려고 하면 흰 화면만 반복되고 9998 에러가 뜨는 등 문제가 많네요.
Gahee Jung,5,2021-10-14 14:24:24,예전에 불편을 느꼈던 부분들이 거의 다 보완이 된 것이 느껴지고 뭐 따릉이는 그저 빛 출퇴근길 한강뷰 보며 운동도 하고 삶의 질이 달라졌어요
김미정,5,2021-10-14 14:23:42,요즘 퇴근용으로 따릉이 타고 다니는데 이 제도를 왜 이제야 알았나 싶을 정도로 편하고 재밌어요~가까운 거리를 갈때나 요즘같은 코로나 시국에 가슴이 답답할때 따릉이 타고 한강을 달리면 속이 조금은 시원해 지는거 같더라구요~믿고타는 따릉이~언제나 잘 이용하고 있어요 공유 시스템상 먼저 사용한 사용자가 따릉이의 상태가 이상할때는 꼭 고장신고 누르기 잊지마세요^^
이지원,5,2021-10-14 14:22:30,시간당은 물론이고 1달 이런 식으로도 결제할 수 있어서 아주 유용해요:) 환경도 지키고 건강도 지키는 느낌 좋아용ㅎㅎ
Dave Park,5,2021-10-14 14:20:54,지도보기가 부드러워지고 빨라졌습니다. 앱 진입시에 반응속도도 굉장히 빠르구요. 편하게 잘 쓰고 있습니다.
주이(해피보스),5,2021-10-14 14:20:07,최고예요 매일 사용합니다.
이정재,5,2021-10-14 14:19:19,앱이 점점 발전해나가면서 사용하기 너무 편해지고 있어요:~ 덕분에 따릉이도 더 자주이용하게 됐습니다.다만 자주 사용하는 결제수단을 저장해서 쓸수있게 해주면 더욱 좋을것 같아요
김도경,5,2021-10-14 14:19:12,사용이 편리해서 좋아요👌
정쩡,5,2021-10-14 14:18:48,쓰기 편하고 대중교통 대신으로 쓸 수 있어서 너무 좋아요. 계속 유지해줬으면 좋겠습니다ㅜㅜㅠ다만 반납한 뒤로도 고장 문제를 신고할 수 있었으면 좋겠어요
이건용,5,2021-10-14 14:17:56,따릉이 대여하는건 너무 좋은편
Arum Baek,4,2021-10-14 14:17:10,시원해지면 타고있는데..저렴하고 좋아요
jhjh,5,2021-10-14 14:16:48,지도에서 실시간으로 잔여자전거 보이는 기능이 참 편합니다. 임시잠금기능도 너무 유용하게 쓰고있구요. QR자전거로 편하게 이용했는데 어느날부터인가 잘 인식이안되서 번호로 입력하고있어요 ㅠ. 카메라 고장도 아닌데 왜 그런건지...ㅠ 블루투스 연결이 늦어서 앱을 다시 실행해야할때가 종종 있습니다~
구현영,5,2021-10-14 14:16:39,따릉이 너무 좋아요! 한번씩 연결이 되지 않을때 시간이 오래 지체되는 부분은 고쳐지몀 좋을것 같아요
가롱,4,2021-10-14 14:16:24,따릉이 잘 이용하고 있습니다! 다만 이제 QR형식이라 주차할 수 있는 곳이 곳곳에 있었으면 조금 더 좋을 것 같아요!
DY K,5,2021-10-14 14:16:19,좋습니다.
치훈,5,2021-10-14 14:15:59,"많은 사용자들이 증명하듯, 이전보다 더 좋은 방향으로 개선되는 모습이 좋습니다"
Kevin Cheon,5,2021-10-14 14:15:31,안정적으로 운영되고 사용하기 편해졌어요. 제로페이도 기본 결제수단으로 지정할 수 있으면 좋겠습니다.
유후핑코컨텐츠,5,2021-10-14 14:15:26,간편하고 좋아요 그런데 자전거 선택시 타이어 공기압이 충분치 않아요
EunYub Jeon,5,2021-10-14 14:14:13,따릉이 좋아요!
민창,5,2021-10-14 14:13:35,필요할때마다 너무 편리하게 사용하구이써용! 넘나 좋은듯요ㅎ
박주희,5,2021-10-14 14:13:09,저렴하게 잘타고 다녀요~6개월정기권2번째 구매네요
박정섭,5,2021-10-14 14:11:37,완전 좋아요 따릉이 덕분에 딸과의 사이도 좋아졌어요 좋은 추억을 선물해 주셔서 감사합니다
seongjun Kim,4,2021-10-14 14:11:26,좋아요
Jenny,5,2021-10-14 14:11:06,출퇴근때 이용하려고 시작했는데 요즘 자전거 타는 재미가 들어서 계속 타려고 하고 있어요!! 가끔 이용하던 장소에 자전거가 한대도 없어서 조금 불편하긴 하지만 금방 다시 채워지더라구요. 조금 불편한게 있다면 처음 사용할때 어떤 자전거가 어떤용도인지 설명이 없어서 조금 헤맸던거 같아요... 아직도 새싹 자전거가 어른도 타도 되는지 의문이 들긴해요. 일반 자전거보단 작은거 같아서.... 그리고 자전거 대여하고 타다보면 앱에서 자주 오류가 떠요... 대여하거나 앱에 문제가 있진 않아서 그냥 넘어가긴 하죠
김지혜,5,2021-10-14 14:10:49,"전보다 대여소도 많아지고, 관리도 철저히 하려고 노력하고 있다는 게 느껴짐. 아주 잘 이용하고 있음!! 개인적으로 적극추천"
감자준우,4,2021-10-14 14:10:27,지도가 부드럽게 움직여서 좋아요
Seonghyun Kim,4,2021-10-14 14:10:21,앱이 개선되고 나서 많이 좋아진거 같습니다. 하지만 종종 연결 오류로 불편을 겪었던 경험이 있습니다. 그 부분 이외에는 매우 만족합니다.
HanMin Jang (Jang Pro 119),3,2021-10-14 14:09:52,제발 QR코드 인식좀 잘되게 개선해 주세요. 그리고 블루투스 이어폰 사용시에도 접속되면 더이상 바랄께 없을듯요
hyelim kim,5,2021-10-14 14:09:45,너무 편하게 잘 이용하고있습니다. 예전에비해 대여소가 많아져서 너무 좋아요~ 가끔 블투가 잘 연결 안되는것빼고는 만족 대만족
박보영,5,2021-10-14 14:09:36,언제든필요할때 가까이 있어 굿!
강탄아,4,2021-10-14 14:09:31,"안장, 좀 더 높일수있게 해주세요."
でジモン,5,2021-10-14 14:08:24,"점점 UI가 편리해져 가는 것 같습니다!! 고생이 많으십니다~ 몇가지 추가적으로 보완되었으면 하는 점은, 1) 잠금 기능에 대한 보충 설명 (제한이라던가, 따릉이 정류소에서 하면 그냥 반납된다던가) 2) 반납 10분전이나 30분전에 알람 기능이 있으면 좋겠습니다 3) 정류소를 클릭해서 현재 위치에서 가는데 어느정도 걸리는지 지도앱과 연동하여서 알수 있으면 좋겠습니다"
감자도둑,3,2021-10-14 14:07:50,따릉이 정기권 사용중인데 안드로이드폰에서 오류가 너무 잦아요... 아이폰은 워치차고도 qr인증 잘되는데 갤럭시는 인증이 너무 안돼요...몇번이나 앞에서 해야 인증되는데 해결을 부탁드려요..
jiyeon lee,5,2021-10-14 14:07:27,너무좋아요. 저렴하게 자전거 이용할수있고 관리도 잘해주셔서 자전거 망가짐없이 안전하게 타고있습니다. 따릉이 만세
조디에듀 강사 김채원,5,2021-10-14 14:05:52,신세계
럭키소녀,4,2021-10-14 14:05:23,QR인증으로 더 편리해진 따릉이 회사출퇴근 또 지인과 바람쐬러 갈때등 활용하고 있는데 너무 유용하게 많이 활용하고 있습니다:)
크리스,4,2021-10-14 14:05:02,좋음 오류는 좀 있음
June Choi,4,2021-10-14 14:04:56,이용하기 편리해요. 다만 제로페이로 결제하는 프로세스가 보다 단순해졌음 좋겠고 블루투스를 미리 켜놓지 않으면 한번에 자전거 잠금이 풀리지 않는것도 개선되었음 좋겠네요!
HS Seo (SSU),5,2021-10-14 14:04:25,서울시에서 가장 좋은 서비스 중 하나 앱 자체의 버벅임은 있지만 양질의 자전거를 빌릴 수 있어서 굉장히 좋고 또 큐알 체크로 간편하게 빌릴 수 있어서 굉장히 좋아요. 블루투스 이어폰과 대여를 동시에 못 하는 건 조금 불편하지만 큰 결함은 아닌 것 같습니다. 앱 내에서 결제만 조금 더 편리해지면 더 좋을 것 같아요!
Jinyoung Choi,5,2021-10-14 14:03:42,"이제까지 쓰면서 크게 불편한 점도 없고, 괜찮아요. 주변에 어떤 시간 때에는 자전거가 가끔 부족할 때도 있는데, 효과가 있는지는 모르겠지만 자전거를 더 신청할 수도 있고요. 결제도 쉽게 할 수 있도록 잘 되어있네요."
정이슬,5,2021-10-14 14:02:22,"지도, 위치, 대여소 등 정보가 처음해보는사람도 한 눈에 알아보기 쉽게 나와있고 오류 한번 없이 이용가능했으며 불편사항,민원 대처 속도가 굉장히 빨라서 아주 만족하면서 사용중입니다!"
Sua Cho,5,2021-10-14 14:02:21,유저 인터페이스가 좋아요 잘 타고 있습니다!
sing-sing sing,5,2021-10-14 14:02:15,훨씬 빨라졌어요!
조세빈 (Pomonabin),5,2021-10-14 14:00:38,잘사용하고있어요 ~~~ 다시 30%할인
걍웃엉,5,2021-10-14 14:00:26,따릉이앱 따릉이 찾기도 편하고 이용권 구매하여 이용하기도 편리합니다.
김용인,5,2021-10-14 14:00:06,"퇴근후 , 주말에 자주 이용 합니다 아주 좋아요 근데 기름칠 좀 자주 해줬으면 합니다 자전거가 잘 안 나갈때가 있어요 감사합니다"
정우영,5,2021-10-14 13:59:20,"따릉이 이용에 아주 편리합니다. 실시간 조회 및 대여, 반납까지 쉽게 할 수 있어서 좋아요! 따릉이 최고!"
치바리,5,2021-10-14 13:59:08,잘 타고 있습니다. 몇몇 자전거는 수리 혹은 교체가 필요해 보이지만 운영도 점점 더 잘 되는것 같네요.
이정호,4,2021-10-14 13:58:36,앱이 편리하고 좋으나 실시간 따릉이 대수와 안맞을때 있네요
임또지,4,2021-10-14 13:58:04,챗봇 안내 서비스로 모르는 내용 빨리 알 수 있어서 좋았어요! 덕분에 그자리에서 당황하지 않고 바로 처리했네요ㅎㅎ
Jason Lee,4,2021-10-14 13:57:26,연결 좀 잘 인식하게끔 해주세요
갈라스스,4,2021-10-14 13:57:11,가끔 한번에 연결되지 않는걸 제외하면 좋은 어플인것 같습니다 잘쓰고있습니다^^
Yejun Kim,5,2021-10-14 13:56:58,"너무 잘 이용하고 있습니다. 앱도 예전보다 보기 편해졌고, 특히 예약이 없어진 게 좋네요. 그런데 자전거와 연결은 조금 더 빨라졌으면 좋겠습니다."
김영식,3,2021-10-14 13:56:11,항상 이용하고있습니다 좋네요
이해욱,4,2021-10-14 13:56:00,"별 점 하나를 뺀 건, 대여나 잠시 잠궜다가 다시 풀 때, QR 코드 인식이 생각 보다 느린 것 같아요. 제 핸드폰 문제인건지...수고하세요."
김민욱,4,2021-10-14 13:55:53,"앱이 대부분 편한데, 결제창에서 종종 앱이 종료되거나 먹통이됩니다. 이것만 개선되면 좋을것같아요"
정미영,5,2021-10-14 13:55:38,따릉이 초기부터 사용한 사람입니다! 확실히 예전보다는 어플도 빠르게 작동하고 오류도 많이 사라져서 편하게 사용하고 있습니다!. 다만 아쉬운 부분은 추가배정요청이 무조건 0대일 경우만 신청할 수 있다는 것이 아쉽습니다ㅠㅠ 3대 정도 남아있을때부터 추가 요청을 신청할 수 있게 개선된다면 더 좋을 거 같습니다!
김준우,4,2021-10-14 13:55:13,대여하기 버튼을 누르면 카메라가 실행되는데 따로 일련번호로 대여할 수 있는 버튼도 만들면 좋겠습니다.
SB J (귀여운나의친구),5,2021-10-14 13:54:01,항상 잘 이용하고 있습니다 안될때 전화하면 친절하게 알려도 주시고 좋아요!!!
Lia Kim,5,2021-10-14 13:53:49,"따릉이를 유용하게 잘 이용하고 있는 사용자입니다! 전반적인 앱의 편리함이나 시스템에는 매우 만족합니다. 대여/반납 시스템과 앱의 구조 또한 사용하기 편하게 되어 있는 것 같아요. 다만 조금 개선되었으면 하는 점은, 따릉이를 대여하려고 QR을 찍을 때 가끔 튕기거나 인식을 못 하는 부분입니다. QR이 찍혔는데도 갑자기 다시 카메라 화면으로 돌아가버린 적이 몇 번 있었어요! 이 점만 개선되면 더욱 편리한 따릉이 이용이 가능할 것 같습니다 :-)"
장준화,5,2021-10-14 13:53:05,서울 어디서든 이용가능한게 특장점~! 저렴한 비용도 굉장히 매력적이에요:)
박지훈,5,2021-10-14 13:52:07,사용하기도 쉽고 문제 발생도 없는 것 같아서 아주 만족합니다!
이은희,5,2021-10-14 13:51:48,짧게 짧게 이동할 때 아주 유용합니다~ 도보나 대중교통으로 이동하기 애매한 구간을 따릉이로 활용해요~~ 서울시 정책중 최고라고 생각해요!
강토니,5,2021-10-14 13:51:09,좋아요. 따릉이 고장신고 버튼을 메인 화면에 배치해주세요. 못찾겠어요.
김기범,5,2021-10-14 13:50:46,이벤트 굿
Jooyeol Lee,5,2021-10-14 13:50:31,따릉이앱이 옛날보다 전체적으로 좋아졌습니다. 옛날에는 쿠폰적용할때도 에러난 적 있었거든요~ 그래도 가끔 대여하고 반납시 에러가나는데 고객센터에서 상시로 응대해줘서 이용하기 편합니다.
이은주,5,2021-10-14 13:49:31,편하게 이용잘하고 있습니다~~
JAE SIK labatuse,5,2021-10-14 13:47:18,따릉이 사용할때 한가지 아쉬운부분이 블루투스에 이어폰이 연결되어있을때 연동이 안되는 것 인데 이것을 제외하면 이번업데이트에선 느려짐등 오류는 보질 못한것 같네요
김민석,4,2021-10-14 13:46:50,항상 편하게 출퇴근용으로 사용하고있습니다 ^^ 동네에 항상 따릉이 채워주시는 분들에게 감사드립니다~
김동환,5,2021-10-14 13:45:31,어플이랑 실제 사용 가능한 자전거 수가 가끔 달라 당황했어요 ㅠㅠ
이충훈,4,2021-10-14 13:44:45,다 좋은데 갤럭시 워치만으로 따릉이를 타고 싶은데 코드 있는 자전거 몇개만 서울에 풀어주시면 안될까요?
이현빈,3,2021-10-14 13:44:36,새로운 버전이라 버그들이 고쳐진 것은 좋으나 대여시 한번씩 지연되는 문제가 남아있네요
오정선,5,2021-10-14 13:44:29,집근처에 있는지도 확인되고 없을때는 보충신청도 할수있어 너무좋아요.
백수콩,5,2021-10-14 13:44:26,좋아용
락휴,5,2021-10-14 13:41:16,점점 발전되는 모습이 보여서 좋습니다!!
채연,5,2021-10-14 13:41:15,언제 어디서나 편하게 탈 수 있어서 너무 좋습니다. 간혹 대여소에 자전거가 있다고 뜨나 없는 경우가 종종 있는데 찾을 수 있도록 자전거에서 소리가 나거나 그런 시스템이 있었으면 좋겠습니다(유사서비스로 전동킥보드 빔이 소리를 울려 위치추적이 가능합니다)
수,5,2021-10-14 13:40:00,따릉이를 사랑하는 시민입니다. 친환경적이고 건강에도 좋은 이동수단이기 때문입니다. 이용법을 몰라도 앱 안내를 통해 쉽게 접근할 수 있어서 처음 사용할 때도 어려움이 적었습니다.
킴티나,5,2021-10-14 13:39:51,세상에 너무좋아요 차비도 덜들고 그냥 경제적으로 환경적으로 그리고 건강에도 너무 좋은 따릉이~~♡♡ 서울에 살아서 너무행복하고 또 세계에서도 대한민국에서도 너무 자랑스러운 서울입니다 울나라 공무원들 칭찬해~~♡
김현주,5,2021-10-14 13:39:46,직관적이라서 보기가 편해요. 다만 가끔 인식이 느립니다.
뜻돌,5,2021-10-14 13:38:35,블루투스를 키지않으면 대여시간이 오래걸리는걸 해결 해주시면 좋겠습니다.
wecan1004,3,2021-10-14 13:38:05,자전거 정류장은 많은데 실제로 탈수있는 자전거 수가 너무적어요 정류장에 있는 실제 자전거수도 어플 숫자현황이랑 달라서 불편합니다ㅜ
EJ K,5,2021-10-14 12:15:03,퇴근길 자주 이용하고 있습니다~ 자전거 안장을 최대로 올려도 낮은 따릉이가 있는데 최최근거는 더 높일 수 있어 너무 좋아요 :) 가족끼리 따릉이로 한강도 자주 다니고 자전거 도로 정비도 잘 되어있어서 따릉이 탈 맛이 납니다 ^^
최운정,4,2021-10-14 07:53:36,전반적으로 기능이 잘 갖춰져 있어서 편리하게 사용하고 있습니다. 가장 개선되어야 할 점은 자전거 네비게이션 기능이 추가 되면 좋을것 같습니다. 네이버네비를 이용하고 있는데 따릉이와 네이버네비를 혼용하려니 불편하네요~ 그리고 서울과 인접한 광명에도 따릉이가 있으면 정말 좋겠네요. 어떻게 안 될까요?따릉이 때문에 서울로 이사가고 싶어요. 안양천 근처 두세 곳이라도 ..
김희선,3,2021-10-13 23:04:39,점차 발전해가고 좋아지는 건 느껴지나 간혹 큐알인식이 안되거나 너무 오래걸리고 빌리는데 로딩되는 게 너무 느려 아쉽습니다.
조성조,1,2021-10-13 22:32:38,인식 실패가 왜이렇게 많이 뜨나요 반납한지 꽤 됐는데 자꾸 대여중이라고 떠서 10분넘게 기다린적이 너무 많아요 전체적으로 어류가 너무 많네요
박현준,5,2021-10-13 22:14:15,다 좋은데 자전거 상태 체크만 좀 자주했으면 좋겠음.
문운희,1,2021-10-13 20:18:01,자동 업데이트 안돼요
sdf2345sa,1,2021-10-13 19:50:19,왜 우리집앞 따릉이 없앴나요!!!!!!!
박정진,5,2021-10-13 19:43:23,주말에 자전거. 타고싶을때 잘 이용하고 있습니다 다만 요즘들어서 앱하고 자전거 연결이 지연될때가 좀 있네요.. 몇번 반복하면 다시 되곤 합니다만 그 외에는 별 이상없이 사용하고 있어요~ 자전거 새로 추가한다면 안장을 조금 더 높게 할수 있으면 좋겠어요~ 키 큰 성인 남자가 타기엔 조금 낮은듯해요ㅠㅠ
Sj Lim,4,2021-10-13 18:40:53,업데이트 후에 인식율과 연결율이 높아졌어요. 대여 취소가 생긴 것도 좋아요. 예전엔 한없이 기다려야 했는데...
윤현진,5,2021-10-13 18:21:34,QR 코드를 이용해서 쉽게 대여 가능하고 대여소도 많아서 잘 이용하고 있습니다. 블루투스 이용 시 대여가 안될때가 있다고 안내를 미리 하고 있지만 대여 실패 시에 대여취소를 하려고해도 오류가 나기도 하고 시간이 많이 걸릴 때가 있습니다. 반납도 통신 오류 등으로 반영이 잘 안될 때가 있는데 반납 남은 시간을 카톡으로 알려주는 점은 유용합니다.
노유진,5,2021-10-13 16:50:31,리뉴얼되고 로그인도 더빨라지고 앱구성도 눈에 더 쉽게 들어옵니다! 굿굿
Youngrai Cho,5,2021-10-13 16:34:01,출퇴근시 잘 이용하고 있습니다. 생각보다 이용이 간단해서 좋아요.
Y MR,5,2021-10-13 16:09:43,사용하기 쉽고 직관적인 인터페이스 위치정보와 연계도 잘되고 매우 편리 제안) 사용직후 자전거 이상유무를 사용자에게 즉시 체크하게 해서 메인테넌스와 연계하면 좋을듯
JinYeong Yoo,1,2021-10-13 16:05:57,번호로 하는 거 잘 안 돼요.
궁둥이,5,2021-10-13 16:01:02,아주 잘 타고 있습니다 감사합니다
이유진,5,2021-10-13 15:41:49,"좋아요~ 매일 사용하고 있어요 업데이트되고 나서 결제, 사용하는 것도 더 편리해졌어요 😁"
파파파팍,5,2021-10-13 15:40:48,따릉이 어플생기고 자전거잘찾아서좋아요
이영찬,5,2021-10-13 15:36:28,"외국에서 먼저 운행하는 공유 자전거 시스템을 한국에 들여오신 따릉이 관계자분들 감사합니다. 학교 통학, 알바 출퇴근에 이용하고 있어서 교통비 절감에 많은 도움이 되고 있습니다. 잘 이용하고 있습니다^^♥ 감사합니다.^^"
기묘진,5,2021-10-13 15:35:14,너무 좋고 편해요
비단쌤,3,2021-10-13 15:26:14,지도에 대여소랑 대여가능 자전거 수가 표시되어 사용이 편리합니다 큐알코드 대여만 있는게 약간 아쉽 습니다 간혹 큐알 인식이 안되는게 있었거든요 급할땐 짜증나요 또 큐알코드로 대여하려고 할때 종종 베터리가 없어 대여가 안된 경우가 있습니다 자전거 운행중에 충전할 수 있으면 좋겠습니다 대여소를 늘여주세요 따릉이는 관리하시는 분들이 있어서 대부분 상태가 좋습니다 만족도가 높아 프리미엄으로 사용하고 싶은데 프리미엄에라도 앱에서 한 번씩만이라도 시간연장하는 기능이 있으면 좋겠습니다
강대용,4,2021-10-13 15:17:56,기어에 기름칠좀 ..
hihim kim,5,2021-10-13 15:17:48,계속 업데이트 되면서 사용하기가 편리해져 유용하게 잘 이용하고 있습니다. 전에 비해 QR 시스템 페어링이 수정이 되어 페어링이 잘 되어 사용하기 무척 편리합니다!
이승희,5,2021-10-13 15:16:44,주변 어디서든 이용가능하고 정확한 정보제공 좋아요
유리알,5,2021-10-13 15:11:34,따릉이 너무 잘타고있어요~~90일이용권도 생겼음바래요. 감사합니다~~~~
이지은,5,2021-10-13 15:03:22,따릉이 덕분에 출퇴근 잘하고 있어요 주말에 한강도 가고 따릉이 설치장소가 더 많아지면 좋겠어요 따릉이는 진짜 최고
박지민,5,2021-10-13 14:49:33,"가까운거리 환경보호한다고 생각하고 타고다니면 뿌듯하고, 오랜만에 자전거타면서 시원한바람도쐬서 기분도 좋았습니다 그리고 무엇보다 1시간에 1000원이라는 합리적인가격덕에 더 많이 이용하는거 같습니다 ^^"
김BN,5,2021-10-13 14:48:51,공공자전거로 너무 훌륭합니다. 관심없던 시기에 몰라서 활용못했지 알고나선 연간권으로 타고 있어요. 주로 이용하는 대여소가 정해져있고 범위를 넘어선적이 없기에 애로사항이나 요청사항이 없는게 아쉽긴하지만^^ 여태 수시로 제 발이 되어준 따릉이에게 고마움만은 잊지않고 있습니다. 다만 대충의 자전거길에 대해 네비게이션기능이 있다면 좋겠다는 바램은 가지고 있습니다. 쭉 도움받길 바랍니다~~
이동일,5,2021-10-13 14:48:40,비용도 저렴하고 딸과 자주 애용하는 편인데 최근데 바퀴에 바람이 없는 경우가 많네요 대여소 옆에 공기주입기 설치된곳이 더 많으면 좋겠습니다
김경민,5,2021-10-13 14:48:02,최고
우리,3,2021-10-13 14:43:52,너무 무겁고 느린 게 많아요 고장난 거 빠르게 고쳐주시길
김명환,4,2021-10-13 14:42:23,"사용하면서 오류나는 부분이 전반적으로 많이 개선된것을 느껴요~ 하지만, 따릉이 대여시간 단축이 필요할듯하고, 연결오류율을 줄이는데 더 개선 되어야 할듯합니다. 고장난 자전거 신고하는 기능도 조금 더 간편하게 진행되면 좋을거 같아요"
황선규,5,2021-10-13 14:37:23,새벽에도 항상 안전하게 집에 갈수 있게 해주는 소중한 어플.....
김소희,4,2021-10-13 14:32:18,따릉이 가끔타서 이용하는데 블루투스 연결이 잘 안되요ㅠㅠㅠ 그래도 업데이트하면서 조금 좋아졌지만...가끔 안되는 부분이 아까워요 그래도 청소년 자전거도 사용할수 있고 참 좋아요
K이담,3,2021-10-13 14:31:11,큐알연결시 지연되는 점! 대여시 좀더 원활하게 접속이 이뤄지길 바랍니다!
블루문,5,2021-10-13 14:30:14,항상 잘 이용하고 있어요 😆 좋은 시스템인듯
정호,5,2021-10-13 14:29:13,가끔 qr 스캔하고 잠금해지가 되지 않는 오류가 있지만 항상 잘 사용하고 있습니다. 전화상담 해주는 직원분도 친절합니다
황진숙,5,2021-10-13 14:23:32,"앱을 아주 잘 사용하고 있습니다 따릉이도 잘 대여해서 쓰고있고요😀 QR코드로 찍어 대여하면면 편하지만 일렬번호를 써야지만 대여가 되네요 ㅠㅠ 근데 대여 초과 시간이 너무 비싼것갔아요, 하천 같은곳에 있을 땐 대여가 힘들어요 ㅠㅠ 이런거 빼곤 다 좋아요😊"
이다솜,5,2021-10-13 14:19:38,"따릉이 애용자입니다. 서울시 최대업적이라는 우스갯소리처럼 공공자전거 따릉이를 이용하며 많은 편의와 즐거움을 느끼고 있습니다. 특히, 어플을 이용해 남녀노소 누구나 손쉽게 이용이 가능한 점이 장점이라 할 수 있는데, 앱도 지속적으로 리뉴얼되고 업그레이드되어서 갈수록 편리하게 이용할 수 있어 별점 만점 드립니다 :-)"
허지영,5,2021-10-13 14:18:43,서울자전거 따릉이 탄소배출도 줄여주고 운동도 할수있고 교통비까지 절약할수 있는 일석 삼조의 이동수단인거같아요~~ 요즘같은 가을날씨에 딱좋은 자전거타기입니다~ 앱이 리뉴얼되어 훨씬 편하게 이용하고 있습니다!!!!!
무하,5,2021-10-13 14:18:42,따릉이 채워지고나서는 손잡이 방향까지 세심하게 정리도잘되어있어서 깨끗하게 이용하고 있습니다. 서울에서 따릉이 이용하기 좋아요. 가을에 시원하게 탈 수 있겠어요.
상,5,2021-10-13 14:17:45,자전거가 없어서 따릉이 타고 다니는데 너무 좋아요. 가격도 저렴해서 더 좋은 거 같습니다.
AR J,4,2021-10-13 14:17:02,"qr 인식이 잘 안될 때 가끔 있고, 대여반납현황을 기간을 직접 정해서 볼 수 있게 개선 바랍니다."
rider “link” Hosama,5,2021-10-13 14:16:43,파리 자전거 공유 경험을 바탕으로 서울에 도입된 따릉이를 통해 실생활에서의 편의성 확보 및 주말에 가벼운 마을으로 한강을 거닐 수 있는 여유또한 얻었습니다 적극 추천드려요
ahhyeon,4,2021-10-13 14:16:39,앱 리뉴얼 전보다 자전거와 연결되는 데에 시간이 많이 소요됩니다.
kika “긔이”,5,2021-10-13 14:15:56,너무 편리하고 좋아요!
Yujin Oh,4,2021-10-13 14:15:51,자전거 상태가 좋긴한데 qr로 인증할때 계속 연결이 잘 안돼서 한 3~4번만에 대여가 됩니다 급할때는 좀 불편해요 ㅠ
김동훈,3,2021-10-13 14:14:41,"연결하려고할 때 생각보다 실패하는 경우가 꽤많고, 여의도와 같은 출퇴근하는 사람이 많은 장소는 자전거가 없을 경우가 많습니다"
BYHK HN,5,2021-10-13 14:14:41,처음엔 전보다 느린것 같았는데 이제 큰 불편없이 사용중입니다. 고장신고는 조금 개선의 여지가 있어보이구요. 수고하세요.
이창수,5,2021-10-13 14:14:27,"잘 이용하고 있습니다. 앱을 통해 이용가능한 자전거를 종류별로(어른용,새싹용 등) 자세히 표시하는것으로 바뀐점,좋네요. 가끔 고장,수리가 필요한 자전거가 앱에 정상적인 자전거로 표시되거나 하는 경우가 있는데, 다음 업데이트시 부탁드립니다. 아무튼 저렴한 가격으로 유용하게 잘 사용중입니다.감사합니다."
Henry Ahn,5,2021-10-13 14:13:42,"① 자전거 연결이 안되는 문제에 대한 해결방법: 블루투스, 위치를 미리 켜고 대여를 시도합니다. 블루투스나 위치설정이 꺼진 상태에서 연결을 시도해도 앱이 자체적으로 해당 기능을 활성화하나, 이 경우 대여를 시도중이라는 메시지만 뜨고 연결이 안되는 경우가 많습니다. ② 나머지 기능은 대체로 만족스럽습니다. 이 가격에 자전거를 이용할 수 있는 것은 서울시민의 특권 중 하나라고 생각합니다. 다만 자전거 분포 문제 (특정 대여소에 자전거 편중 및 자전거가 항상 없는 대여소가 있음) 및 기타 편의성을 조금만 개선해 주신다면 더욱 완벽한 서비스가 될 것이라고 생각합니다. 24시간 대기해주시는 상담 직원분들도 항상 감사합니다 ^^"
Bouli Song,5,2021-10-13 14:13:36,qr코드로 대여할수있어서 이전보다 편리해졌어여 다만 반납하거나 대여 시 시간 좀걸리는게 아쉬워여
유정은,5,2021-10-13 14:13:16,진짜 유용하게 잘~사용하고 있어욥^^/ 다만 정비필요한 자전거는 미리 알수있음 좋을듯합니다~
sun,4,2021-10-13 14:12:47,이전보다 훨씬 좋아지긴했습니다! 아직 반응이 조금 지연되어서 대여/반납시에 시간이 좀 걸리는 부분은 있어요!
강지훈,4,2021-10-13 14:12:43,"마을버스를 타야하나 말아야하나 하는 애매한 출근길에 따릉이는 정말 적절한 선택이며 큰 도움이 되는 수단입니다. 전동킥보드가 판치는 이세상에 무면허에 겁쟁이 저는 면허가 있더라도 자전거를 선호하고, 매일아침 15분가량 도로를 질주하는 자유로움을 따릉이는 느끼게해줍니다. 다만 종종 일어나는 블루투스 페어링문제(무선이어폰과 충돌)가 저를 귀찮게 하지만 비밀번호시스템에서 QR시스템으로 바뀐 현재시스템에 한없이 감사하고있습니다. 너무편합니다. 매번 한달이용권을 구매해서 사용하고 있는데 제가 매달 쓰는 5천원중 가장 후회되지 않는 5천원이고, 매일 잘 쓰는 어플입니다. 전기자전거 따릉이 추진안하나요? 궁금하네요"
송아리,5,2021-10-13 14:12:24,이거 덕분에 차비 많이 아꼈어요 ㅋ2년째 정기권 사용중이에요. 마일리지랑 제로페이 있어서 더 저렴하게 구입가능하고요. 근데 안드로이드 위젯기능이 있었으면 좋겟어요. 굳이 앱 들어가서 대여하지 않고 위젯으로 간편하게 대여할수 있게요
추서진,5,2021-10-13 14:10:16,"보기 훨씬 깔끔해졌고, 지도 보기가 더 편합니다. 자전거가 어떤 종류로 몇 개씩 남았는지 쉽게 알 수 있어 좋아요. 블루투스 연결시 실패 횟수가 많아 아쉬웠는데 줄어들고 있는 것 같습니다."
Keich Kim,4,2021-10-13 14:09:40,가끔 인식 안 될 때도 있지만 나름 만족스럽게 이용하고 있습니다
최영근,5,2021-10-13 14:09:36,편리해서 자주 이용해요.
70 8,4,2021-10-13 14:09:28,언제든지 부담없이 대여해서 자전거를 탈 수 있고 정거장도 많아져서 이용하기 좋습니다. 대여불가능한 자전거나 큐알/번호인식이 안 되는 자전거가 좀 많은데 그런 문제만 해결되면 더 편리하게 사용할 수 있겠습니다.
정윤정,5,2021-10-13 14:07:21,좋아요! 따릉이 편하고 공용자전거임에도 불구하고 관리가 잘 되어있는 것 같아요! 따릉이 거치대가 더 늘면 좋겠네여..ㅎㅎ
최윤영,5,2021-10-13 14:05:52,언제 어디서든 따릉이 있는 위치찾고 탈수있어서 운동도 되고 엄청 좋아용ㅎㅎㅎ
나경(바라기),5,2021-10-13 14:05:25,서울에서 자전거로 갈 수 있는 곳은 따릉이가 있어서 너무 좋아요~~저는 매일 출퇴근을 따릉이로 하면서 교통비 절감! 체중관리! 건강관리 1석3조 혜택을 보고 있습니다~~
Jongwon Lee,5,2021-10-13 14:05:22,블루투스연결이 가끔 안되긴하지만. 큰 문제는 아니에요. 아마도 블투이어폰 때문이 아닌가 생각하고 있습니다.
HanByul Yoon,5,2021-10-13 14:04:47,QR로 인식해서 쓰니까 좋긴한데 GPS개선이 조금 필요해보입니다 처음부터 내 위치를 잡고있으면 좋겠습니다
윤현,4,2021-10-13 14:04:39,특정 정류장에는 항상 자전거가 부족해요 수요에 맞게 재배치 부탁합니다
KyungSam Jung,3,2021-10-13 14:04:31,반응속도가 이전보다 느리고 앱종료시 과거엔 백 버튼 두번 누르면 자동 종료되었는데 그 기능이 사라져 아쉽다. QR코드 인식 카메라도 과거보다 불편하다.
유재용,5,2021-10-13 14:04:26,시장갈 때 사용하기 좋습니다.
윤재곤,5,2021-10-13 14:04:22,춡퇴근시 등에 편하게 이용하고 있어요
김용범,5,2021-10-13 14:02:41,어플이 새단장하면서 더 깔끔해지고 더 빠른 반응속도로 답답함이 줄었습니다. 아직 오류로 인해 가끔 qr인식이 안된다거나 하는 문제가 있긴하지만 어플강제종료하고 다시 실행을 반복하면 되더라구요 급할때는 짜증나지만 평소에는 참을만합니다.
Google 사용자,4,2021-10-13 14:02:08,분단위로도 사용 가능했음 좋겠어요 1시간이용권으로 몇분밖에 못탔을 경우 나머지 이용시간이 시간이 지나면사라진다는게 넘 아까습니다.
최다희,5,2021-10-13 14:01:11,항상 잘 이용하고 있습니다. 종종 버벅거리긴 하지만 점차 개선되어가는 것이 보여서 넘 좋아요.
bb,4,2021-10-13 14:01:09,정말 잘 타고 있습니다. 다만 가끔 40~50확률로 큐알코드로 연결을 시도할때 한번에 연결 안될때가 있습니다.....좀 스트레스 받네요
Misha Choi,5,2021-10-13 14:00:00,편리하게 사용하고 있습니다. 6개월 정기권 사용중인데 끝나면 재연장하려구요~
각지니ZINI,5,2021-10-13 13:59:30,서울시 따릉이는 저의 발이에요!!! 업데이트 리뉴얼 되고 더 보기도 편하고 너무 예뻐져서 ㅎㅎ 더 좋습니당!!! ㅎㅎ 더 여러군데 생겨서 더 편리해 졌구요!!! 따릉이 출퇴근자는 항상 즐겁습니당!!!^^
HUNGYUN,5,2021-10-13 13:58:51,따릉이는 서울시민과 서울에 방문한 사람들에게 제2의 대중교통입니다. 따릉이를 널리 사용합시다!
신희경,5,2021-10-13 13:58:45,따릉이지도나 전체적인 UI 디자인이 업데이트때마다 간편해져서 좋습니다! 예전에는 인식에 약간 오류도 있었으나 Qr따릉이 도입 후 Qr스캐너가 쉽게 인식되고 빠르게 연결되서 항상 잘 애용하고있습니다! 따릉이 짱 ❤
메론빵,5,2021-10-13 13:57:22,자전거 주차장이나 잔여 대수가 잘 표현돼서 정말 편리하게 사용 중입니다!!
김범철 (큰Gom),4,2021-10-13 13:57:01,"터치패드를 사용했던 따릉이부터 지금의 따릉이까지 써 오면서 느낀점을 대략 적어봅니다 가끔 블루투스 연결 안돼서 이용권 사도 이용 못하는 경우가 많거나, 다른곳의 거치대까지 가서 이용하는 경우도 있다. 자전거 고장이나 점검 신고에 대한 부분이 사용자들에게 알려져있지 않은듯, 멀쩡한줄 알고 빌렸는데 체인이 빠져있거나 바람이 빠지는등의 자전거가 종종 있다. 타이어 공기압은 발로 확인할수있지만, 체인이나 휠이 멀쩡한지는 잠금해제를 한 후에 알수있기때문에 약간 불편하다. 레버를 제껴서 안장높이를 조절하는 구 자전거들과 달리, 스프링을 눌러서 안장 높이를 조절하는 방식은 편하지만 안장이 생각보다 높이 올라가지 않아서, 조절하기 불편해도 구 자전거를 주로 사용한다. 물론 전체적인 자전거 대수가 늘어나고, 체형이 작은 사람용 자전거가 생기는 등 여러 개선된 점이 있지만, 헬멧이 없거나 기어변속이 잘 되지 않는 등의 문제는 좀더 개선되어야 할 부분이다."
강은봉,5,2021-10-13 13:55:59,항상 잘이용하고 있습니다 결제오류가 가끔 있는부분은 꼭 보완해주시길 바랍니다
머요,5,2021-10-13 13:54:40,따릉이 아주 오랫동안 이용한 사람인데 자전거 대여소도 많고 QR인증 방식으로 빌리는 게 너무 편해서 좋아요!! 건의사항도 금방 반영되고 앱도 매번 편하게 리뉴얼 돼서 항상 즐겁게 자전거 탑니다 :) 따릉이 사랑해!!!
홍다슬,4,2021-10-13 13:53:56,앱 구성이 잘 되어있고 사용하기 편리합니다.
Paul,5,2021-10-13 13:53:41,qr로 쉽게 대여하고 대여장소도 많아 이용하기 너무 편해요
한실,5,2021-10-13 13:50:41,사용하기 편리해요
백민제,5,2021-10-13 13:50:19,매일 출퇴근시 타고 다니는데 너무 편하게 잘 타구 있습니다
김효지,5,2021-10-13 13:50:09,좋아요~
한혁,4,2021-10-13 13:50:02,처음보다 많이 개선되고는 있습니다. 하지만 아직도 잠금오류는 가끔씩 일어납니다 지하철 시간에 맞춰..쫓기듯이 도착해서 잠금됐다는 메세지를 듣기까지가 긴 시간입니다. 그냥 가자니 오류가 신경쓰이고..
연탄맛초콜릿,5,2021-10-13 13:49:51,예전에 굉장히 조잡하고결제도 싑지않던 때가 생각나는데지금은 어우 진짜 상잔벽해가 따로없네요 굉장히편해졌습니다
유리,5,2021-10-13 13:49:45,시스템 너무 좋습니다 따릉이 쏠림현상만 해결되면 좋을 것 같아요 :)
Hodu K,5,2021-10-13 13:49:06,저는 타지역사람인데 서울갈때마다 따릉이이용하고있어요. 1단~3단까지 조절해서쓸수있고 안장높이도쉽게 바꿀수있어서 좋아요. 추가됐으면좋겠는건 따릉이 어플을 자전거타는동안이용할수있게 자전거길 네비도 됐으면좋겠어요. 그리고 잠금장치가 뒤에 있어서 처음에레베안내리구 그냥와서 당황스러웠던적이있어요.물론제부주의었고 상담사님도움으로 해결했지만 핸드폰이랑 자전거가 어느정도 멀어지면 경고할수있는장치가있음 좋을거같아요.
mongkkul Kim,5,2021-10-13 13:48:28,진짜 이동하는데 쏠쏠하게 이용하고 운동겸해서도 탑니다
이아량,5,2021-10-13 13:47:04,편리하게이용할수있어서 너무 좋아요
BOYO,5,2021-10-13 13:47:00,잘 사용하고 있습니다. 그런데 지도에 표시되는 대여소는 전 어플의 방식이 더 좋은거 같아요
Geoni Kim,5,2021-10-13 13:44:25,예전에는 이어폰 사용하다가 따릉이 사용하려면 블루투스 연결이 잘 안됐는데 개선이 되었는지 잘 되네요! 어디에 몇대가 있는지 파악하기 쉬워서 이용 잘 하고 있어요~
이혜영,5,2021-10-13 13:43:50,마일리지 쌓인 거로 일부 결제할 수 있게 변경 안 되나요? 열심히 마일리지 쌓고 180일 정기권 결제하려는데 정기권 금액에 못 미쳐서 그런지 마일리지는 선택도 안 되더라고요. 예를 들어 결제 금액이 2만원이면 3천원 마일리지 + 1만7천원 선택한 수단으로 결제가 가능해지면 좋겠습니다. 그리고 1시간 정기권 사용하는 사람도 가끔 2시간 사용하고 싶을 때 있는데 이럴 땐 어떻게 해야할지 모르겠어요... 그냥 쌩으로 2시간 1일권 구매해야 하나요? 그리고 앱이랑 상관 없는 의견이지만 한강 자전거 도로에도 몇군데는 대여소 생기면 좋겠어요~ 시간돼서 밖으로 나가야할 때 좀 난감합니다.
새로운날,4,2021-10-13 13:41:28,QR이 많이 편하긴한데 블루투스 이어폰사용시에도 대여가 되게 개선되면 좋겠네요. 그리고 근처 대여소 보여질때 현재위치가 표시됐으면 좋을 것 같아요 이것만 개선되면 더 좋은 어플이 될것같아요~
키니KINI,5,2021-10-13 13:40:17,반납할 때 자동으로 고장 체크하는 거 뜨면 편할 것 같습니다 이상없음 브레이크 고장 이런식으로 쪽 버튼이 나오게 자동으로
권현문,4,2021-10-13 13:36:35,좋아요역시
장우진,5,2021-10-13 13:35:18,아이들과 자전거로 동네 투어 즐기기 너무 좋습니다 자전거 관리상태도 훌륭합니다 아이들이 탈수 있는 싸이즈의 따릉이도 있어 안전하게 탈수 있습니다
DH KIM,5,2021-10-13 13:33:31,출퇴근 버스타다가 스트레스성 탈모오기직전이었는데 자전거도로와 따릉이가 있어서 자유를 찾았어요 가격대비 이용율갑 심지어 유지보수랑 대여소도 많아서 눈물이 날정도로 잘이용하고있습니다 제발계속유지해주세요 'U'
hyun p,5,2021-10-13 13:31:35,잘 사용하고 있습니다.
백형선,5,2021-10-13 13:29:32,편리하게 잘 이용하고 있습니다^^
blue green,5,2021-10-13 12:19:35,서울에서 사용하기 편해요. 가끔 자전거 연결 오류만 없으면 좋을듯!
녹뚱이,5,2021-10-13 00:09:34,"좋아요, 어플 잘 쓰고 있습니다"
wodd droz,5,2021-10-12 19:16:34,친구가 소개해줘서 따릉이 첨써봤는데 좋아요 추천합니다
박수빈,5,2021-10-12 18:16:06,따릉이 편하고 좋아요
호수,5,2021-10-12 16:46:01,편하게 어디서든 타면서 건강도 챙길 수 있어서 너무 좋아요ㅎㅎ 아파트근처 대여소가 늘어나면 더 타기 좋아지겠네요.
이나미,5,2021-10-12 16:36:53,지구를 지키는데 한몫하고 있는 따릉이 사랑합니다~~
박슬아,4,2021-10-12 16:05:00,대중교통 대신 이용하기 편해요. 곳곳에 많아서 센터를 이동할 때 용이해요. 가끔 페어링이 잘 안되고 오류가 뜨는 것 빼곤 만족해요!
이성욱,4,2021-10-12 15:36:43,어디서건 편리하게 이용가능한 따릉이 가히 시민의 발이라고 해도 손색없네요..자주 이용합니다
조은영,5,2021-10-12 15:29:48,1시간전에 반납해서 다시 빌리고 하면 하루종일 이용할수있어서 너무 좋고 진짜 가성비갑 왜 이걸 이제야탔을까 싶을정도임 날도 선선하니 자전거타고다니기 딱좋음
이경숙,5,2021-10-12 15:27:52,큐알코드가 잘 찍안찍혀서 불편할때가 자주있습니다
방지훈,4,2021-10-12 15:05:25,여전히 자전거를 빌리는 과정에서 오류가 많이 발생하고 있어요.
YJ Seo,5,2021-10-12 14:46:19,업데이트 이후로 오류발생이나 연결이 더딘 현상이 개선되었습니다
D D,5,2021-10-12 14:27:12,앱사용이 편리하여 잘 사용하고있습니다. 대여소에 자건거가 더 많이 채워지면 좋을것같습니다
추적자,4,2021-10-12 14:23:52,앱의 편의성에 있어선 좋은 점수를 드리고 싶습니다 다만 블루투스 연결이 잘되지 않아 답답할 때가 있습니다 제 기기문제인지 모르겠으나 요것만 개선된다면 더할나위없이 좋습니다
김비버,5,2021-10-12 14:07:39,따릉이 정말 좋아요. 대여시 시간이 좀 걸리는 경우들이 종종 있긴 하지만 큰 문제는 없는 것 같습니다. 저렴하게 자전거대여 서비스를 이용하는 것 자체가 너무나 좋습니다:)
희,5,2021-10-12 14:01:49,"초기부터 애용한 사용자로서 앱이 지속적으로 전반적으로 개선되어간다고 느낍니다. 이젠 모두 QR대여로 바뀌면서 확실히 편리해졌어요. 임시잠금 기능을 비롯해 기본적인 대여와 반납이 수월해졌습니다. 아쉬운 점으로는, 종종 자전거 연결 오류가 나더라구요. 자전거가 많을땐 옆 자전거를 타면 되지만 그렇지 않을땐 난감해지곤 합니다. 이 점은 개선되면 더 좋을 것 같아요 ㅎ.ㅎ"
한주은,5,2021-10-12 14:00:11,자전거를 사지 않아도 어디에서든 탈 수 있어서 좋아요. 가격도 저렴해서 최고예요
이주영,5,2021-10-12 13:59:55,업데이트 후 이용편의성이 일부 개선 된듯 하네요. 간혹 QR코드 인식이 잘 안 될때가 있는데 개선 부탁드립니다.
킴횻,5,2021-10-12 13:59:30,따릉이 아주 잘 이용하고 있습니다 6개월 정도씩 장기이용권 구매하면 저렴하기도 하지만 빨리 대여할 수 있어서 너무 편해요 또 하루 이용시간안에 여러번 대여가능해서 그것도 너무 좋구요~
조귀순,5,2021-10-12 13:58:02,항상 잘 이용하고 있습니다.
aa a,5,2021-10-12 13:53:28,대여가능 따릉이개수가 직관적으로 표현되어 쉽게 확인 할 수 있어 좋아요. 그리고 자전거도로가 표시되있어서 딱히 다른 지도앱을 사용하지 않아도 따릉이앱으로만 길을 찾을 수 있어서 편리해요. 개선사항으로는 삼성헬스 같은 건강 앱과 연동을 하여 벌도로 건강앱에 기록을 하지 않아도 자동으로 기록이 되면 더욱 편리할 것 같아요.
이미영,4,2021-10-12 13:52:41,"관리가 잘된 자전거를 필요할때마다 이용하여 너무 편함.별점4개인 이유는 가끔 우리동네 이용자가 많은지, 0개(자전거 없음)일때가 종종 있다."
Odds & Ends,5,2021-10-12 13:52:38,"고객센터 응답도 빠르고, 매번 쾌적하게 관리해주셔서 감사합니다. 제로페이로 결제하면 더욱 저렴한 가격에 이용할 수 있어서 대만족하며 이용하고 있습니다~"
HY S,5,2021-10-12 13:51:49,가끔 튕기지만 전반적으로 필요한 정도로는 잘 동작합니다. 만족하며 이용하고 있습니다.
한정민,5,2021-10-12 13:49:58,실생활에 이만큼 도움되는 어플 없죠!! 따릉이 쵝옹!
Jinyoung Park,4,2021-10-12 13:49:57,서울에 살면 따릉이 필수입니다. 항상 유용하게 잘 사용하고 있습니다. 앱이나 시스템 전반적으로 예전보다는 눈에 띄게 좋아졌지만 그래도 아쉬운 점이 있다면 가끔 자전거 연결이 안되는 오류가 일어나네요. 그래도 너무 잘 사용하고 있습니다.
차경호,4,2021-10-12 13:47:30,가끔 통신상태가 원활하지않아서 불편할때가 있지만 사용하는데는 큰 장애는없고 편리합니다..
김봉주,5,2021-10-12 13:44:51,"가끔 잠금은 안풀리고 신호등은 못건널 때 빼곤, 만족합니다. 따릉이 짱"
참나무,5,2021-10-12 13:43:58,좋은 경험이 됩니다. 서울은 자전거 도로도 잘되어 있고? 5km 내외는 1시간내로 자전거 이동이 가능합니다. 자전거 관리가 잘 되어있어 이용에 불편함이 없습니다
Jay Kim,5,2021-10-12 13:42:46,가끔 QR 인식이 안되는 거 빼곤 만족스럽습니다. 따릉이 화이팅!
Tae Yoon Kim,5,2021-10-12 13:41:26,업데이트 이후에는 자동로그인도 되고 연결도 이전에비해서는 확실히 덜 끊기는것같아요 단지 아쉬운점은 그래도 이용할려고하면 자전거수가 부족하다는점? 이것 빼고는 잘이용하고있습니다
멍머이,4,2021-10-12 13:38:50,가끔 QR코드 안 찍혀서 번호로 대여해야함
AERAN KIM,5,2021-10-12 13:38:01,"위성수신 및 주변 위치, 이용가능 자전거 수량등 편리합니다, 다만 QR이나 번호입력이 잘안될때가 있어 보완하면 좋겠습니다 감사합니다"
문지원,5,2021-10-12 13:35:37,옛날 부터 로망이었는데 안양천 한강 라이딩 했어요. 6개월권쓰고 있는데 저렴해요 연결도 처음보다 빨라졌어요
김성희,5,2021-10-12 13:35:04,너무 잘 이용하고 있어요. 업데이트 된 이후 무언가 더 매끄럽고 원활하다는 느낌을 받고 있습니다. 따릉이 최고예요!
YU N,5,2021-10-12 13:35:03,(건의사항) 고장신고를 반납하는 화면에서도 할 수 있도록 해 주세요. 반납이 다 되고나서 이용한 자전거를 검색한 후 고장신고 하려니 번거로워요.
전유빈,5,2021-10-12 13:34:46,힐링이 필요할 때 따릉이만한게 없네요
Harry C,1,2021-10-12 13:34:45,자전거가 1개 남았을 때도 추가배치 요청을 할수가 없는 문제점을 개선했으면 합니다. 배치 요청을 해도 배치를 안하긴 하지만... 2명이 2대가 필요한데 1대가 남았다고 추가배치 요청을 할 수도 없는 상황은 유료 서비스라고 하기엔 너무도 안일한 서비스 정책 아닌지 의심스럽습니다.
HYEIN JUNG,5,2021-10-12 13:34:35,따릉이 업데이트에 만족하고 있어요 저는 페어링도 문제없이 잘 되고 다만 가끔 고장난 자전거들이 있는데 고장신고를 직관적으로 할 수 있게 앱이 개선되면 좋을 것 같아요 고장신고를 하려면 찾아들어가서 눌러야하니 사람들이 고장신고를 귀찮아서 안하는 것 같기도 해요 이번주에만 벌써 두번이나 브레이크 이상있는 자전거를 대여했어요ㅜ 전반적으로 업데이트에는 만족합니다
차차,5,2021-10-12 13:34:04,한달정액권이용중입니다. 우선 앱이 아주 깔끔하고 세련되게 리뉴얼된것같습니다. 재배치요청이 생겨서 원하는 대여소에 자전거가 없을때 미리 신청하니 편리하더라구요. 근데 재배치 텀이 좀 길어 진거 같아 조금 아쉽네요. 그리고 대여.반납 알림을 어플 자체 알림으로 바뀌었는데 확실히 카톡 알림보다 편리한것같습니다. 더욱 편하게 이용하겠습니다. 감사합니다 ^^
으니스리,4,2021-10-12 13:33:22,나름 쓸만해요
Sesang Lee,5,2021-10-12 13:31:50,가끔 따릉이와 연결이 늦어질때도 있지만 대체로 편하게 잘 이용 중입니다 서울시 화이팅
천민수,5,2021-10-12 13:31:35,따릉이를 타다보면 공기주입이 덜 된 기종이 종종 있어요 따릉이 공기압체크 장비를 여러군데 재배치 해주셨으면 합니다. 그리고 의자 높이조절을 좀 더 높였으면 좋겠습니다
SEONBOK LEE,5,2021-10-12 13:31:34,편리하고좋습니다!아동용 어른용따릉이구분해서 표기해주세요
박형준,4,2021-10-12 13:30:13,아주 잘 사용하고 있어요. 따릉이 제도 만들어주셔서 감사합니다
머머,5,2021-10-12 13:29:50,"따릉이는 정말 잘 만들어놓은 교통수단이에요. 넘나 잘 쓰고있어요, 앱은 전에 버전이 더 좋은거같아요 현재 위치랑 지도상의 위치가 한번에 보이지않아서 아쉬워요"
노아,5,2021-10-12 13:29:48,잘쓰고 있어요. 매번매법 좋게 업데이트되서 항상 잘쓰고있어요
Soyeon Kim,5,2021-10-12 13:27:38,주말마다 잘~ 이용하고 있습니다. 감사합니다! 신용카드 번호 넣기 번거로웠는데 넣을 필요없어져서 너무 좋아요!!♡
Morris Mo,5,2021-10-12 13:26:55,따릉이는 분실위험이 없어서 좋아요. 자전거 유지비 생각하면 1년 사용권이 혜자여서 좋더라구요.
신데렐라,3,2021-10-12 13:26:12,"블루투스이어폰 연결되어있지 않는디도, 대여실패하는 경우가 많아 가끔 불편합니다."
리처드신,5,2021-10-12 13:25:06,생활필수앱
Chorong Ryu,5,2021-10-12 13:23:44,따릉이 제도 참 좋습니다. 그런데 꼭 회원가입이 필요한가요? 타 소도시에서 이용해보니 핸드폰 본인인증 후 별도 가입절차 없이 이용이 가능해서 더 편리했어요. 그리고 블루투스 연결이 꼭 몇 번 실패하다 되는데 거긴 바로 연결되더라고요. 서울 따릉이 이용객이 더 많아서 그렇겠지만 앞으로 더 개선과 발전 있으시길 바랍니다^^
윤성훈,2,2021-10-12 13:22:39,설명이 부실합니다. 예로들어 지도에서 숫자+노란색/초록색 표지가 있는데. 숫자는 가용 땅이 수라는걸 직관적으로 알수 있지만. 노란색/초록색이 뭘 의미하는지 알기 어렵고설명이 없네요
cc c,5,2021-10-12 13:22:05,사용하기 편해요
최희진,5,2021-10-12 13:18:00,출퇴근시 이용하는 따릉이 정말 좋아요~요즘은 곳곳에 설치가 더 많이 되어있 더욱편리합니다~
배성민-하남,5,2021-10-12 13:17:24,단거리 이동시 쵝오입니다!ㅎ
Lava leve1,5,2021-10-12 13:16:51,페어링 연결 한번 실패하면 여러번을 해야하는거 빼면 완벽.
태정태세문단속,5,2021-10-11 22:58:19,QR인증이 잘 안된다는거만 빼면 큰 불편함 없이 사용하고 있습니다 제로페이면 500원에 쓸 수 있다는게 너무 좋고 자전거가 없거나 자전거 사고 싶은데 별로 안쓸거 같아서 고민이신 분들에게 강추합니다 따릉이 화이팅 !!
yoon.s,5,2021-10-11 20:29:19,"네이버 지도 정보와 잘 연동되어, 이전의 따릉이 앱보다 사용이 훨씬 수월해졌습니다. 점검 중인 기기의 번호를 따로 기재해 두어, qr로 찍고 나서야 이용 불가 기기임을 깨닫는 번거로움도 덜 수 있는 점 역시 좋습니다."
영서,1,2021-10-11 14:26:51,자전거 타는검 편한데 항상 QR인식도 숫자로 연결도 안돼서 2~3군데는 돌아다녀야 될랑말랑 해요.
gram jin,1,2021-10-11 13:31:05,앱에 렉이나 버그가 심합니다 반납했는데도 잘 인식안되서 지금 지웠다 다시 설치합니다
이승수,5,2021-10-09 18:21:59,잘쓰고있습니다~ 카메라가 약간 납작하게 인식되는 것같은 부분만 약간 수정부탁드릴게요!!
Acoustic Pooh,5,2021-10-08 22:37:21,따릉이 앱을 2년 가까이 이용하고 있는데 사용하기 참 좋아요
Hee Lee,1,2021-10-07 10:38:37,안드에서 연결이 너무 안됩니다 최소 3번은 시도해야 되네요
마틴,1,2021-10-06 15:41:32,대여시 기다리는 시간이 1분 이상 지속되고 실패하는 경우가 너무 많습니다
진형,5,2021-10-06 00:38:41,인터페이스 깔끔하고 좋네요. 자주 쓰고 있습니다!!
Lucy Lee,5,2021-10-03 21:03:00,정말 잘 사용하고있어요. 걷기엔 멀고 버스타기엔 애매한 거리 이동시 정말 유용하게 쓰입니다! 다만 따릉이 위치가 없는곳엔 너무 없고 있는 곳에만 몰려있는 것 같아서. 조금 더 다양한 곳에 있기를 바랍니다!
송민서,5,2021-10-03 18:31:17,따릉이 앱과 삼성 헬스 앱이 연동이 되었으면 좋겠습니다. 연동을 못하다 보니 헬스앱이랑 따릉이앱을 동시에 열어야 자전거 운동을 기록할 수 있어서 조금 불편합니다.
삶은여행,5,2021-10-03 15:34:53,따릉이 타기시작하면서 잘 사용하고있습니다. 처음 대여하기 누르고 가끔 자전거연결안되서 나갔다가 다시 들어와서 대여취소 누르는거 말고는 편하게 사용하고 있습니다. 가끔 아침출근 시간대에는 집주변에 자전거 0대밖에 없고 죄다 지하철역앞에 가있는것만 빼면 너무좋습니다.
Yuree K,1,2021-10-02 22:16:03,"스마트폰 카메라가 고장나서 QR코드가 아닌 하단 일련번호로 이용중입니다. 하지만 인식실패의 오류가 너무 심하고 응답하지않음의 오류 메세지가 나타납니다. 블루투스를 재기동해도 동일한 오류가 반복적으로 나타나 따릉이 이용에 불편을 겪고있습니다. 해당 버그, 오류에 대한 업데이트 요청드립니다."
snow choi,5,2021-10-02 18:20:28,사용도 쉽고 연결도 좋아요. 어디서든 대여 반납 가능한 따릉이가 있어 너무 좋습니다!!^^/
J LEE,1,2021-10-02 08:21:33,블루투스 꺼져있는 상태에서 빌리려고하면 블루투스 알어서 켜고 그다음 무한로딩걸리는거 1년넘게 안고쳐지고있음. 블루투스 안켜놓은상태에서 실수로 대여시도하면 오분동안 꼼짝못함;
김수명,5,2021-10-01 23:37:14,웹 앱이었다 네이티브로 바꾼 거 같은데 잘 하셨습니다. 개발자들 고생 많았네요. 직관적이어서 좋습니다.
ys n,3,2021-10-01 19:57:37,자전거 연결시에 바로 대여취소 가능하게끔 해주세요 블루투스 처음에 10초안에 해결안되면 거의 연결안되는데 1분을 기다려야 하는 상황이 이해가 안됨
Bdrop,5,2021-10-01 19:42:05,리뷰 새로 수정해서 올림) 최근 따릉이 자전거도 구형에서 다 신형으로 교체되면서 상태도 좋고 정기적으로 품질 관리도 되는 것 같아서 서비스적 측면에서 불만이 없습니다. 다만 가끔 자전거 전후면의 전등/깜빡이가 고장난 개체가 있어 야간에 탈 때 지장을 주기도 합니다. 그런 것들도 신속히 수리/유지보수가 된다면 좋겠습니다.
so l,5,2021-10-01 10:54:39,요즘 잘 이용하고있습니다.!저렴한가격으로 자전거이용하여 교통수단으로 이동할수있어서 너무 좋습니다. 감사합니다.
Morningman sung,1,2021-10-01 08:51:35,공무원들 국민세금으로 혜택과 고액연봉 쳐받고 방만하게 일하지말고 이런 공공 앱이나 관리해라
최수현,3,2021-09-30 17:44:19,문의하기 란에 톡으로 문의할수 있도록 해주면 편리할것 같아요.챗봇?하고 있나요? 사실 있어도 불편하고 사람이 직접 응대하는게 훨씬 쓰기 편하답니다..따릉이 앱내에서도 탄소절감에 대한 보상이나 이벤트가 있었으면 좋겠어요. 서울시에서 개인사업자에게 넘어간다는 소식이 있던데...것보다는 티머니나 교통관련 앱과 합치는것도 좋을것 같고요. 개선에 신경 써주셔서 감사합니다.
Juyeon Kang,5,2021-09-30 12:22:28,만족합니다. 단 하나... 실시간 자동 새로고침이 되었으면 좋겠네요. 처음에는 새로고침을 해야하는지 모르고 자전거 찾아 1키로는 걸은듯한데 없어서 난감했어요. ㅋㅋ
김도형,2,2021-09-30 08:04:31,따릉이 연결오류가 빈번해서 아침에 지각할뻔했네요 연결 한번 실패해서 다른 따릉이 연결하려는데 계속 연결실패해서 5분 지연됐어요
doyoung kim,5,2021-09-29 23:10:06,이용요금도 킥보드에 비하면 엄청나게 저렴하고 이용할 수 있는 곳도 많아서 좋아요 이런 서비스 자체로 정말 좋은 복지인 것 같고 따릉이도 스마트 자동? 기능이 있어서 사용이 편리한 것 같네요 다만 주차공간이 드문드문 한정되어 있는 점이ㅠㅠ 급할 때 이용하기 힘든 것 같아요 그 외에는 만족합니다^^
날파리,1,2021-09-29 21:57:40,그만 삭제하세요 진짜 열받으니까
서문길,5,2021-09-29 14:06:22,정기권 이용해서 너무 잘 이용하고 있습니다. 자전거 추가 배치 요청을 지속적으로 드리는 곳에 추가 배치가 적절하게 되면 좋을듯 합니다. 그래도 따릉이 덕분에 운동도하고 절약도 하고 너무 좋아요~~
심경화,5,2021-09-29 11:42:54,여러모로 너무 좋아요 굿!
류연재,5,2021-09-29 11:00:20,이용권 끊어두면 너무 편해요^^ 앞으로도 잘 이용하겠습니다~
길준선,5,2021-09-29 07:27:26,좋아요 :) 잘 사용하고 있습니다!
J.J. PARK,4,2021-09-29 01:45:20,제로페이로 이용권을 구매하려고 하면 에러가 나서 할인을 받지못하는게 아쉽네요. 티머니페이로 구매한후 대중교통으로 환승하면 하루에 최대 천원을 돌려받는 행사는 교통비 절감에 도움이 됩니다. 앞으로 계속 사랑받는 따릉이가 되길 바래요❤
Taegyu HA,5,2021-09-28 23:18:50,이용권 결제하고 바로 QR코드로 대여할 수 있다는 건 정말 편리합니다. 경로탐색 기능이 앱에 탑재되면 더욱 유용할 것으로 보입니다. 애로사항으로는 가끔 몇몇 거치소에서는 대여가능 자전거 수가 실제와 일치하지 않는 경우도 있는데 이런 것을 포함한 오류사항들을 개선해주면 좋겠습니다.
suuu,5,2021-09-28 22:45:42,매번 유용하게 잘 사용하고 있어요~ 제로페이하면 할인도 되고 좋습니다! 짧은 거리 이동이나 날씨 좋을 때 유용하게 타고 있습니다😊
김충영,5,2021-09-28 20:33:08,따릉이 리뉴얼앱 너무 편하고 좋습니다. 감사합니다.
장소진,4,2021-09-28 18:57:12,실시간으로 확인가능해서 좋습니다!
수진,4,2021-09-28 18:30:16,"따릉이가 있어서 근거리는 자전거 타고 다니기도 해서 좋습니다. 다만 일부 자전거가 고장시 관리가 되지 않아 아쉬웠습니다. 육안으로 봐도 고장일시 수리가 되고, 휴대폰으로 qr인증시 인증이 안되는 점들이 수정된다면 좋겠다고 생각이 들었습니다."
귤귤,5,2021-09-28 18:26:01,조와용 옛날보다 편해짐.
이종헌,3,2021-09-28 18:21:30,"잘 사용중입니다만 몇가지 개선이 필요합니다. 1. 대여 전 블루투스 미설정으로 인한 튕김 현상 방지 2. 정기권 90일권 옵션 추가 3. 대여시간 만료기한 최소 1시간 전 알림(1시간권이면 마감시간 기준 2시간 전에 이용권 만료 알림문자 발송, 2시간권이면 마감시간 기준 3시간 전에 이용권 만료 알림문자 발송)"
박진용,5,2021-09-28 17:23:31,매번 너무 잘 이용하고 있습니다. 좋아요
On Yo (YoOn),4,2021-09-28 17:10:52,업뎃하고 따릉이연결 블루투스가 좀 버벅이는느낌임. 근데 앱자체로는 편의성이 좋아진것같슴
세현,5,2021-09-28 16:53:35,전보다 훨씬 쓰기 편해졌어요 너무 좋아요
김민균 (MK.Games),3,2021-09-28 16:45:13,따릉이 자체는 마음에 드나 앱 자체가 너무 불편함. 대부분 이용하려면 핸드폰을 껐다 켜야되고 문제가 생겨 이용이 취소될 때 취소하는데도 시간이 꽤 걸림. 좀 더 간편하게 이용할 수 있었으면 좋겠음.
류승택,2,2021-09-28 16:43:37,안드로이드 사용중인데 거의 10번중 7번은 연결 실패 몇 번하고 나서야 겨우 연결됩니다. 아이폰 쓰는 사람들은 한번에 잘 되는 거 같던데 os 문제인거 같기도 합니다.
데프 레퍼드,4,2021-09-28 16:30:19,불량자전거는 사용불가로 설정가능했으면 좋겠어요.
1J318,5,2021-09-28 16:18:46,앱 자체는 사용 무난했습니다. 4월인가 5월쯤 앱이 업데이트 되면서 자전거 대여가 먹통이되는 구간이 있었지만 추후 사용에 문제는 없었습니다. 다만 비온 뒤 체인의 상태가 현저히 하락되어 자전거 기아와 관계없이 힘이 많이 들고 속도가 잘 나지 않는 부분은 따릉이 대여소에 지붕을 설치하거나 비온 뒤 점검자가 기름칠을 해준다거나 자전거 바퀴 공기압축기를 설치했듯 기름칠 할 기구를 설치해주시면 좋겠습니다.
구영은,5,2021-09-28 16:17:12,"급하게 어디가야할때, 운동삼아 목적지를 가야할때 따릉이때문에 편리하고 참 좋습니다. 다만 저희집앞에는 왜 맨날 0대인것인지 ㅠㅠ 거의 추가배치요청하고 자주 사용하려구 합니다. 불빛도 들어오고 안전해요 . 전 만족스럽습니다"
Woosma7940@naver.com김명강,4,2021-09-28 15:55:53,따릉이 잘 이용하고 있어요. 거치 장소가 더 많았으면 좋겠고 사람들이 많이 이용하는 장소에는 자전거도 많으면 좋겠어요~
루,5,2021-09-28 15:55:39,따릉이덕에 한강에서 자전거도 타보고 넘 좋네요 ㅎ 의자조절 되서 더 편하고 항상 잘 이용중입니다 감사해요😄😄
돌멩이,5,2021-09-28 15:41:24,전보다 개선된것이 보이긴 하나 연결이 조금 더 빨랐으면 좋겠다!!
kenif,5,2021-09-28 15:38:24,가볍게 타기 좋습니다. 쉽고 편하게 빌리는게 최고장점.
N rs,5,2021-09-28 15:14:14,훨씬 앱이 쓰기 좋아진데다 빠릅니다. 꺼지던 현상도 사라지고 좋아요!
이혜,5,2021-09-28 15:12:11,곳곳에 자전거가 설치되어있어서 퇴근길에 타기 좋아요.
Hongju Lee,5,2021-09-28 15:07:04,따릉이 자주 이용하는데 계속 관리가 되는것같아 항상 만족해요. 고객센터 대응도 잘해주셔서 좋아요. 모두가 따릉이를 아끼고 애용하면 좋겠어요.
Woo Cheol Lee,5,2021-09-28 14:45:53,카메라스캔이 좀 더디거나 화상이 뒤집히는 점 빼고는 만족합니다.
그랑디에오스칼,4,2021-09-28 14:44:11,처음엔 일주일권 이용하다가 그 후엔 쭈~욱 1년권만 이용하고 있는 따릉이 N년차 이용자입니다~따릉이를 타게 되면서 웬만한 약속장소는 따릉이로 이동하다보니 교통비도 아끼게 되고 더불어 운동까지 하게 돼서 만족하며 사용중입니다~따릉이 앱도 큰 불편함 없이 이용중이고요~ 근데 예전엔 이용 가능한 따릉이 수 확인이 가능 했던것 같은데 제가 못 찾는건지 어느 장소에 몇대가 이용 가능 한지를 직접 가야만 확인이 되더라고요~그리고 블루투스를 켜놓지 않은 상태에서 대여를 진행하면 에러가 발생하더라고요~ 무튼 앞으로 서울말고도 전국에서도(특히 경기도에!ㅋ) 따릉이를 이용 할수 있었으면 좋겠어요~ㅋ
박소현,5,2021-09-28 14:42:45,자전거 위치마다 몇대 남았는지 확인할수도 있고 웬만하면 서울 곳곳에 많이 있어서 편리한 것 같아요 대여 반납하는 방법도 쉽고 무엇보다 가격도 저렴해서 자주 애용중입니다ㅎㅎ
박준영,5,2021-09-28 14:31:52,너무 좋아요~.~
Seri Oh,5,2021-09-28 14:29:08,앱 리뉴얼 되고나서 사용하기 훨씬 편리해졌어요! 굿굿
민이,5,2021-09-28 14:25:14,"1000만 시민의 발 따릉이! 앱 업데이트 후, 사용자 환경에 걸맞게 더 편리해졌네요. 따릉이 최고!"
Yoonha Heo,2,2021-09-28 14:23:48,페어링이 잘 되지 않아요. 반납했는데도 계속 대여중이라고 떠요. 앱을 삭제 후 재설치 하거나 폰을 재부팅해야 되네요ㅠㅠ
swimnds,5,2021-09-28 14:22:52,대여하기쉽게 되어있어 편하게 잘 사용하고있어요
박운상,5,2021-09-28 14:19:09,아주 유용하게 잘 사용하고 싶습니다 오르막길 같은 것들이 표시 된다면 더 좋을 것 같습이다
정진혁,5,2021-09-28 14:19:07,초기보다 많이 개선되어 쓸만한데 GPS기반 현 위치 검색과 QR코드 인식과 따릉이 연결시간에 대한 개선이 필요합니다.
정우재,5,2021-09-28 14:14:29,가격도 싸고 앱도 불편함없이 잘 이용하고 있습니다. 깔끔하고 사용하는데는 좋네요. 앱 평가를 떠나서 이용하는 사람들이 앞 바구니에 쓰레기좀 두고 가지 말았으면 좋겠네요. 현금 두고 가시면 감사합니다
태온아비,5,2021-09-28 14:12:04,너무 편리하고 사용하기 좋아요~~ 감사드립니다~^^
Leonard,5,2021-09-28 14:07:40,자가 자전거 분실 위험이 없이 출퇴근 혼잡한 대중교통을 벗어나 건강과 힐링을 얻을 수 있어서 좋습니다. 다만 공공으로 사용하다보니 관리를 함부로 하면 안되겠습니다.
조회수 1개월 전•16억회,3,2021-09-28 14:06:09,가끔 인식 오류 생김 반납시 채결해도 반납 안될때가 있음 어린이용 취지는 좋으나 막상 이용할때 성인용 없어서 난감
단미's,3,2021-09-28 14:04:14,따릉이 연결이 느린 것 같아요! 반납하고 바로 대여해서 더 타고싶은데 반납장소까지 가야되는 불편함이 조금이라도 개선되면 좋겠습니다.
yyy,5,2021-09-28 14:04:05,넘 잘쓰고있어요~~ 필요한 기능만 딱딱 있어서 좋아요 ㅎㅎ
치뚜,5,2021-09-28 14:03:55,1일권(1회권)만 계속 사용하다가 꾸준히 이용하고 싶어 정기권으로 구매하게 되었습니다!! QR인식 후 자전거 연결이 바로 되도록만 개선이 된다면 저렴한 가격으로 더욱 이용하기에 편리할것같습니다:)
Ray Lee,5,2021-09-28 14:00:25,매우 만족합니다!! 항상 정기권 결제해서 사용중입니다~~
yerin,5,2021-09-28 13:59:42,따릉이 큐알코드가 인식이 잘 안되는 경우가 있습니다. 그리고 임시잠금 해제는 한 번에 되는 경우가 없네요ㅠ
Co ee,5,2021-09-28 13:58:24,신규 QR따릉이 덕분에 수량도 많고 기능도 좋아졌습니다. 대여소가 더 많아 졌으면 좋겠습니다~!
김경희,5,2021-09-28 13:58:23,차도 없고 대중교통 이용하기에도 불편했는데 따릉이를 이용하면서 기동력이 훨씬 좋아졌어요. 운동도 되고 환경까지 살리고 일석삼조인 것 같아요!
Monologue tree K,5,2021-09-28 13:57:18,자전거를 중학교 이후 거의 타지 않다가 따릉이를 타면서 개인차량도 잘 안타게 되네요 정말 멀리 이동 하지 않는 이상 따릉이만 탑니다 더구나 요즘 미세먼지 없는 맑은 하늘과 선선한 날씨가 자전거 타고 다니기에 너무나 좋습니다 따릉이 최곱니다
류기철,5,2021-09-28 13:56:08,음수대위치 및 지도 연동된점 너무 좋네요 그동안 따릉이로 이동한 경로가 지도에 표시되면 재밌을것같아요
Ssuntae Kim,5,2021-09-28 13:55:16,개인자전거는 부담스럽고. 저렴해서 월정액제로 잘쓰고 있습니다. 공공자전거라 기대.안했는데 기어 넣고 따르릉 잘달립니다. 자전거 도로도 많아졌음 좋겟어요. 엄지척 드립니다!
김영표,5,2021-09-28 13:54:35,따릉이 너무 편하게 잘 쓰고 있습니당 ㅎㅎ QR인식도 빠릿빠릿 잘되고 좋아요~!! ㅎㅎ
Justin Park,5,2021-09-28 13:54:32,"항상 편하게 사용하고 있습니다. 다만, 따릉이 점검을 더 신경써주시기 바랍니다."
hyeok choi,1,2021-09-28 13:54:31,고장난 자전거의 수리가 필요할때 의견을 쉽게 남길수 있도록 app안에 새로운 레이아웃을 만들어주세요. 주행중 사고를 줄일 수 있습니다.
제로G,5,2021-09-28 13:53:52,저렴한요금에 편하게사용하고있어요
핑펭펭,4,2021-09-28 13:53:44,"길찾기 기능,자전거 이용시 도착 예정시간 같은기능이 있음 좋겠어요.따릉이로 길 찾아갈 때 네비처럼 장소 검색기능이 있음 좋겠고 도착예정 시간도 있음 좋겠습니다ㅎㅎ"
윤민형,5,2021-09-28 13:52:37,필요한 순간 편리하게 잘 쓰고 있어요. 장시간권도 필요해요
OkKyung Won,5,2021-09-28 13:51:44,따릉이는 서울의 상징! 따릉이 이용하기 넘 편해요. 고정신고도 쉽게 되고~ 위치나 갯수파악 서비스도 엑설런트 :)
misun jung,5,2021-09-28 13:51:33,직관적이고 자전거이용을 위한 기능을 잘 제공합니다. 다만 따릉이 대여시 잘 연결이 안될때가 있어요. 대여취소기능이 그래서 생긴것같긴 합니다. 무튼 잘 이용중이에요
Jinseok Park,5,2021-09-28 13:51:30,티** 앱 사용하다가 앱이 많이 좋아져서 다시 바꿔서 사용하네요. 더 발전하는 따릉이가 되었으면 해요.
이예지,5,2021-09-28 13:50:16,뉴 따릉이 생긴 뒤로는 훨씬 편하게 잘 사용하고 있어요! 아쉬운 점은 가끔 페어링에 실패하면 그 날엔 어플을 몇번이나 껐다 키더라도 자꾸 오류가 나는 경우가 있더라구요ㅠ 기종은 노트10+인데 블루투스 이어폰도 연결 안해두는데 뭐가 문제인지.. 이번 업데이트에선 해결됐으면 좋겠네요!ㅎㅎ 다른 기능들은 다 만족하고 있어용!
Suhyun Kim,5,2021-09-28 13:49:18,자전거거치대부근에서 자전거찾을때 반납할때 모바일태그 인식률이 높아졌으면좋겠습니다. 반납후 안드로이드 버전의 반납알림이 시간차가 나서 반납후 해당자리에서 좀 기다려야하는 불편함이 있습니다. 반납후 알림이 실시간으로 빠르게 앱에 표시되먄좋겠습니다.
이정환,5,2021-09-28 13:48:41,잘사용하고있습니다~~
Young Gyu Yang,5,2021-09-28 13:48:38,지하철 5정거장 거리는 늘 따릉이로 이용합니다. 편하고 경제적이고 좋습니다 ~ :)
Gamer,5,2021-09-28 13:48:06,잘 쓰고있어요
Lee Mark,1,2021-09-28 13:47:59,"노트20 울트라 인데, qr코드 인식 겁나 구립니다. 성공확률이 20프로쯤 되는것 같습니다. 밤에는 손전등키면 답도없구요.카카오바이크는 10초 이내에 되는데, 따릉이는 어디가 문제인지 인식 안되서 열받을때가 많아요"
꽤고리,4,2021-09-28 13:47:49,정말 잘 이용하고 있어요! 근데 리뉴얼 한 이후로 앱 킬 때 블루투스가 안켜져 있으면 바로 대여가 안되고 앱을 다시 껐다 켜야해서 불편해요 ㅠㅠ 수정해주세여
유윤호,5,2021-09-28 13:47:36,애매한거리이동 갑자기좋은날씨에라이딩 어디서나이용가능한 너무 좋은따릉이 경기도전지역까지확장되면 너무좋을것같아요
L CHOI,5,2021-09-28 13:47:26,가끔 바코드 인식을 못하는 어플 오류가 있기는 하지만 유용하게 잘 쓰고 있습니다.
엄정현,5,2021-09-28 13:46:41,따릉이 이용해서 대중교통 중간중간 편리하게 이동할 수 잇어서 너무 좋아요~ 서울시 최고입니다!
jonghyeon lee,5,2021-09-28 13:45:26,대대적인 업데이트 이후 맵로딩도 빨라지고 무척 쾌적해졌습니다.
"HJH, LAJ with",5,2021-09-28 13:45:20,"좋아요 매일매일 따릉이타고 출퇴근합니다! 교통비도 아낄 수 있고 탄소저감에도 동참할 수 있고 건강도 챙길 수 있고! 체력도 많이 늘었고 다리근육이 꿀벅지로 변했습니다. 시민들을 위한 편리한 교통서비스, 따릉이! 처럼 다른 교통서비스도 많이많이 만들어주세요! 감사합니다."
김원준,3,2021-09-28 13:44:40,"한번 대여, 반납 후 다시 대여신청을 하면 연결이 안되고 앱을 종료시키고 재로그인해야 연결이 되는 불편이 있음.."
박수로,5,2021-09-28 13:43:56,저렴하게 잘 사용중입니다
Wansuck Seo,5,2021-09-28 13:43:12,여의도에 살면서 아주 편하게 자전거 이용을 하고 있습니다. 집에 자전거가 있어도 오르내리기 힘들어 따릉이를 이용하네요.6개월 정기권으로 이용해서 부담도 덜하네요 따릉이 아주 편리합니다
sun pil Kang,5,2021-09-28 13:41:58,사용하는데 아무 불편함이 없고 좋아요!!
Chow Chow,2,2021-09-28 13:40:22,"자주 접속 오류가 뜨고, 따릉이 블루투스 배터리 점검이 미흡니다."
지송,5,2021-09-28 13:40:19,"출퇴근 및 따릉이 다이어트 합니다. 너무 좋네요 단, 안장 높이가 좀더 높게 올릴 수 있으면 좋을것 같습니다. 안장도 좀 더 좋은거였으면..ㅋ 암튼 대 만족입니다"
차수빈,5,2021-09-28 13:40:01,qr기능이 있어서 대여도 편하고 짦은 거리 이동할때 사용하기 너무 좋아요 관리도 잘되고 있는거 같아서 브레이크나 타이어 바람도 아주 잘 들어가 있어서 좋았습니다
christopher lee,5,2021-09-28 13:38:34,진짜누구아이디언지 굿입니다 블루투스연결만조금빠르면 백점입니다 감사합니다
여영석,5,2021-09-28 13:36:59,연결/반납처리 속도가 더빨라진다면 좋겠습니다
봄비,5,2021-09-28 13:36:40,가끔 사용 합니다 좋아요 불편함 없이 사용하기 편하고 지도에 자전거 잔여대수도 정확한거 같고 아직까지 불편함 없이 잘 사용하고 있습니다
Hye Sun Jang,5,2021-09-28 13:36:38,전에 비해 개선이 많이되어 발전하고있는것같아 좋습니다
00 0,5,2021-09-28 13:35:08,"우선 앱 내부 화면도 직관적이고 보기 편해서 좋습니다. 처음 사용해보는 경우에도 메뉴얼이 간단해서 대여까지 이뤄지는 시간도 짧고 쉽더라구요. 지도 디자인도 예전에 비해 입체적으로 바껴서 따릉이가 있는 장소를 찾기도 더 편해진 것 같습니다. 등록한 결제수단으로 빠르게 결제되는 것도 몇초 내로 끝나서 자주 이용하게 됩니다. 다만, 따릉이 대여소가 더 많아졌으면 좋겠어요~ 지역별로 편차가 크더라구요."
윤대웅,5,2021-09-28 13:34:56,편하게 QR코드로 바로 이용할수 있고 간편결제로 빠르게 결제할수 있어서 좋습니다 앱도 버벅거림 없이 잘 만들었어요
SH K,5,2021-09-28 13:34:48,"서울사는 장점이 뭐냐고 한다면 난 따릉이라고 생각해, 어디에나 있고 어디에도 없지"
김경윤,5,2021-09-28 13:34:14,"초창기에는 블루투스 이어폰 사용시 인식률이 매우 낮았는데, 많이 개선되어 잘 사용하고 있습니다."
지치지않는섬,5,2021-09-28 13:33:50,최고에요 자전거로 대중교통 대신 다니면 운동도 되고 환경도 좋고 교통비도 아끼네요 어플도 익숙하게 잘 쓰고 있어요 다른지역 따릉이 남은 갯수 알아서 편해요
기타둥둥,5,2021-09-28 13:32:36,좋습니다. 버벅이던 UI가 업데이트 반복되면서 쾌적해졌어요. 항상 잘 쓰고 있습니다 감사해요~!
JK Yoon,4,2021-09-28 13:32:34,따릉이 이용자
김성태,4,2021-09-28 13:31:08,사용 간편합니다. 건강을 위해서 운동하기 위해서 정기적으로 이용중입니다 다만 운동시 거리 속도 칼로리 소묘량등이 부정확 한거 같아서 좀 아쉽네요. 보다 정확하고 다양한 정보가 제공된다면 더 좋을듯 합니다
배재벌,5,2021-09-28 13:29:41,서울시 감사합니다^^ 항상 잘이용하고있습니다^^
이재근 (잭),5,2021-09-28 13:27:52,서울시가 참 잘했다고 생각하는 것중에 하나입니다. 정말 잘 이용하고있어요 감사합니다.
나는입니다 (우우우웅),4,2021-09-28 13:27:34,따릉이 앱에서 자전거 길을 찾아주면 더 좋을 것 같습니다
문상현,5,2021-09-28 13:27:27,편하게 잘 이용하고 있어요!! 간혹 고장난 자전거가 있을시 편하게 알릴수있는 방법이 있었으면 좋겠어요
최진규,5,2021-09-28 13:26:50,만족스러운 어플과 자전거를 어디서든 탈수 있다는 생각이 삶을 더 여유롭고 즐겁게 합니다.
파인풍,4,2021-09-28 13:26:37,블루투스 기능 좀 개선했으면 좋겠다 자전거와 연결 후 블루투스를 키면 연결이 되지가 않는다 그래서 앱을 다시 껏다 키고 다시 연결을 해야하는데 이 과정이 너무 번거롭다.
정재환,5,2021-09-28 13:24:40,앱은 간편하고 쓰기 좋으나 정작 집앞 정류장에 매번 따릉이가 없네요
유경호,3,2021-09-28 13:24:27,대여가능 댓수를 확인후 대여소방문시 중간에 대여되어 헛걸음할 경우가 있습니다. 예약 기능(단기)을 추가하면 좋을꺼 같습니다
전진우,5,2021-09-28 13:24:15,"따릉이 앱은 잘 사용하고 있어요. 자전거 현황, 저렴한 가격으로 운동도 덤으로 합니다^^"
Seonhyeong kan,5,2021-09-28 13:23:32,옛날부터 사용했습니다 엄청많이 앱이 좋아졌고 잘사용합니다 가끔 밖에서 앱을 켜면 인앱 업그레이드가 있는것이 약간 불편하지만 맵구조도 3D적으로 바뀌고 잘 사용하고있습니다.
헤일로우,5,2021-09-28 13:22:56,지도로 반납위치를 확인할 수 있어서 편리하게 이용할 수 있었습니다.
Jina,5,2021-09-28 13:22:31,예전에는 어플 켜는 것만도 시간이 오래 걸렸는데 요즘은 어플이 전체적으로 빠르게 처리 가능해진 것 같아 좋아요! 오프라인에서도 예전엔 자전거가 없는 경우가 많았는데 요즘은 원하는 곳에서 탈 수 있도록 많이 신경써주시는 것 같아요. 감사합니다!
규단SL,5,2021-09-28 13:19:17,2년째 잘 사용하고 있습니다
정규성,4,2021-09-28 13:18:44,실시간위치이동이 좀더 잘되고 가끔 블루트스 오류로 연결안되는 현상뺘고 만족합니다
NUMB,5,2021-09-28 00:00:19,좋아요 자전거가없는데 대신타기 너무 좋아요
이시진,5,2021-09-27 22:18:23,"서울에 따릉이 대여소가 많아지고있어서 너무 좋아요!! 카드 없어서 결제 못하는 동생한테 이용권 선물해줄 수 있는것도 너무 편리하고, 결제 방식도 다양하게 선택할 수 있어서 너무 좋아요! 대여와 반납 방법도 쉬워서 기계치인 저희 부모님도 쉽게 이용하실 수 있어서 더 좋은것같아요!! 다만, 제가 이용하면서 조금 불편했던게.. 큐알형 따릉이 대여할 때 큐알 인식해도 바로 연결이 안되고 꼭 한 두번씩 대여 실패가 떠요ㅠㅠ 블루투스 연결 문제인지.. 가끔 좀 답답해요 이것만 빼면 너무 완벽합니다!!"
권예림,5,2021-09-27 21:19:38,"급하게 가야 할 데가 있을 때 자전거를 편하게 이용할 수 있어서 좋습니다 :) 그런데 앱을 실행한 다음에 블루투스를 켜면 대여가 되기까지 시간이 많이 걸려서, 결국 앱을 끄고 블루투스를 켠 다음에 다시 들어가야 한다는 약간의 작은 번거로움이 있는 것 같습니다."
강혜리,5,2021-09-27 19:37:07,따릉이 이용해서 출퇴근에 많은 도움을 받고있습니다~~~ 1시간권을 2시간권으로 바꾸는게 안되어서 아쉬웟지만 그런대로 잘쓰고있었어요~~ 고장신고 매번 잘하고있지만 후레쉬가 앞뒤로 잘 비춰지는지가 밤에는 중요한데 불빛이 안나오는 자전거가 생각보다 많아서 꼭 잘 점검해주셨으면 좋겠습니다ㅎㅎ
wooseon ryu,5,2021-09-27 19:02:08,"출퇴근엔 역시 따릉이 서울 경치보며 한강변 , 핫스팟, 점심먹고 어디서든 운동하기에도 역시 따릉이예요"
soo y,5,2021-09-27 18:15:28,"서울 어디서든 금방 따릉이를 찾아서 쓸수있어서 편리해요. 업데이트 되면서 지도페이지 화면이 훨씬 자연스럽게 이동하기도 하고, 따릉이도 버젼별로 볼수있어서 좋았어요. 임시잠금등도 효율적으로 잘 쓰고있어요. 앞으로도 더 다양한 기능들 지원해주시길 기대할게요!! 화이팅🥰"
차인준,5,2021-09-27 17:08:13,자전거를 복잡하지 않고 쉽고 빠르게 대여가 된다는 점에서 좋았습니다. 그리고 자전거를 대여하면서 고장신고가 접수된 자전거는 거의 본 적이 없을정도로 자전거 관리를 철저하게 하는것이 놀라웠습니다. 앞바구니에 짐도 충분히 실을수 있어서 편리합니다. 아쉬운 부분은 개인적으로 없었습니다
덱사,5,2021-09-27 16:50:46,너무좋아요
류다정,5,2021-09-27 16:24:49,굉장히 편리하고 좋습니다
선자강,5,2021-09-27 16:06:22,"가까운 곳에 따릉이 반납 장소가 많아서 언제든지 이용하기에 너무 편리하고 정기권을 사용하면 버스, 택시 타려고 기다리지 않고 바로 바로 사용하며 기분좋게 바람 가르며 이용하니 마음도 상쾌해지고 좋습니다. 강추! 강추!!!입니다."
Jongsu Baek,4,2021-09-27 15:47:02,제로페이 결재할때 은행어플로 결재완료 후 넘어오면 반응이 없는경우가 많아 결재가 안되는 경우가 많습니다. 그리고 블루투스 꺼져있으면 자전거 해제 안되고 블루투스 키고 다시 시도해야되는데 자전거 해제전에 블루투스를 켜지게 하고 QR코드 찍는 방식으로 개선좀 하지요
도은이,5,2021-09-27 15:41:16,따릉이 최고입니다! 처음으로 정기권 끊어봤는데 정기권도 역시 좋네요ㅎㅎ가끔 인식이 안 될 때도 있긴하다만 전보다 많이 좋아진 것 같아요! 앞으로도 애용하겠습니다
신승호,2,2021-09-27 15:34:49,너무 버벅거리고 블루투스 연결이 안될 때가 많아요
박민규,5,2021-09-27 15:33:43,앱 리뉴얼때부터 더 편리해지고 렉도 덜걸려요 !! QR 자전거도 새거 많아져서 좋아요
임동규,5,2021-09-27 15:31:32,금방 적응해서 잘 쓰고 있습니다!
임혁,5,2021-09-27 15:27:56,따릉이 좋아요!
휘영청,5,2021-09-27 15:25:54,아주 좋아요!! 이용 이력을 보면 오늘 내가 운동한만큼 얼마나 건강에 도움이 되었는지도 볼 수 있어서 뿌듯합니다.
이번홍,3,2021-09-27 15:11:59,"사용하기 너무 좋은데 가끔 블루투스 이어폰 이용시 대여가 안되는게 불편하고, 안내도 없이 로딩중일 때가 많아 시간을 허비할 때가 있습니다. 블루투스 웨어러블 이용시에도 대여가 원활했으면 좋겠습니다"
박승택,5,2021-09-27 15:10:26,싸고 겁나게 편하네요 ㅋㅋ qr로 대여 가능한것까지 완벽
HWALYOUNG LEE,5,2021-09-27 15:07:51,편리하게 이용 중입니다
황경남,5,2021-09-27 15:00:13,편하게 이용하고 있습니다~ㅋㅋㅋ
손성민,3,2021-09-27 14:59:18,진짜 자전거 예약할때 앱이 너무 먹통이되는경우가 많아요 자전거 문제인지 앱문제인지 번호입력하고 대여하기누르면 번호만 뜨고 대여는 안되고 이런경우가 한두번이 아닙니다;
Hyunwoo Lee,4,2021-09-27 14:58:59,따릉이 고마워~ 화이팅~~~
정림,5,2021-09-27 14:53:19,너무 좋아요! 잘쓰고 있습니다~
NY I,5,2021-09-27 14:52:56,어플 리뉴얼된 이후로 디자인이 세련되고 기능을 직관적으로 알기쉽게 바뀌었다. 따릉이라는 자전거도 편리함.
신현우,5,2021-09-27 14:49:53,"업데이트 후 잘 사용하고 있으나 몇가지 건의사항 이 있어요. 1. 대여 시 연결이 너무 오래걸림 2. 고장신고를 좀더 간편하게 했으면 함(타이어 바람 빠짐, 안장 고정 불량 등) 3. 옵션 설정을 통해 원하는 자전거의 갯수만 볼 수 있도록, 성인은 미니 자전거가 있어도 탈 수 없는데 화면엔 숫자가 보여서 한번더 확인해야함"
아침혯살,5,2021-09-27 14:49:11,"따릉이 저렴하게 건강하게 이용할 수 있어서 종종 타고 있습니다!! 너무 좋아요 ㅎㅎ 한가지 건의를 드리자면, 이동거리를 지도상으로 측정해서 30일 초과해서도 조회할 수 있음 좋겠어요. 내가 자주 다니는 경로, 다니고싶은 경로 등 조회하고 사람들이 자주 다니는 경로라던지 추천 자전거코스라던지 커뮤니티가 있었음 좋겠네요 ㅎㅎ"
가애,5,2021-09-27 14:49:02,"따릉이 놀러갈때랑 운동할때 잘 쓰고 있어요! 경기도랑 가까운 서울에서 이용할 수 있어서 좋고, 밤에 위험하지 않게 조명 있는거 좋아요!!"
Bongjin Kim,5,2021-09-27 14:47:11,좋은 앱입니다. 사용하기도 편리하고 비교적 여러군데 설치되어 있어 근거리 이동수단으로 알맞습니다. 자전거로 이용할 수 있는 도로가 더 많아졌으면 좋겠습니다.
박선민,5,2021-09-27 14:47:07,요즘 따릉이를 너무 잘 타고있는 50대 주부입니다 타려고 연결할때 너무 늦게열리네요 좀더 신속하게 열리면좋겠고 큐알코드가 찍기편한곳에 있으면 더 좋겠네요 자전거 재고수량과 위치를 보려고할때 내가 있는곳말고도 다볼수있음 좋겠어요 아직까지 따릉이가 있는곳은 집중돼있고 없는곳은 구간이 너무 멀어요 좀더 많은곳에 따릉이가 설치되면 좋겠어요
엑마,5,2021-09-27 14:36:51,자전거 직접 구매하기에도 애매한데 따릉이가 있어서 저렴한 가격에 필요한 때에만 사용할 수 있어 너무 좋아요! 대학교 근처가 아니면 수량 부족하다고 느낀 적도 없고 넉넉하게 탈 수 있어서 애용중이에요^^
석동현 (Damon),5,2021-09-27 14:36:21,"이전버전 진짜 암걸리는거 어쩔 수 없이 썼는데, 리뉴얼되고나니 진짜 좋네요 아이고 이렇게 편할수가 ㅎㅎ 덕분에 따릉이 잘 이용합니다 ^^"
이서진,5,2021-09-27 14:35:48,따릉이 참 편리하고 좋은 앱입니다
queen Lee,5,2021-09-27 14:34:57,따릉이 매일 타요 빌리기도쉽고 요즘 많이 설치되어 있어서 자주 이용하고 있어요 개발자가 누군지 칭찬하고 싶어요~^^
임형진,5,2021-09-27 14:34:53,이용권 구매부터 대여까지 어렵지 않고 편리함 자전거 타고 한강 가거나 잠깐 산책 가고 싶을때 부담스럽지 않은 가격으로 이용할 수 있는게 큰 장점임
A.K.A Jay,2,2021-09-27 14:33:29,최근에 업데이트하고나서 QR이 리딩이 안되어서 일련번호 치고 대여합니다. 어떤때는 일련번호를'입력해도 대여예약 대기 중으로 한참 기다려야하는 경우도 많네요..
한승주,5,2021-09-27 14:32:06,예전 버전 보다 훨씬 쓰기 편하네요. 저렴한 가격에 이용할수 있어서 좋아요.
Sinae Kim,4,2021-09-27 14:31:33,리뉴얼되고 사용하기 편리해졌어요 에러도 거의 안나네요 대여할때 미반납에 대한 경고조치가 추가된 점도 매우 마음에 듭니다
faker keria,5,2021-09-27 14:30:40,잘쓰고있어요~ 따릉이 쿠폰 선물받으면 여기 어플로 입력이 가능해서 좋아요:)
박우,5,2021-09-27 14:30:23,이동하기 편리하고 운동도 되고 아주 좋습니다.
이소룡,5,2021-09-27 14:30:02,"항상 잘 이용하고 있습니다! 카드 등록해놓고, 사용 시마다 등록된 결제수단 이용해서 결제하니까 편하네요 ㅎㅎ 대여할 때랑 반납할 때 알람오는 것도 좋아요! 블루투스 이어폰 사용 중에 대여할 수 있도록 (처음엔 불안정해서 잘 안되더라구요) 점점 개선되서 좋은 것 같습니다~"
K K,5,2021-09-27 14:27:55,동네 마실가거나 운동하러갈때 너무 좋습니다. 가끔씩 밤에 어두울때 QR코드 잘 안읽히는거 빼면 좋습니다.
윤상순,5,2021-09-27 14:27:43,결제도 대여 절차도 정말 편리합니다. 30분 단위로 결제할수 있다면 더 좋을것 같아요. 애들과 자주 이용중입니다. 앞으로도 계속 이용하려고요. 주변 외국인 친구들도 매우 만족이라고 합니다 ㅎㅎ
B A,4,2021-09-27 14:27:30,"서울 곳곳에 있어서 접근하기 쉽고, 사용법도 간단해서 이용하기 무척 편리합니다. 자전거 성능도 전반적으로 괜찮습니다. 특히 데이트 하기에 너무 좋습니다."
m m,5,2021-09-27 14:27:28,"저도 따릉이 진짜 많이 애용하는 사람인데요ㅎ 자전거 타고싶을때 쉽게 대여해서 이용할수있어서 너무 편하게 잘 이용하고 있습니다:D 업데이트 된다면 두가지! 길찾기 검색겸 자전거네비 기능있었으면 좋겠고, 이용시간을 30분 단위로 해도 괜찮을거 같습니다. 앞으로도 애용할게요! 좋은 어플 입니다! 참으로!"
kyungho lee,5,2021-09-27 14:27:23,유용하게 잘 사용하고 있습니다. 감사합니다.
jungwoo ryu,5,2021-09-27 14:26:12,수리대기중인 자전거는 대여하기전에 알수있으면 좋겠어요. 대여하려고 QR코드까지 다~찍었는데 수리대기중 이라고뜨면 넘화나요.
고애심,5,2021-09-27 14:24:46,알림이 와서 편리하게 사용하고 있어요~ 감사해요
송주혜,5,2021-09-27 14:24:25,QR인증으로 자전거 빠르고 쉽게 빌리니까 굉장히 편하고 자주 이용합니다. 따릉이타고 대중교통 환승할때도 마일리지 적립하는게 있어 환경도 생각하고 마일리지도 쌓고 일석이조입니다. 날씨 좋은날 한강 놀러가기도 너무 편하고 저렴하게 이용할수 있어 좋습니다. 앞으로 더 많은 대여소 확장을 기대해봅니다.
박신애,5,2021-09-27 14:23:47,예전에 비해 오류가 적고 단순해져서 좋습니다. 자전거 실시간으로 파악할 수 있어 편리합니다. 공공앱이어사 필요없는 광고도 없는 점도 좋아요
최지웅,5,2021-09-27 14:23:47,"따릉이 이용자입니다. 주말이나 늦은 밤에 너무 애용하고 있어요, 애옹 애옹 원격으로 조종하는 잠금기능이 있으면 더 좋겠네요 ㅠㅠ 지난번 잠금을 잊었다가 원정 갔던 기억이 있어요"
Kh Y,4,2021-09-27 14:23:18,기존보다편리해요
장솔희,5,2021-09-27 14:23:17,가까운 거리는 따릉이 이용해서 빠르고 편하게 이동 할 수 있어 좋습니다. 사진으로 QR코드 조회해서 빠르게 대여할 수 있는 점도 마음에 듭니다.
朴昭穎,5,2021-09-27 14:23:16,요근래 오류가 늘어 약간은 불편합니다. 하지만 전체적으로 사용하기도 편리해졌고 한 눈에 따릉이의 소재를 파악할 수 있어 매우 유용합니다. 따릉이 상태도 매우 좋아져 만족합니다. 감사합니다.
서준호,5,2021-09-27 14:22:51,반납후 결과 확인창 최소한 테이블로 모양이라도 만들어 줬으면 보기 편하겠네요.. 예산 도둑놈이 중간에 있나?..
이송이,5,2021-09-27 14:22:49,반납 10분전에 알림이 오면 좋을것같아요. 반납이 되었는지 긴가민가할때 알람오는게 너무 유용해요
김민재,4,2021-09-27 14:22:35,초창기에 비해 UI가 깔끔해지고 쓰기 편해져서 좋아요. 다만 핸드폰의 문제인지 qr코드가 인식이 잘 안되서 번호로 입력해서 대여하게 되네요.
콧물아님햇빛임,5,2021-09-27 14:22:17,진짜 잘 타고 다녀서 좋아요. 교통비도 아끼고 운동도 하고~ 따릉이 없던 시절 마냥 걷기만 했는데 따릉이 타고 한강 달려 퇴근하면 기분 정말 좋아져요~
세이Sei,4,2021-09-27 14:21:53,큐알이 가끔 안 될 때도 있지만 잘 사용하면서 교통비 아끼고 자전거 데이트 때도 잘 사용합니다
Joseph Han,4,2021-09-27 14:21:18,"일단 어둡든 밝든 qr이 잘 인식되고 연결 시도까지는 100% 확률로 잘 됩니다. 하지만 연결 실패율이 10~20%는 되는 것 같고, 연결되더라도 다음 화면(대여 중 화면)으로 넘어가는 로딩 시간이 5초 가량으로 너무 길어서 아쉽습니다. 그리고 약 70~80% 정도 되는 확률로 반납 후에 앱을 들어가보면 9996에러인지 뭔지가 나서 화면이 멈추어 있습니다.(반납되었다는 화면 대신에) 안정성 측면에서 개선이 필요합니다."
jey Roh,4,2021-09-27 14:19:57,"따릉이의 편의성은 좋지만 관리가 안되어있는 자전거를 만날때가 있습니다. 결제후에 자전거 상태에따라(브레이크고장, 바퀴 바람빠짐,기어변경 고장 등) 자전거를 변경 할 수 있는 기능이 추가되었으면 좋겠습니다."
Reona Moon,5,2021-09-27 14:19:56,"따릉이도 좋고 따릉이앱도 좋아요! 혹시 다른 자전거 앱과 연계?하여 좀더 자세한 지도 정보를 주시면좋을것같아요. ㅡ따릉이가 무지무거우니까 따릉이로 비교적 건너기쉬운 한강다리 (천호대교보단 광진대교거든요), 급수대나 편의점등요 글고 자전거타면서 따릉이탄 사람들 젤답답한게 일렬로 안가고 길막으며 옆으로 나란히가는거에요ㅠ 사고위험도 높으니 이런점에대한 권고? 도 있음 좋겠어요. 바구니에 쓰레기버리면 안된다는점도요."
Minjeong Kim,5,2021-09-27 14:19:41,"따릉이 어플 최고예요!! 지구를 아끼고 건강도 생각하는 마음으로 자전거 잘 타고다니려고 이용 시작했는데 생각보다 어플이 너무 좋습니다. 지도에 실시간으로 이용가능한 자전거 수 뜨는 것도 좋고, 자전거 타다가 이상하면 바로 고장신고 편하게 할 수 있는 것도 매우 좋아요. 사용자 친화적인 인터페이스로 잘 만든 것 같습니다. 한가지 더 있었으면 하는 기능은, 예를들면 1시간 이용권을 사면 24시간 내에 탔다 반납했다 하면서 1시간 내로만 사용하면 되는데 내가 오늘 산 이용권 중에 지금까지 몇분을 이용했는지가 메인에 바로 나오면 좋겠어요~"
김혜원,5,2021-09-27 14:19:10,너므 편하고 좋습니다!자전거들도 항상 정비되어 있거요~
우헤헤,5,2021-09-27 14:18:43,업뎃하고나서 엄청 좋아졌네요#~ 덕분에 잘이용합니다
Bonha Woo,4,2021-09-27 14:18:42,QR 인식 + 수량부족구역만 보완하면 더 좋을꺼같아요!
박세나,3,2021-09-27 14:18:37,편하게 잘 사용 중입니다. 그러나 반영 시간 딜레이가 약간 있습니다.(예. 대여 취소 등)
Seonghun Park,5,2021-09-27 14:18:29,출퇴근길에 버스 대신 이용하고 있습니다 모두 대여중일 때 못타는 불편함이 있는데 대체로 만족합니다
최현철,5,2021-09-27 14:16:23,어딜가나 따릉이가 있어 편합니다
suho ko,3,2021-09-27 14:16:12,편허고 좋아요
루프탑카피라이터,5,2021-09-27 14:15:08,"매일 이용하진 않지만, 밤에 운동할 때나 지방 내려갔다가 서울역에서 차가 끊겨서 사람들 다 택시 기다릴 때 따릉이 타고 도심을 활보하며 달리면 서울 야경도 느끼고 시청-청계천 따라 집 가는 길에 자전거도로도 너무 잘 되어있어서 여유를 느끼기에 최적입니다. 그렇게 이용하고도 대중교통 가격도 안되는 경제적이며 환경도 보호하는 느낌이라 너무 좋습니다. 안장이 좀 더 높게 조절할 수 있으면 금상첨화일 것 같지만 충분히 만족하고 있습니다!"
chisun won,4,2021-09-27 14:14:33,최근 연결실패가 잦아진 거 같아요. 그외 주황색은 고장난 따릉이란 걸 지도에 표기 또는 클릭하면 이용불가 안내가 떴음 좋겠습니다. 처음엔 그걸 몰라서 주변에 따릉이 많다고 안심했는데 그게 아니었음.
이유리,5,2021-09-27 14:12:05,리뷰이벤트 참여합니다 온가족 내내 단체권으로 꾸준히 주말마다 잘 사용하고 있습니다 기아가 3단까지 있는것도 좋고 직접 자전거를 관리했던 비용에비해 가성비 굿입니다^^무엇보다 아이들도 잘탈수잇겠금 안장높이도 잘 조절되고 가끔 타이어 바람이 없어 중간중간 교체도하고 고장신고도 바로바로할수있는 시스템이라 참 좋습니다 지난 한두달동안 결제비용이...1년치결제보다 훨씬 넘어버렸네요ㅜㅜ....정기권 구매후에도 혹시 추가로 단체권도 구매가능한가요^^??......
STart Re,5,2021-09-27 14:11:59,종종 쓰는데 편하고 좋아요~
기갱,5,2021-09-27 14:11:31,공공자전거 접근성은 참 만족스럽습니다. 다만 QR코드 인식 기능이 잘 안 될 때가 많고 어플을 켜둬도 로그인이 유지되지 않아 대여신청이 안 되는 경우가 있어 성능상의 개선이 이루어지면 좋겠습니다.
꺼비두,4,2021-09-27 14:11:21,좋긴하다만 단체권도 장기이용할수있게하면좋겠다
김성호,5,2021-09-27 14:10:35,따릉따릉
교교교,5,2021-09-27 14:08:15,첫 사용시에는 복잡해 보였는데 사용법 숙지후에는 세상편하게 큐알코드만 찍으면 탈수있어 좋네요
천상원,5,2021-09-27 14:07:45,"따릉이 정기권 끊어서 이용하고있는데,관리도 꽤 잘되어있고 편하면서 가격도 엄청 싼데다가 정류장도 많아 정말 편리하게 잘 사용중입니다. 다른 회사 자전거들보다 더 잘 쓰게 되는거 같아요"
ZZ ZZ,5,2021-09-27 14:07:38,따릉이 최고! 따릉따릉!
심술쟁이쎄미,5,2021-09-27 14:06:15,편리하고 넘 좋아요
Ji Suk Lee,5,2021-09-27 14:05:47,업데이트되면서 사용하기 더 편해졌어요~ 벌써 5년째 이용중인데 처음에는 계속 로그인도 안되고 환승기능도 없었는데 더 더 발전해가고 있어 너무 좋아요~
서동완,5,2021-09-27 14:05:45,요즘 야간에 철야 일 끝나고 코로나 때문에 차도 일찍 끊겨서 따릉이 애용하는데 너무 좋네요 시원하고 도로에도 차도 없고 자주 애용하고 있습니다.
yang yiin,4,2021-09-27 14:03:17,앱이 가끔 오류가 나요. 빌릴 수 있다고 나오는데 막상하면 안됩니다
W H,5,2021-09-27 14:03:07,"요금 인상은 뼈아프지만 집사람과 자전거 데이트할 때 이만한 게 없습니다. 인프라 구축도 너무 잘되어있고, 정말 편합니다 ㅎㅎ 다만 qr코드 인식 오류가 자주나서 불편하긴 해도, 카메라 인식 말고 qr밑에 번호로 직접 입력하고 인증하면 잘되더라구요!! 참고하시면 좋을 듯 합니다 :) 앞으로도 좋은 사비스 잘 부탁드려요!! 감사합니다♡"
SSUNY,5,2021-09-27 14:03:05,급하게 돌아다니다가 자전거 필요할때! 공원에서 자전거 데이트 하고 싶을때! 아주 편하게 이용할 수 있어요 서울 시민의 1순위
창쥬,5,2021-09-27 14:01:47,따릉이좋아요~
홍서후,5,2021-09-27 14:00:18,너무 잘 애용하고있어요 따릉이 정류소도 많이생기고 어디서든 이용할스있어편리합니다
백승민,5,2021-09-27 13:58:36,자주 애용하고 있습니다~
Woojin Jung,5,2021-09-27 13:57:18,너무 훌륭한 따릉이! 앱 반응속도가 좀 더 빨라진다면 더 완벽해질 거에요!
Wonha Lee,5,2021-09-27 13:05:30,빠르고 편리합니다
써니맘,5,2021-09-26 23:40:01,서울에서 따릉이는 이제 필수에요 처음보다 이용이 편하고 간단해져서 좋아요 조금더 바란다면 길찾기가 같이 되었음 좋겠어요 그럼 주변 정류소도 같이알 수 있어 더 유용할 듯 합니다.
hyeon su lee,5,2021-09-26 17:35:20,베리베리 굿~ 서울시 화이팅!!!
소미다,4,2021-09-26 16:46:03,대여하기 누르면 연결까지 시간이 소요되는것만 고쳤으면 좋겠어요
문선재,5,2021-09-26 15:42:46,따릉이 좋음. 블루투스연결되있을때도 대여에 문제없었음 저 좋겄음
주은아,5,2021-09-25 23:44:23,항상 출퇴근 시간을 같이 보내고 있습니다. 아주 만족하고 있어요 ㅎ
Eul moon Park,5,2021-09-25 21:03:16,계속해서 편의성이 높아지는것 같아 서울시민으로서 자부심이 생길정도입니다! 시민참여 대여소도 신청했는데 꼭 집앞에 따릉이가 생기면 좋겠어요!
최수빈,5,2021-09-25 19:34:36,너무 좋네요 학생도 쓸수있어 좋아요
민머리토끼,5,2021-09-25 16:33:48,이거 만든사람 천재
양다정,1,2021-09-25 16:32:00,왜 계속 오류가 뜨죠?
김은경,4,2021-09-25 11:47:39,"출.퇴근시 주말에 항상 따릉이를 이용하고있습니다. 6개월 이상 타고있으며, 아주 유용하게 사용중입니다. 조금 불편한 점이 있다면 대여시 고장인 자전거들이 생각보다 많아 다른 곳으로 이동하여 대여한 적이 몇번 있었어서... 이 점만 개선되면 더욱 따릉이 애용자가 될듯합니다~"
May cosmos,1,2021-09-25 10:57:59,대여하기 오류 시간만 버림 쓰레기 앱
스누피,3,2021-09-25 01:10:40,대여시 10번중 8번정도는 최소 서너번이상 대여가 바로 안됩니다. 계속 오류메세지 뜨고 심한 경우 핸드폰 재부팅까지 해야합니다. 개인적으로 업데이트 이전보다 훨씬 불편합니다. 바쁜데 대여하느라 10분씩 소비하느라 짜증납니다. 예전에 없던 기능이 생긴건 좋은데 오류 너무 많아요
오창석,4,2021-09-24 19:50:39,저사양 폰에서는 시계랑 같이 사용하면 접속 안되는 경우만 빼고는 좋습니다(사용자 문제일 수 있음)
구희찬,4,2021-09-24 19:46:24,카메라 인식률만 높여주세요ㅠㅠ
원지수,5,2021-09-24 19:08:13,좋아요!! 운동도되고 항상 애용하고있습니당
오삼삼,5,2021-09-24 18:36:20,이용권 결제하고 큐알코드로 따릉이 대여하기까지 과정이 매끄러워 사용하기 편합니다. 업데이트되면 좋겠다고 느낀 점은 지도에 '길찾기 및 검색 기능' 추가입니다. 초행길을 따릉이로 가려고 할 때 가고자하는 곳에 따릉이 반납소(대여소)가 있나 확인하곤 합니다. 이때 따릉이 지도 상으론 장소 검색이 되지않아 네이버지도나 카카오맵 검색으로 도착지 지도를 확인하고 따릉이앱을 통해 다시 대여소 현황을 파악합니다. 따릉이 앱에서도 출발지와 도착지 대강의 주소를 입력하면 주변 대여소 지도를 보여주었으면 좋겠다는 의견입니다. 더해서 네이버지도 등이 제공하는 자전거 길찾기 기능이 있습니다. 이를 따릉이 앱에서도 구현할 수 있으면 더욱 편리할 것 같습니다. 대여소와 대여소 까지의 길찾기 기능 추가를 기대해봅니다! 따릉이 화이팅!
ThankGod,5,2021-09-24 17:21:11,최고의 서비스 최고의 앱입니다 리뉴얼 후 속도도 빨라지고 오류도 줄었습니다 우리 서울 시민들 공공 자전거지만 내 꺼라 생각하고 곱게 씁시다 바구니에 쓰레기 버리지 않구요
장혜주,5,2021-09-24 17:19:02,"초창기보다 앱 구성이 직관적으로 보이도록 업데이트되어서 이용이 편리하다. 다만, 따릉이 이용시 블루투스 연결속도가 느린게 흠이다. 미리 블루투스기능을 켜놓지 않으면 QR 코드 스캔 따릉이 연결이 매우 느리거나 되지않는다. 항상 한번취소후 재연결하여 이용하므로 개선이 되었으면 좋겠다."
Kunkang Hwang,5,2021-09-24 16:41:19,편리합니다
최주환,5,2021-09-24 16:34:18,이 앱 설치 안하면 손해입니다
강연희,1,2021-09-24 16:33:49,사용이 너무 어려움. 미자여서 겨우 회원가입했는데도 결제가 넘 복잡함
쪼꼼ᄒ,5,2021-09-24 15:55:37,너무좋아요~~너무잘이용하고있습니다~!!! 감사합니다~^^
Nickchling Jeong,4,2021-09-24 15:44:45,무선이어폰 연결되어 있어도 음악 재생 안하면 자전거연결 잘 되네요!
카이라,4,2021-09-24 15:30:24,따릉이가 진짜 좋기는 한데.. 빌린게 바로바로 업데이트가 안된다거나 껐다켜야 상태확인이 되는점은 좀 아쉬웠어요ㅠㅠ 좀더 ui가 직관적으로 되어있었음 좋겠다 싶기도 했습니다 저희 엄마는 사용하기 좀 어려워 하시더라구요
유은주,3,2021-09-24 15:25:45,"6개월 정기권을 결제했는데, 종종 초등학생 아들과 함께 자전거 타고 싶을때. 추가 1명 이용할수 있는 방법이 없네요. 상담원은 단체권 2인 이용하라는데, 추가 1인 결제 해서 이용할수 있도록 개선 되었으면 합니다."
변옥자,5,2021-09-24 15:18:17,출퇴근 시간도 너무 잘 이용하고있구요 회사에서 잠깐씩 볼일보러나갈때도 편하게 이용하고있어요 주말에도 자주 이용합니다 감사합니다
김미현,4,2021-09-24 15:14:01,따릉이 앱이 누구나 쓰기 ㄱㄴ편하게 되어 있어서 좋습니다^^ 그리고 따릉이가 거점마다 위치해 있어서 팔요할때마다 사용하기 편하고 저같은 경우는 운동할때도 따릉이~이동할때도 따릉이~ 따릉이 팬이랍니다^.~
해피러브뽕,4,2021-09-24 15:09:29,다좋은데 하루 한시간두시간말고 총몇시간 정액권이 있으면 좋겠어요. 자유롭게 타고 내리고 또 일보고 타고 내리고 할수있게요.
kim mijung,4,2021-09-24 15:05:16,불편함 없이 사용중이에요. 간혹 대여까지의 시간이 소요되긴하나 에러는 없어서 만족합니다.
JJang ida,5,2021-09-24 14:59:59,따릉이 리뉴얼 되고 속도가 훨 빨라졌어요 :) 제 폰 속도가 느려 지난 버전에서는 대여하는데 엄청 오래 걸 렸는데 ㅠㅠ 리뉴얼 후에는 일사천리 ㅋㅋ 짱 좋아요 :) ~~
박서은,5,2021-09-24 14:58:51,출퇴근할 때 저렴하게 이용하고 이동할 수 있어서 좋았습니다 사용법도 큐알코드 확인만하면 사용이 간편합니다 다만 사람들이 많이 몰리는 장소와 시간대에는 자전거 대수 많이 부족합니다 그것만 더 여유로워 지면 좋겠습니다 이제 한시간씩 30일 정기권이 끝나가는데 다시 정기권 신청하려구요
엄재철,5,2021-09-24 14:57:47,이동거리짧으면 따릉이와 함께 이동합니다. 가끔 따릉이 상태가 안조은거 빼고는 대체적으로 만족합니다.
박수미,5,2021-09-24 14:57:45,출퇴근과 운동을 위해 가끔씩 사용하는데 너무 좋습니다. 기후위기 시대에 탄소 절감과 운동도 되고... 서울시 정책 중 최고입니다.
이예림,5,2021-09-24 14:54:37,예전보다 대여할때 시간이 개선되었어요! 버벅임도 많이 줄어들었고 반납도 2분안에 해결돼서 많이 애용하고있습니다!
김대환,4,2021-09-24 14:47:06,초기 어플의 여러 불만은 업데이트로 대부분 해소 되었고 몇가지 불편한 점을 추가로 알려드릴게요 일단 이용권을 구매하면 동시에 자동으로 사용되는 반면 선물받은 이용권은 내가 사용하고 싶을 때 사용할 수 있죠 내가 산 이용권도 사용하고 싶을 때 사용할 수 있도록 바뀌었으면 좋겠어요 그리고 제로페이 결제는 카드등록으로 빠른 결제시스템이 아닌 게 아쉬워요 이 때문에 결제가 너무 느립니다 이런 부분이 개선되면 더욱 편한 어플이 될 듯 합니다
김민주,5,2021-09-24 14:36:13,"아침 출근시간에 빠르게 자전거와 연결되어서 매일 애용하고 있습니다. 가끔 연결이 너무 느리거나 대여취소도 오래걸리는 경우가 있는 것은 아쉽습니다. 어디에나 자전거가 많이 구비되어있고, 반납도 빠르게 이뤄지는 등 이용하는 방법이 간편해서 너무 좋습니다. 가끔은 대여가능한 자전거 수가 실제와 다른 경우가 있어서 헛걸음 한 경우도 있었습니다. 대여소가 집근처에도 있으면 좋겠는데 주택단지 쪽에는 대여소가 없고 큰 대로변에만 있는것도 아쉽습니드. 버스보다 빠르게 이동할 수 있어서 좋습니다."
Yunkyung Kim,5,2021-09-24 14:30:47,제로페이로 할인받고 이용기간에 한 시간씩 무제한으로 탈 수 있어서 정말 경제적이에요. 가까운 거리는 따릉이로 다니는데 운동시간 따로 가질 것도 없이 정말 좋네요! 앱이용도 편리해서 사용하기 좋구요~^^
김김,5,2021-09-24 14:12:43,정기권 사용기한과 몇시간권인지에 대한 정보가 한 눈에 들어와서 좋습니다. 다만 핸드폰 폰트사이즈를를 보통이 아니라 조금 크게 설정할 경우 글자가 칸 안에 다 들어가지 않아서 약간 이상하게 나오는 문제가 있습니다. 마지막으로 ... 고장이나 방치를 한 사람들은 패널티가 있었음 좋겠습니다. 길가에 쓰러져있는 따릉이 보면 신고를 하기는 하는데 어떻게 처리되었는지도 잘 모르겠고 신경쓰입니다. ㅜㅠ
hs j,5,2021-09-24 14:12:18,매일타고있습니다. 구형따릉이는 속도가 별루고 신형따릉이는 속도가 좋아요. 더 빨라졌으면 좋겠어요
군고구마,5,2021-09-24 14:11:42,앱 업뎃 후 로그인 유지가 잘돼서 좋아요. 다만 자전거용 네비게이션 기능도 추가되면 더 편리할 것 같아요!
김미숙,4,2021-09-24 14:04:51,다 좋아요 ㅡ 블루투스 연결이 이어폰 등 꺼고 해야하는 불편함은 너무 커요~~
박승민,5,2021-09-24 14:04:35,따릉이 수만 조금 늘어나면 매우 만족해요!
비달구순구혜림,5,2021-09-24 14:04:07,이전보다 빠르고 한번에 많은곳을 보여줘서 이용하기 더 편했졌어요
김종원,5,2021-09-24 14:02:13,따릉이 넘모 조와요
KKoh영,4,2021-09-24 14:01:16,따릉이 오랜만에 접해본 이용자입니다. 1시간내 반납시 24시간동안 횟수제한없이 이용가능한 시스템을 알고 넘 저렴하게 이용할 수 있어 대만족입니다. 가을바람 맞으며 운동도하고 기분도 업되고 아주 좋습니다. 자주 이용할께요~ 초행길은 음성안내가 가능하면 좋겠어요. 특히 자전거보관소 찾는게 서툴러서요.
유지연,4,2021-09-24 13:58:58,따릉이 덕분에 운동도 하고.출.퇴근용으로도 잘 이용하고 잇습니다.
신Ray,4,2021-09-24 13:58:05,따릉이 너무 좋습니다. 따릉이 근처에 공공와이파이가 설치된다면 더없이 좋을 것 같습니다.
제트,5,2021-09-24 13:55:58,어디서든 간편하게 빌려탈 수 있는 따릉이! 잘 이용하고 있어요 ㅎㅎ 요즘같이 날씨 좋은 날에 가볍게 라이딩하기 딱이에요!
치킨,5,2021-09-24 13:55:44,항상 따릉이 덕에 하루하루 감사하게 살고 있습니다. 따릉이로 인해서 지구 환경이 조금이나마 나아졌으면 좋겠고 가격도 저렴하며 대여소가 많아져서 너무 좋습니다 ㅎㅎ 서울에서 사는동안 만큼은 따릉이랑 함께 하겠습니다!! 파이팅
남정혜,5,2021-09-24 13:54:19,사용하기 간편하고 매우 유용함. 7월12일부터 매일 출퇴근시 이용중.
정혜우,4,2021-09-24 13:54:02,정말 좋습니다. 다만 가끔씩 인식에 오래걸립니다.(인터넷 정상) 이 부분만 개선 된다면 더욱 좋을 것 같습니다!
리뽄자,5,2021-09-24 13:53:20,짧은 거리 이동에도 편리하고 운동도 되고 대여반납 다 너무 간편해서 애용하고 있습니다! 앞으로도 열심히 안전하게 타겠습니다 :)
김렘,5,2021-09-24 13:50:21,교통수단 보다 저렴해서 가끔 퇴근길에 쓰고 있어요. 블루투스 이어폰을 꺼놔야 대여가 되는 식이 조금 불편하지만 그렇게 걸릴 정도는 아니에요. 1. 대여 종료 10분 전에 카톡으로 잔여시간 메시지가 오지만 라이딩중에 휴대폰을 보기 어려우니 대여할때 나오는 음성처럼 10분 전에 잔여 시간이 음성으로 나오면 좋을 것 같아요 2. Ui이동하는 애니메이션이 조금 부드러웠으면 좋겠어요
Aa,5,2021-09-24 13:49:48,예전보다 속도다 빠르고 잘 작동합니다
이상한,5,2021-09-24 13:48:15,앱 편리하고 쉬움
정민기,5,2021-09-24 13:47:24,언제나 나의 발이 되어주는 서울시만의 편리한 제2의 교통수단!! 따릉이만 있으면 어디든 갈 수 있어서 너무 행복합니다 앞으로도 잘 이용하겠습니다 감사합니다!!! \(^-^)(^ㅡ^)/
주재원,5,2021-09-24 13:46:59,업데이트 후 편해졌습니다. 수고하세요~
ᄋᄋ,5,2021-09-24 13:46:34,편리해요
장.,5,2021-09-24 13:46:33,서울에 따릉이가 있어서 넘 좋습니다 :>
뱁새좋아하세요?,5,2021-09-24 13:46:24,따릉이 덕분에 봄 가을마다 자전거타고 곳곳 돌아다니는 취미가 생겼어요! 바깥바람쐬고 들어오면 기분이 좋습니다. 집 자전거는 왜 따릉이탈때의 맛이 안날까요. 따릉이 짱!!!!
이영찬,5,2021-09-24 13:46:00,2년째 사용하고 있습니다. 편하고 좋아요~주말에는 운동삼아 탑니다.
오민정,5,2021-09-24 13:45:57,따릉이 한동안 이용안하다가 날이 너무 좋아서 다시 이용하게 됐는데 예전보다 더 이용하기 편해졌네요.
오윤희,4,2021-09-24 13:45:44,아이와 요즘 자주이용해요 블루투스연결이 안되서 버벅거리기도하고 아이가 스스로대여하게 버스카드같은거가 되면좋겟어요 그리고 제로페이할인 단체권도 되면좋겟어요
jini,5,2021-09-24 13:45:27,가끔씩 대여하기할때 오류가 나며 안되는경우가 있어요 이때 다시 대여하기를 하면 되더라구요! 그거말고는 불편함없이 아주 잘쓰고 있습니다!!
Jueun Lee,5,2021-09-24 13:44:59,따릉이는 인생자전거에요 제가 가졌던 진짜 내자전거보다 훨씬더 유용하게 잘이용하고 있어요 가는곳마다 편리하게 주차 또는 재이용 가능해서 너무 좋습니다 시민을 위한 배려하는 정책중에 제일 이라고 생각합니다 제가 서올시민으로서 혜택받고 있다는 느낌이 들정도입니다 바라는점은 노후되거나 수리해야 되는 자전거에 대한 능동적이고 적극적인관리 부탁드립니다
이승준,2,2021-09-24 13:44:47,연동이 안돼서 자전거가 있어도 타지 못 하는 경우가 빈번하게 많습니다.
ミンミン,5,2021-09-24 13:44:32,"자전거랑 블루투스연결도 빠르고, 반납도 잘되고, 좋아요~~~~"
노지호,5,2021-09-24 13:43:09,이전보다 QR코드 인식이 좋네요.
Akina,5,2021-09-24 13:43:05,리뉴얼로 여러 편의 서비스들이 생겨서 너무 좋고 편합니다!!
전승섭,5,2021-09-24 13:42:16,매일사용하는 따릉이 늘곁에 있어서 언제나 소중한 친구 따릉이 함께해요
달도 따다줄게,5,2021-09-24 13:41:08,리뉴얼된 이후로 지도도 보기편하고 대여도 편합니다.
이진아,5,2021-09-24 13:41:00,"낯선 곳에서도 따릉이 위치를 알수 있고, 따릉이 주차장에 몇대가 있는지도 알수 있어서 너무 유용하고 편리하게 사용하고 있습니다~ 또한 이용한 만큼의 거리와 칼로리 소모도 알려주시니 너무 유용합니다~^^"
TAE SU KYEONG,5,2021-09-24 13:40:59,따릉이 이용하는데 편리해서 잘쓰고 있습니다~
유토피아,5,2021-09-24 13:40:54,ㅇ업데이트 후 개선된점이 많은거 같아요! 앞으로도 애용할게요!
최윤민,5,2021-09-24 13:39:31,출퇴근길 잘 애용하고 있습니다~ 감사합니다^^
BB R,4,2021-09-24 13:37:50,저렴하게 사용하고 좋긴한데. 대여후 폐달을 돌려보니 듣기싫은 소리가 나는 자전거 상태가 안좋은건 미리 알수가 없어서 아쉽네요.
박수경,5,2021-09-24 13:37:47,바쁠 때 단거리로 이동할 때 간편하게 이동할 수 있어 좋아요~ 아쉬운점은 평일에는 집 앞에 자전거 수가 적어서 아쉽지만 주말에 취미로 탈 수 있어 좋아요~^^
jongwoo Kim,5,2021-09-24 13:37:34,정말 유용한 앱입니다 언제나 필요할 때 이용할 수 있는 편리한 따릉이 노후된 자전거 교체를 신속히 해주시고 고장 따릉이 신고제보시 일정 리워드를 보상해 주는 시스템이 필요할 것 같습니다
LUNA M00N,5,2021-09-24 13:37:16,큐알 바뀌고 난 이후에 더 편해졌어요!
정대훈,5,2021-09-24 13:36:53,"편하게 애용하고 있습니다! 애매한거리 또는 환승이 복잡한 곳을 갈 때 따릉이 많이 사용하게되네요, 먼것 같아도 서울내 천들따라 자전거 도로가 잘되어 있어서 이동하기도 좋은것 같아요!"
채채,5,2021-09-24 13:35:02,항상 너무 잘 이용하고있습니다. 감사합니다~
*성화,4,2021-09-24 13:34:42,제로페이 결제가 항상 안되요 이거 개선좀 해주세요
Yongjae Kim,5,2021-09-24 13:34:24,"이전 버전보다 빨리 대여가능하고 대여소의 현황을 보다 실시간으로 볼 수 있어 좋습니다. 하지만 반납시 반납여부 안내에 종종 다른 화면이 뜨고, 특히 비오는 날이나 날씨가 안좋은 날에는 반납 현황이 늦게 반영되어 시간 초과안내 문자가 계속와 콜센터에 전화를 해도 전화하기가 너무 어려운 단잠이 있습니다."
EUNOK KIM (복숭아물고기),5,2021-09-24 13:34:12,필요할때 적절히 사용하기 편리하고 자전거 품질도 좋은 것 같아요! 요즘 가을 날씨에 특히 강추입니다!
김현유,5,2021-09-24 13:34:04,정말 시스템 세계 최고 입니다 위치기반지도와 검색 잔여대수 이용이력들 정말 편리하게 잘만들었습니다.
sungkwon lee,5,2021-09-24 13:33:55,따릉이는 서울 살면서 받는 가장 큰 혜택인 것 같습니다. 따릉이 시스템 없애지 마시고 지속적인 유지 부탁드립니다.
말콤,5,2021-09-24 13:30:05,제일 잘하고있는것중 하나
미리내별,5,2021-09-24 13:29:59,편리합니다^^ 제로페이로 결제하면 할인되서 좋고 24시간동안 4번 이용 가능한것도 넘 좋습니다.
S G,5,2021-09-24 13:29:55,"편리해서 이번에도 일년권 등록해놓고 사용합니다 갈아타기만 하면 무제한 사용이 가능하고 서울에 수십곳 여러 장소에 있어서 자전거 타고 서울 여행하기 안성맞춤, 교통비 절약+환경보호+건강+즐거움 최고입니다^^"
김민주,5,2021-09-24 13:29:38,한번 타보고 바로 1개월권 결제했어요! 너무 편하구 좋아요ㅜ
Jeonghun Park,4,2021-09-24 13:29:20,앱이 빨라진거 같아요
SG L,5,2021-09-24 13:28:29,따릉이로 대중교통보다 싼가격에 편하게 잘 다니고 있어요~
한길,4,2021-09-24 13:26:19,"주말마다 저렴하고 편하게 사용하고 있어요. 마지막에 몇 km를 달린건지, 탄소배출량이 얼마나 줄었는지 나오는게 좋고 추가적으로 평균 속도나 이동 지도가 뜨면 좋겠네요(달린 길을 지도에 표시)"
Hoon Park,4,2021-09-24 13:25:39,대여 시 현재 위치를 표시 해 줬으면 더욱 좋겠습니다
JH,5,2021-09-24 13:25:32,따릉이덕에재미짐
문경희,5,2021-09-24 13:23:46,사용하기 편리할 뿐 아니라 성능도 이정도면 완벽합니다. 강추강추
허현,5,2021-09-24 13:23:35,따릉이 1년단위로 결제해서 사용중인데 사용하기 편하고 좋아요.. 바탕화면 원버튼 대여하기 있으면 좋겠네요
won lee,5,2021-09-24 13:23:23,굿
연ee,5,2021-09-24 13:23:15,블루투스연결도 잘됩니다. 무선이어폰 끼면 잠깐 오류나기는하는데 연결 해제하고 하면 잘 됨. 따릉이 정류장도 촘촘히 있어서 좋아요
김한나,5,2021-09-24 13:22:43,따릉이 너무 편하고 좋은데 조금 더 관리가 잘 되고 자전거 도로가 안끊기면 좋겠어용 화이팅
망고,5,2021-09-23 20:21:28,2-30분 거리 따릉이를 이용하니 교통비도 아낄수있고 탄소배출 줄여줬다는 기록도 같이나오니까 뭔가 환경에 도움되는 일을했다는 뿌듯함도 있고 좋아요 ㅎ
김태욱,5,2021-09-23 18:07:59,유용하게 잘 사용하고있습니다(^_^)
Byungsook Lee,5,2021-09-23 16:43:23,사용이 쉬워서 좋아요
최수호,4,2021-09-23 10:49:00,전에는 따릉이 다시 접속시 느리고 오류나는 부분이 있어 시간이 몇분가량 소요 되었는데~이 부분이 확실히 없어졌네요~빨리 이용할수 있어 너무 좋네요^^
별의별사탕,5,2021-09-23 08:28:58,오래전부터 이용해 왔습니다. 이용하기 편하게 어플도 점점 좋아지고 있고 따릉이 자체도 발전하는 모습이 너무 좋아요. 따릉이 사업 계속계속 하고 확대됐으면 좋겠습니다. 그리고 모두 안전운전!!
Kaya,1,2021-09-23 07:59:31,고객센터 엄청불친절해요
Alano Kong,5,2021-09-22 16:11:32,😒닉ㅍㅍㄴㄷ ㄱ가 9ㅌㅔ
이은하,5,2021-09-22 13:53:34,따릉이 잘 이용하고 있어요 평일 퇴근할 때 주로 이용하는데 불편함도 없고 간편해요
교고쿠도,1,2021-09-22 13:35:23,블루투스 연결중에 따릉이 연결 잘 안되는거는 개선이 안되나요
김성원,1,2021-09-22 11:35:05,업데이투 이후 네이버 로그인 안됨
동우이,5,2021-09-21 17:23:26,처음 사용해도 손쉽게 알수있고 간편하게 사용가능하네요 따릉이 덕분에 운동도 하고 너무좋네요
LOHOFA,5,2021-09-21 15:33:32,따릉이는 우리집 무공해 이동수단이져~^^저렴하게 1년회원권으로 잘 사용중입니다. 감사합니다
이지원,5,2021-09-21 12:28:52,보다 단순화된 이미지로 내용 이해가 쉽습니다. 요청 사항: 일반적인 지도 앱의 경우 줄이기 기능이 꽤 많이 되어 넓은 지역을 한 눈에 볼 수 있는데 따릉이 앱에서도 최대한 넓은 지역을 한 눈에 볼 수 있게 화면 축소 기능이 더 추가 되었으면 좋겠습니다^^
이주현,5,2021-09-20 21:15:52,간단하게 타기좋아용
곰초코,3,2021-09-20 13:24:40,예전보다 대여 속도가 많이 빨라졌어요. 전에는 벌서는 기분이 들었습니다. 대여후 앱 상에서 안드로이드 뒤로가기 누르면 아무 동작을 안하는데 지도 화면으로 가면 좋겠어요.
CG B,4,2021-09-20 13:09:11,"아주 좋아졌지만, 줌인 줌아웃에서 개선의 여지가 있다."
BYEONG HOON LEE,5,2021-09-20 10:12:54,사용하기 편리해요.
무한도전,5,2021-09-20 05:41:46,따릉이 대여시 앱설정이 느려서 취소후 재설정하며 한참을 머뭇거리는 답답함 해소와 이용후 반납시 고장 또는 문제 결함을 어플에 남길수 있게하여 다음 사람이 사고를 모면할수있게 개선해 주시기 바랍니다 휼륭한 따릉이 시스템이 두발이 되어주어 항상 고마울따릉입니다~^^♥
Kyungjun Lee,1,2021-09-19 21:06:20,와 내가 2021년에 이딴 수준 떨어지는 앱을 써야 한다니 결제 먹통 오류만 수십번 아이엠에프 시절에 하이텔 접속하는 것보다 어렵네. 역시 그 분이 자랑했던 사업 답다.
SangHo AN,5,2021-09-19 15:11:55,주변에 자전거 있는 위치와 수량이 보기가 편하네요.
정재은,5,2021-09-19 14:24:10,따릉이 항상 잘이용하고 있어요 문제가있을때도 전화하면 자세히 설명해주시고 아주 잘이용하고있습니다!
이수정,5,2021-09-19 13:56:29,따릉이 초창기부터 쭉 이용하고 있어요~점점 업그레이드되는 따릉이 응원합니다~^^
Ho,5,2021-09-19 13:29:31,"리뉴얼되고 좋아져서 앱 사용이 편리합니다. 다만, 블루투스 연결이 불안정한게 아쉽습니다. 따릉이 대여할 때 계속 서서 연결을 재차 시도하는 일이 많아요. Ui는 직관적이라서 보기 좋습니다. 앞으로도 자주 이용할게요 :)"
이주연,5,2021-09-19 01:09:16,운동도되고 따릉이곳곳에있어 교통수단으로도 넘좋아요~~!^^
이덕희,1,2021-09-18 19:43:07,리뷰 이벤트겸 적습니다. 블루투스 통한 연결 방식이 너무 불안정해서 이용할때마다 불편함을 느낌니다. 많은 분들이 느끼는 오류인거 같은데 앱 업데이트를 통해 안정화된 따릉이가 됐으면 좋겠습니다!!
Chansoo Park,5,2021-09-18 11:38:50,관리도 잘되고 좋은거 같아요
Yom L.,5,2021-09-18 05:31:18,이전 앱 대비 자전거 인식도 원활하고 반납도 금방 연결됩니다. 이용하는 데에 불편함이 없어요.
mk J,1,2021-09-18 00:23:56,왜대여가 안됨? 12분째 안되고잇음. 도대체 왜?
김은주,5,2021-09-17 21:34:40,처음에 한시간씩 하루 2시간이용권을 구매해서 몇번 타보았는데~좋아서 6개월치 구매후 잘타고 있어요~^^ 송파둘레길 자전거도로 잘되어 있어서 예쁜경치도 보고~잘 이용하고 있어요 감사합니다~^^아~참...따릉이들을 너무 함부로 쓰시는분들 계시나봅니다ㅠㅠ 내꺼랑 생각하면 마구 굴리지 말아주셨음 좋겠네요..이웃을배려해주세요
총각보틀chong gak bottle,4,2021-09-17 20:02:04,따릉이 초반 어플에 비하면 정말 많이 개선됐어요~ 메뉴디자인이나 전체적인 서비스가 훨씬 한 눈에 잘 들어옵니다~ 애용하는 따르릉 따르릉 내가 네 렌탈자야~
나나나낭나,5,2021-09-17 18:01:01,가까운 거리 이동할 때 너무 좋아요. 너무잘쓰고 있어요. 안바뀌고 이대로만 했으면 좋겠어요.
강원구,5,2021-09-17 16:43:58,좋은재도이긴하나.따릉이 집이필요할거같습니다
손멍멍이 (멍멍이),4,2021-09-17 16:07:22,지하철역에서 거리가 먼곳이 많고.고장난건 미리 알수있는 표시가 있으면 좋겠네요.앱에 들어가서 대여하기 로그인 할때만 알수있어서요.그외에는 여러가지로 너무 좋아요!^^
김재훈,4,2021-09-17 16:04:18,사설이 아닌 공공기관에서 운영하는 어플 중 좋은 편이라 생각함
Hyoung-il Ju,4,2021-09-17 14:44:45,대여할 때 한번에 안되는 경우가 열에 두세번 꼭 생겨요. 그거 아니면 아주 만족합니다.
노을소리,4,2021-09-17 14:34:02,너무 잘 이용하고 있습니다.. 한가지 바라고 싶은것은 자전거대여장소를 찾을때 내위치도 같이 나왔으면 훨씬 찾기 편하지않을까 생각됩니다
Kyoungsoo Jeon,5,2021-09-17 14:29:42,사용이 편하고 어디에 따릉이가 있는지 알기 쉬워 좋아요~
황성준,5,2021-09-17 14:22:14,이용하기 편리해요
Eun Sil Lee,5,2021-09-17 14:15:50,편하고 간편하게 이용할수 있음 무엇보다 안전하게만 탈수 있다면 환경보호 차원에서도 기쁜마음으로 앱을 사용할수 있음★★★★★
soon kyu kwon,5,2021-09-17 14:12:57,앱이 리뉴얼이 되고나서 전에 있던 지도부분의 버벅거림도 없어지고 앱 내의 폼들이 더 보기좋고 쓰기 편하게 개선되어서 좋습니다~!
김연호,5,2021-09-17 13:54:37,처음 사용때는 좀 불편했지만 지금은 괜찮아요 공용자전거의 편리함에 감사드립니다
낑깡이오빠,3,2021-09-17 13:54:03,연결좀 잘 좀 되게 해주셈 그리고 초과 돈이 너무 비쌈
박종영,4,2021-09-17 13:49:28,리뉴얼되어 한결보기 편한 정보를 제공합니다. 근데 가끔보면 분명히 세워져있는데 사용에 불가한 따릉이들이 있어요. 이런 저전거들의 표시가 따로 구분되어지면 좋겠네요. 사용가능이 아닌
양조위,5,2021-09-17 13:46:36,따릉이는 서울시의 자랑입니다. 저렴한 비용에 활기를 불러 주는 가성비 최고입니다. 다만 육교 위 같은 곳에 올려둔 채 반납하는 일부 비양심적인 사람들 때문에 가끔 실망스럽긴 합니다. 좋은 서비스가 지속돼기위해선 이용자도 노력해야겠죠~!
김성근,5,2021-09-17 13:41:50,사용 잘 하고 있습니다. 따릉이 대여시 편리 합니다.
박주영,5,2021-09-17 13:41:50,너무 좋아요~~~♡♡
유형석,5,2021-09-17 13:41:21,편리합니다
SG p,5,2021-09-17 13:38:12,따릉이없는 일상은 이제 상상할 수 없습니다. 앞으로도 많이 이용할게요~☆
Lee이정준,5,2021-09-17 13:34:59,아주 편리하고 급할때 자전거 만한개 없죠
driver_ kim,5,2021-09-17 13:34:36,이만한 앱 없음. 자전거 도둑맞던 어린시절 슬픈추억에 자전거를 끊었는데 따릉이로 나는 다시태어남 아주좋음
Jungwon Lee,5,2021-09-17 13:34:29,대여 알림/종료 알림이 빠르게 처리되는거 같아서 이전보다 사용하기 편하네요~
kenchi,5,2021-09-17 13:34:17,버벅이거나 오류 없이 잘 사용중. 가끔 qr코드로 대여는 오래걸릴때가 있음.
김정규니,5,2021-09-17 13:33:55,정말 좋습니다.
김진의,3,2021-09-17 13:32:24,연결이 잘 안돼서 불편한 적이 있었어요 고장신고에 자전거 번호를 쓰게끔 되어 있는데 QR읽은 라이딩 시간으로 자동으로 올라왔으면 좋겠어요. 자전거 점검을 철저히 해줘요 망가진게 많습니다
이예지,5,2021-09-17 13:31:38,가끔 출퇴근할때 타고 다니고 있습니다. 거리가 그리 멀지 않다보니 아주 유용해요!
이병진,5,2021-09-17 13:30:04,항상 발전하는 따릉이 덕분에 건강도 챙기고 시간도 챙기고 여유도 챙기고 있습니다
김병진,5,2021-09-17 13:30:01,따릉이 보관소와 따릉이 수가 많아 이용하기 편리합니다.
Google 사용자,5,2021-09-17 13:29:57,간혹 연결하는 시간이 오래 걸릴때가 있지만 대부분 연결이 빠르네요.
강준호,5,2021-09-17 13:28:43,예전에는 뭔가 이용권 사고 대여하는 과정이 복잡한 부분이 있었는데 리뉴얼하고는 확실히 편해졌어요 가장 많이 쓰는 부분이 이 부분인데 개선되어서 좋습니다
김인배,3,2021-09-17 13:28:41,신규 앱은 로그인 따릉이 현황을 조회 후 약 10분 정도 위치로 이동 시간이 경과하면 따릉이 대여를 위한 조회시 대여가 매우 잘 안되어서 다시 재 로그인을 해야 대여가 제대로 됩니다. 인터넷 <-> 와이파이가 전환시도 비슷 한 현상이 있습니다. 기존과 매우 다른 불편한 내용 입니다. 프로그램 보완이 필요한것 같습니다.
김하나,5,2021-09-17 13:28:28,편하게 잘 이용하고 있습니다 서울시 좋은 복지입니다
js Ock,4,2021-09-17 13:27:52,반납push메시지처리
Wonjae Jeon,5,2021-09-17 13:27:45,짱짱 좋아요.
정종미정종미,5,2021-09-17 13:27:04,대여 장소도 많고 유용하게 잘 타고 있습니다
간인민,5,2021-09-17 13:24:45,서울에서 출근을하고있는 직장인입니다:) 교통편을이용하기엔 가깝고 걷기엔 먼거리들을 이동할때마다 천원이라는착한가격과 좋은서비스에 자전거들로 편하게 이동하고있습니다! 언제든전화해도 잘상담후 일처리까지해주시는 서울따릉이 오늘도좋은 애용중입니다!
Juha Lee,3,2021-09-17 13:24:10,Qr코드 촬영시 잔상이 많이 남는 현상이 있네요. 각도에 보정되는 과정은 내부적으로 처리하면 될것 같은데...
Yj Kim (김PD),5,2021-09-17 13:23:59,이용하기 편리합니다. 대여소 위치와 현황도 알려주니 좋고요. 자전거 대여나 반납도 즉시 잘 처리되어서 잘쓰고 있어요.
주예은,5,2021-09-17 13:22:09,"따릉이 덕분에 서울 안에서 이동도 편리하고 환경보호와 함께 건강도 챙길 수 있어서 좋습니다. 다만 처음 이용하는 사람들을 위해 다운로드 후 앱 첫 실행시 사용 가이드라인(영상, gif)을 팝업창으로 뜨게 한다면 더 편리할 거 같습니다! 너무 유용하게 쓰는 서비스라 주변에도 열심히 알리고 추천하는데 은근히 대여반납을 어려워하더라구요. 좋은 서비스 제공해주셔서 감사합니다:)"
주니,5,2021-09-17 13:22:06,굿
오주연,5,2021-09-17 13:21:54,편하게 잘사용하고있습니다. 블루투스 연결이 가끔 안되지만 다시 켜서 로그인하면 바로됩니다
jungbin lee,1,2021-09-17 13:20:39,따릉이리뷰 이벤트 참여! 늘 대여가 잘 안됩니다. 그럴땐 꼭 폰 재부팅을 해야 대여가능해요
이홍기,5,2021-09-17 13:18:38,언제나 제로페이로 할인받아서 편리하게 잘 이용하고 있습니다.
이초아,5,2021-09-17 13:17:21,회사갈때 버스+도보하면 30분걸려서 따릉이타니까 13분밖에 안 걸려요.회사에 따릉이타고 다니는 동생들이 많아서 따라타본건데 1년에 3만원이니 정말 저렴하고 좋습니다!!저녁때 운동하러 나가도 따릉이타고 운동하는 사람들 많더라구요~출퇴근시에는 시간을 단축해주고 저를 건강하게 해주는것같아요.감사합니다.
Kim Jongmin,5,2021-09-17 13:15:58,난 이때까지 오류 없이 잘 쓰고 있는데 왜케 불만들 많은지 몰긋네ㅜ 가격도 싸고 한시간 이용권만 끊어도 거의 하루 무제한 이용이라 좋아요~
띵똥,5,2021-09-17 13:15:39,따릉이 리뉴얼된후 여러가지 기능도 추가되고 QR버전 생기고 잠금방법도 쉬워지고 핸드폰으로 임시잠금해체 할 수 있는 기능이생겨서 너무 좋아요. 매번 한달 정기권 끊어서 잘 이용하고 있습니다^^
임성주 (수학사랑),3,2021-09-17 13:14:08,따룽이 너무 잘 이용하고 있습니다 서울에 거주하면 값싼 이용료로 어디든 다닐 수 있다는게 가장 큰 강점입니다 그런데 어플을 이용하시는 분들은 공감하는게 어플이 최적화가 되어 있질 않습니다 따릉이 반납할때 완료화면 뜨기까지 너무 오래 걸립니다 완료 후 고장 신고도 있는데 그 화면이 뜨질 않아서 신고를 못한 적도 있습니다 차라리 나의 이용 내역에서 해당 따릉이를 고장신고 할 수 있었으면 좋겠습니다 그리고 따릉이를 이용하면 결국 다른 대여소로 반납을 해야합니다 그래서 어플 내에서 출발지와 목적지를 입력하면 대여소에서 대여소까지 경로를 찍어주고 예상 소요 시간을 찍어주면 좋을 듯 싶습니다 처음 가는 곳을 따릉이 타고 간 적 있는데 경로는 다른 지도 어플을 이용하고 대여소 찾을 때는 따릉이 어플을 이용하는게 불편했습니다
길영일,5,2021-09-17 13:13:41,편리함
김영목,5,2021-09-17 13:12:41,따릉이 필요할때 쉽게 이용할수 있어서 감사한데 대여할때 자전거옆에서 연결하려고 서있을때가 많아서 빠른연결 개선요~
이은영,4,2021-09-17 13:11:13,따릉이가 연결이 안되는 경우가 간혹 있지만 앱을 여는 순간부터 대여까지 금방돼서 좋아요
김민주,5,2021-09-17 13:10:18,좋아용
째로군,5,2021-09-17 13:10:18,좋음
최연식,5,2021-09-17 13:04:15,시민의발 좋아욧
Bohyun Chun,4,2021-09-17 13:01:52,"편리하게 이용하고 있습니다. 다만 몇몇 자전거는 수리가 필요해 보일때가 있고, 자전거 이용소에 배치전에는 손잡이 안장등은 청소, 소독이 필요해 보입니다."
산강물,5,2021-09-17 13:01:18,정말 좋은 공익사업!! 👍
kogo매봉,5,2021-09-17 08:19:27,아주옛날 중학교때 배워놨던 자전거가 지금의 내나이 60대에 이렇게 유용하게 따릉이를 이용하게 될줄이야~ 수시로따릉이 타고 걷고 운동하는즐거움이 너무좋아 너무잘애용하고 있습니다. 감사합니다
리프,1,2021-09-17 08:14:15,리뷰진짜 안쓰는데 너무 화가나서 남깁니다 세금 축내지 않게 일좀 제대로 하세요 출근시간에 조금이라도 더 빨리가볼려고 이용해보려 했더만 오히려 평소보다 더 늦네요 왜냐구요? 님들의 그 빌어먹을 인식불량때문에요 아니 자전거 한번 이용해보려는데 10분이상걸리는건 뭔가요 그냥 버스타고 평소대로가는게 나을거같네요 이따구로 할거면 그냥 사업 때려치세요
신사장,5,2021-09-16 22:04:47,아침만 되면 한곳에만 따릉이가 몰려있어요 ㅋㅋㅋㅋㅋㅋㅋㅋㅋ
권혜영,5,2021-09-16 20:10:47,"서울시민은 따릉이를 알기 전과 후로 나뉜다. 이걸 왜 인제야 처음알았는지 공유자전거가 이렇게 편리한 건지 몰랐었네요. 위치확인,대여,반납 너무 편리하고 유용하게 잘 이용하고 있습니다. 간혹 정류장 주차된 자전거 대여가 안될때가 있지만 워낙 자전거 대수가 많아서 불편하진 않았습니다. 그리구 대여시간 1분 초과는 봐주셔서 ^*^ 인간미 있습니당~! 하천 자전거 도로는 정말 완벽에 가까운데 아직 시내에서 타기에는 자전거 도로가 잘 연결되지 않은 곳이 있어서 아쉽습니다. 더 많은 분들이 애용해주셔서 개선도 팍팍됐으면 좋겠어요~ 따릉이 쵝오♡♡♡ 아참 친구는 아이폰쓰는데 개인정보 설정 풀어줘야 대여되더라구요 안그럼 페어링 100년동안해도 안됩니다"
애니97 HAN,5,2021-09-16 19:44:02,잘 이용하고 있는데 가끔 먹통 될때가 있어요
달밝은밤,5,2021-09-16 18:04:34,초창기보다 대여와 반납이 쉬워서 서울 어디서든 가볍게 탈 수 있어 좋아요. 걷기하다 좀 지루하면 자전거타고 한시간 쓩 달리다 다시 걷기하는데 대만족입니다. 따릉이가 있어서 개인자전거를 끌고 나가지를 않네요. 안장조절 등 타기 전에 잘 점검하면 즐거운 자전거생활이 시작됨
염용훈,5,2021-09-16 17:36:48,직관적 사용 편리
gong jungchul,5,2021-09-16 17:25:53,사용하기 편리해요 👍
Taehee Jang,5,2021-09-16 16:07:37,서울에서 가장 효율적으로 운영되는것중 대표적인것이 따릉이라고 생각됩니다. 앱도 직관적이고 매우편리합니다. 다만 연간이용권이 있는상태에서 자녀의 자전거를 추가 대여할수있는 기능이 추가되면 좋을것같고.... 서울 시계 밖이나 주요 자전거도로에는 서울 밖이더라도 지자체(경기도)간 연계나 따릉이가 더 확대되었으면 좋겠습니다.
정진안,5,2021-09-16 16:02:02,따릉이 타면서 가족끼리 같이 운동도 하고 장도보고 너무 만족합니다
Junbo Koh,4,2021-09-16 15:53:48,"가끔 블루투스 연결이 안되서 자전거 대여에 애먹는 경우가 있지만, 그 외에는 잘 쓰고 있습니다."
keum hyun han,5,2021-09-16 15:35:54,대여소에 잠금상태가 대여중인 경우 대여 할 수가 없나요?
박용철,4,2021-09-16 15:33:10,시민입장에서 교통비절감과 체력증진에 도움이 많이됨 단점은 접속딜레이현상 그리고 틩김현상 (앱에서 정지)브례이크 오른쪽작동이 거의안됨 연계지점이 도심권에서 끊기는곳이 많음 그래도 단점이 많이커버되는 장점이 더 많음
정대만,5,2021-09-16 15:30:16,카카오 맵이나네이버 지도와 연동이되면 더 좋을듯 합니다
jaechoon park,5,2021-09-16 15:27:55,파란 하늘 따릉이를 타고 서울 시내 구석구석을 아내와 다니고 있습니다 너무 편리하고 또 건강해지는 느낌도 들고 그동안 몰랐던 서울시내 역사유적지를 탐방하게돼서 저희 부부는 매우 만족합니다. 이웃 어르신들에게 따릉이를 널리 알려야겠네요
램램코,5,2021-09-16 15:07:54,"사랑해요 따릉이 큐알코드만 찍으면 되는 걸로 바뀌어서 너무 편해졌습니다! 이전에 비밀번호(1234 번호패드) 맨날 까먹어서 매번 찾느냐고 시간소비했는데.. 게다가 반납도, 임시잠금도 뒤에 내리면 끝이고 임시잠금 해제도 앱에서 해제버튼 클릭만 하면 되서 너무 편해요! 개인자전거 보관이 어려운 자취러로써 따릉이 늘 감사히 사용하고 있습니다~"
최한나,5,2021-09-16 15:07:33,사용 가능한 따릉이 수가 실제와 앱과 다를 때가 가끔 있습니다. 그래도 부담없는 가격으로 자유롭게 사용할 수 있어서 애용합니다.
장한익,4,2021-09-16 15:06:43,반납조건이 자세히 안나와있어 고생했는데 전체적으로 만족하고 있습니다.
김영식,1,2021-09-16 15:05:33,블루투스 인식 잘 못함. 자전거 지도 지원 바람
sishooo,4,2021-09-16 15:02:54,처음에 비해 많이 개선되어 만족스럽습니다. 앞으로도 꾸준히 피드백 수용해주시고 발전시켜주세요!
개병장,5,2021-09-16 15:01:50,사용이 무척 편리하고 결제도 쉽습니다. 따릉이 자체가 정말 잘만들어서 너무 잘 쓰고 있어요~ 따릉이 관계자여러분 감사합니다.
dong Ding,5,2021-09-16 15:01:32,요즘 따릉이 정류장이 많아져서 좋은거같아요 그런데 가끔 연결이 잘 되지않거나 이용시간이 거의 다 되어서 정류장에서 잠갔다가 다시 이용하려고 하면 오류가 발생해 5~10분가량 기다렸다가 다시 이용하게되는 일이 빈번하게 일어났어요 이런 자잘한 앱오류만없다면 따릉이 자체는 굉장히 좋은거같습니다.
전우성,5,2021-09-16 15:00:17,"출퇴근시간 버스, 지하철을 제치고 나의 발이되어 주는 항상 고마운 따릉이~~너무좋아요~~ 앞으로도 나의 출퇴근 친구가 되어주세요^^ 어플도 사용하기 너무 편하고 쉽게 만들어놓으셔서 불편없이 이용중 입니다."
Byeong Il Lim,5,2021-09-16 14:59:49,전보다 접속도 빨라지고 보다 편리하게 바뀐 것 같아요
dongwoo kim,4,2021-09-16 14:59:29,전보다 결제가 간편하게 바뀐것 같아서 좋은것 같아요.
세상의삶,5,2021-09-16 14:58:23,따릉이가 있어서 서울에 상경해서 즐겁게 운동도 하고있습니다. 무선이어폰으로 통화중에 블루투스가 안되서 빌리거나 반납할때 끊고 작업한후 다시 전화하는 불편함을 제외하고 좋습니다. 화이팅.
HJ,5,2021-09-16 14:57:53,"앱 편해요. 실시간 현황 살펴보기 좋고, 대여 및 결제시스템도 만족합니다! 그런데 현재 위치 외에 다른 동네도 조회가 되면 좋겠어요. 미리 위치를 확인하고 가고싶어서요"
hlandsjy,5,2021-09-16 14:57:49,따릉이 겁나 좋아부러
홍세영,5,2021-09-16 14:56:20,실시간으로 정보확인할 수 있어서 좋아요
정현진,3,2021-09-16 14:56:04,"길찾기ㅡ자전거네비게이션 가능도 있으면 좋겠어요. 핸드폰거치대,물통거치대도 있으면 완전 별점 5점 이에요!! ㅎㅎ 잘 사용하고 있습니다. 감사합니다~!"
정철,5,2021-09-16 14:55:26,"서울에서 일주일에 서너번 이용하고있는데요 6개월단위로 이용권 구매해서 사용하고 있습니다. 6개월에 20,000원 1년에 40,000원 입니다. 근데 제로페이로 결재하시면 각각 17,000/34,000 결재됩니다"
잉님,5,2021-09-16 14:54:13,한강 라이딩 할 때 쏠쏠하게 사용하고 있습니다. 감사합니다.
일곱난쟁이와뱃살공주.,5,2021-09-16 14:52:38,다른 이용자 리뷰를 살짝 봤는데 앱이 튕기는 문제가 있네요. 저는 그런적이 없어서... 아무래도 출근시간에 집중이 되서 그런게 아닌가 생각이..... 이번 코로나 백신 접종 예약도 서버 문제로 사기업에서 도와준걸로 아는데 서버를 탄력적으로 운영해 보면 좋을 거 같기는한데 이미 따룽이는 적자 보고 있으니.... 좀 안타까운 상황이네요 아무튼 저는 어쩌다 타는데 재밋게 잘 탔구요 만료기간이 한달여 남았지만 이미 본전은 뽑았다고 생각하면서 남은 기간 간간이 타려구합니다 아무튼 다들 화이팅~!!!
Hyojun Lim,5,2021-09-16 14:52:01,지도 맵에 내비게이션이 있으면 더 좋을 거 같아요!!
ji ho Shin,4,2021-09-16 14:50:45,"전반적인 앱 내 서비스 만족도는 높은편입니다 (☆*4.5) 단, 반응속도와 앱 UI 및 디자인은 조금 아쉽습니다 이 부분만 조금 더 개선해주시면 ☆*5 가능할 것 같습니다."
Jeon Luke,5,2021-09-16 14:49:44,너무 유용하게 잘쓰고 있어요! 관리도 많이 해주는 느낌이고 저렴하게 잘쓰고 있어요! 아쉬운점은 간혹 고장난 부분이 있는게 있구...타기전에 확인해도 타다보니 아는게 있더라구요! 그리고 한 장소에 10분 이상 머무르면 보통 안타는데 반납안누르고 간거라서 10분 이상 지나면 자동으로 반납처리 되게끔 할수는 없나요? 개선점이 있긴 해도 정말 유용하게 잘쓰고 있어 감사하다는점 인사드리고 싶어요🙋❤👍
황광일,5,2021-09-16 14:49:44,정기권으로 너무잘 이용하고 있습니다. 앞으로도 계속해서 이용할것입니다.
하루,4,2021-09-16 14:49:18,무선이어폰 연결시 자전거 연결이 잘안되는건 불편하지만 그래도 항상 발 쓰고있습니다.ㅎㅎ이벤트 참여완료!
구한샘,5,2021-09-16 14:48:30,너무 유용합니다! :)
심영민,4,2021-09-16 14:47:50,타릉이를 손 쉽게 탈수 있어서 정말 좋지만... 타릉이 보관장소랑 가려는 곳까지의 경로를 보는 것을 따로 이용해야해서 불편함을 겪고 있습니다.
COOL Man,5,2021-09-16 14:45:24,잘 사용하고있습니다. 수고하세요
Soojin Kwon,5,2021-09-16 14:44:02,너무 잘쓰고있어요! 예전보다 ui가 더 깔끔해져서 사용하기 더 편리해졌네요~
ilho lee,5,2021-09-16 14:42:18,"따릉이 잘 이용하고 있습니다. 대여장소에서 잠금을 하면 귀신같이 반납처리가 되고, 대여장소 외 지역에선 잠금시 임시잠금처리가 되는 것이 알아서 잘되니 편리하더라고요. 대여도 qr로 찍으면 편리하고요. 만족하며 편리하게 사용하고 있어요."
JKKK PARK,5,2021-09-16 14:41:56,항상 잘쓰구있어요. 사용성 좋음
Ryan C,5,2021-09-16 14:41:20,"인구가 젤 많은 곳에서 이런거 운영하시기 힘드시죠? 그런 상황에서도 자전거 상태 관리, 앱 운영이 잘되고 좋네요. 잘 이용하고 있습니다. 응원할게요 ^^"
히히히,5,2021-09-16 14:40:42,사용하기편해졌네요
박준호,5,2021-09-16 14:40:18,초기보다 개선되는점이 많아서 좋아요
뚝딱,5,2021-09-16 14:39:59,따릉이앱 더욱 편리하고 좋아졌어요
WW Jeong,5,2021-09-16 14:39:43,편리하고 지도를 통해 위치를 파악할 수 있어서 좋아요
Hyo Young Park,4,2021-09-16 14:38:33,아주 잘 쓰고있어요! 하지만 따릉이 대여할때 QR코드 인식이 잘 안되는부분은 수정이 필요할꺼 같아요.
no name,3,2021-09-16 14:38:25,이전보다 많이 부드럽고 빨라졌으나 아직도 미흡한 부분이 많습니다 어느 한 부분이 문제라고 하기엔 어렵고 UI의 전체적인 부분을 지속적으로 개선해야 할듯 합니다. 특히 직관성 부분에서 많은 개선이 있었으면 좋겠습니다.
지찬욱,5,2021-09-16 14:38:09,앱은 초큼 허접한데 기능은 잘 구현되어 있고 qr로 바뀌면서 빌리기 더 편해졌어요. 물론 인식 안될때도 많음. 앞으로 더 나아지기를 ㅎㅎ
새틴,5,2021-09-16 14:37:51,좋습니다
왕뚜벅이,5,2021-09-16 14:37:32,리뉴얼 후 이전 버전에서 심했던 인식 오류나 버벅임이 많이 줄어서 만족스럽습니다!
김민혁,5,2021-09-16 14:37:28,앱의 가독성이 이전보다 훨씬 좋아졌습니다. 대여소 따릉이 대여 가능 숫자나 지도의 세밀함 등이 좋아졌습니다. 한 가지 아쉬운 점은 따릉이 대여 소요 시간이 조금 길어진 것 같습니다. 이 부분만 해결해 주시면 훨씬 편리하게 이용할 수 있을 것 같습니다.
하승연,5,2021-09-16 14:37:22,따릉이 애용하고있습니다~ 빨리 인식되어서 좋아요~
Gi현,5,2021-09-16 14:36:01,"따릉이 초반부터 쭉 이용한 사용자입니다. 잠금 장치 기능향상, 대여소 확장 등으로 사용자가 많아져도 필요할 때 편하게 이용할 수 있어서 좋아요. 4~5 년치 연간권이면 자전거 한 대 장만할 수도 있지만 대중교통 이용 요금 절약으로 생각 한다면 혜자스러운 비용이죠. 앱도 사용자 의견을 반영해서 기능을 향상시켜주시니 더 편하고 좋아요. 앞으로도 쭉 잘 이용했으면 좋겠습니다."
빛나는설탕소금,5,2021-09-16 14:35:22,"서울로 이사한후 따릉이를 자주 이용하면서 운동량이 많이 늘었습니다. 예전엔 도보15분 거리는 주로 버스를 많이 탔는데, 이제는 도보 30분 거리까지도 따릉이로 많이 이동해요. 따릉이 이용방법도 편리하고 금액도 매우 합리적이고 저렴해서 만족합니다.또, 오래 운행한 따릉이는 종종 브레이크가 잘 안되거나 하는 경우도 있을텐데, 고장신고 방법도 간단하고 만족해요. 추천합니다."
한인석,5,2021-09-16 14:34:54,좋아요 경기권까지 확대 되었으면 좋을듯요
도,5,2021-09-16 14:33:48,좋아요
Hyden,5,2021-09-16 14:32:58,너무 편리해요 자주 애용합니다
이지은,5,2021-09-16 14:32:27,기존보다 보유 따릉이 정보 확인이 빠릅니다. 앞으로도 잘 관리하여 주시기 바랍니다.
dajeong lee,5,2021-09-16 14:31:55,편하게 잘 이용하고있어요! 개선된 맵 아주 마음에듭니다!! 앱이 점점 더 편해지고 있어서 좋아요♡
Lee Seop Han,4,2021-09-16 14:30:34,앱 내부 또는 연결 형태의 자전거 네비 기능이 있었으면 좋겠습니다
황선윤,5,2021-09-16 14:30:23,짧은 거리를 이동할때 매우 유용합니다!!!
코즈모,5,2021-09-16 14:30:10,예전에는 블루투스 이어폰 사용하면 자전거이용하는게 힘들었는데 이제는 인식이 아주잘됩니다~~ 대여속도도 빨라졌습니다. 감사합니다.
herry,5,2021-09-16 14:30:07,앱이 리뉴얼이 계속 되면서 초창기보다 더 사용하기 편리해진것 같아 좋습니다. 잠금장치등의 하드웨어 적인 부분도 많이 발전한것 같습니다.
이승민,5,2021-09-16 14:29:58,따릉이를 이용한지 3년이 넘어가는데 장소 어디서든 반납해도 되는것이 너무 만족스러워요 자전거도 사이즈에 맞게 셋팅이 되어있는것같아서 좋아요
장윤장윤,5,2021-09-16 14:29:19,"코로나시대에 더할나위없이 안전, 안심할수있는 교통수단입니다. 건강은 지켜주고 가계비는 절약시켜주고."
300억어택,4,2021-09-16 14:28:48,"대체로 만족하나, 블루투스인식이 안될경우 앱을 종료시켰다가 켜야하는 번거로움이 있어 조금 아쉽습니다."
장인섭,4,2021-09-16 14:26:55,연결이 잘 안되는 자전거가 있어요 한참을 기다려도 안돼서 취소하고 다시 하기를 여러번 한적이 먆습니다
DH KANG,5,2021-09-16 14:26:36,잘쓰고 있습니다. 다만 불편한점이 있다면 고장난 자전거에 대한 표시가 없어서 잔여 자전거 확인 후 빌리러 갔는데 고장난 자전거만 있어서 불편했던적이 있습니다. 고장난 자전거는 잔여 자전거에 표시하지 않거나 별도 표시가 되면 좋겠습니다.
이지형,5,2021-09-16 14:25:58,따릉이를 타며 매일 출퇴근을 하는데요 교통비 절약도하고 운동도하고 주말에도 공원같은곳에서 자전거를 탑니다. 운동 및 취미 여가생활 출퇴근까지하니 아주 좋습니다~~ 저희 가족들도 다 따릉이타네요!!
김충훈,5,2021-09-16 14:24:44,"잠금장치 개선, 남은 시간 톡알림 등등 개선된 따릉이 덕분에 안전하게 잘 타고 있습니다. 감사합니다."
dodo Lovely,5,2021-09-16 14:24:04,"저는 따릉이 별 5개를 주고 싶습니다❤️ 서울 갈 때마다 정말 잘 이용하고 있구요. 여러 장소 곳곳마다 잘 배치되어 있어서 정말 좋아요 👍🏻 특히 1일 1시간으로 반납하고, 다시 빌려서 탈 수 있는 시스템 실용적이고 정말 좋습니다. 주변 지인들에게도 따릉이 많이 추천하고, 자랑합니다 😊!! 바구니 있는것도 너무 좋구요, 어린이용 자전거도 보았는데, 정말 남녀노소 다 이용할 수 있는 따릉이 최고!!!"
정sayo,4,2021-09-16 14:23:50,대여시 좀더 직관적으로 보였으면 좋겠어요. 대여방법 찾는데 좀 헤맨 경험이 있어요.
박소희,5,2021-09-16 14:23:30,퇴근시간에 이용하니까 좋아요ㅎㅎ
sangyeop,5,2021-09-16 14:22:36,요즘 따릉이로 출퇴근 하면서 운동도되고 좋네요
ᄏᄏᄀ,4,2021-09-16 14:21:12,사용하기 편리해요 특히 고장신고와 임시잠금기능 참 편리하고 좋아요
조지희,5,2021-09-16 14:20:00,서울 곳곳에 비치되어 있고 앱사용도 편리하여 유용하게 이용하고 있습니다.
Rawine (JUNEE),5,2021-09-16 14:19:22,비올때면 바로 반납하기도 하고 빠르게 이동해서 반납하면 보관에 신경 안써도 되니 좋습니다
한영민,5,2021-09-16 14:18:59,서울에서 어디를가도 있는 따릉이덕분에 좀 애매한거리를 이동할때 굉장히 편리하다고 느꼈습니다. 외국인 여자친구도 한번이용해보더니 자기나라에도 이런게있으면 좋겠다고 너무 좋아하네요~~ 지금은 혼자서도 한번씩 타고다니는것같습니다!
김현희,4,2021-09-16 14:18:25,잠금장치가 한번에 풀리지않을때가 많아요.이어폰을 사용하지 않을때도 마찬가지에요.
김용철,5,2021-09-16 14:17:24,자전거 주차가 편하고 시간제한이 없습니다.
j j,4,2021-09-16 14:17:15,연결이 잘안되긴 하는데 나머지는 만족합니다!
정지연,5,2021-09-16 14:16:12,이용권 쓰면 저렴하게 이용하기 좋아요 자전거도 잘나가서 타기 너무편하네요
이강현,1,2021-09-16 08:41:40,레버내려도 미반납되는거부터 에러에 접속불가까지 유료면서 뭣같이 운영하네
방채연,5,2021-09-16 07:39:43,"아침마다 따릉이로 등교하는데, 가끔 큐알 속도가 느린거 빼고는 잘 타고있어요 일주일 교통비면 한달 동안 탈 수 있어서 좋아여"
Yujin Lee,5,2021-09-16 02:06:49,"초록색 바퀴와 두 다리만 있다면 어디든 갈 수 있어..☆서울에 살아서 행복하다고 느끼게 해주는 건 단연 따릉이예요🥺🥺이제는 따릉이 타고 가면 좋을 길을 걷거나 차타면 다리가 근질근질할 지경ㅎㅎ돈도 굳고,내 건강도 챙기고,무엇보다 환경도 위할 수 있는 일석삼조라 너무 뿌듯하고 기분 좋아요♡리뉴얼 이후에는 앱 구동도 빨라지고, 내 이용내역도 한눈에 볼 수 있어 한결 편리해졌어요!! 더 바래보자면 따릉이 반납레버를 내리고 다시 또 빌리려고 할 때 대여중-확인-대여완료 이 세 창이 무한반복으로 떠서 대여를 힘들게 만든다는 점..!앱 오류 같은데 따릉이 반납하고 바로 또 큐알 인식하려고 하면 거의 항상 그래서 개선되면 좋을 것 같아요!늘 따릉이 부지런히 정비해 주시고 바로바로 채워주셔서 감사합니다 앞으로도 애용할게요💚"
Birang Fa,4,2021-09-15 23:58:20,따릉이 애용하는데 꼭 필요한 앱이네요. 가을이라 자전거 이용자가 많아서인지 배터리 방전 자전거가 많네요. 앱은 쓸만한데 이따금씩 이용자가 많아 대기가 걸려요. 서버증설해야 할듯. 그리고 앱도 이용이력을 한 달까지만 보여주는데 10년까지 보여주도록 해주세요. 특히 이용 데이터를 분석해서 삼성헬스 앱처럼 보여주면 좋겠어요. 앱과 서버에 더 투자해주세요^^
sj lim,4,2021-09-15 20:18:07,간간히 잘 이용하고 있습니다
강태우,5,2021-09-15 16:15:16,편리하고 경제적이고 넘 좋아요 버스로 가기 애매한 거리에 특히 좋아요
Sunmi Kim,5,2021-09-15 16:01:48,항상 편리하게 이용하고 있습니다~
김용민,5,2021-09-15 15:37:32,가까운 거리를 자주 이용하는데 너무 편하고 좋습니다. 관리도 잘 되어 있어서 좋고요.^^
Eunsol Kim,5,2021-09-15 15:27:00,편리하고 좋아요! 가끔 대중 교통 대신에 운동하고 싶거나 차 타긴 기름 아까울 때 타기 너무 좋아요 가성비도 최고~~
박은주,4,2021-09-15 15:24:39,애매한거리에 잇으면 걸어가기도 불편한데 이거덕분에 애매한거리를 타고 갈수잇어 너무 좋아요
김지아,4,2021-09-15 15:20:39,요즘들어 대여시 자전거와 연결하는데 시간이 좀 걸려서 불편하네요 확인 누르다가 멈출때도 있어요. 저는 자전거 길 검색을 네ㅇ버 지도로 많이 하는데 자전거 길 지도도 있으면 좋을것같아요.
이태우,5,2021-09-15 15:06:47,사용하기편리하고 좋네요
Allen Lee,4,2021-09-15 15:01:07,블루투스 인식이 안될때가 있는데 개선되었으면 합니다
김감자,5,2021-09-15 14:35:41,"운동 겸 출퇴근용으로 타요. 요즘 날씨가 좋아서 타고 나니는데, 전보다 대여와 반납이 쉬워져서 더 자주 이용하고 있어요. 결제 방법도 다양해져서 편리하고 주변에 대여소도 많아져서 이용하기 편하네요. 큐알로 대여하고 반납하니까 진짜 너무 쉬워요. 오래오래 운영하면 좋겠어요"
DH L,5,2021-09-15 14:22:26,편하고 좋습니다 버벅거림 없이 아주 잘되네요
이쿰 (이군),5,2021-09-15 14:12:52,가끔 블루투스 연결이 지나치게 늦게되서 당황스럽긴하지만 좋은 취지. 또 간편성에 매우만족합니다. 가끔 인간성이 결여되어 쓰레기를 투척하는 사람(?) 들에게 벌점을 주는 제도도 있었으면 참 좋겠네요...
최정주,3,2021-09-15 14:10:34,예전에 탔던 기록 확인도 한달까지만되고 얼마나 탔었는지 모르니깐 답답하네요!
AMY,4,2021-09-15 14:07:57,너무 좋아요! 환경에도 도움이되고 날씨좋은날 운동하며 건강도 지킬수있어요.^^ 자전거가 없는사람도 따릉이타고 다닐수 있어서 참 편합니다!
zDAYz,4,2021-09-15 14:06:55,길찾기 기능도 추가되면 좋을것 같아요! 지도앱과 왔다갔다하며 써야해서 너무 번거롭네요ㅠㅠ 소소한 에러와 화면 멈춤이 아쉬워요ㅠㅠ 그래도 업데이트되면서 많이 개선된것 같아요
Yeelhye Joegh,4,2021-09-15 14:03:43,"QR코드 인식률을 높여주었으면 하고, 사용권이 없는 사용자가 대여화면으로 들어가면 자동으로 사용권 구매화면으로 전환되는게 직관적일듯"
문원영,5,2021-09-15 13:56:51,"다수의 정거장 추가 설치에 의한 사용의 편리함, 간단한 조작으로의 대여의 간편함, 무엇보다 경제적인 사용료!"
한명이,5,2021-09-15 13:56:23,서울따릉이는 내 인생에 최고의 동반자 이자 영원한 친구입니다~👍👍👍
김진순,1,2021-09-15 13:55:49,앱이 제대로 작동 안됨
dan bee,5,2021-09-15 13:55:33,따릉이 유용하게 사용할수있어서 좋아요 다만 탔던 경로가 지도표시됐으면 좋겠어요😁👍
이정현,5,2021-09-15 13:55:19,자전거에 흥미를 가져 잘 타고 있습니다
김혜경,4,2021-09-15 13:54:55,편하게 이용하고있어요 그런데 가끔 특정 장소에 떠서 갔는데 없는경우가 좀 있더라구요 그런것만 개선되면 좋을것같아요
J kim,5,2021-09-15 13:54:52,잠금해제가 느릴때가 있긴한데 그럴땐 블루투스를 껏다키고 어플도 다시껏다키고 하면 되요~ 저는 따릉이가 있어서 너무 좋아요~출근은 대중교통 퇴근은 따릉이~
Hailey Gwak,4,2021-09-15 13:54:28,따릉이로 다이어트!! 내 동년배들 다 헬수장끊을때 나는 따릉이탄다. 따릉이 최고.
myshiningday,5,2021-09-15 13:52:29,ux가 사용하기 편리하고 좋네요. 따릉이는 정말 서울시의 신의 한수!
김세중,4,2021-09-15 13:47:31,"음, 초반에는 제 휴대폰이 구형이아닌 신형에 가까웠음에도 종종 대여나 반납에 오류가 있었고, 고객센테로 전화하는일도 잦았습니다만.,지금은 잘 작동하네요. 가끔 안되면 비행기모드로 들어갔다가 풀면, 내가 사용하는 모든 웨어러블 기기에서 해제되면서 연결이 잘 돼요. 다만, 가끔 체인이 잘빠진다거나 기어변환이 안되거나,안장이 고정이 안되거나, 경종이 고장나서 전혀 소리가 나지 않는 경우가 있는데, 바쁠땐 그냥 타지만 큰 사고로 이어질수 있는 부분이니만큼 기기노후문제에 좀 더 신경써주세요. 반납이후 고장여부를 묻는 팝업을 따로 만들지 않으시면, 바쁜 사람들이 굳이 지난 대여목록에 들어가서 기기고장신고버튼을 찾아야하기때문에 기기고장 문제가 더욱 빠르게 전달되지 않을 수 있겠네요. 대중교통 대신 가까운거리를 빠르게 이동할 수 있는 따릉이가 앞으로 더 발전하기를 바랍니다."
Seeker,5,2021-09-15 13:46:46,좋습니다. 다만 대여시 서버랑 연결시간이 길어질때가 종종 있습니다.
jjam s,4,2021-09-15 13:46:20,워낙 잘타고 있어서 만족합니다. 조금 더 발전을 위해 아쉬운 사항을 적자면 물론 제 경험 위주입니다만 첫번째 블루투스 모드불안정. 두번째 gps연결 부분이고요 두번째는 꼭 해야하는거면 앱 로그인시 자동으로 켜지던가 안하도 된다면 그만 좀 물어봤으면 좋겠고요. 세번째는 결제기간 종료전에 미리 알려주는 팝업이 뜨면 좋겠어요. 잘이용하고 있습니다. 앞으로도 좋은시스템으로 쾌적하게 탈수있는 따릉이가 됐으면 합니다. 관계자분들 힘내세요~
김ᄆᄋᄆ,4,2021-09-15 13:43:54,"이용가격, 활용성, 거치대 위치, 서비스 정말 뭐하나 빠짐없이 좋은 정말 몇 없는 성공적인 사업 중 하나인것 같습니다. 특히 밤에 자전거를 밤에 이용하는 이용객들을 위해 고객센터 전화를 늦은 시각까지 해주는 것도 정말 좋다고 생각합니다. 다만 아쉬운 점은 어플 상으로는 거치되어 있는 자전거 개수에는 포함이 되지만 막상 큐알코드를 찍어보면 자전거에 문제가 있어 이용할 수 없는 자전거라고 떠서 이용할 수 없었던 적이 적지 않았습니다. 이 점만 고쳐주시면 완벽할것 같습니다."
김도경,4,2021-09-15 13:41:48,가끔 오류뜰때가 있지만 그래도 잘 사용하고 있어요 대여 진행하다 오류 발생 시 좀더 빨리 리셋되서 대여신청할 수 있으면 좋겠어요
최동호,5,2021-09-15 13:39:58,매일 잘 사용하고 있어요 앱도 잘 구동되고 있고요 맵에 거치대 표시로 가보면 실제로 거치대가 없는 곳도 있고 표시안되어 있는곳 근처엔 신설된거치대가 방치되어 있기만 하더라고요 이런부분에서 수정해주셨으면 좋겠어요
우왁,5,2021-09-15 13:39:29,정말 편리하게 사용 잘하고잇어요^^~
Su H,5,2021-09-15 13:38:29,"업데이트한 후로 버벅거림 없이, 지도앱에 정거장 위치표시되고 신청도 빨라져서 좋아요! 서울 곳곳을 돌아다니기에 아주 좋아요"
win !,4,2021-09-15 13:37:39,"많이 좋아졌습니다. 지도와 잔여자전거 수량 등 보기 편하고 직관적입니다. 길찾기 기능이 추가되면 더 좋을듯 합니다. 목적지를 검색하고, 목적지까지 자전거 추천경로를 표시해주면 유용할 듯 합니다. 그리고 어렵겠지만 경사도도 표시되면 좋겠습니다. 자전거로는 약간의 경사만 있어도 힘이 드니 미리 참고할 수 있도록요. 블루투스 연결이 좀 느린것 같으니 주파(?)를 좀더 예민하게 잡아주면 좋겠습니다. 정류소 앞에서 폰과 연결이 안되어 기다리고 있는 사용자들을 자주 보게됩니다. 저도 자주 경험합니다."
전현욱,5,2021-09-15 13:37:35,가끔 대여를 해도 락이 열리지 않아서 취소후 다시 해야 하는 경우가 있지만 대부분은 대여및 반납 등이 잘 됩니다 편하게 이용하고 있습니다
불꽃남자,5,2021-09-15 13:36:18,늘 애용하고 있습니다. 어플도 사용하기 편하네요
이동주,5,2021-09-15 13:34:56,블루투스가 가끔 잘 안되는경우뺘고는 다 괜찮은것 같아용
김태완,5,2021-09-15 13:34:14,너무 편리해요
김동영,5,2021-09-15 13:33:23,편하고 좋습니다. 요즘 설치된곳도 많고 고장난게 잘안보이고 좋네요
Yujin Kim,5,2021-09-15 13:33:15,잘 쓰고 있어요. 가끔 인식이 잘 안되는 자전거가 있긴 하지만.. 제로페이 할인 잘 이용하고 있습니다. 계속됐으면 좋겠어요
ddegru2 2,4,2021-09-15 13:32:07,"느린 것 빼고는 잘 이용하고 있어요. 건강때문에 자전거타기를 해야하는데, 서울 어디에나 따릉이가 구비되어 있어서 잘 타게되네요. 특히 회사근처에는 자전거 구비가 더 많이 되어있어요"
전기수,4,2021-09-15 13:32:03,출.퇴근용으로 잘 사용하고 있습니다 편리성이 좋은것 같네요
sis KIM,5,2021-09-15 13:30:29,좋아요ㅎㅎ
박용태,5,2021-09-15 13:29:43,이전에 비해 자전거공유도 빨라지고 어플오류도 많이 좋아졌어요
류찬선,4,2021-09-15 13:29:35,"다른 분들 앱 오류 많으신데, 다행이 저는 큰 문제 없이 잘 작동하고 있습니다. 한 가지 불편한 점은 블루투스 이어폰 사용 시 대여가 안되는데, 실수로 대여진행했다가 이어폰 끄고 다시 대여할려고 해도 한참을 대여 진행 중으로 나온다는 것입니다."
신재미,4,2021-09-15 13:29:23,Qr코드 잘 안되요. 와이파이 충돌일때 다시 설치 않하고 해결되었음 바랍니다
황동기,4,2021-09-15 13:29:09,"앱이 조금씩 안정화되고 있다는 느낌을 받는다. 처음에 QR인식이 잘안되거나, GPS 오류가 많았는데 점차 개선되고 있는거 같다. 추가로, 잔여 대수 중에서 고장이 있는지 확인이 되면 더 좋을 것 같다."
Gerald Lee,4,2021-09-15 13:29:02,"잘 타고 다닙니다. 다만 예전 모델의 안장이 길이가 더 높아 좋고, QR인식이 한번에 됐으면 좋겠어요. 가끔 자전거 박스에 끈이 없는 경우도 있더라고요"
forkkj,5,2021-09-15 13:28:13,최고입니다 지하철 버스 끊기고 정말 이동할 수단 찾기 어려울 때 너무 좋아요!^^
강양갱,5,2021-09-15 13:27:33,만족해요! 하지만 무선 이어폰 이용중일때 자꾸 오류나는 점과 지도처럼 현재 위치뜨고 네비게이션 서비스도 있으면 너무 좋을것같아요!
Ho Jun Kang,5,2021-09-15 13:27:25,제로페이로 결제하고 24시간동안 계속 사용할 수 있어서 편리해요!!
홍수진,5,2021-09-15 13:26:47,정류소가 아직은 조금 부족하지만 그래도 좋아요. 저렴하고 관리도 잘되고 전반적으로 만족해요!
doo god,5,2021-09-15 13:25:34,서울시에서 따릉이 수도 늘어나고 있고 기존lcd에서 qr로 바뀌고는 오류도 줄어들어서 사용에 편리합니다~ 감사합니다.
SY C,5,2021-09-15 13:24:42,따릉이 잘 사용중입니다 집근처에 있으면 더 좋을텐데
김고운,5,2021-09-15 13:22:22,따릉이 대여소도 곳곳에 있고 자전거 대수도 넉넉하여 매일 출퇴근 교통수단으로 애용하고 있어요 편리한 복지에 감사함을 느끼며 하루에 시작과 끝을 함께 합니다!
김희곤,5,2021-09-15 13:21:19,너무잘쓰고있어요
박원식,5,2021-09-15 13:20:04,좋아요
손영희,4,2021-09-15 13:19:46,알림이 늦어 반납처리 안된건줄 알고 여러번 다시했네요ㅜ 정기권 이용시 하루사용시간을 알수 있는 메뉴가 눈에 잘보였음 좋겠어요~
Alien,5,2021-09-15 13:18:46,너무 편하고 빠르게 사용하고 있습니다 서울이 더 깨끗하고 즐거워지는것 같아요 감사합니다
Jason YU,5,2021-09-15 13:18:41,업데이트 되고 UI도 개선되고 사용성도 편리해졌습니다. 자주 이용할게요
doro Lee,5,2021-09-15 13:18:31,자전거 빌릴때 연결 및 잠금 해제 시간 개선만 되면 훨씬 좋을 것 같아요!!
Song Song,5,2021-09-15 13:17:22,따릉이가 제 발이되어줍니다 ㅎㅎ가끔 대여할때 오류나서 앱재실행 해여하지만 가성비 넘 좋으니 계속 했으며누좋겠어요
bomb Cho,5,2021-09-15 13:16:37,Ui가 깔끔해지고 결제도 편해졌어요 계속 편하게 잘쓸게요
Kangsan Kim,5,2021-09-15 13:15:20,간편하고 편리해요!
한인용,5,2021-09-15 13:14:10,유용하게 잘 쓰고 있어요 블루투스 켜고 인식하는데 시간만 조금단축되면 좋겠네요
이선혜,5,2021-09-15 13:13:00,편리하고 좋아요
월멸,5,2021-09-15 13:12:42,생각보다 사용하기는 편하지만 아쉬운거는 대여을 했을 때 오류로 인해 대여가 안되서 앱을 껐다가 켜야하는 번거러움이 있어서 그 부분은 조금 아쉽더라고요
Yuboom Jo,5,2021-09-15 13:10:44,쪼아용
Joy Jung,5,2021-09-15 12:18:57,항상 고마운 따릉이! 출퇴근길에 잘 이용하고 대여 반납도 너무 쉽습니다~ 수리도 잘해주시고 때되면 자전거도 채워주시고... 항상 수고가 많으세요🥰
정세영,5,2021-09-15 11:59:28,서울시민들을 위한 최고의 복지 따릉이!! 날씨 좋을때 너무 잘 이용하고 있어요~
찰칵맨,3,2021-09-15 11:32:39,블루투스 끄고 큐알코드 스캔후 작동이 안되어 다시 블루투스를 켰을때 작동이 안되고...취소도 너무 오래걸려요...다른 조작과 따릉이 이용은 만족스럽네요
choco8927,4,2021-09-15 10:09:00,"앱 업데이트 전에는 랜덤으로 자동 로그아웃되어 어떤 날는 앱을 켤때마다 로그인을 했어야했는데 지금은 자동로그인이 잘 되고 있는것 같아 만족스럽습니다. 여전히 따릉이 대여시 속도가 느려 대여취소 후 다시 빌려야하는 번거로움이 있지만, 예전보다 많이 나아졌고 더 나아질 수 있을거라 기대해봅니다. 목적지 설정에 따른 길안내(가까운 대여소도 함께 안내)해주는 시스템이 같이 제공되면 좋을 것 같아 의견 남깁니다."
정의곤,5,2021-09-14 22:49:15,너무너무 잘 쓰고있습니다!!
박지영,5,2021-09-14 22:26:50,따릉이 qr 사용편리하고 좋아요~!!
옥수수,5,2021-09-14 22:15:05,앱은 훌륭합니다. 한번도 불편한 적이 없었습니다. 한가지 아쉬운 점은 고장 신고를 할때 바코드로 등록되지 않고 자전거 번호를 일일히 눌러야되는 불편함이 있습니다. 앱 문제는 아니지만 비치 자전거에 대해 건의 하자면 아무래도 세월을 이길수 없는지 고장 자전거 많습니다. 그리고 제가 있는 지역 (올림픽공원 근처)은 항상 거치대가 텅텅 비어있고 어쩌다 있어도 고장난 상태입니다 좀 더 거치 수량을 늘려주셨으면 합니다.
Mankyu Jang,4,2021-09-14 22:12:07,좀 느려서 아쉬워요
따릉이사랑,4,2021-09-14 21:01:10,예전보다 이용하기 좋아졌고 날씨 버튼도 유용하네요. 간혹 QR 페어링이 안될 때가 있는데 대여취소가 바로 안되는 경우는 좀 불편했어요.
hawah,5,2021-09-14 19:32:25,가을 콧바람 송송 할때는 역시 따릉이. 점점 정거장이 많아져서 간편하게 사용하기에 따릉이가 젤 편해요
레오베Legend Of Best,5,2021-09-14 19:12:48,오래 유지됐으면 좋겠어요. 출퇴근길 너무 편합니다
송윤영,5,2021-09-14 19:09:24,정기권 구매해 출퇴근길에 이용하는데 너무 좋아요. 막히는 버스보다 빠르고 유일하게 하늘보는 시간이에요!!
hyunchang choi,5,2021-09-14 18:53:15,편하고 저렴. 짱!
hans kim,2,2021-09-14 18:35:31,반납후 항상 앱이 먹통됩니다
Jinzhu Hong,5,2021-09-14 17:49:40,접속도 편하고 안내도 잘 되어 있어서 잘 사용하고 있습니다.
Hyunjoo Lee,4,2021-09-14 17:48:15,"티머니고앱이 느리고 무거워져서 대여시 주로 따릉이앱을 이용해요. 앱이 깔끔하고 쓰기편해요. 단, 시간여유가 별로 없는데 대여화면에 대여불가나 고장이라고 뜨면 시간낭비가 커요. 그 대여소 대여가능숫자를 클릭마면 자전거 종류랑 대수 말고도 고장신고나 대여중인 따릉이 넘버가 떴으면 좋겠어요. 또,타면서 이거 반납시 고장신고 해야지하고도 시간에 쫒겨 깜빡할 때가 있는데, 반납완료 알림화면에 바로 고장신고 체크를 할 수 있었으면 좋겠어요. 그리고, 막상 타려고 했는데 중요지점에 한대도 없을 때가 가끔 있는데, 한대도 없는 대여소에 2대 이하 반납시까지는 소액이라도 마일리지를 주면 분산효과가 있을 것 같아요. 따릉이를 타고부터 따릉이가 너무 많은 곳과 없는 곳을 지날 때마다 아쉬움이 들더라구요. 고장신고시 정말 확실한 고장이었음이 입증되어 고쳐지고 나면 신고마일리지도 지급했으면 좋겠어요. ."
Jaehun Ha,3,2021-09-14 17:35:48,대여할 때 연결이 잘 안되요. 흑흑
이상범,5,2021-09-14 17:28:06,좋아요
하루 (LeeSangHee),1,2021-09-14 16:52:07,"결제가 안돼요... 30분째 사투중이예유,,, 자꾸 응답이 끊긴다구 뜨네요ㅠㅠㅠㅠ 빠른 문제해결부탁드립니다! 길에서 더워서 쓰러질 뻔했어요:( 찐쨔 너무해유....ㅠㅠㅠㅠㅠㅠ"
ᄆᄆ,5,2021-09-14 16:38:53,교통비도 절약되고 확실히 너무 편한거같아요 걷기에는 힘들고 버스 타기엔 애매한 거리 때 따릉이 이용하니깐 너무 좋아요 앞으로도 많이 사용하겠습니당 ㅎㅎ
seoyeon Choi,5,2021-09-14 16:27:37,따릉이가 있어 너무 편리하게 출퇴근하고있습니다! 출근시간이라 항상 지옥철을 타고 다녔는데 운동도 되고 너무 좋습니다! 주기적으로 바람도 넣어주시고 as도 해주시고 너무 감사합니다!
eunsoo,5,2021-09-14 16:01:55,qr코드 인식이 이전에 비해서 많이 떨어지는거 같아요.. 인식률이 올라갔으면 좋겠고 제로페이 올해뿐만 아니라 좀더 오래 해주셨으면 좋겠어요 또 자전거 전조등? 불빛세기가 조금 떨어지는 자전거가 몇 있던데 더 밝아졌으면 좋겠네요 따릉이 덕분에 편리하게 이동하고 있습니다~~~ 2021.9.14 요즘따라 인식률이 더 떨어지는거 같네요 자전거 연결되는데만 시간이 좀 많이 걸려요..
나영방,5,2021-09-14 15:46:22,"급할때나 장,단 거리 안전하고 쉽게 편리하게 주변 따릉이 맵 지도를 통해서 대여편이도 매우 용이하구요 .코시국에 버스 지하철 꺼려질때 따릉이는 너무 좋은 이동수단 이예요."
기합 병후니,5,2021-09-14 15:31:43,"처음에 이용할 때 예전에는 인식이 잘 안 되서 답답한 적도 있었지만, 지금은 꾸준한 업데이트와 수정을 거쳐 정말 편안하게 이용하고 있습니다 ㅎㅎ 또 친절하게 문의에 답해주시는 상담사 분들께도 감사인사 드리고 싶습니다!"
byeongsam bak,5,2021-09-14 15:10:33,리뉴얼된 안드로이드 따릉이 앱은 편의성은 높이고 쾌적합니다. 관리하시는 분들의 노고에 감사드립니다^^
차시현,5,2021-09-14 14:55:09,매번 정말 잘 이용 중이에요. 근데 지도에 현재 수리중이지 않고 사용가능한 자전거의 코드번호가 띄워졌으면 좋겠어요. 갤럭시워치나 애플워치로도 등록이 가능하면 좋을 것 같아요~! 그리고 qr코드를 늦게 인식하는 경우도 있고 폰마다 인식 시간이 달라요ㅠ 제 폰이 상대적으로 최신폰인데도 친구나 가족 폰이 더 따릉이 qr코드를 빠르게 인식하더라고용.
미랑,5,2021-09-14 14:54:16,대여하는데 몇초밖에 안걸리고 너무 좋아요! 대여소 지도도 좋습니당
새롱,1,2021-09-14 14:49:37,자전거 대여 시 연결이 제대로 안돼서 대여시 마다 시간이 너무 오래 걸려 스트레스 받아요 ㅠ
Heeju Kim,5,2021-09-14 14:38:57,업데이트 되고 나서 메뉴 구성이나 배치가 익숙한 형태로 되어있고 폰트나 색상도 눈에 더 편해졌네요
장상훈,5,2021-09-14 14:38:13,2년 넘게 이동수단 및 레저용으로 애용하고 있습니다. 가끔 블루투스 연결 오류 나는 것만 신경쓴다면 아쉬움이 없습니다!
양지연,4,2021-09-14 14:30:24,점점 좋아지고 있네요. 이용 편리합니다
김애용,5,2021-09-14 14:26:53,너무 편리해지고 심플해져서 좋아요!!
도토리,5,2021-09-14 14:15:55,정기 이용권 구매하면 정말 저렴하게 운동도 하면서 출퇴근 할 수 있어요 이외에 다른 곳에 이동할 때에도 편하게 이용할 수 있어서 너무 좋아요 매월 잘 이용하고 있어요! 자전거 관리가 미흡한 부분과 블루투스 연결문제 때문인지 가끔 연결이 안되는 경우가 불편한 점으로 꼽을 수 있겠네요
정수진,5,2021-09-14 14:15:29,"이용한 지 거진 1 년인데, 큰 문제 없이 잘 사용하고 있습니다. 이전보다 대여/반납 시 화면전환도 빨라진 것 같고 연결도 잘 됩니다. 종종 이용내역에 이용거리/소모칼로리/탄소절감내역 등이 뜨지 않아 당황스럽기도 하지만, 그 외에 이용에 있어 불편한 점은 크게 없습니다. 앞으로도 잘 이용하겠습니다"
이채희,5,2021-09-14 14:13:14,자전거 타고 싶을때 바로 탈 수 있어서 좋아요. 제로페이 결제시 할인도 되고요. 다만 아쉬운 점은 대여할때 연결이 바로 안 돼요. 취소하고 앱을 다시 실행해서 여러번 해야 대여가 되네요. 제 폰 문제일 수 있는데 다른 가족도 안 되는거 보니 앱 문제 같아요. 이것만 개선되면 완벽합니다!
신경아,4,2021-09-14 14:11:55,간편하고 편리하고 너무 짱좋아요~
박정,4,2021-09-14 14:10:39,따릉이 언지나 개이득 좋아요
권소연,5,2021-09-14 14:09:32,"잘 쓰고 있습니다! 전에는 간혹 블루투스 연결이 안되거나 연결 취소를 눌러도 오래 걸릴 때가 많았는데, 지금은 그런 일도 잘 없고 QR코드 대여도 엄청 금방 연결돼서 좋네요"
이선우,4,2021-09-14 14:08:53,자전거 QR코드로 대여할때 연결이 안될때가 있어요. 취소도 안되구요. 한참을 기다려야 연결 진행이 해제될때는 진행사항을 모르니 답답해요.
마돌,5,2021-09-14 14:07:38,일단 지도 기능이 돼서 너무 좋습니다. 바라는 점은 자전거 안장 좀 많이 높일 수 있게 해주세요 ㅜㅜ 그리고 1시간 10분 거리 갈려면 2시간을 결제 해야하는데 이 결제시간 단위 좀 바꿔주세요! 남는 시간을 이월되게 하거나 결제를 10분 단위로 할 수 있게 하거나!
김다혜,4,2021-09-14 14:03:22,"지하철이나 버스로 가기에 애매한 거리에 잘 이용하고 있습니다. 걷기 대신으로 이용하니까 운동삼아 하기도 좋구요. 다만, 블루투스를 켜지 않은상태로 하게되면 안내문이 나오고, 그 뒤에 연결을 시도하면 항상 한번에 자전거 잠금이 풀리지 않네요. 꼭 블루투스를 연결한 후, 따릉이 앱을 종료하고 다시 실행한 뒤에 연결을 해야 잠금장치가 풀립니다. 이 부분은 원래 그런걸까요??"
Chuck Kim,5,2021-09-14 13:54:43,따릉이 매일 출퇴근시간에 자주 애용하고있습니다~
반쥬,5,2021-09-14 13:50:41,저렴한 가격으로 탈수있어서 너무 좋습니다~~
장원우,5,2021-09-14 13:49:51,"따릉이 덕분에 쉽게 쉽게 다니는 것 같습니다. 기존 앱에 비해서, 네이버 지도로 변경되고 나서 렉은 많이 감소되었습니다. 추가적으로, 따릉이 앱에 따릉이 속도와 이동 경로가 남는 앱들이 연결되면 어떨가 합니다. 따릉이를 타고 기록으로 남겨서 좋은 추억 거리가 될거 같습니다"
예뽀,5,2021-09-14 13:49:17,최고에요 👍🏻
김현경,5,2021-09-14 13:47:29,넘좋아요 내자전거 집에 마땅히둘곳도 없고 오르막길엔 따릉이보관소에 맡기고 걸어갔다가 내리막에 타고 내려가는 짜릿 함 으음~~ 조금더 많은 보관소가 설치 되었으면 더 더 좋을거 같아요^^
안병혜,5,2021-09-14 13:46:40,오랜만에 따릉이를 이용했는데 전보다 안정감이 있고 안장도 훨씬 편안하고 좋았어요~ 이젠 계속 따릉이를 이용해야겠어요^^
최수지,5,2021-09-14 13:38:50,따릉이로 생활의 질이 올라갔어요! 정기권 추천합니다~
Jenny Lee,5,2021-09-14 13:38:39,단말기 연결이 좀 느려요. 더 개선되면 좋겠어요.
이나다,5,2021-09-14 13:36:24,"예전부터 잘 이용하고있었는데 리뉴얼되서 더 직관적이고 편하게 개선된것 같아요! 특히 대여하기>이용권구매로 넘어가던 단계에서 바로 이용권구매를 클릭할수있다보니 구입한 이용권이있는지 확인이 바로 된다는점? 현재 사용하며 불편함은 없지만 욕심을 좀 내보자면, 대여지점에서 반납지점까지 네비게이션으로 길안내가 되면 좋을 것 같아요^.^ 아무래도 인도로 다닐 수 없다보니 자전거길도 지도상에 보이면 좋을것 같고 소요시간두.. 구구절절 길어지네여! 아무튼 잘 사용하고있습니다~^^"
빈파더,4,2021-09-14 13:35:47,전체적으로 서울 시민의 편의성 향상 및 운동량 증가에 한 몫을 했다고 생각합니다 다만 언제부터인가 대여하기를 하면 대기시간이 오래걸려 대여취소를 하고 다시 대여하기를 해야 대여가 가능합니다 저만 그런지 모르겠네요 그래서 별하나 뺐습니다^^ 참고해주세요
마르실판다,3,2021-09-14 13:34:39,자전거 대여가 잘 안되네요ㅠㅠ 와이파이도 빵빵하고 블루투스 껐다가 다시 켜보는데도 연결이 바로 되는 자전거가 별로 없어요ㅠㅠ
디제이김,5,2021-09-14 13:32:04,가끔 앱연결이 안될때가 있지만 요즘엔 잘되네요~시원한 바람 맞으며 따릉이타고 퇴근하면 힐링되지요~ㅎㅎ 나의 건강도우미 따릉이~포에버!!!
이종숙,5,2021-09-14 13:31:07,매우 좋습니당~~
백승호,5,2021-09-14 13:31:06,자전거가 있는 사람 없는사람 상관없이 탈수있으며 귀찮지 낞고 간단하게 사용할수있는 따릉이 쓰고 반납만 하면 돼고 알아서 점검해주셔서 간편해요
4 kim,4,2021-09-14 13:30:28,"출퇴근시 잠깐 사용할수있게 10분, 30분 이용권도 있으면 좋겠어요."
Ami Super,5,2021-09-14 13:28:53,평가가 왜이리 흉흉하지?; 잘 되는 사람은 스토어에 들어올 일이 없어서 그런걸까요.. 서울시내 돌아다니는 일을 하느라 세달동안 사용했는데 오류가 있었던 적은 없습니다. 두번정도 자전거가 반응을 안했던 적은 있는데 그정도야 뭐.. 아무 불만 없이 이용중이며 앞으로도 쭉 신세지겠습니다.
angela kim,5,2021-09-14 13:27:18,좋아여
박동진,5,2021-09-14 13:26:52,너무 편합니다
ASTA,5,2021-09-14 13:26:37,덕분에 자전거 잘타고 다녀요!
YOUNGJOON CHOI,5,2021-09-14 13:26:34,"위치기반으로 현재 위치 주변의 정거장을 보여주고, 남아있는 자전거 수량을 보여줘서 헛걸음하지 않아도 돼서 좋습니다. QR코드 인식률이 많이 떨어져서 대여시 불편했었는데 얼마전부터 인식률도 개선된 것 같습니다. 아주 잘 쓰고 있습니다~"
나디아빠,5,2021-09-14 13:24:22,집앞에 따릉이 소굴이 생겼어요! 블루투스 기능도 넘 좋아요 감사합니다 사랑합니다 💕
노마쿠,3,2021-09-14 13:23:20,ui 및 ux가 더 시인성이 좋아졌으면 합니다.
Chang-meen Lee,5,2021-09-14 13:22:30,"따릉이 어플리케이션 만족하고 있습니다. 다만, 자전거에 블루투스 연결할 때가 조금 불편합니다. 블루투스가 원래 불안함이 많은 기술이지만 앱과 자전거 연결상황을 좀더 정확하게 알 수 있으면 좋겠습니다. 1. 연결 중 게이지바? 2. 연결 접속결과(보류, 성공, 실패 등) 폰이랑 자전거 연결이 안될까봐 불안하기도, 블루투스 접속이 잘 안되어서 다시 껐다가 켜야되는 상황도 꽤 많습니다."
Seong tae Ahn,5,2021-09-14 13:21:49,안내원이 친절함 일요일에 전화했는데도 친절하게 안내해줌
n혜린,4,2021-09-14 13:21:49,요즘 날씨가 너무 좋아서 주말아침마다 따릉이 타고 산책하고 있어요:) 다 좋은데 따릉이를 대여할 때 한번에 된적이 없어요ㅠ 항상 3대정도 시도해야 대여성공입니다... 반납은 한번에 잘 되던데 이것만 수정되면 너무 좋겠어요!
민일홍,4,2021-09-14 13:21:04,QR코드 인식할때 가까이선 안되고 멀리서 이리저리 움직여야 겨우 되는 불편함이 있어요. 그리고 연결시간이 너무 오래 걸려요. 이 점 말곤 만족스러워요.
김연주,4,2021-09-14 13:20:16,전반적으로 쓰는데 불편함이 없는데 지도에서 gps켜고 위치 바뀌었을때 따릉이 보관소 위치가 바리바로 나타나지 않아 불편해요
YONG SHIM,5,2021-09-14 13:19:49,가까운 거리를 갈 때 가장 빠르고 편리한 교통수단
강혜빈,5,2021-09-14 13:19:45,따릉이를 참 좋아하는데 항상 상시로 켜서 어디서든 따릉이 위치 확인하고 맨날 타고다녀서 넘 좋아요
임병국,5,2021-09-14 13:19:12,가까운거리이동할때좋음
김희성,5,2021-09-14 13:18:35,왓다갓다 운동할때도 2시간보다는 1시간을 여러번 이용하는게 합리적입니다. 버스타고갈 2~3개정거장도 금방가요 대중교통보다는 선선할때 음악들으면서 건강도챙기고 돈도아끼고 일석2조입니다!
EunSeong Moon,4,2021-09-14 13:18:32,"매일 출퇴근을 따릉이로 하고 하고있습니다. 군더더기없이 깔끔한 앱이라 매일 들어가는데, 직관적으로 편하게 쓰기 좋아요!!"
이찬우,3,2021-09-14 13:18:25,QR코드 인식이 잘 안 됩니다.
c jh,5,2021-09-14 13:18:23,앱은 만족합니다. 자전거수리는 수시로 해야할것같아요. 특히 브래이크 밀리는게 많아요.
이충형,5,2021-09-14 13:18:23,편리합니다.
Serena,5,2021-09-14 13:18:16,별다섯개가 아깝지 않음 따릉이 제도 너무 좋고음 서울시에 살면서 제일 만족스러운제도 자전거 높낮이 조절하는것도 쉽게 변경되고 QR코드반납도 좋고 다 좋아요
이소플라빈,5,2021-09-14 13:17:41,잘 만들었어요. 짧은 거리 이동할 때 자주 이용해요. 앱도 문제없이 잘 사용하고있어요
City Pop Man,4,2021-09-14 13:17:33,나쁘지 않아요.
장성희,5,2021-09-14 13:17:12,가끔 버퍼링이 생기지만 .. 따릉이는 정말이지 몹시 훌륭합니다~~
Soyi,4,2021-09-14 13:17:08,블루투스 연결이 잘안될 때가 많음
MISOL DO,5,2021-09-14 13:17:07,따릉이 너무 좋아요! 특히 요즘같은 가을 날씨에 따릉이 타고 라이딩하면 정말 기분 좋습니다 ㅎㅎ 어플도 쉽게 잘 사용할 수 있어서 좋아요~
차단성,3,2021-09-14 13:17:02,"다 좋은데 블루투스 이어폰 연결중일때 대여가 안되는게 너무 불편해요 그리고 점검중인 자전거가 있다면 앱에서 그 자전거의 고유번호를 알려줬으면 좋겠어요 대여하는데 보통 15초가량 걸리는데 대여소가 횡단보도 근처에 있는 경우가 많아서 빨리 대여하고 건널 수 있을 신호도 점검중인거 잘못걸리면 신호 놓치는게 참,,,,"
안지환,4,2021-09-14 13:17:01,오류 나는거 빼곤 괜찮아용
k alpha,5,2021-09-14 13:17:00,지속적인 업데이트로 초창기에는 사용하기 너무 안좋았는데 현재는 불만없이 만족합니다.
_유진,5,2021-09-14 13:16:44,따릉이 덕분에 운동도 하고 교통비도 훨씬 줄었어요 아쉬운 점이 있다면 유난히 빨리 자전거가 다 없어지는 곳과 방치되는 자전거가 많은 곳의 차이가 좀 큰 것 같아요 그래도 너무 잘 이용하고 있어요!
J,5,2021-09-14 13:16:27,자전거보유현황과 안맞는경우가 간혹있지만 그래도 빌리고 반납하는데 불편함은 없어요~
김완태,5,2021-09-14 13:16:18,오세훈씨 따릉이 건드리지 마시오!!!
류화숙,2,2021-09-14 13:16:08,밧데리 방전된 따릉이가 많아 급할때 사용할 수 없어 아쉬웠습니다.
Y S,1,2021-09-14 13:15:44,자전거연결까지 너무느리고 한번에 연결이 잘안됩니다.
Hangbin Cho,5,2021-09-14 13:15:11,아주 좋아요
해사마,4,2021-09-14 13:15:08,서울의 자랑이자 편의성! 아주 좋아요-
안세은,5,2021-09-14 13:15:07,서울로 자취를 시작하면서 따릉이를 타게되었는데 점점 정류소도 늘어나고 자전거 수급도 빠른거 같아서 만족합니다. 물론 따릉이의 인기가 점점 높아져서 날씨 좋을때나 퇴근길 도심에서는 따릉이 구하는게 힘들긴 하지만 점점 개선되는거 같아서 좋아요.
심재희,5,2021-09-14 13:14:41,저렴하게 타고다닐수 있어서 좋아요 옛날보다 어플 오류가 적어진거같아요
HT Y,3,2021-09-14 13:14:35,블루투스 인식률 개선이 되었으면 좋겠네요
Youngjun Lee,5,2021-09-14 13:14:33,적은거리이동이나 출퇴근때 좋습니다. ㅎㅎ 운동도 되고 돈도 아끼고 일석이조네요 ㅎ
황민회,4,2021-09-14 13:14:29,편하기는 참 편함. 그런데 연결지연이 좀 잇고 상태 안좋은 자전거가 꽤 잇음
jjunj,4,2021-09-14 13:14:24,가끔 자전거와 커넥팅 할때 렉걸릴때가 있는것빼곤 좋습니다
wannabee baek,5,2021-09-14 13:13:56,좋아요~~!! 전국에 다 펴졌으면 좋겠어요
Y C,5,2021-09-14 13:13:48,제로페이 이용하면 더 저렴하게 이용할 수 있어서 좋아요 수리도 빨리 되는 편인거 같고요 잘 타고 있습니다 감사해요
테스형,5,2021-09-14 13:13:44,잘타고다녀요 반납오류일때도 전화하니까 금방 처리되고 앱 오류도 별로 없고 만족쿠
G. Cho,5,2021-09-14 13:12:57,서울시민의 발! 관광객의 감탄! 요새 따릉이로 건강 챙기고 있어요
정유화,4,2021-09-14 13:12:36,서울시 따릉이 이용 너무 좋아요. 이용요금이 좀 더 저렴했으면 자주 이용할듯해요.
공땡구,5,2021-09-14 13:12:25,넘넘좋아유 서울의발 시간약속 칼같이지킬수있어유
박햇님,4,2021-09-13 14:48:42,지도에 길찾기도 되면 좋겠어요~ 거치장소는 여기서 보고 길찾기는 다른앱으로 하니 불편해서 길찾기도 되면 별5개일것같아요~ 목적지 보고 그곳에 따릉이 반납장소가있는지도 확인해야하니....ㅎㅎㅎ;;; 욕심인가요....;
ena Choi,5,2021-09-12 04:15:28,"사람들 잘 안 쓰는 새벽 시간(3,4시)에만 이용해서인지 앱에 문제 생겼던 적 한번도 없구요 정기권 끊어놓고 가끔만 타도 운동하는 거 같고 선선한 바람도 좋고 기분이 좋네요ㅎㅎ"
Mari Svendsen,1,2021-09-11 16:21:59,"2020년에는 24시간 대여해서 서울 밖으로도 많이 타곤 했는데, 이제 1-2시간마다 반납해서 다시 대여해야 돼서 원래 타던 길을 이제 못 타서 서운허네요..."
유영수,1,2021-09-11 01:47:43,장난하시는건가요 QR로 안찍혀서 번호로 했는데 1분만 기다리라더니 30분 넘어서도 해제가 안되는 개같은 경우는 처음 보네요 통화 하고 있었으니 망정이지 안되면 공지를 해쥬던가 ㅡㅡ
송민경,1,2021-09-10 22:32:22,"최악. 연결도 안 됨, 자전거도 다 고장났어, 관리좀 똑바로 해"
홍인성,1,2021-09-10 09:11:21,"오류가 너무 많아서 불편임, 대여할때 한번에 연결되면 놀랄지경"
김녀징구,1,2021-09-10 09:08:59,며칠전부터 자전거 연결도 제대로 안되고 하다못해 겨우 연결이 됐는데 잠금 안풀리더니 자기맘대로 반납되지를 않나.. 대여할 수 없는 자전거라해서 다른자전거 대여하려고 하면 자전거 대여중이라 안된다하고 여러모로 이용 못하게 만들더니 오늘은 아예 앱이 안되네요. 무한로딩되다가 9998에러? 계속 뜨길래 앱 재설치했는데 이젠 로그인부터 9998에러..ㅎ 좀 느리긴 했어도 한동안 잘 썼는데 왜 또 이러나요
Google 사용자,5,2021-09-10 09:05:52,일일권 타다가 이제는 정기권 결제했어요! 좋아요!!
Ty Kim,1,2021-09-10 09:05:39,앱이 제대로 켜지질 않네
편집연습용,1,2021-09-10 09:03:40,따릉이 출근용으로 하지 마세요. 연결 안 되서 지각하고 빡돌아서 리뷰 남깁니다. 이딴식으로 일처리 하지 마라 씹련아
Tangerine Daddy Kim,1,2021-09-10 09:02:27,생전 처음 리뷰씀 잘되던앱을 뭔짓을 했는지 켜지지도 않음 고객센터는 전화하면 한시간걸림 돈없어서 자전거 좀 타고 다니겠다는데 앱을 이따위로 만들어버리냐
배선일,1,2021-09-10 09:01:52,앱관리가 개판이라 로그인도 안되고 애러9998 이것만 겁나뜨고 담당자 연결도 안되고
허은혜,1,2021-09-10 09:01:45,아니 아침 출근시간에 렉먹고 작동 안하면 어떡합니까
영조배,1,2021-09-10 09:00:24,앱 먹통된거 실화에요? 돈 처먹고 이러면 안되죠 ㅋㅋ
홍찬울,1,2021-09-10 08:59:50,돈을 받았으면 일을 하세요. 맨날 따릉이 못 타서 지각하면 월급 못 줘요.. 어플이 기다려도 느리고 다시 설치해도 느리고
Tak dd,1,2021-09-10 08:59:25,9998에러가 뭔가요.. 지각이네
이승훈,1,2021-09-10 08:58:07,오늘아침 앱자체에안들어가짐
윤정호,1,2021-09-10 08:57:47,9998에러 좀 빨리 해결해주세요
Jake Jeon,1,2021-09-10 08:57:31,출근시간대에 앱이 작동하지 않아서 못탔습니다 원할때 못타면 무슨소용입니까 앱관리부터 똑바로 했으면 좋겠네요
NEO네오,1,2021-09-10 08:57:22,간헐적으로 안되는 벼ㅅ같은 앱
조민우,1,2021-09-10 08:56:55,로그인이 굉장히 불안정합니다. 따릉이를 타면 되겠구나! 하는 생각으로 시간맞춰 나가면 분명 약속에 늦을거예요
칼포퍼,1,2021-09-10 08:56:50,어플 업데이트가 십분이상 안되는 바람에 시간낭비하다 지각했습니다. 국민청원 올릴까 고민중이에요
오동연,1,2021-09-10 08:56:46,출근해야 하는데 앱자체가 안 켜짐. 평소에도 대여가 안 되는 일이 많았음
김서환,1,2021-09-10 08:56:41,출근시간 접속불가현상에 대해 기간권 사용자 환불 및 보상 처리하십시오. 계약사항 위반입니다.
진철우,1,2021-09-10 08:56:10,앱 자체가 안열림 출근길 지각
서종원,1,2021-09-10 08:55:34,9998에러 응답시간 초과... 계속 반복이네요
오민석,1,2021-09-10 08:55:04,앱 접속이안되나요?몇 십분째 안되서 너무불편하네요 지각할까봐 택시타고가네요..
김영관,1,2021-09-10 08:54:27,앱이 안열려요 ㅠ
김대준,1,2021-09-10 08:54:12,"그놈의 9998 ㅋㅋ 서버에 문제가 있으면 문제가 있다고 소비자한테 알려주기라도 하던가요. 아무것도 없이 그저 재부팅하라 그러는데 앱 두번지웠다 깔아도, 폰 세번 재부팅해도 여전히 9998에 응답속도는 최하 ㅋㅋㅋ 공공앱이 다 그렇지만 따릉이는 좀 심각하네요."
미찌,2,2021-09-10 08:51:12,앱이 연결이 안되네요 들어가지지가 않는데 어떻게 쓰나요 삭제했다 더시 깔아도 그렇고 자주 이렇게 되니까 좀 짜증나네요 ㅠㅠ
조효신,1,2021-09-10 08:50:20,제발 좀...
리한율 (kcia),1,2021-09-10 08:50:12,이젠뭐 앱도 안열리네 ㅋㅋ
young kwon,1,2021-09-10 08:49:12,출근길에 타려고 했는데 먹통이어서 뛰어서 출근했어요. 뭐 이딴게 다 있지
이넴,1,2021-09-10 08:48:32,대여 오류는 기본에 이제는 아예 앱도 안켜짐 이따위로 만들꺼면 대여권은 왜팔아먹는건지 이해안됨
fairy YI,1,2021-09-10 08:47:53,어이없음.. 미작동 미인식 자주발생합니다
sun park,2,2021-09-10 08:47:38,따릉이 어플 접속 안됨 몇 번을 껐다켰는데도 안됨 오전 9월 10일 8시 30분 기준 출근시간에 안 되면 어쩌자는겁니까... 껐다키라고 문구를 남기지 말든가 시간 차비 낭비했네요
김도희,1,2021-09-10 08:47:33,"별 0개는 왜 없나요? 맨,날 오류에 진짜 짜증나서"
js Kim,1,2021-09-10 08:47:31,어플 안열려서 지각하게 만드는 열받는앱
hye,1,2021-09-10 08:46:54,왜 앱이 안켜져요 출근시간에 인터넷도 다 되는데 따릉이어플만 안켜져서 결국걸어갔네요 정기권끊으면 사용을하게해줘야죠 뭐하세요 진짜?
JH,1,2021-09-10 08:45:01,대체 이게 뭔 상황이에요? 매일 쓰던 앱이 갑자기 오늘 아침부터 아예 접속이 안되네요. 폰 바꾸거나 설정 바꾼 것도 없고 데이터도 쌩쌩한데. 덕분에 아침에 급하게 출근합니다. 앱 점검을 하는지 뭐하는지 모르겠지만 이런 앱일수록 필요한 순간에 접속문제가 생겨선 안된다 생각합니다. 평소 서버관리에 주의를 기울여주세요. 하여튼 저는 덕분에 회사 지각할듯해요.
무야호정,5,2021-09-10 08:44:22,별점 나쁘게 달면 안읽으실까봐 다섯개 드립니다. 제발 어플 튕기는 현상 8월까지는 안그러다가 요새 어플 대여섯번 껐다켜야 하는거 2주째입니다. 오늘 드디어 어플이 맛이 가서 폰 몇번씩 켰다가 끄고 해도 안되다가 결국 지각했습니다. 제발 민간기업이 아닌 지방공기업인만큼 좀 어플점검은 상식적인 주기로 좀 해주세요...
미스터김,1,2021-09-10 08:44:06,갑자기 앱 먹통 접속차단 출근시간에 이러면 어쩌란거냐 2021년 9월10일 오전8시40분~
HYEONGBIN,1,2021-09-10 08:43:57,출근하는데 어플이 안켜져서 한참 기다리다 결국 포기하고 갑니다.
MC GO,1,2021-09-10 08:42:59,문자가 안옴 연결도 잘안되고 하다 진짜 화가남 2021.09.10 또에러나 마곡나루앞에 단체로 사람들 기다리고 있음.
처라쿤,1,2021-09-10 08:42:27,오늘도 접속 안되서 걸어감
이강호,1,2021-09-10 08:42:23,9998에러 사업의도와 활용도 좋지만 앱은 완전 개 쓰레기
이효경,1,2021-09-10 08:41:57,최악 앱 업데이트 할 때마다 안열리면 어쩌라는건지. 자전거가 있는데도 앱이 안열려서 이용못하네요. ㅡㅡ
Jaden Oh,1,2021-09-10 08:38:56,앱이 열려야 자전거를 쓰죠!!!
고재권,1,2021-09-09 18:57:48,앱 개발사 교체좀요
Tac c,1,2021-09-09 18:23:59,"카카오톡으로 이미 가입한 유저인데, 이번에 재설치함. 카카오톡으로 로그인 -> 회원가입후 이용하세요. 네이버로 로그인 -> 회원가입후 이용하세요. 회원 가입(일반계정) -> 이미 등록된 폰번호 회원 가입(네이버) -> 이미 등록된 폰번호 회원 가입(카카오톡) -> 이미 등록된 sns 비회원 이용 -> 이미 가입된 회원은 비회원으로 이용불가합니다. 어쩌라는거죠"
권지훈,1,2021-09-08 18:23:38,앱이 개판이네요 정말
이아린,1,2021-09-05 22:02:14,진짜진짜 웬만해선 화 안 내는데 진짜 왜이렇게 연결이 안 되나요? 아니 따릉이 한 번 탈려고 하는데 5분에서 7분 걸려요... 횡단보도는 3번 놓쳤어요ㅠ 걸음보다는 자전거가 빠르다 싶었는데 연결 때문에 차라리 걷는 게 낫겠네요..
이찬우,1,2021-09-05 16:56:11,원숭이가 만든거중 제대로 된게 하나도 없네ㅋㅋ
김화수,1,2021-09-04 22:10:20,큐알을 인식해도 숫자를 입력해도 자전거를 빌릴수가 없음ㅋㅋ 어플이 ㄹㅇ사람혈압오르게함 쌍욕박고싶은데 참는다
꾸꿐,1,2021-09-04 16:02:50,앱 관리 안하세요? 몇번을 시도해도 되지를 않네요. 이럴꺼면 걸어가는게 더 빠르지 앱 종료하고 폰 껏다켯다 할꺼면 뭐하러 탑니까? 돈내고 제대로 타보질 못하네요.
멜로디뿅힛,1,2021-09-04 15:58:47,반납이 안됩니다... 잠금키도 내렸는데 반납이 안되서 돈이 계속 빠져나가는 중이에요
wwjjj shin,4,2021-09-04 14:03:20,지금까지 잘 사용하던 앱이 Service Unavailable 라고 나오며 먹통이네요 껐다가도 켜고 지우고 재설치해도 안돼네요 업데이트에 하위호환에 배려가 필요해 보입니다
Sunny Kim,5,2021-09-04 11:39:29,"따릉이 처음 이용했는데, 너무 편하네요. (QR체크인/잠금해제/반납방법 모두) 따릉이 서비스가 더 활성화되면 좋겠네요."
이준,1,2021-09-03 22:17:44,"QR 인식 안되고, 번호 입력해도 대여섯번은 연결 실패하고 다른 번호도 들락거렸다가 하면서 5분여는 얼간이처럼 기다리기만하다가 어거지로 연결되곤 합니다. 관리자가 동시 대여신청이 많아서 연결이 미흡하다고 답변 다시는데, 사용자가 적을 평일 한낮에도 인식문제는 여전합니다. 폰에는 어떠한 이상도 없습니다. 속히 연결문제 해결해주시면 합니다."
뿌링클,1,2021-09-03 18:58:17,진짜 좀 고쳐주세요 얘때문에 지구 폭파하고싶어요 그놈의페어링은 왜맨날 쳐안되는건데요 블루투스 몇십번을껏다키네 찐짜 화나네 내가리뷰잘안다는데 달고갑니다 화나요 화가나 화가나 욕해서 죄송핮니다 근데 진짜 좀 고쳐주세요 나 30분째 서있어 버스탔지 이러면 오기생기네
ᅥᅵᅵ,1,2021-09-03 14:29:57,큐알코드가 아예 찍히질 않습니다 번호도 읽히지 않고 필요할 때 이러면 미치겠는데 개선 좀 해주세요
임수정,4,2021-09-03 13:06:40,다 좋은데 워치용 앱좀 만들어주면 좋겠어요 제발...
ji 0,5,2021-09-03 11:40:03,예전보다 훨씬 디자인이나 사용성면에서 나아졌습니다
변동환,1,2021-09-03 09:58:38,9998에러인지 뭔지 어디서 해도 뜨는 이 에러덕분에 자전거도 못타고 많은걸 놓쳤습니다. 결제도 로그인도 못하고 있구요. 책임없는 답변만 남길건가요?
Ja Mong,1,2021-09-03 08:06:21,맨날 연결이 바로 안 돼요. 저 같은 경우는 핸드폰 재부팅하면 되긴 하는데 매번 한 번에 안 되니까 급할 때 자전거 타기가 너무 어려워요.
선선수,1,2021-09-03 06:28:22,나만 대여가 어려운게 아니었군;;;
강지원,1,2021-09-02 18:43:02,비회원으로 구매했더니 로그인 풀리면서 남은 이용권 다날아감 얼마 안하는 돈이지만 빡이침
Gyu spot,1,2021-09-02 16:46:17,바빠죽겠는데 앱이 멈춥니다 로그인 자체가 안되요 몇번을 다시켜고 재부팅해도 안됩니다 결국 못탔네요 어플이 너무 불안정해요 리뷰보니 하루이틀이런것도 아닌거같은데 개선이 필요합니다
JunKyeong Lee,3,2021-09-02 16:38:18,따릉이 로딩이 안넘어가서 이용을 못햐요 ㅜ
Kim영,1,2021-09-02 16:30:38,"대여하기누르고 큐알코드찍으면 계속 로딩만되고 대여가 안되고있습니다. 고객센터 문의해도 답없고, 알아보고 연락준다더니 무소식에 해결도 안되고있습니다. 답답하네여! 시스템 왜 이럽니까 진짜..ㅡㅡ;;"
Chloe Kim,1,2021-09-02 16:07:02,앱왜안열려요? 지금 타야하는데ㅠ
김기준,1,2021-09-02 07:14:30,앱 다운이 안되요 갤럭시 21입니다
매일매일크리스마스,5,2021-08-31 10:57:22,"따릉이를 편리하게 이용할수있어서 좋아요. 오류도 전혀없고, 결제시스템도 잘 되어있습니다."
꿀벌,1,2021-08-31 10:11:52,리뷰도 여기서 막 지울수 있나요? 왜 사라진지 모르겠는데 결제가 안된다구요. 친구가 선물해줘서 타고 1분 더 타버려서 200원 더 나왔는데 계속 오류 뜬다고요 ^^ 결제 자체가 안되는데 저보고 어캐하라는거죠? 핸드폰 결제는 미성년자라서 안된다는데 하...
kugjin lee,3,2021-08-30 17:20:26,한달 넘게 매일 시도하지만 두번 탔어요. 페어링 문제 때문에요.인터넷에서 하라는거 다해도 안됨. 어느순간 안되는데 업뎃후 안되는것 같아요.
it Beat,1,2021-08-30 12:15:21,연결좀 제대로 되게 해주세요 계속안되서 스트레스네요
한규형,1,2021-08-29 11:29:53,거지같네요
김소야,1,2021-08-28 17:47:18,앱 깔다 홧병날듯.. 왜 이렇게 느리나요ㅜㅜ
멍멍이,1,2021-08-28 13:25:04,ㅡㅡ아효 맨날 잠금해제 바로 안돼서 시간낭비 심해요ㅡㅡ 잠금해제하려면 따릉이탈때마다 어플 재설치해야 풀림 진짜 대환장 : ;;; 내용업데이트 같은거보다 이런 오류나 빨리 개선좀요
백도경,1,2021-08-27 11:42:58,반납이안되는데 씹 돈은돈대로계속빠져나가고 반납도안되면서 뭐 어쩌자는거임?
고민혁,1,2021-08-26 18:21:37,페어링 오류
완두콩,5,2021-08-26 02:00:24,따릉이 타기 더 편리해졌어요!
배유진,1,2021-08-25 21:44:16,본인인증이 어디있음ㅋㅋㅋㅋㅋㅋㅋㅋㅋㅋㅋㅋㅋㅋ그리고 개느림
정땡땡,1,2021-08-25 08:53:11,오류가 너무 자주납니다. 이용하고 싶어도 연결에 매번 실패해서 정기권 돈이 아까울 정도예요.
장문강,4,2021-08-24 22:08:59,아직 QR인증이 늦어요
Chanhui Kim,1,2021-08-24 17:47:22,그지 발싸개같은 시스템. 연결 끝까지 안되네. 능력없으면 자리에서 물러나세요 제발 이런 그지같은 어플 싸재끼지 마시고
크롱,5,2021-08-24 17:21:13,정기권 발행해서 쓰고 있는데. 지하철 환승 마일리지도 잊지 말고 횔용하세요
윤석호,1,2021-08-24 09:13:07,아침 출근길에 급하게 타고가려고 정기권 결제하고 이용했는데 갑자기 따릉이 어플 실행오류뜨네요.
김도현,1,2021-08-24 09:10:25,앱 안열림
햇살이좋네,5,2021-08-24 09:07:29,대여하는 QR 위젯 만들어주세요!
전영진,1,2021-08-24 09:03:52,개발자 정신 안차리냐 서버관리 안해? 또 사과공지도 없이 모르쇠해라 양심없는 놈들아 허구언날 먹통이야 개념없이
Yeongeun Lee,1,2021-08-24 09:03:06,따릉이는 좋지만 앱은 1점도 아깝습니다. 세금으로 어따 허접한데 사업맡기고 개발시킵니까? 우후죽순 나오는 전동스쿠터 류 스타트업 앱들 반만큼도 안돼는 속도와 불안정성 진짜 짜증납니다.
장재익,1,2021-08-24 09:02:45,앱 서버를 이원화해서 운영해주세요. 급할 때마다 필요한 따릉이 접속 오류 때문에 따릉이에 신뢰가 안가요. 아니면 최소한 업데이트 전에 알림 서비스로 공지를 해주세요. 급하게 따릉이 이용할 것 같은 사람은 앱 업데이트 하지 말라고. 왜 필요할 때마다 이용 불가능하게되는지 이용자 입장에서 참 우려스럽습니다.
최정근,1,2021-08-24 09:00:31,지금 앱접속했는데화면이않뜹니다.ㅠㅠ
김승현,1,2021-08-24 08:57:48,"사용을 할수가 없음 회원가입, 결제카드까지 해놓으면 접속을 차단하는건가요? 아무리 기다려도, 몇번을 껏다 켜도 안됨니다 리뷰보니 하루이틀 이러는것도 아닌거 같은데 나도 공무원하고 싶다"
별하나,1,2021-08-24 08:53:54,정액권결제했는데 하얀화면만떠서 탈수가없어요ㅡㅡ 재설치해도이모양이고 저번에도 다른사람들은 잘만타고가는데 qr인식안되서 출근길인데 10분잡아먹고 지금도나말고다른사람들은 타고다니네 이럴거면 정액권은왜팝니까 오늘출근길부터또기분상하네요 빨리처리해주세요
mj k,1,2021-08-24 08:53:19,앱안열려서 지각함
Hi de,1,2021-08-24 08:52:26,업데이트 후 앱이 정상작동을 하지를 않는데 출근길에 뭔 낭패인가 싶네요 내 돈 내고 쓰는건데 ㅋㅋ 1점도 아까움
J J,1,2021-08-24 08:51:50,로그인에 성공했다고는 하는 이후 화면도 멈추고ㅠㅠ앱 자체가 너무 불안정해요 따릉이 자주 이용하는 사람으로서 앱은 개선 좀 해주셨으면......지금 지각각이에요 악 부장님 죄송합니다
Youngho Joo (PazLuz),1,2021-08-23 12:56:39,앱은 모르겠는데 자전거 상태가 10🐶판임. 전력으로 밟는디 24km/h가 나오는 자전거를 어따 써먹음
ENTY 1701,1,2021-08-20 23:50:37,아니 ㅋㅋㅋㅋ 따릉이를 타고 싶어도 타지를 못해요... 연결이 안되는데 어떻게 타란거에요 qr도 안되고 번호로 눌러봐도 안되고.... 10번 시도해서 1번 겨우 연결되고 ㅋㅋㅋㅋ 따릉이 연결될때까지 기다렸다가 타고 가느니 걍 걸어가는게 빠르더라구요 개선 좀 해주세요 제발...
huchi33,1,2021-08-20 20:56:56,최악
니얼굴,4,2021-08-19 20:21:11,전번을 바꾸고 나서 이용권이 없어졌어요...
승관한,1,2021-08-19 16:37:08,땡볕에 따릉이 연결 때문에만 10분을 서있어야하는게 말이나 되는건지 ..한개도 아깝네요
j Lee,1,2021-08-19 09:45:54,빌리려고 15분이 걸렸는데 이게 맞는건가요. 업데이트를 다운그레이드로 하는건지 가면 갈수록 빌리는 시간이 더 길어지네요
IOS 18.1,5,2021-08-17 10:48:27,연결 빠르고 대여 쉬움
이동훈,1,2021-08-16 09:48:23,회원가입후 로그인 안됨~ 먹통됨
Sunny Lee,1,2021-08-15 16:44:21,업데이트 하더니 로그인 연동부터 안됨 길바닥에서 짜증나게 앱 새로 깔고있음.... 어이상실...
Yongo park,1,2021-08-15 15:48:09,설치가 왜안되나요
Kate K,4,2021-08-15 10:09:09,앱을 열 때마다 매번 업데이트를 해서 기다리기도 하고 데이터도 사용하니까 부담스러워요
젼,5,2021-08-15 00:45:45,현재 다이어트를 시작했는데 시간을 내서 따로 운동하기도 코로나 때문에 헬스장 가기도 어려운데 가성비도 좋고 주변에서 쉽고 편리하게 핸드폰만 있으면 따릉이를 사용할 수있어 편리하고 좋아요~^^ 다만 임의로 기간별 이용내역을 설정하고 볼 수있었으면 좋겠어요 소모 칼로리를 참고하는데 보고싶은 날짜 클릭이 안되어 아쉽습니다~ 감사합니다
근엄하신미루님,1,2021-08-14 08:15:29,"그저 세금도둑 그 자체!! 전반적인 앱의 반응속도 최악 아이디 찾기: 문자가 제한 시간 지나고 옴. 그나마 5반 시도시 문자올 확률은 한두번뿐 결제: 그 어떤 결제 수단을 사용해도 새하얀 화면에서 넘어가지 않고 먹통 에러코드, 타임아웃 등등 에러 화면만 계속 보여주고 되는거 없음 상담사는 삭제하고 재설치^^ 앵무새 물론 삭제하고 재설치한다고 되는거 없음 결국 따릉이를 탈 수 없었다.."
H H,1,2021-08-13 21:57:58,연결 겁나안댐ㅡㅡ쓰레기 어플
이원직,1,2021-08-11 20:45:21,외국인 등록 불가능하네요
윰유미,1,2021-08-11 03:05:56,퇴근이 새벽인데 그 시간대 퇴근하는 사람들이 5명이면 자전거는 1대뿐임 매번 매달.. 요청하기 눌러도 반영되겠지는 개뿔 1도 반영 안됨 5대1 매일 경쟁률임 몸 아픈날엔 택시타고감 ㅠㅠ따릉이 이용 안하는 곳은 항상 10대 부근인데 차라리...필요한곳에 더 넣어주지 좀 효율이 떨어지는듯..
종문,1,2021-08-10 22:06:42,업데이트 되어가며 점점 나빠지는 따릉이. 대여신청 후 이미 대여가 되지 않은 것으로 확정이 되었는데 왜 바로 대여취소 후 다시 시도할 수 없게 바꾼 거죠? 원래는 바로 취소하고 다시 하면 그래도 시간을 덜 낭비하고 빌릴 수 있었는데 이제 적어도 1분은 낭비하고서야 다시 시도할 수 있게 되었네요. 대체 무슨 생각을 가지고 앱 개발을 하는 건지... 이딴식으로 할 거면 때려치워요.
망고남봉이,1,2021-08-10 17:29:30,뭔 qr 코드인식을 12번씩이나 해야 성공하나요
Jung-min Park (CRO),1,2021-08-10 10:00:35,배타버전쓰다가 제대로 통수맞았네요. 출근시간에 갑자기 에러뜨면 어쩌자는건지? 덕분에 더러운 경험 했습니다.
Carly Lee,1,2021-08-10 09:48:35,"대여소에서 반납했는데도 반납 안 됨, 어플 켰다껐다 반복해도 대여 안 됨, 큐알코드 찍히지도 않는거 왜 있는지도 모르겠음, 반납이 안 되서 전화했더니 상담센터는 전화량 많다고 통화 안 된다며 바로 끊김, 10분 내내 전화 불가하다며 끊어버림, 겨우겨우 전화가 연결되서 상담원 대기 20분만에 통화했습니다. 애먼 친절한 상담원들만 고생이네요. 아침 대낮짝부터 통화량이 20분이나 밀려있다니. 댓글 단 한번도 남긴 적 없지만 상쾌한 아침에 기분 좋게 출근하다가 어플 때문에 빡쳐서 참다참다 후기 남깁니다. 따릉이는 편하지만 어플이 너무 쓰레기네요. 빨리 출근하려고 따릉이를 탔더니, 대여랑 반납이 안 되서 출근이 평소보다 더 늦어졌네요. 제발 어플 좀 고쳤으면 좋겠어요. 어플만 사용하기 편리하면 참 좋을거 같은데 말이죠"
공춘,1,2021-08-10 08:15:05,베타 참여하지 마세요.돈받고 하는것도 아닌데 기능상의 오류도 아닌 서버가 죽었는데 베타니까 자기네 책임 아니랍니다.공공기관이 사기업보다도 못하네.배째라니.
케이씨엠KCM,1,2021-08-10 08:14:51,응답시간 초과했다고 자꾸 켜지지도 않고 이용도 안되고 편하게 이용하려다가 시간만 지체되고 걸어다니네요 ..
Ji hyoung Lee,1,2021-08-09 02:33:41,대여소위치도 안나오고 그냥 공무원 일하는척 개싫음 한번타봣는데 속도도 안나오고 그냥 답없음
김amy,2,2021-08-08 18:25:41,따릉이 타고 라이딩할때 1시간2시간 간격 반납이 불편합니다 주로한강 라이딩 하는데 대여소를 알수있는 네비같은것이있음 편할듯해요 시간체크하면서 움직일수있게
Maliwan,3,2021-08-06 23:28:18,운영이 힘들어 앱 이용자를 줄이려는 줄 알았는데 그래도 고치긴 하시네요
Se Jin Park,5,2021-08-06 10:13:56,블루투스 해결이 쉽지 않나보네요 잘 쓰고있습니다
오유진,5,2021-08-05 18:05:36,따릉이 얼리어버드였는데 이렇게 많아지고 사랑받아서 좋아요🤗 좋은건 다같이~~ 바뀐 어플 환경이 큐알코드 인식하기도 편하고 고장신고나 문의하기도 편합니다!
SeungRyong Lee,1,2021-08-05 17:14:03,"좋은 교통수단인건 분명 맞습니다. 하지만 QR인식을 적게는 3번 많게는 8,9번까지 해가면서 하루의 시작과 끝을 짜증과 함께 시작하는게 너무 안타까운 일입니다. 오늘 13번 시도끝에 빌려 기어코 후기를 쓰게 만드네요 그냥 예전처럼 선으로 하는게 나을것 같아요"
Chanyeol Seo,1,2021-08-05 12:56:39,바쁠때만 오류나는 그지같은 어플
통네코,1,2021-08-04 21:50:12,어플 거지같네진짜
이주호,5,2021-08-04 15:59:43,따릉이 어플 잘이용하고 있습니다!
김지윤,4,2021-08-04 14:52:02,가까운곳 이동하기 편리하고 환경도 보호한다는 느낌ㄷ 받아 좋습니다.다만 역근처에 가야 따릉이가 있다는게 좀 불편합니다. 아파트 세대가 많은곳에서 따릉이 타는곳이 많았으면 합니다.
도룡TV,1,2021-08-04 12:20:12,별 한개도 아까움. 페어링도 드럽게 안되고 이럴거면 걍 민간에 맡기든가 전산직서 유능한 프로그래머를 스카웃하던가 하소. 멈미까 이게
박경아,1,2021-08-04 08:48:53,정기권 끊었는데 자전거 타려면 연결까지 1분 걸린다는데 자꾸 연결안되요ㅜㅜ 틸때마다 이러니 시간만 다 까먹고 화가 납니다 예전에는 안그런것 같은데
wonjoon Yang,1,2021-08-03 14:52:24,아니 qr코드로 다 바뀌고나서 뭔 오류만떠서 빌리지도 못하게합니까 사업적자라더니 선불로 결제만먹고 못빌리게하는건가요?
고말자,1,2021-08-01 20:20:56,어플 잔고장이 너무 많아요 반납완료하고 확인 누르면 다시대여하기떠야되는데 반납완료화면뜨고 그거확인누르면또반납완료뜨고 대여는 안되고 페어링 안되고
위효연,1,2021-08-01 18:30:32,정권이든 서울시장이든... 따릉이 사업 꼭 감사해야됩니다. 앱 퀄리티가 이게 말이되는지... 몇년째 개선이 없네요
yebin kim,1,2021-07-31 11:58:09,아이폰은 연결 잘되는데 갤럭시는 호환이 개똥인것 같다 자전거 대여 매번 실패해서 블루투스 껐다키고 앱껏다키고 10분만에 데여 ㅡㅡ 수정바람
김레이트,1,2021-07-31 01:10:34,용량은 ㅈㄸ 큰데 쓸만하진않고 저기요 혹시 이거 공무원이 돈 빼돌린거 없나 감사 해주세요. 말이 되요? 감사해줘요. 외주맡긴거면 이로 인해서 정부 프로그램 개발 이딴 이력이라도 생길 수 있잖아요. 이건 감사받아야해요. 직접 써보고 어플낸거죠??
홍수민,1,2021-07-30 10:41:09,최악임 4년전부터 지금까지 대여성공한 적이 없음
이현우,1,2021-07-30 08:22:14,연결 안될때 빈번하고 연결 취소도 이제 바로 활성화 안 되고 취소 버튼 눌러도 바로 안 됨 이러다 4분 까먹고 지하철 놓침 반납도 반응 느리고 가끔 임시잠금으로 전환될 때도 있음
할말없다,1,2021-07-29 15:25:07,진짜 쓰지마세요 이거 쓰지말고 티머니고 그 앱쓰삼 진짜 별로임
남최승철,1,2021-07-29 10:28:56,태 ㅌ ㅈㄷㄷㄷ ㅡㅡ ㅡㄷ ㅌ
WONGKA LEE,1,2021-07-27 19:04:43,앱과 이 따릉이사업 모두 신뢰할 수 없는 퀄리티를 지니고 있음. 정말이지 너무나 형편없고 정기결제할 가치가 없음.
Jongho Moon,1,2021-07-26 20:13:00,페어링 문제.. 맨날 발생하고 / 고객센터에 전화해서 원격으로 해달라 했지만 그런 시스템 없다하고.. / 정액권은 구입했지만 쓸수가 없네요 ㅋㅋㅋ
Cookie H,1,2021-07-26 18:13:54,대여를 하고 싶어도 할수가 없는데 정기권 개시한지 이틀 지났다고 환불도 안되네요. 정기권 끊고 딱 한번 이용했어요. 일부 금액도 환불 안된다니 이런 억지는 뭔가요? 땡볕에 30분동안 이 대여소 저 대여소 옮겨 다니고 어플도 다시 깔아보고 별 짓을 다 해봐도 연결이 안돼요. 고객센터도 5분 넘게 대기해서 겨우 연결되고. 돈 조금 아끼겠다고 결제했다가 오히려 돈이 더 나가네요. 전부터 느리고 버벅거렸는데 전혀 개선은 안되고 돈만 받으면 그만인가요?
조현준,1,2021-07-26 16:15:22,연결실패 자주하고 반납실패도 자주뜨는데 딱히 고쳐지진 않네요
TC J,1,2021-07-26 00:24:22,티머니GO 어플에선 무선이어폰을 쓸 때도 대여가 잘 되는데 따릉이에서는 오류나서 대여가 안됩니다. 세금 들여 만든 어플이 더 좋아야 되는 것 아닌가요?
LEGO brick,1,2021-07-25 19:57:48,업데이트가 안되고 대여도 안됨. 해당 장소는 유효하지 않다라고만 팝업. 정기권 거의 이용 못함.
유준 (채아무),5,2021-07-25 16:37:20,따릉이 타던 때가 그립네요.
Google 사용자,1,2021-07-25 10:18:09,앱다운받는데 시간이 왜이렇게 오래 걸려요? 따릉이타려다가 타보지도 못하고 하루를 다 보낸것같아요 ㅜㅜ 시간아까비 ㅜㅜ
Bogon Park,4,2021-07-25 07:26:58,여러모로 잘 사용하고 있어 좋습니다 가끔 잘 대여된 상태에서도 오류라고 떠서 놀랄 때가 있고 가끔 반납이 안되서 몇 번 시도한 적도 있으나 시스템 자체는 점차 좋아지고 있는 것 같습니다
N O,5,2021-07-24 22:32:51,코로나땜에 실시간으로 조져지던 내건강이 실시간으로 살아나는 느낌이든다.
규현정,1,2021-07-24 18:42:19,초창기부터 개선 된것이 있가는 합니까? 결제 화면에서 충돌나고 결제도 안되고 진짜 답답합니다 최적화 안되는 앱 안쓰렵니다
한상범,5,2021-07-23 16:20:58,되게편합니다
김병수,5,2021-07-22 10:19:01,매우 좋아요
오정아,1,2021-07-21 20:29:03,앱 다운이 너무 안 되가지구 사용 하라는 건지 말라는 건지 모르겠어요
한리치,5,2021-07-21 15:50:22,언제부터 우리가족 모두의 친구가 되어준 따릉이 최고예요 항상 언제어디서나 출근 .퇴근.만남은 따릉이가 함께하고 있죠 주위에 친구.동료들 한테도 전 따릉이홍보대사랍니다 내년이면 군대가는 아들도 따릉이가 많이 그리울꺼라고 하는대 엄마보다 더그리울까 라고 생각하니 좀 서운해지더라구요 ㅎㅎ 운동도 하면서 신나게 타고 있으년 스트래스해소도 되고 Good !!!!
최재영,2,2021-07-20 23:31:53,오류페이지가 너무 많이 나옵니다. 큐알코드 자전거와 블루투스가 원활하지 않은 경우가 매우 많으며 대여취소조차 안되는 경우가 많습니다
황정선,5,2021-07-19 20:00:33,황지원 앨사공주님
장한숙,1,2021-07-17 18:24:23,자주말썽 마음대로잠김
이유빈,2,2021-07-17 16:22:38,자전거 반납을 해서 반납되었습니다 까지 들었는데 계속 이용중이라고 떠요 그래서 잠시 설명을 읽고있었는데 누가 빌려서 가버렸는디 시간이 초과되었어요..
강병화,1,2021-07-16 14:58:32,아마추어가 만들어도 이거보단 나을듯 이거 탄다고 시간늦어져서 택시비만 날렷네 진짜 욕나와요
최준혁,2,2021-07-15 21:00:24,연결 좀 잘되게 만들어주세요 제발 따릉이 타는 시간 보다 연결에 걸리는 시간이 더 오래걸리는거같음
jae lee !!일본불매!!,5,2021-07-14 19:41:55,따릉이 너무좋은데 오잔디가 따릉이 없앤다는거 사실입니까????어떻게 시대를 역행하는 시운영을합니까?????얼마나 시민 건강과 환경에 도움이되는데!!!미쳐돌지않고서!!!비싼 민영자전거 이용하라이겁니까?!!!!!!
꿀나무,1,2021-07-14 17:26:50,1년이라는 시간이 금방지나갔네요. 따릉이 이용하고 지하철을 그렇게 탔는데 12번밖에 환승안했다고 나오나 더이상 이용하기 싫내요. 출퇴근 시간에는 자전거도 없고 그나마 이용하고 환승해도 다 적립되는 환승이 나만 안되고. 나는 따릉이를 타면 안되는 사람이였네요.
먼치킨Munchkin,1,2021-07-14 17:12:09,업데이트를 하긴 한건가
배승환,1,2021-07-13 14:38:48,아니 오류좀 작작뜨세요. 선불제면서 대여가 이렇게 안되면 어쩌자는겁니까? 자전거빌리는데 평균 2분입니다. 블루투스 상호연결로 신호 주고받아서 자전거 잠금장치 활성화시키는게 그렇게 어려워요?
Google 사용자,1,2021-07-13 07:04:50,뭐하면 맨날 고장나있음
Levatein,1,2021-07-12 20:08:25,페어링 정말 안돼네요
22 k,1,2021-07-11 01:53:20,예전처럼 비번으로 하세요 연결이 안되네
힝,3,2021-07-10 18:44:10,오.... 장족의 발전...
Black sky,2,2021-07-10 15:09:50,QR인식 원활하게 ㄱㄱㄱㄱ
이정은,1,2021-07-10 13:58:02,앱 업데이트한거 맞나요??저번꺼는 한번에 바로 됐는데 이번에는 한번에 된적이 없어요 출근할때 진짜 짜증나요 해결좀해주세요
탱크보이,1,2021-07-09 23:15:06,아니 결제해서 큐알했는데 왜 계속 로딩만되나요 진짜 개빡치네
HYEOGSEON CHOI,2,2021-07-09 16:34:20,앱이 점점 무거워지고 있습니다. 가볍게 만들거나 단순히 대여/반납만 가능한 라이트버젼좀 만들어주세요.
JJW KK,1,2021-07-08 22:42:26,이거밖에 없어서 울면서 타고다니는거지 다른거있었으면 진작옮김 진짜연결 왜케안되냐 아 ㅋㅋㅋ
Lee Hee Yeon,3,2021-07-08 22:15:35,업그레이드 이후 QR인식이 잘 안되네요
Phalanx Hoplite,1,2021-07-08 20:46:55,버전이 안 맞으면 업데이트 하라고 마켓으로 이동시켜야 하지 않겠어요? 그냥 종료를 시키면 어쩌자는거임?
박현우,1,2021-07-07 21:43:15,쓰레기 오브 쓰레기
coco grace,1,2021-07-07 15:35:08,별1개도 아까운 조악한 앱. 이런 쓰레기를 세금으로 만들었나
향기짱,5,2021-07-07 15:30:30,잘 사용하고 있어요
칡jus,3,2021-07-07 09:33:28,근데 업데이트후 왜 동네 자전거만 표시되고 서울 전체 따릉이 대여소는 표시가 안되죠 어디있는지 알아야 다른 곳에 갈때 반납하죠
wizhunt,5,2021-07-07 08:21:27,편리하고 좋습니다~!
나비,3,2021-07-07 01:47:10,이거밖에 없으니까 쓰긴하는데..
조김,1,2021-07-06 22:25:31,어플 진짜 쓰레기임 화딱지남 뭐가이리 안되는게 많은거야 ㅡㅡ업데이트 할거면 제대로 하던가 결국 삭제하고 다시 받았네 어플 초보가 만들었나 화딱지나서 구글 하면서 처음으로 댓글남김
최지수,1,2021-07-06 21:26:39,이용권 샀는데 연결 안 되네요 ^^ 인내심 테스트인가 ^^
HoJoon Song,1,2021-07-06 04:00:55,"첫 사용 평가는 앱이 후지다는 것이다. 지도에서부터 온갖 메뉴를 때려넣으니 무겁고, 핵심 기능인 대여, 반납, 블루투스 페어링에서 오류가 빈번하다. 무슨 자전거 빌리는 앱이 150M 씩이나 되는가? 현재의 앱을 없앨수는 없으니, 별도로 따릉이 앱 라이트 버전을 신속히 부탁한다. 지도도 필요없고 그래픽 군더더기는 싹빼고 대여 반납의 핵심 코드만 넣어서 무오류, 최소의 데이터 통신량, 블루투스 페어링(꼭 이런 걸 써야 하나? 좀더 기계적이고 단순?)에 집중! 1~10M면 충분할듯! 무선통신이 안돼도 오프라인에서도 한번 승인키를 받으면 대여 반납이 가능해야한다. 통신 장애가 발생하면 인력으로 움직이는 자전거도 못타게 되는데 쓸데없는 it기술과잉의 아이러니이자 과잉투자이다. 그 돈으로 핵심인 자전거에 투자해라! 마운틴과 스피드 2종류 정도 추가하기 바란다. 기성품을 대량구매하면 엄청 싸게 구할 수 있을 거다. 자전거 가격과 운영 시스템 가격중 어느것이 높은지 의문이다."
성진,1,2021-07-03 18:47:28,진지하게 리빌딩할 생각없나요? 아무리 공공기관에서 진행하는거라해도 이건 좀 심한데.. 네이티브앱으로 리빌딩하고 api가 느린거면 테이블 구조를 바꿔서라도 퍼포먼스 개선이 필수인데.. 기능추가 하지말고 안정화작업을 하세요.. 기획이나 운영팀 제발 생각하고 일합시다
Martin Lee,1,2021-07-02 18:22:09,앱에 돈써라 그지같이 열리지도 않아 걸어가게 하지말고. 결제한거 환불해줄거 아니자나? 존니 신기하게 결제만 오류안나 ㅎㅎ 게먹튀 서울시ㅂ
정예진,5,2021-07-02 16:03:48,따릉이 출퇴근러 / 삶의 질 향상 출퇴근으로 20~30분씩 따릉이 잘 사용하고있어요. 초창기에 썼을 때보다 진짜 편리해졌더라구요. 개선 많이 됐네요. 이번에 홈페이지 리뉴얼되면서 연결버그도 많이 해결되서 좋아요. 잔여따릉이 표시에서 고장난따릉이는 카운팅 안되서 좋구요 솔직히 계속 많은 곳에 배치되면 좋겠다는 마음이에요. 요새 적자라고 말 많은데 서울시민의 삶의 질을 올리는 데는 충분한 기회비용인 것 같아요. 계속 만족하며 쓸 예정이고 자전거도로가 더 늘어났으면 좋겠어요. 두세정거장 거리인데 버스기다리고 차타고하는거 번거롭고 비용도 부담스러운데 자전거로 즐겁게 돌아다닙니다. 자전거면허도따서 따릉이 계속 탈 생각이에요. 매우 만족합니다 앞으로도 번창했으면 좋겠어요 사업접지 말아주세요. + 핸드폰거치대있음좋겠어요 네비보며 가고싶어요 ㅎㅎ
나는도깨비,1,2021-07-02 13:57:38,쌍욕도 아까움. 편의는 커녕 사용자 시간 갉아먹는 기생충같은 앱임 상세내용: 무선페어링 실패가 밥먹듯이 발생함(사용기종 s10e) 앱문의에서는 블루투스 연결목록을 초기화하라고 하는데 그렇게 하면 저장돼있던 블루투스사용기기들 페어링 다 취소됨. 근본적인 문제해결도 안하면서 사용료는 받겠다는 심보인가. 진짜 무능력한 운영에 치가떨림
두둥,1,2021-07-02 08:49:07,아침에 바쁜데 계속 결제 오류남
Intae Kim,1,2021-07-02 06:50:53,진짜 허접 ㅠ.ㅠ 너무 자주 멈춤. 짜증유발 앱
구호,1,2021-07-01 22:18:29,욕나오니 이럴거면 왜만들었니 연결도안되고 전화도안받고
안소영,2,2021-07-01 09:22:22,따릉이 평소에 잘 이용하고있어서 너무 좋은데..... 대여소에 새싹자전거만 있을때는 자전거 추가배치요청을 못해서 불편해요. 개선부탁드려요
- funky,1,2021-07-01 09:19:56,두세번 참다가 도저히 화를 참을 수가 없어서 리뷰 작성합니다 1. 9998 에러 2. 503 에러 3. 기타 업데이트 불가 오류 4. ****문의전화 먹통(이게 제일 빡침)***** 5. 어플리케이션 오류로 인하여 발생한 초과요금을 사용자가 납부하라는 듣도보도 못한 서비스 6. 사과따윈 없는 서울자전거 홈페이지 6월 30일 저녁 저를 포함 열댓명의 시민분들께서 어플리케이션 오류 해결되기를 하염없이 기다렸네요 반납 못해서 집에 못들어가보는게 한두번이 아니라고 분통들이 터졌습니다 댓글 알바가 있는건지 모르겠지만 왜 어플 평점이 4점대인지 이해가 가질 않네요(1점도 아깝네요) 할말 많은데 이만 줄입니다 정신차리시고 운영 및 관리 더 신중히 하시길 바랍니다
유제이비 (우리들의 일상),1,2021-07-01 08:46:00,업데이트 계속 오류
이정후,1,2021-07-01 00:06:12,일처리를 이따구로 하냐? 진짜 어이가 없다 에휴ㅋ
Luna Lee,1,2021-07-01 00:01:19,서버 연결이 왤케 약해요 50분만에 들어가지고 대여소 위치도 안뜨고 계속 네트워크 연결에 실패했다 그러고; 데이터 무제한인데 답답해 디지겠네요
김하린,1,2021-06-30 23:54:50,어플 진짜 패버리고싶네
청년고등어조봉학,1,2021-06-30 23:54:21,살다살다 이렇게 쓰레기 어플은 처음 써봅니다. 인식도 잘 못하고 맨날 멈추고 자동 로그아웃에 오류란 오류는 다 가지고 있음. 서울시에서 관리하는 어플이 맞나? 개발 예산 누가 중간에 다 처먹음?
Ant Sugar,1,2021-06-30 23:53:48,업데이트 이후 어플이 멈췄습니다
hs k,1,2021-06-30 23:53:01,앱이 먹통이돼서 사용을못하네요 짜증나게
강병천,1,2021-06-30 23:50:35,진짜 왠만하면 같은 개발자로서 나쁜글 안남기려 했는데 넘 빡쳐서 남김 아니 도대체 얼마나 테스트 케이스를 거지같이 직성하는지 진짜 버그 개많음
김태균,1,2021-06-30 23:50:09,업데이트할수없음 앱켜도계속에러뜸
함지안,3,2021-06-30 23:49:18,업데이트를 할 때마다 로그인이 안되고 튕겨지네요. 재설치에 껐다 켜고 ㅜ ㅜ 넘 문제가 많아요. 이거 외에 좋습니다
젓가락,1,2021-06-30 23:47:22,계속 잘 사용하다가 갑자기 접속이 안돼서 삭제했더가 다시 깔았는데 엄청 오래 지속되더니 접속이 되네요.근데 로그인이 안됩니다.계속 9999에러 지속시간이 너무 길다고 근데 한 3초 로딩뜨고 에러뜨고 그 짓거리 반복입니다.정기권 6개월 끊었는데 2개월 사용하고 4개월 버리게 생겼습니다.제발 고쳐주세요.접속 또 안돼 ㅆ
백우리,1,2021-06-30 23:47:09,진짜 이거 0점못줘요? ㅠㅠㅠ...
양승현,1,2021-06-30 23:46:49,제발 서버라도 잘 운영하세요
박지상,1,2021-06-30 23:46:26,있는 자전거인데 없다고 안된다하고 또 연결취소는 하루종일 걸리고 그렇다고 이런 오류가 가끔있는것도 아니고 이제는 그냥 그러려니 하는데 별점 한개드릴게요 얼른 개선하시라구
이정호,1,2021-06-30 23:44:23,뭐만하면 시작 로딩화면에서 멈추는데 개선 좀 하시져??
YM Cho,1,2021-06-30 23:40:46,9998 에러라면서 아무것도 안된다
신림청개구리,3,2021-06-30 23:39:58,아니 왜 업데이트가 안되요 ㅡㅡ 콜센터 전화는 또 왜안받습니까
정선미,3,2021-06-30 23:39:07,따릉이 넘 좋아요. 다만 앱 연결이 자주 안되네요. 오늘도 자전거 반납했는데.. 알림톡도 안오고 앱도 열리지 않아 확인 못하고 있네요
lavender flower,1,2021-06-30 23:38:10,무한 부팅에 실행도 안되는 쓰레기 앱
lg l,1,2021-06-30 23:37:42,와...에러가 넘심하네요 로긴하려는데 오류 9998 팝업떠요 저만안되는줄알았더니 다 안되네요;; 문제점개선좀 해주세요
언더샷,1,2021-06-30 23:36:51,어플이먹통이라 아무것도못해요 반납 5분남았는데 어플 로딩 자체가안돼고 폰 몇번이나껐다켜도안돼고이게대체뭡니까고객센터받지도않고늦은시간이라 데이터로 다른건다잘되는데 이어플만안됩니다
Free Boy,1,2021-06-30 23:35:10,뭐야 왜 접속이 안돼 로딩안돼서 껏다켜도 안되네 따릉이 탈려고 15분 걸어온 나만 바보됬네...
송재현,1,2021-06-30 23:33:51,앱이 너무 쓰레기같네요 연결도 잘 안되고 호환성도 그지같고
김상운,1,2021-06-30 23:32:22,어플 관리좀 똑바로하세요 ㅡ ㅡ
양희형,1,2021-06-30 23:30:42,장애가 너무 많아요
JJ K__,1,2021-06-30 23:30:37,완전 먹통인데요? 실행이 안되요. 별 0개는 못주나요?
헤이헤롱,1,2021-06-30 23:27:00,앱 자체가 갑자기 실행이안되요;;
숭이,1,2021-06-30 23:25:49,집 가려는데 갑자기 접속이 안돼요... 삭제했다 다시 깔아도 안되고요... 이게 무슨 낭패인가요...
sangmin park,1,2021-06-30 23:22:29,"앱실행하는데 먹통에 한참기다리니 업데이트후에 9998에러 발생, 다시실행했더니 업데이트불가로 핸드폰을 껐다가 키라네요 앱개발자가 없나요? 이렇게 개판으로 만들고 관리도 안할거면 뭐하러 하는지 모르겠네요 별 반개도 아깝습니다"
Blanc,1,2021-06-30 23:20:01,앱가지고 장난치는거같아요. 출퇴근 자전거로 하려고 연치 끊어놨는데 앱이 작동이 안될때가 너무 많아요. 자전거도 고장난것도 많고 관리도 안되서 거미줄이 쳐져있어요.
juana Lee,1,2021-06-30 23:09:12,업뎃안되서 제거설치하려했는데 그것도 안되고 어쩌라는건지~제대로 관리는 되고있는건지 궁금하넹ᆢ~적자타령할게 아니라 서비스만족도 높여주는 서비스를 하면 좋겠어요~
궁예니,1,2021-06-30 23:08:41,어플 갑자기 안켜져요
파라나,1,2021-06-30 23:07:35,앱 왜 안되냐 돌것네
위조훈,1,2021-06-30 23:06:22,"이제껏 사용하면서 블루투스, 반납오류, 대여취소 미처리, 재 대여시 오류 등등 다 참고 핸드폰이나 어플 다시 껐다키며 값싸게 사용가능한 시스템이니 다 참으며 사용해왔는데 이제는 어플이 열리지도 않네요. 어떻게든 해결해보려고 앞에서 이것저것 보낸 30분이 너무 아깝습니다. 업그레이드는 바라지도 않으니 다운그레이드만 시키지 말아주세요."
남자,1,2021-06-30 23:04:59,왜 안됌
원재,1,2021-06-30 23:04:08,갑자기 앱 실행안됨 다운도 안받아짐 최악
봉코드,2,2021-06-30 22:24:06,대여취소버튼은 그냥 장식인듯
깔깔마녀,5,2021-06-29 19:39:26,앱이 깔끔하고 보기 편하게 되어있습니다 실용적이예요
조현경,1,2021-06-29 07:07:45,출근시간에 따릉이 연결이안되네요 6시반부터 7시까지 ... 블루투스 초기화까지 안내사항 따라해도 안되고 다른 스마트기기도 없는데...하....
박예은,5,2021-06-29 01:05:57,처음에는 대여는 간신히 하였으나 반납을 어떻게 하는줄을 몰라 당황스러웠을때 자전거 대여하면서 뜨는 창에 씌어져 있는것을 확인하고 무사반납을 하였어요! 진짜 편하고 제가 다니는 이동동선에 다 있어서 너무 좋습니다!! 평소 30분동안 걸어다니면서 여름에는 땀흘리거 겨울에는 추워하고 했는데 따릉이때문에 30분 이동거리를 10분만에 왔다갔다 거려서 진짜 좋고 편해요! 추천합니다:)
운,1,2021-06-28 19:02:44,"오류가 너무 많아요.. 한 번에 연결된 적이 없고, 지도에 정류소 안뜨고 지도만 뜬 적도 많고 임시 잠금 추가된 건 너므 좋은데 잔오류가 너무 많아서 화나내요"
김송이,1,2021-06-28 17:59:12,계속 연결중으로만하고뜨고 이전반납뜨고 지속적오류
YJ L,1,2021-06-28 11:37:34,10분 동안 서로 다른 따릉이로 접속을 시도해도 접속되지 않음. 시간만 빼앗기고 결국 대여 불가. 빌려지지도 안는 따릉이로 이용권 장사해도 되는건가요
some7 so,5,2021-06-27 17:31:04,이용하기 편리하고 ui와 배치가 잘되있어서 좋아요~!♡
김진섭,1,2021-06-27 11:18:45,통신 오류좀 고쳐주세요
홍경희,5,2021-06-26 22:43:51,유용하게 잘 사용하고있습니다!
김은애,5,2021-06-26 17:46:21,저렴하고 편해서 자주이용합니다^^
이수광,1,2021-06-25 23:27:38,이건 진짜 희대의 쓰레기 앱이다. 블루투스 페어링이 왜 안 되냐? 기본도 안 되는게 깔려있다는게 문제다. 서울시 공무원들 다 대가리 박아야 된다. 더 역겨운게 서울시 칭찬하는 글엔 다 고맙다고 댓글 박아놨네 ㅋㅋㅋㅋㅋㅋㅋ 쇼통령 따라하냐?
턴언프리,1,2021-06-25 15:48:13,도둑놈들이네요. 1시간 한달짜리 구매해서 하루사용하고 추가요금도 지불했는데 돌아온건 5000원중에 2000원 그것도 2주 이상걸려서 환불해주네요. 한번사용했으면 한번값만제하고 환불해줄것이지 왜 3000원 60%나 제하고 환불해주는지 이해가 안가네요. 일주일 내에 환불해준다고 해놓고선 기간도 두배나 잡아먹고 차라지 자전거사서타는게 훨씬 싸겠네요. 아주 최악입니다. 별 하나도 아깝습니다. 왜 2000원만 돌아왔는제 환불계산서 확실하게 보내주세요.
상은이,5,2021-06-25 01:54:30,서울 어디서든 편하개 탈 수 있어서 좋아요ㅡ
김현승,5,2021-06-25 01:05:55,편리하고 필요한 시간에만 쓸수 있어서 좋아요
Dong Dong,4,2021-06-24 20:31:39,편리한 서비스가 많아져서 좋습니다 사용하기 간편하고 업데이트 잘 됩니다 단점 블루투스 자꾸 끊겨요 빈도가 심해요
topaz,5,2021-06-24 19:34:23,"일일권, 정기권 등 이용권 종류가 다양해 상황에 따라 이용하기가 용이하고 따릉이 이용에 필요한 정보가 많아 누구나 쉽게 이용할 수 있어 좋아요."
James Moon,3,2021-06-24 17:03:04,업데이트 될때마다 로그인이 풀려 불편하네요
조영모,5,2021-06-24 16:08:44,사용하기 너무 편해요~
s s,1,2021-06-23 23:03:12,"이용권 정기권은 눌리지도 않고, 검색 하려고 검색창 누르니까 그것도 넘어가지 않고. 바뀌고 난 뒤로 되는게 없네요."
맛카롱_,3,2021-06-20 01:32:14,QR코드 좀 잘 찍히게 만들어주세요 그리고 허구한날 오류났다고 뜨네요;
겨울하늘,5,2021-06-19 19:51:25,최고에요 ㅎㅎ
Ayden Park,1,2021-06-18 17:48:21,"회원가입 전화번호인증번호 메세지가 요청하면 20분이 지나서 보내와요 그래서 5분내에 인증해야하나 실패,재전송요청해도 감감 무소식 20분정도 지나 한꺼번에 왕창와요 그래서 회원가입을 못하고 있어요"
Hyang Gi,3,2021-06-17 08:17:23,따릉이 너무 좋습니다 다만 핸드폰 앱에서는 카드결제 오류가 계속 떠서 컴으로 했어요 제발 앱 좀~~~
정선회,2,2021-06-11 08:45:43,출근때 사용. 편해요. 근데 앱은 오류투성이에요
현서,1,2021-06-09 06:59:09,자전거 추가 배치 요청은 왜 있는건가요? 어차피 추가 되지도 않는데^^... 밤만 해도 집 앞 정류소에 많이 세워놓던데 새벽에 다 가져가시더라고요 자전거를 그 정류소 앞에 사는 사람은 어쩌라고 자전거를 열대도 안 남겨두고 가나요 너무 어이없고 짜증나요ㅠ
조유림,2,2021-06-08 23:07:39,어제부터 통신장애 에러뜨면서 어플접속자체가 안됨. 지웠다깔면 됐다가 또 다시 통신장애나옴
니써,5,2021-06-08 15:42:14,업데이트가많음
김준서,1,2021-06-08 06:36:52,통신장애라면서 앱이 실행 안될 때가 많아요.
Donald Kim,5,2021-06-07 23:36:49,"2년반만에 다시 타고 있는데요 다 좋은데요 불편한점 하나가 생겼습니다. 따릉이 대여소 나 바로 옆 에서는 블루투스가 잘 연결이 됩니다만, 그 외에 지역에서 잠금잠치 했다가 다시 풀려면 블루투스 연결이 잘 안될때가 많습니다. 교대역 뒷골목에서 잠금장치 풀기까지 한 20분 소요된 적도 있어요. 블루투스 연결 잘 되도록 해 주시면 좋겠어요."
조용현,1,2021-06-07 22:06:00,자전거가 대여소에 있어도 지도에 없는거로 인식되어 대여가 되지않음 일시잠금 해제하는데 1분넘게 시간이 걸림
Logan Park,1,2021-06-07 21:45:05,이딴거 쳐 만들고 세금빨았을 @ㅁ뒤진 서울시랑 프로그래머는 반성 좀 했으면 좋겠네요ㅠㅠ
Frieren,1,2021-06-07 18:13:55,참다참다가 씁니다 도대체 앱이 왜이러나요 빌리지도 않았는데 자꾸 대여중 뜨고 취소 눌러도 계속 대여중 뜨고 나갔다와도 계속 대여중뜨고 어떤 때는 결제권있는데도 계속 구매하라고 하고 번호 입력해도 연결 안되고 왜이리 문제가 많습니까? 빨리 좀 고쳐주세요
Tyler,1,2021-06-06 18:28:49,원래 이런 댓글 남기지 않지만 제 생에 최악의 앱이네요. 별한개도 아깝습니다. 되는거 하나 없이 시간만버리고 리뉴얼 후 자전거 연결도 안되네요.
Google 사용자,1,2021-06-05 20:17:48,어플 설치되는데 뭐이리 오래걸려요???
크리플레어,3,2021-06-04 19:05:29,"타면 좋은데, 대영승인 겁나 오래 걸리고 그러다 안 되기도 해서 겁나 불편해요"
John Park,4,2021-06-04 10:57:50,"편리하게 이용하고 있습니다. 다만 따릉이 안장이 대체적으로 낮아서 오래 타기 힘들다는 점, 따릉이가 특정지점에는 너무 많은 반면 자주 이용하는 곳은 한 대도 없는 일이 흔한 점, 방치되는 따릉이가 제법 보이는 점 등등 몇 가지 사항들만 개선되면 정말 좋겠습니다."
WJ K,5,2021-06-04 10:25:31,최고입니다. 따릉이 만든거 진짜 신의 한수라고 생각합니다.
min j,1,2021-06-02 20:39:44,결제가안되냐~
신지우,2,2021-06-02 20:06:02,갤21인데 어플에서 qr인식이 안되며 번호입력만 됨. 바쁜데 타는 시간보다 대여시간이 더걸려 매우 불편 느낌
박혜림,4,2021-06-01 14:46:13,"예전에는 대여반납이력이 따릉이 처음 가입일부터 지금까지 쭉 다 조회가 됐는데, 이제는 30일치밖에 조회가 안되네요ㅜ 이전 기록을 볼 수 있는 방법은 없나요?"
냐로삐누,5,2021-05-31 00:41:35,주3회 이상 따릉이를 이용하는 관악구 따릉족입니다. 5월들어 날씨가 많이 포근해져서 따릉이를 타기 정말 좋습니다. 정기권으로 이용하니 교통비도 절약되고 운동도하게 되어 일석이조!입니다. 건의사항이 한 가지 있습니다 한강에서 따릉이를 타는 사람들이 정말 많은데 한강 주변 대여소 특히 여의나루역 1번출구 앞 정류장은 이용객들이 정말 많습니다. 그만큼 대여하고 반납하는 회전율도 높습니다. 그런데 대여소에 따릉이가 없을 때 그 앞에서 기다리고 있어도 저 멀리서부터 반납하려는 따릉족 뒤를 쫓아와서 바로 대여해가는 사람들이 있어 미리 와있는 사람들이 계속 기다리게되는 상황이 생기는 것을 많이 봤습니다. 보다 많은 사람들이 따릉이를 편하고 안전하게 이용하기 위해서 여의나루역 1번출구 앞 대여소같이 이용객이 많은 대여소에는 한쪽에 따릉이 줄서는 곳! 이런 팻말같은 걸 만들어 게시해놓으면 보다 많은 사람들이 안전하고 편하게 따릉이를 이용할 수 있을 것 같습니다. 감사합니다.
nimu ma,1,2021-05-30 10:10:51,따릉이 위치가 지도에 표시가 안됨. 처음 한번 들어갈때 내주변 위치에서 나오고 내가 보고싶은곳 이동하면 위치가 안나옴. 너무 불편함
손세이셔널,5,2021-05-29 23:17:08,전 앱보다 더 세련되어지고 깔끔해진거 같습니다.
윤채현,5,2021-05-28 23:26:35,편리하고 접근성이 좋아요! 점점 따릉이 세울 수 있는 위치도 늘어나고 있고 앱도 간단하게 결제부터 이용까지 쉽게 가능합니다! 다만 딜레이가 30초정도 있어서 체크 안되는줄 알고 다른 자전거 주섬주섬 확인하는데 잠금 풀리는 경우가 종종 있는게 아쉽습니다 :)
이아름,5,2021-05-28 23:22:57,몇년전에 사용할때보다 이용하기 간편해졌어요! 거치대도 많이 늘어나 이용시간 안에 반납도 무사히 할 수 있었어요. 따릉이 좋아요♡
jun 00,5,2021-05-28 23:01:13,내주위 따릉이 숫자를 색깔별로 나눠 놓아서 직관적으로 쉽게 볼수 있어서 좋아요. 처음이용할때브터 다른앱들과 차이점도 없어서 해메지 않고 적응할수 있었고요.오류도없고 쾌적한 따릉이를 이용할수 있어서 너무 좋아요.
박영숙,5,2021-05-28 22:36:01,잘사용하고있어요 따릉이 처음 타는법이 조금 어려웠지만 알게되고나서 너무 편하고 좋았어요
won l,5,2021-05-28 22:24:04,가격도 저렴하고 따릉이 거치대도 많아서 이용하기 너무 좋아요 또 버스타기 애매한 거리도 따릉이타고 가도 되서 편하고 늦을것 같으면 버스타는것보다 따릉이 탈때 더 안 늦을것 같아 자주 이용해요
오은지,5,2021-05-28 21:04:51,"앱 리뉴얼 이후 따릉이 이용이 훨씬 편해졌어요. 구체적으로 나열해보자면 1. 앱 UI가 이전 버전에 비해서 더 보기 편해졌고, 따릉이를 처음 이용하는 사람들도 이용권 구매가 쉽도록 바뀐 것 같아요. 2. QR코드 도입 후, 대여시 오류가 줄어 너무 편리합니다. 예전엔 인식 오류로 대여할 때 따릉이 앞에서 한참을 씨름하곤 했는데 이젠 그럴 일이 없어 좋아요. 3. 대여 반납 시 알림이 오고, 앱 내에 시간이 기록이 돼서 한 눈에 반납시간을 체크할 수 있어 좋아요. 하지만 아직 개선점이 남아있는 듯 해요. 1. GPS가 잘 잡히지 않아 현재 위치 파악이 힘들어, 반납장소를 체크하는 게 어려울 때가 있어요. 2. 앱 종료 시 뒤로 가기 버튼을 몇번 눌러야만 하는데 이 점이 불편합니다. 앱 종료 버튼이 있으면 더 편할 것 같아요! 시민들의 따릉이 이용이 수월해지도록 신경써주시고, 불편한 점들을 개선하려 노력해주시는 관계자 여러분들 감사합니다 :)"
김영미,5,2021-05-28 20:49:09,한달 동안 이용했는데 대중교통 기다림없이 가까운거리는 따릉이를 이용했는데 시간도 절약되고 편리하고 좋다. 아쉬운건 가끔 따릉이가 회전이 안돼서 따릉이 집에 자전거가 없을때가 종종있음
박정하,5,2021-05-28 17:55:06,"지도로 사용 가능한 위치 파악도 가능하고 자전거 길도 알려주고 대여, 반납도 손쉽게 가능합니다. 앱을 통해 내가 빌린 따릉이의 남은 대여시간도 보이는 등 간편하게 자전거를 이용할수 있어서 만족합니다^^"
J H,5,2021-05-28 16:55:47,따릉이 너무너무 좋습니다 서울시 행정중 최고 진정한 시민을 위한 복지입니다 앞으로도 꾸준히 낡은자전거 교체와 깨끗하고 튼튼하게 유지보수 부탁드립니다 ^^
홍루몽,5,2021-05-28 16:55:09,앱도 사용하기도 간편하고 좋은 자전거로 잘 탔습니다!
eunjeong kwon,4,2021-05-28 15:44:19,간혹 브레이크에서 소리가 심하게 나서 중간에 몇번 바꿔서 탄 경험은 있지만 매우 만족입니다. 그리고 대여소도 어쩜 필요한 곳마다 배치가 잘되어 있는지 신기할 따름이네요!
김선정,4,2021-05-28 14:57:12,이전 어플보다 가시성이 좀 떨어지는것 같아요 딱 켰을때 위치들이 잘 눈에 들어오지않네요 그리고 이전에 있던 Q&A 게시판을 못찾겠습니다 카톡 대신 팝업알림으로 뜨는것은 좋은것 같습니다
이아침안개,5,2021-05-28 14:39:03,"거치대가 많이 생기니 자주 이용하게 됩니다. 출근용으로, 운동용으로~ QR코드로 대여가 더 쉽고 잘되네요"
Boreum Kim,5,2021-05-28 14:08:26,"날씨도 풀리면서 따릉이 탈 일이 많아졌는데 앱이 있어서 이용하기가 훨씬 편해요! 1. QR인식이 빠르고 연결이 잘됨 2. 지도를 통해 어디에 얼마나 따릉이가 남아있는지 확인가능 3. 기간 시간이 다양한 이용권을 제로 페이, 신용카드 등을 통해 간편하게 구매 가능 4. 이용시간 이용거리 탄소절감 칼로리도 자동 계산해서 보여줘서 소소한 성취감 느껴짐 5. 내가 이용한 자전거번호와 대여/반납 위치도 기록 6. 환승 마일리지 제도 이득! 앱덕분에 자전거 빌리기가 편해지니 빌려서 타는 재미도 좋고 자연스럽게 운동도 되어서 일석이조에요!ㅎㅎㅎ"
Agnes young,4,2021-05-28 14:04:20,"처음에 대여하기 하면 잘 안될때가 있고 반납 후 다시 빌릴때 여러번 다시 대여하기 해야할 때가 있지만 그것 빼고는 따릉이앱 좋아요. 어디에 몇대의 따릉이가 있는지 알 수있고 대여,반납 다 알림서비스 해주니 편합니다~^^"
김경희,5,2021-05-28 13:58:37,운동도 되고~ 근거리 이용할때도 편리하고~ 궂!!!
딩굴,5,2021-05-28 13:52:33,대여반납이 더 쉬워지고 오류도 덜 나는 것 같아요.
ALEN DH.,5,2021-05-28 13:50:45,네이버아이디로 회원가입 후 로그인이 되지 않습니다. '로그인 중입니다.' 에서 넘어가지를 않아요 ㅠ
김햇살나무,5,2021-05-28 13:45:50,편리하고 좋아요
muffy kim,5,2021-05-28 13:43:59,"5km에 1kg가량의 탄소가 절감된다니.. 우리가 대중교통이용으로 탄소절감을 얼마나할수있는지 체감할수있고, 많은 사람들이 일상에 유용하고 즐거운 순환교통을 이용할수있게 해주셔서 감사합니다:) 이용객이 증가함에따라 자전거가 안전하게 이용가능한 길을 국토교통부에서 함께 고민해준다면 참 좋겠네요"
GS,5,2021-05-28 13:39:31,리뉴얼 되고서 좀 더 이용하기 편리해진것같아요. 직관적으로 볼수있는 구성들이 맘에 듭니다. 공공서비스같은 건 만들어놓기만 하고 업데이트없이 방치하는 경우가 많은데 따릉이는 자전거 자체도 그렇고 앱도 계속 개선해나가는 모습이 아주 좋습니다.
정경수,5,2021-05-28 13:39:02,사용하기 쉽고 비교적 기기 관리가 잘되고 있어 좋습니다. 시민의 행복과 건강한 삶에 큰 기여를 하는 따릉이를 민영화하면 안됩니다.
강cutesmallbean,5,2021-05-28 13:37:39,저 출퇴근따릉이로해요 6개월치 제로페이로 등록하니 정말저렴하게 이용하고있습니다 따릉이는 없어지면안돼요 제 손과 발입니다
Seongwoo Jo,5,2021-05-28 13:36:57,"앱이 업데이트 되면서 디자인이나 편리함은 나아지는 것 같습니다. 단지 요청드릴 사항이 있다면, 시간권 구입 후 따릉이를 24시간 동안 나눠서 이용하게 되었을 때 잔여 이용시간을 쉽게 알 수 있았으면 합니다. 지금은 일일히 메뉴를 다 눌러보고 계산을 해서 시간을 가늠해야 하거든요. 참고 부탁드립니다."
Martin Yang,4,2021-05-28 13:35:59,"따릉이 서비스는 매우 만족스러운데 UX가 좀 아쉽습니다. 최신화가 잘 안 돼서 반납까지 남은 시간 확인하려고 앱을 껐다 켜야 하는 경우도 있고, 여러모로 불편합니다."
김현수,4,2021-05-28 13:35:50,짧은 거리 또는 그 이상의 거리를 저렴하게 편리하게 갈 수 있는 교통수단
KSY,5,2021-05-28 13:35:24,"자전거 비싸게 주고 사도 자주 타기는 커녕 잘 관리도 안되고 방치하는 경우가 많은데, 따릉이를 이용하면서 저렴한 비용으로 집 근처를 자유롭게 다닐 수 있게 돼서 너무 좋습니다. 1년 이용권을 구매하면 이보다 든든할 수 없어요. 자전거 이용소 더 많이 만들어 주세요~"
정진희,5,2021-05-28 13:35:16,따릉이 너무 좋죠!! 교통 편리성의 최고예요! 하지만 리뉴얼된후 블루투스 연결과 QR코드가 잘 안되서 시간이 소요되지만 그것도 감수 할정도록 따릉이는 최애입니다♡
윤윤,5,2021-05-28 13:34:57,교통비 아끼고 건강지키네요~ 요즘 비가와서 오전은 타기 힘들지만 퇴근 할때 타고가네요. 혜택도 좋아요~
Dany Kang,4,2021-05-28 13:34:38,따릉이 정말 잘 타고 다니고 있습니다 다만 사용할 때 첫 번째로 블루투스 연결을 시도하면 잘 안 되는 편이에요.
망각,5,2021-05-28 13:34:25,잘 사용하고 있습니다. 지난번보다 사용하기 편하네요 ^^
녕안녕,5,2021-05-28 12:40:25,최근 업데이트 이후 완전 맘에 듭니다 감사합니다
조은진,5,2021-05-28 00:51:20,어플 사용도 간편하고 자전거 대여와 반납이 간단하고 쉽게 되어있어 좋구요 대여소도 많고 대여료도 저렴해서 완전 잘 이용하고 있습니다~^^
miseon lee,5,2021-05-27 19:12:32,사용이 편리합니다. 설치장소도 많아서 잘 이용하고 있어요
K Yj,5,2021-05-27 19:11:43,따릉이 정기권 사용자로서 따릉이 잘 이용하고 있습니다. 개인 이동수단으로 필수가 된 서비스이며 제로페이 할인과 대중교통 연계 마일리지 적립은 정말 좋은 아이디어라고 생각되요. 개인적으론 따릉이 이용으로 탄소저감에 작은 보탬이 되길 바라며 쭉 애용할껍니다.
Hansol Seo,5,2021-05-27 18:18:21,따릉이에 대해 제가 후회하는 유일한 부분은 더 일찍 사용하지 않은것 뿐입니다 서울시 정책중 가장 높은평가를 주고싶어요 QR코드 활용이나 카카오페이 연계 어린이용 따릉이까지 모든것이 다 좋습니다 실제로 이 앱 덕분에 운동도 더 하게되고 가까운거리는 자동차대신 자전거를 이용해 환경에도 기여하게되네요 요금제도 많이 고민하셔서 만들었다는 느낌입니다 저렴하면서도 라이프 스타일에따라 이용할수있어 편리하네요 따릉이 설치 지역도 촘촘해져서 정말 잘 이용하고있습니다 좋은 서비스 만들고 유지해주시는 분들 감사하고 앞으로도 좋은 서비스 기대하겠습니다! 디자인은.. 조금 개선의 여지가 있다고 생각합니다
잉찡,5,2021-05-27 18:02:41,요즘 따릉이 정거장도 많이 신설되면서 더 이용이 용이해지고 있다고 생각되는데 솔직히 서울시민이면 따릉이가 최고로 유용하다고 생각합니다ㅠㅠ 따릉이 없는 일상 생각할 수 없어! 날 좋을 때 기분전환으로도 좋고 장보고 앞 바구니에 넣어서 와도 좋고 너무 편해요! 앱도 전보다 괜찮아진 것 같고 점점 좋아지기만 하네요ㅎㅎ 앞으로도 그러길!
ji seon choi,5,2021-05-27 16:29:55,"1년전쯤에 자전거가 고장나는 바람에 따릉이를 처음 이용해봤는데, 생각보다 사용이 편해서 계속 이용하고 있습니다ㅎㅎ 날이 너무 좋거나 출퇴근시간엔 정거장에 자전거가 없어서 정거장 몇군데를 확인해봐야해서 조금 힘들지만; 자전거 보관이나 관리에 따로 신경쓸 일이 없어서 너무 좋아요!ㅎㅎ 앱도 이전버전보다 조금 더 사용이 편해진 것 같습니다^^"
이기대,5,2021-05-27 15:51:24,업그레이드가 잘 된것 같습니다. 수고하십시요.
Eady Lee,5,2021-05-27 15:41:23,앱은 좀 개선해야됨. 글씨크기 같은거 잘 안맞음 종료도 뒤로가기로 잘 안됨 따릉이는 사랑이쥬
DosNara,4,2021-05-27 15:15:06,"이건 대변신입니다 기존 분리.반납, 안장 높낮이 조절등이 불편한점이 편하게 바뀌었네요 다만 카드 터치 이 내용은 누락된건지 기능을 뺀건지 알수없지만 그래서 별하나 뺍니다 업그레이드된건 최고입니다"
Google 사용자,5,2021-05-27 14:29:16,요즘에 전부다 qr방식으로 변경되면서 오류도ㅠ적어지게 되고 자전거 무게도 조금 가벼워진거같아 좋습니다! 더불어 어린이용 자전거도 마련되어서 어린아이들이나 여성분들도 쉽게 자전거 이용할수있게되어서 만족스럽습니다~ 이렇게 편하고 값싸게 이용할수있는 따릉이가 있음에 매일 감사하게 이용중이에요~~ 꾸준히 관리 잘부탁드립니다~
HEE MIN SHIN (1st account),5,2021-05-27 14:22:24,"따릉이 앱 잘 사용하고 있습니다. 한가지... 최근들어 반납이 시스템상에서 처리되는 시간이(물지적 반납이 앱으로 반영되는 시간) 이전보다 좀 더 오래걸리는 듯 합니다. 언젠가는 반납 직후 바로 대여소에서 멀어지면 시스템적으로 반납처리가 안된 경우도 경험했습니다. 해서 요즘은 반납 직후, 반납 완료 메시지를 앱으로 수신할 때까지 대여소를 떠나지 않고 있습니다."
곤지,3,2021-05-27 14:14:39,"서울 따릉이 정책으로 아주 저렴한 가격으로 자전거를 이용할 수 있어서 너무 감사하게 잘타고 있는 이용자입니다! 하지만 이번 어플 업데이트 이후, 불편한 점이 있는데 이전에는 느끼지 못했던 자전거 QR코드 스캔후 오래걸리는 대기시간입니다. 기다리다가 취소하고 다시 스캔하여 대기하는 것이 더 빠를정도로 QR 스캔 후 잠금해제 까지의 속도?가 너무 느리다고 생각합니다"
루이아빠,5,2021-05-27 14:02:55,정말 좋습니다. 제로페이 할인도 계속되었으면 합니다.
김형준,5,2021-05-27 13:53:03,너무 잘 사용하고있습니다. 퇴근하면서 종종 이용하고 있습니다.
jenny,5,2021-05-27 13:51:17,따릉이 정말 좋아요! 급하게 가까운 거리 가야할 때 한번씩 이용하기도 하는데 시스템도 잘 구축되어있고 자전거도 계속 좋은 걸로 업데이트 되고있고 개인적으로 넘 잘 쓰고있어서 유용합니다~!!^^
김은숙,5,2021-05-27 13:50:19,따릉이 너무 좋아요^^자주이용할게요♡
ZOO TOPIA,5,2021-05-27 13:50:17,항상 잘 관리해주셔서 매우 만족하며 타는 시민입니다. 이번에 앱이 바뀌면서 예약취소기능까지 추가해주셔서 잘타고 다닙니다.
양은석,5,2021-05-27 13:47:45,1달이용권을사용해봤는데 출퇴근길에 사용하기너무좋았어요 사무실이나집주변에 많이 있어서 타고싶을때 탈수있다는게 너무만족스러웠습니다.다음엔6개월이용권을 사서 이용할계획입니다.
ddangddang l,5,2021-05-27 13:47:38,너무 좋습니다
송가현,5,2021-05-26 21:21:00,"업데이트 되고나서 어플 끊김도 줄어들고, 보기 편해졌어요!"
ᄀᄆ ᄀ,5,2021-05-26 19:29:35,"완전 좋아요! 1.제가 최근이용 했던 대여소도 볼 수 있고, 2.제로페이로 결제하면, 일일권은 30% 할인 까지! 따릉이 너무 잘 쓰고 있어요 감사합니다!!"
Sang Yoon Lee,1,2021-05-26 19:19:00,어플관하셈.
정호균,1,2021-05-26 19:06:45,남아있는대수가 안맞아서 도움이 안돼요. 돈좀써서 제대로 만들어주세요
KS HAN,1,2021-05-26 18:38:39,따릉이 잠금해제가 너무나 자주 에러 발생. 정류장 따릉이 13개 다 QR 스캔해도 페어링이 안되고 계속 에러만 뿜뿜. 블루투스 이어폰 사용하지 않는데도 불구하고 계속 블루투스 껐다 켜도 안됨. 따릉이 대여하겠다고 거 서있는 시간에 걸어갔으면 벌써 도착 하겠네. 앱 똑바로 만듭시다. 서울시에서 세금 달라는대로 다 냈고 따릉이 이용료도 내는데.
Jun-Young Chang,5,2021-05-26 18:31:16,업뎃할수록 사용성이 편리해지는걸 느낍니다.
lovely jju,4,2021-05-26 15:47:06,위치설정후 주변에 따릉이 대여소며 상세하게 확인할수 있어 좋습니다. 대여반납 알림도 잘와서 확인도싶구요. 휴대폰으로 초보자도 어렵지않게 사용할수 있는것 같아요. 처음 가입이 좀 번거로웠지만 가입후 결제부턴 어렵지않게 진행할수 있네요. 제로페이할인으로 저렴하게 탈수있어 좋습니다. 👍👍👍
Siku D,5,2021-05-26 15:36:19,나의 발이 되어주는 따릉이 최고입니다 꼭 이용하세요
이준,5,2021-05-26 15:25:29,"전반적으로 매우 만족합니다. UI는 깔끔하여 사용이 편리하며 디자인 적인 면에서도 사용하는 데에 지장을 주지 않습니다. 그리고 대여소의 상태 및 QR 반납 가능 여부가 실시간으로 정확히 명시되어 좋습니다. 다만 조금 추가했으면 하는 부분은, 기술적으로 가능하다면 GPS로 자신의 위치를 조회할 때 스마트폰의 자이로 센서를 이용하여 현재 보고 있는 방향을 추가하는 것입니다. 이것이 실행된다면 더 편리하지 않을까싶습니다."
임성욱,5,2021-05-26 15:19:40,한눈에 찾아보기 쉬웠어요^^
이영수,5,2021-05-26 15:00:45,따릉이 너무 좋아요~^^ 1일권 사면 시간내에 반납만 계속 잘하기만 하면 1일동안 계속 사용할 수 있는 것도 너무 좋구요~!! 매일 무조건 사용하는 사람들은 정기권을 쓰겠지만 가끔 사용하는 입장에서 아주 좋습니다~
sungseob kim,4,2021-05-26 14:49:03,개인적으로 시간이 날때마다 따릉이를 이용하는편입니다. 화면이 이전보다 보기 편하게 바뀐점은 너무 좋으나 대여시 1분이상 기다려서 어플 종료후 다시 접속해야하는 현상이 아직은 보이네요.. 요거만 수정되면 저한테는 만족스럽습니다.
악소진,5,2021-05-26 14:43:13,"저는 따릉이를 적극 이용하게 된 지가 약 6개월 정도 된 것 같은데, 이 따릉이 덕분에 더 많은 것을 볼 수 있게 되어서 너무 좋은 것 같습니다. 대여소도 정말 많은 곳에 준비돼 있어서 운동이나, 출퇴근, 단거리 이동 등에도 참 편리하지만, 무엇보다 가장 큰 장점은 눈으로 볼 수 있는 세상이 몇 배는 커졌다는 점이 아닌가 싶습니다. 보통 살다보면 필요에 의해서 협소한 의미에서의 우리 동네, 버스, 지하철, 자동차 등을 통해서만 움직이다 보니 세상을 보는 시야도 자연스럽게 좁아졌던 것 같은데, 이 따릉이가 점점 활성화되어 가면서 평소 가보지 못했던, 도보로 가기엔 다소 부담스러웠던 곳들까지 바람을 가르면서 즐거운 마음으로 다닐 수 있다는 게 참 좋았습니다. 다만 보통 도보들이 인도와, 자전거 도로가 구분되지 않은 지역들이 많다 보니, 간혹 불필요하게 자전거 벨소리를 울려서 사람들이 황급히 길을 열어주게 하는 분들이 있던데, 부딪힐 위험이 있을 때가 아니면 좀 기다렸다 가시길"
JH,5,2021-05-26 14:43:07,생각보다 너무 사용하기 편하고 1시간권만 이용해도 하루 종일 계속 1시간씩 사용 할 수 있다보니까 너무 큰 장점을 갖고 있는거 같아요ㅜㅜ
제천대성과슈퍼맨,5,2021-05-26 14:34:47,운동할 때도 퇴근할 때도 따스한 햇살을 맞을 때도 언제나 함께 하는 따릉이. 여친 없는 나에겐 너가 동반자구나?
Goheun Kim,5,2021-05-26 14:28:52,서울시 주민등의 필수 앱 따릉이는 저렴하고 유요왜서 너무 좋아요😀 손잡이 부분만 소독을 좀 해줬으면 좋겠어요
마한음,5,2021-05-26 14:27:40,리뉴얼 후에 나아진 점이 많다 1. 큐알 인증으로 대여할 시 오류가 적어졌다.(과거엔 찍힌 다음 대여 진행중에 오류가 잦앗음) 2. 지도에서 화면 넘기는 순간이 깔끔하게 잘 넘어간다.(체감) 3. 뒤로 넘어갈 때 과거에는 뒤로가기 눌러도 그대로였다. (글로 설명하기 어렵다..) 4. 최초 로그인 시에 자동로그인 체크햇음에도 종종 로그인을 해야했었는데 개선됨. 이전 버전이 구렸다고 생각할 수 있겠지만 난 나아졌다는 것을 높이 평가함 낮은 가격이지만 서울 도처에 정류소가 잇어서 애용하고 있어서 앞으로 더 신경써주시고 관리해주시길 바랍니다. 리뉴얼에 대한 만족도는 매우매우 높습니다.
박효진,4,2021-05-26 14:27:19,서비스 이용은 편합니다ㅡ 다만 내 이용권에 대한 잔여시간이 조회 된다면 더 좋을 듯 합니다. 또한 초과 이용안내 금액 ㅠㅠ 비싸요~ 거치대 근처 아니여도(반납후재결제없이)바로 재연장 되면 좋겟어요 ㅋㅋㅋㅋ
김성진,4,2021-05-26 14:27:11,아쉬운점은 가끔 자전거랑 연결이 엄청 느릴때가 있는거랑 QR코드 인식이 잘 안잡히는점이에요. 그외에는 아주 만족하면서 사용하고 있어요!!
박주희,5,2021-05-26 14:26:44,따릉이 빌릴 때 꼭 필요한 앱입니다! 사용하기 쉬워서 좋아요.
지은숙,5,2021-05-26 14:26:11,따릉이 이용하기에 편합니다. 주로 1시간 짜리 제로페이로 결재하여 사용하는데요 700원에 하루동안 자유로이 이용할 수 있다는 장점이 많은 따릉이라 앞으로도 꾸준하게 이용할것 같아요~
우예아,4,2021-05-26 14:25:01,단점이 있다면 블루투스 이어폰을 끼고 있으면 자전거 신청 할수 없는 경우만 있고 자전거 거치소가 있어서 편리하게 찾아 갈 수 있고 수량도 파악 할 수 있고 좋습니다.
namseok Yang,5,2021-05-26 14:23:10,나날이 개선되어 좋아지고 있네요. 따릉이 응원합니다.
jinook Kim,5,2021-05-26 14:23:03,사용하기 편하네요
오진환,5,2021-05-26 14:23:00,최고!특히새싹자전거는짱~
심완진,5,2021-05-26 14:22:45,따릉이 자주 애용하고있습니다
이인수,5,2021-05-26 14:22:41,잘 이용하고 있습니다
Jei Lee,1,2021-05-26 09:05:54,예전보다 블루투스로 페어링 에러가 더 심하네요. 업데이트로 해결부탁드립니다.
Kyo,4,2021-05-26 01:30:56,편리하지만 조금 느려요! 사용종료 임박 시점에 진동알림 같은게 지원되었으면 좋겠어요. 또 반납가능존에서도 알림이 떴음 좋겠어요. 따릉이가 고장난게 많은데 잘 관리되면 좋겠어요. 골고루 분배되어 있으면 좋겠어요.
김김혜민,5,2021-05-25 23:45:18,따릉이 사용한지 5년 가까이 되었습니다~운동할때 사용하기 너무 좋아요. 가끔 블루투스 인식이 잘 되지않아 어려움이 있었지만 최근에는 많이 개선된듯합니다^^ 제가 사용하는 대여소는 한강 근처라 놀러오셔서 반납하는 분들이 많아 반납시 거치대가 모자라는 경우가 잦은게 좀 아쉬워요.
이강준,4,2021-05-25 23:10:10,혁신적인 자전거대여 시스템!!!
CW P,5,2021-05-25 21:14:17,따릉이 출퇴근할때 사용하는데 운동도 되고 항상 고마운 존재입니다 리뉴얼 후 렉도 안걸리고 더 사용하기 편해졌고 정말 잘 사용하고 있습니다~!!
문현민,5,2021-05-25 18:34:27,앱 업데이트 돼서 직관성도 좋아지고 반응속도도 빨라져서 편리해졌어요^^
삡삡,1,2021-05-25 18:30:15,..... 연결 안될때 엄청 많음 근데 상담원도 별로 없는건지 항상 다 상담 중이라함... 먹통일때 왜 자꾸 1분정도 기다리라고 하고 그 시간이 넘어도 안되나요? 먹통인 이유는요? 제발...
hunny _,5,2021-05-25 18:00:54,너무너무 잘 이용하고있는 따릉이
김건우,4,2021-05-25 17:34:47,고장 자전거를 신고하는 화면을 찾기 어렵습니다. 첫 화면에 바로 신고 단추를 만들어주시면 감사하겠습니다.
Abraham,1,2021-05-25 17:04:26,대여하자마자 알아서 반납되네요.
이지은,5,2021-05-25 15:49:15,앱 사용도 편리하고 좋습니다.
이서연,4,2021-05-25 14:20:12,블루투스 연결때문에 가끔씩 연결이 안되는경우 빼곤 좋습니다. 확실히 개선되어서 구매 및 결제도 편해졌어요.
Hy B,5,2021-05-25 14:17:17,따릉이 초반에 생긴지 얼마 안됐을때부터 쭈욱 이용권 구매하면서 쓰고있어요. 정말 따릉이는 제게 신의한수! 애매한거리 대중교통이용해서 날린 비용절감 톡톡히하고있다는^^ 요즘 날이 좋아져서 따릉이가 금방 소진되는게 좀 ㅠ 따릉이 갯수 많이 늘려주세요~~~
구산,5,2021-05-25 14:11:43,"따릉이 앱 전반적으로 괜찮습니다. 단지 자전거가 고장 난 경우가 많았고, 급한데 어떤 대여소에서는 자전거마다 잠금 풀리는 시간이 너무 길어 다음 스테이션까지 급히 달렸던 경헙도 있습니다."
영국사람,5,2021-05-25 14:10:57,너무 잘이용중입니다.
Hongkyun Lee,4,2021-05-25 14:09:50,"따릉이 애용자로서, 따릉이 관리에 힘써주시는 점 감사합니다. 따릉이 연결 시, QR코드 바코트 스캔 연결이 안될 때가 많아 번호로 직접 하는 불편함이 있습니다. 따릉이 자전거 위치 옮기는 것도 여러 군데로 분산 자주 해주시면 더 좋을 것 같고, 1시간,2시간 권에 이어 3,4시간권도 추가로 있다면 따릉이 이용에 더욱 용이 할 것 같습니다. 감사합니다."
이정아,5,2021-05-25 14:07:12,서울살기 참 좋다~~ 싶게 만들어주는 따릉이와 따릉이서비스! 가격도 넘나좋고 안장조절쉽고 라이트부터해서 딱히 고장난 따릉이를 보지못했어요~ 20인치 따릉이도 정말 획기적입니다! 좋은서비스 감사해요~♡
이정아,5,2021-05-25 13:53:59,아주 유용하게 이용하고 잇어요!! 가끔 자전거가 잇을땐 많은데 급할때는 없는게 너무 슬퍼여 ㅠㅠ
Jeremy J,4,2021-05-25 13:42:56,사용편의성에는 큰 문제가 없으나 블루투스로 자전거락을 켜고 끄는 부분에 있어 오류가많고 QR코드 인식오류도 복불식입니다.
김민혜,5,2021-05-25 13:42:42,예전보다 앱이 많이 개선됐고 자전거도 전체적으로 좋아진 게 승차감이 비교적 편해졌다는 걸로 느낄 수 있네요 대여/임시잠금/반납 등 모든 부분에서 훨씬 간편해져서 자주 이용하고 있습니다! 광진구쪽은 관리도 잘 되고 있는 것 같구요! 아쉬운 점이 있다면 자전거 안장이 아직도 너무 딱딱하고 불편하다는 겁니다ㅠㅠ
장하니,4,2021-05-25 13:42:02,좋아요! 항상 많이 이용하고있습니다. 정기권없음 힘들어여~ 예전에는 앱오류 많았는데 요세는 꽤 정상작동 잘됩니다. 단점은 블루투스이어폰 들으면서 대여하기힘들다는점ㅋㅋㅋ그뿐입니다ㅋㅋㅋ꼭 블투이어폰 연결해제후 대여하시고 그뒤에 한쪽이어폰만사용하면서 안전하게 사용하세용
카픽 Karpic,5,2021-05-25 13:40:59,퇴근 및 주말에 따릉이앱 넘넘 잘 사용 하고 있어요. 이전 버전은 많이 느렸는데 개선된 앱은 속도도 많이 개선 되어서 좋아요
권세호,5,2021-05-25 13:40:25,너무 편하게 잘 사용하고 있습니다~^^
문케이아스,5,2021-05-25 13:35:32,가족들과 시간 날때마다 편하게 잘 이용하고 있습니다~ 관리도 잘되는것같고 너무 만족합니다~^^
이정현,5,2021-05-25 13:31:19,실제 자전거를 대여하는 프로세스에 맞도록 메뉴와 화면이 구성되어서 이용이 훨씬 쉬워졌어요
김영재,5,2021-05-25 13:31:15,제로페이 할인으로 잘쓰고잇어요
Yeyun Seo,4,2021-05-25 13:31:12,오류도 거의 없고 너무 편리해요. 자전거 갯수나 위치도 오차가 거의 없는데 간혹 정거장에 하나 남았다고 해서 가면 이미 대여가 되어있는 자전거이더라구요... 잠깐 자전거 타신 분이 일시정지?를 해놓으신 건지 아니면 이게 오류인건지... 일시반납 기능은 따로 없는 것 같기도 한데 이런 부분만 좀 고쳐지면 더 좋을 것 같습니다
김효진,4,2021-05-25 13:30:08,예전보다 앱 사용하는게 불편해졌다. 휴대폰이나 기계 사용하는것에 능숙하지 않은 사람은 버벅일수도 있다.
귀찮다,1,2021-05-25 13:29:32,업데이트 후에도 연결이 안될때가 너무 잦아서 불편하다.무선이어폰 연결X 블루투스ON 해놔도 자꾸 먹통이라 짜증난다.
kindakuda,4,2021-05-25 13:29:07,"소스 업데이트가 종종 있고, 전체적으로 어플이 무거운 느낌이 들어요. 거치대 현황 업데이트도 보다 직관적이면 좋겠다는 생각입니다."
룡룡,4,2021-05-25 13:29:07,덕분에 따릉이 잘 타고 있습니다! 다만 자전거와 큐알코드 연결이 안되고 에러뜨는경우가 잦아요!
류윤섭,4,2021-05-25 13:29:03,이용하는데 오류가 나는 경우가 종종 발생하는 일외에는 아직까지 불편한 건 없습니다
이광훈,5,2021-05-25 13:29:02,따릉이 언제나 어디서나 너무 편안하게 다닐수 있어요 자출과 자퇴는 따릉이~~ 고맙습니다
최지용,5,2021-05-25 13:28:59,"서울시민이라면 정기권을 끊어서 이용하는 것을 추천드립니다. 이동거리가 애매하여 대중교통을 타기에도 애매하고, 걷기에도 애매할 때 유용하게 사용하고 있습니다. 날이 좋을 때 기분전환용으로도 자주 이용하고 있습니다. 정기권의 경우 대여와 반납도 용이합니다. 추천드립니다."
박소현,4,2021-05-25 13:28:22,그 전에는 QR따릉이 연결이 잘 안되었는데 리뉴얼 되면서 연결이 잘 돼요! 하지만 반납 알림이 안뜨는 건 좀 헷갈리네요ㅠㅠ
김혜진,5,2021-05-25 13:28:01,따릉이 너무 좋아요! 업데이트된 이후이도 곧잘 쓰고 있습니다 빠른 인식과 실시간 업데이트 너무 잘 됩니다 따릉이는 정말! 최고오~~ ㅎㅎ
권오빈,5,2021-05-25 13:27:55,퇴근때마다 타고다니는데 건강해지고 좋아요
얏호,4,2021-05-25 13:27:50,qr로 바로 연결되는 일이 없네요.
이봉석,5,2021-05-25 13:27:34,장기간 결재하면 가격도 싸고 정말 잘 이용하고 있어요.
john park,5,2021-05-25 13:27:19,이거슨 내 자가용인 거시여
다정한별,5,2021-05-24 23:00:20,리뉴얼되고 어플 훨씬 편해졌어요. 인터페이스도 개선되었구요. 좋급니다
Bluebird,5,2021-05-24 19:06:50,안녕하세요 따릉이 애용자예요:) 덕분에 이동에 있어 경제적으로 절약도 하고 기분 전환겸 운동도 잘 하고 있어요. 특히 제일 마음에 드는 점은 24시간내 반납시 무제한 이용가능이란 점이에요. 제 지인들한테도 많이 전파했답니다😊 한가지 아쉬운점은 자전거 관리에 조금 신경 써 주셨으면 좋겠어요. 가끔 헛바퀴돌거나 안장이 주저앉는 등 깜짝깜짝 놀랄 때가 있어요. 그리고 역시나 아쉬운 점은 보행자 도로 내 자전거 도로개선인 것 같아요. 예전보단 많이 발전했지만 아직 사람들의 보행자/자전거 도로에 대한 인식이 많이 부족한 것 같네요. 확실하게 '이 길은 자전거 도로다!'란 분명한 명시가 되어 있어야 서로 간에 마찰이 없을 것 같아요. 차선쪽 자전거도로는 버스나 오토바이 등 위험요소가 많아 포기한지 오래예요. 앞으로도 발전된 시스템으로 쭉 오래오래 사용하고 싶습니다. 감사드립니다🌼
김경민,5,2021-05-24 18:37:42,개선된 따릉이 어플 너무 좋아요! 지도보기도 개선되었고 결제도 간편하고 무엇보다 UI와 사용법이 너무 훌륭합니다!!
코리아사모아인,5,2021-05-24 18:34:02,너무너무 유용하게 잘사용했어요 차가있지만 주차장이랑 가야할목적지가 멀어서 고민끝에결제하고 한달간이용해봤는데요 서울안에서는 정말 왠만한곳에는 다있더라구요 접근성면에서 굉장히 만족했구요 사용방법이어려울줄알았는데 큐알코드이용해서 쉽고빠르게 대여가능해서 쓰기도 편리했습니다. 안써보신분들계시면 꼭써보시라고 권해드리고있어요 저는 1시간짜리했는데 가격도저렴하고 한시간거리면 대부분 제대여가능해서 합리적으로 쓸수있었어요 가끔인기있는곳에 자전거가 비어있는경우도 있다지만 제경우에는 그런적은다행이도 없었습니다. 굉장히 좋은 서비스구요 따릉이 굉장히 칭찬합니다.!적극추천!
널널nullnull,4,2021-05-24 17:16:10,리뉴얼 된 앱 깔끔하고 편해서 좋아요! 근데 가끔씩 대여가 한번에 안되고 취소후 다시 눌러야 될때가 있어서 그부분 개선해주시면 더 좋을거같습니다!
남김태용,3,2021-05-24 17:03:22,예전에 따릉이 웹은 위치가 빨간점으로 표시되고 움직이면 따라오기도 했는데 현재 따릉이는 그런 표시가 없어 많이 불편해요
lot_ so,5,2021-05-24 16:30:23,"리뉴얼 이후 QR코드 인식률도 올라가고 보기에도 편해지고, 접근성이 많이 향상되었어요. 정기권사용하는데 앞으로도 계속 정기권결제해서 이용할 것 같아요."
윤진영 (설산소녀),4,2021-05-24 15:49:06,종료버튼이 없어서 불편했는데 생겨서 완벽한 어플로 탄생 한것 같아요. 감사합니다.
정낙준,5,2021-05-24 15:39:56,최고입니다. 서울특별시에 자랑 따릉이 많이이용하고있어요!
sku,5,2021-05-24 15:11:11,가까운거리 자전거탈수있어서좋아요~
H,4,2021-05-24 14:46:13,따릉이 잘 사용중인데요~ 연동되는 네이버로는 가끔 길안내시 보기가 어렵더라구요..어제 여의도 갔는데 한강 벗어나서 한강 바깥으로 나올때 안내해준대로 가더니..걔단나와서 자전거 들고 올라감.나 여자임...(그 계단위에 따릉이 반납장소(시범아파트버스버스정류장앞) 있었서 들고 올라가야 해서 한참 멘붕이었음) 고로~ 네이버 지도 연동되어 안내해주는건 진짜 별로... 참!! 어제 올때는 카카오맵으로 자전거 내비안내하니까 계단이라도 옆에 지전거길 있는곳으로 안내 해주고 실시간 길안내 해줘서 너무 좋더라구요.. 그래서 불만 사라짐 ㅋ
Teacher Kim,5,2021-05-24 14:16:38,아주 편리하게 잘 활용하고 있습니다. 공유의 지평이 점점 더 확산되면 좋겠습니다.
김예린,5,2021-05-24 14:11:20,정날 편리하게 사용하고 있습니다 집에 자전거가 없어서 못탔었는데 따릉이가 생겨서 정말 좋습니다 그리고 옛날에는 정말 오류가 많았는데 지금은 더 편리해지고 좋습니다 다만 아쉬운점이 옛날 따릉이에는 거리랑 어느정도 남았는지 보이는 장치(?)가 있었는데 없어져서 약간 좀 아쉽긴 하네요
S Nara,4,2021-05-24 14:10:34,따릉이 너무 좋습니다. 쉽고 간편하게 대여 반납이 가능하니까 운동하기 좋은거 같아요 가끔 반납 문자가 늦어서 걱정했었지만 1분이내로 해결됐었어요
이KTX,5,2021-05-24 14:06:17,"언제 어디서나 편리하고,편하게 대여하여 이용하니 넘 좋아하여,친구들께도 홍보하며 즐겨 찾아 이용합니다! 건의사항 ; 한강에도 거치대가 있으면 더 많은 이용자가 이용할듯 합니다. 강력히 고려해주세요.^!^~~~♡♡♡♡"
John Lee,5,2021-05-24 14:02:56,여러모로 매우 편리한 앱이네요. 동생과 자주 한강에 라이딩 가곤 하는데 따릉이 덕을 많이 봅니다 ㅎㅎ 따릉이앱으로 검색하면 주변에 가장 가까운 따릉이 대여소를 알려주어서 너무 편리합니다. 그리고 큐알 스캔만으로도 간단하고 빠르게 대여할수 있어서 너무 편리합니다. 다만 간혹 반납시 반납완료 문자가 바로 안날라와서 대여중으로 되어 있을 때가 있더라구요. 그러면 다시 대여하지 못해 기다려야 할때가 몇번 있었습니다. 이 부분만 개선된다면 누구나 손쉽게 따릉이를 이용하는데 불편함이 없을거라고 생각됩니다. 앞으로도 시민들의 발이 되어주는 따릉이가 오래도록 우리와 함께 하면 좋겠습니다ㅎ
이경준,5,2021-05-24 14:02:24,앱은 쓰는데 큰 불편함없이 좋아요. 다만 어르신들을 위해서 이용권이나 결제 버튼 등이 좀 더 시각적으로 크고 보기 편하면 좋을 것 같습니다!! **따릉이는 정말 잘 만든것 같아요! 곳곳에 잘 설치 돠어있고 저렴한 가격에 자전거도 잘나가요 안장도 편합니다!
박소영,4,2021-05-24 13:58:43,리뉴얼전보다 더 편리해졌지만 가끔씩 버퍼링이 걸릴때가 있어요. 연결오류를 좀 더 신경쓰면 좋을거같아요
최유희,5,2021-05-24 13:56:03,앱사용하기편리해요
유주린이,5,2021-05-24 13:55:14,정말 다 좋은데요 반납을 퀵보드처럼 아무곳에 했음 줗겠습니다
YoungWoo Lee,4,2021-05-24 13:39:19,반응이 좀 느려요.
이유리,5,2021-05-24 13:38:43,따릉이자체는 진짜편리하고 좋아요 고장신고 간편하게하기 고장접수되어있는 따릉이표시 등이 어플에서 한눈에들어오면 좋겠어요
킴시안,5,2021-05-24 13:35:44,가장 초창기때부터 이용했는데 처음엔 정말 버그 투성이였지만 그래서 그런지 지금은 만족하고 있습니다. 특히 이제 드디어 웹으로 안넘어가고 인앱에서 결제 시스템으로 넘어갈 때 감격했습니다. 다만 점차 가격이 올라가서 슬프네요
남미현,4,2021-05-24 13:35:28,저렴하게 이용 잘하고 있어요.
황보희,5,2021-05-24 13:35:10,너무 편리하고 요금도 저렴해요.
야명,5,2021-05-24 13:34:22,지방에 살지만 서울 갈 때 마다 너무나 유용하게 이용하고 있습니다. 따릉이 만들어 주신분들께 넘 감사드리구요 전국으로 확대되면 정말 너무 좋을 것 같아요 그리고 뉴따릉이 사용 넘 편하고 좋아요 더 확대해 주세요~^^👍
박정옥,5,2021-05-24 13:33:47,저전거 설치장소도 많고 저렴한 비용으로 편리하게 넘 잘 사용중입니다
임말랑,5,2021-05-24 13:33:38,날이 좋은 날에는 자전거가 다 나가서 빌릴수가 없는거말고는 좋아요 굳
seung hyun Kong,5,2021-05-24 13:32:28,따릉이 자주 탑니다. 곳곳에 대여소도 많이 생겼고 대여할때 qr코드로 편하게 찍고 반납할때도 잠금장치만 올리면 되서 참 좋아요.
육체의함정,5,2021-05-24 13:31:43,근무시간대가 야간이라서 새벽에 많이 이용하는데 따릉이가 없을 때가 많습니다. 새벽사용자들을 위해 재배치 시간대를 밤 늦은 시간대에 한번 만들어 주세요.
조황재,4,2021-05-24 13:31:29,"최근 리뉴얼후 잦은 업데이트가 있지만, 이런 업데이트를 통해서 앱이 계속 개선되고있다고 느껴집니다. 예전에는 블루투스연결이 제다로안돼서 핸드폰을껐다키는 일이잦았는데 요즘은 한번에 연결도 잘되네요. 계속 따릉이 설치 사이트가 많아져서 좋은거 같습니다."
김경담,4,2021-05-24 13:31:24,"업데이트후 다소 안정되긴하였지만 개선사항이 있어보임. 1.간혹 반납시 반납되었다는 톡이 오지않는현상 2. 결재시 오류생겨 튕기는현상 3. 개선요구사항 2시간 이상 것도 있었으면함, 3시간, 4시간 등 4. 대여시간 종료 10분전부턴 경고음 서비스가 있었으면함"
류병욱,5,2021-05-24 13:30:58,너무너무 잘사용하고있어요. 사용안할때는 몰랐는데 사용후에는 이렇게 편리할줄은 몰랐어요.자주이용할거에요
김하운,5,2021-05-24 13:30:21,따릉이 덕분에 코로나19 상황에서 바람도 쐬고 재미있게 운동하고있어요. 자전거가 없는 곳이 많은데 거치장소도 늘어나고 자전거 대수도 많아졌으면 하고 바래봅니다^^
이지현,5,2021-05-24 13:30:03,아주아주좋음 서울시뿐만아니라 전국에 배치되었으면 좋겠음
이기성,4,2021-05-24 13:29:58,시인성 접속오류개선 등 좋아졌어요 ^^
GUNGSAM KIM,5,2021-05-24 13:29:45,인생따릉이에요 추천합니다
KU Sin,5,2021-05-24 13:28:58,잘 쓰고 있어요! 그런데 거점이 더 많아지면 좋을거 같아요
정영주,5,2021-05-24 09:43:46,따릉이 이용 햇수로 4년차입니다. 1년권 이용 중이고요. 맨 처음 따릉이 앱보다 이용이 쉬워졌어요. 가끔 느린긴 하지만... 저렴하고 참 좋은 제도인 것 같아요. 더 일찍 알았더라면 마을버스를 한번이라도 덜 탔을 텐데 말이죠. 웬만한 거리는 걷거나 자전거로 다닙니다. 장 볼때도 좋아요^^ 가끔 따릉이가 없거나 고장신고 된 따릉이만 있을 때는 난감하기도 하지만요. 다들 내 자전거처럼 소중히 탔으면 좋겠습니다. 그리고 따릉이 지도에 내 위치에서 가장 가까운 따릉이 대여소가 눈에 띄게 표시되면 좋겠다는 생각입니다.
김도훈,1,2021-05-24 09:38:06,업데이트 이후로 QR코드가 카메라 인식이 안 되어 매번 번호입력을 하고 있네요ㅜㅜ
Hyejeong Shin,5,2021-05-24 09:33:02,대여 반납 간편하고 좋습니다. 정기권 정말 너무 좋아요 대여 장소가 더 많았으면 합니다
GL Han,5,2021-05-24 06:51:52,"송파구로 이사하고 출근 시에 매일 이용해요!(비만 안오면 ㅎㅎㅎ) 따릉이 앱도 잘되어있고, 출근길 자전거도로도 잘되어있어서 매일매일 출근하기는 싫지만 따릉이 타는 시간은 기대합니다!"
W Galaxy,5,2021-05-24 06:11:21,"따릉이 앱이 직관적이라 사용하기 편리하며 따릉이를 대중교통 대신 아주 유용하게 잘 사용중입니다. 다만 아쉬운건 일부 얌체 이용자들의 눈살을 찌푸리게 하는 몇몇 이기적인 비매너 모습들입니다. 대표적으로... 1.대여소가 아닌 길 건녀편이나 근방 하천길에 반납 2.대여소 빈거치대가 많음에도 아무렇게나 대충 세워놓고 반납 3.골목길에 몇일째 훔치거나 버려진듯한 따릉이가 방치되있음 * 비매너 이용자에 대한 강력한 패널티 제도를 도입하여, 다수의 선의의 피해자가 발생하지 않았으면 합니다. 패널티 제도 이전에 이용자가 스스로 아끼고 잘 사용하여, 편리하고 즐거운 따릉이 이용 문화가 정착되었으면 하는 바램입니다."
issac,5,2021-05-24 01:23:58,잘 타고 있습니다~
h c,4,2021-05-23 16:36:22,자전거대수가 더 많아지고 연결도 빠릿하게 됐으면좋겠어요
백종규,5,2021-05-23 14:59:40,"따릉이 대여가 확실히 편한거 같에요. 대여소도 많고, 다만 시내 거리에서 따릉이 타기엔 역시 무리가 있네요. 도로는 더욱이 무섭고"
전은옥,5,2021-05-23 11:40:36,완전 좋아요 따릉이 운동하기도 좋고 편합니다♡
ARI BYEONG,5,2021-05-23 08:41:58,앱리뉴얼되서 사용이 편해졌어요. 새싹따릉이도 처음사용해봤는데 큰따릉이보다 저에게는 딱 좋더라구요.
지안,5,2021-05-23 02:36:59,"성인이 되고 나서야 따릉이로 자전거를 배워서 뒤늦게 자전거의 즐거움을 알게되었습니다. qr로 인식하는 방식의 처리성도 어플이 업데이트를 해가며 계속 좋아지고 있고, 전체적인 디자인도 훨씬 깔끔해져서 보기편해요."
박촐,5,2021-05-22 19:20:23,"따릉이 너무 좋음. 저령하고 근데.. 이전 앱에서는 내 현재 위치가 어딘지 알려줬기에 어디서 따릉이를 빌리면 되는지를 한눈에 알 수 있었음. 그래서 낯선 동네에서도 내 현 위치에 따라 따릉이를 찾으러 갈 수있어 좋았는데, 앱이 리뉴얼된 후에는 내 현 위치 표시가 안되어 낯선 동네에서 내 현위치가 어디인지 어디로 가야 하는건지 알 수가 없어 그점이 개선되었으면 좋겠음. // 답글 보고 현위치 찾는 방법 알았음 감사합니다. 별 다섯개로 바꿈ㅋ"
lsy41999,5,2021-05-22 15:53:20,구매나 이용 절차가 쉽게 되어있고 따릉이 대수나 종류별 안내도 보기쉬움.다만 구입이나 이용절차 등 일부라도 영어가 같이 기재 또는 선택사항으로 있다면 외국인도 접근이 용이할듯함
soo ahn,4,2021-05-22 15:02:27,항상 편하게 잘 쓰고는 있습니다. 다만 QR코드 찍은 후 연결이 잘 되지않아서 항상 두번정도 시도해 서 자전거를 이용합니다. 그것 외에는 만족 합니다.
으뜸이,5,2021-05-22 09:29:49,"집 바로 앞에 따릉이 대여소가 생겨서 오랜만에 이용했는데 대여, 반납이 이렇게 쉬울 줄이야~ 정말 간편해졌네요. 제로페이로 결제하니까 할인도 되고, 자전거가 깨끗해서 기분좋게 잘 이용했어요. 따릉이는 정말 최고에요. 간혹 인도를 쌩쌩 달리시는 분들이 보이던데 안전수칙은 잘 지키면서 이용했으면 좋겠어요."
손종국 (On It),5,2021-05-22 09:01:15,솔직히 기대는 안했는데 운동도 되고 저렴해서 좋아요. 하지만 대여소가 너무 역근처에만 몰려있는게 아닌가 싶은 아쉬움이 있습니다. 대여소만 조금더 늘려주시면 좋을 것 같습니다.
Bh K,5,2021-05-21 17:10:16,예전보다 연결해제가 빨라져 좋네요. 앱도 직관적이고..다만 예전버저 따릉이는 얼른 교체좀 해주시면 더 좋겠네요
정건주,4,2021-05-21 15:22:12,앱은 상당히 유용하나 아직 너무 끊기고 접속에러도 많네요..언제쯤 평범한 앱처럼 자연스럽고 스무스해질까요..
박동수,4,2021-05-21 15:17:02,"성인 남성이 타기에는 안장이 조금 낮고, 안장과 핸들사이 간격이 좀 짧은 것 같고, 오르막 변속이 원할하지 못합니다."
정경숙,5,2021-05-21 14:56:30,완전좋아요💗💗💗
이주은,5,2021-05-21 14:09:39,"따릉이 새싹이에요 사용도 편하고 인식도 잘 됩니다 자전거 위치 및 개수 안내도 이용에 편리해요 서울시 행정으로 칭찬받는 따릉이, 앞으로도 쭉 따릉이 사용자들의 길이 되어 주세요"
도도,5,2021-05-21 13:53:21,너무좋다. 저렴한 가격에 가성비 너무좋음. 어플도 사용하기 편하고 최고임. 고 박원순 시장의 최고업적이라 생각함
KH K,5,2021-05-21 13:49:08,뭐 집에서 회사까지 따릉이 잘 되어있어서 만족하면서 쓰는데 그게 아니면 불편하겠지만 어쨋든 난 편함ㅇㅇ
이지현,5,2021-05-21 13:47:49,따릉이 애용자입니다. 곧곧에 따릉이가 점점더 많아지고있어 매우 유용하게 이욤하고 있습니다. 제로페이까지 사욤하여 훨씬 저렴하고 알차게 사용하니 만족도가 매우 높네요. 처음 결재순서만 알아두면 그다음 부터는 슈~~웅~편리해요.
방기현,5,2021-05-21 13:44:41,매일따릉이를타고잇어서운동도되고교통비도절감되고정말좋은앱이라생각됩니다.
조윤영,5,2021-05-21 13:40:01,전 30대인데 사용하기 편했어요 근데 가끔씩 바코드가 인식을 못할때가 있어서 그땐 따릉이를 못탔어요ㅠ
Eunbyul Kim,5,2021-05-21 13:39:19,"서울 전체에 따릉이 대여소가 곳곳에 있어 항상 따릉이를 애용합니다. 여러 리뉴얼을 통해 따릉이 어플 사용마저 너무 쉬워졌고 편해져서 더 자주 쓰게 되는 것 같아요. 한국인 속도에 맞춰서 대여 반납 모두 빠르고 알림도 카톡으로 오고, 무엇보다도 탄소저감량을 알려주어 타고 난 후에 보람도 느낄 수 있습니다."
오오은경,5,2021-05-21 13:38:49,필요시 유용하게 사용할수 있어 편리하고 좋아요.. 근데 제로페이 결제시 첨엔 50%할인이더니 이제 30%로 바꼈나바요.. 그점이 쪼금 아쉽습니다..
김찬미,5,2021-05-21 13:38:23,"리뷰같은거 원래 잘 안쓰는데 오래오래 사용중이라 첨으로 써보네용 따릉이 초창기때부터 이용중이라 그때보다 점점 발전하고있는게 넘 행복하고 뿌듯하기도 합니담 예전보다 대여소도 많이 늘어났고 자전거 자체 상태 좋아지고 무엇보다 대여소 줄과 연결없이 반납할 수 있어진기 가장 편한 것 같아요ㅎㅎ 아직 연결되는 속도가 조금 느리고, 가끔 연결이 안될 때도 있고, 상태가 좋지 않은 자전거가 여럿있으나, 그래도 따릉이 덕분에 가까운거리는 대중교통을 이용하지 않고 있습니다. 저에게는 넘 편리한 운동과 동시에 교통수단이에요👍 자전거 상태가 더 좋아지길...♡"
Winnie Lee,5,2021-05-21 13:38:08,"서울로 이사오고 산책할 겸, 단거리 오갈 겸, 운동 겸 일상 속에서 얼마나 유익하게 사용 중인지 모릅니다. 최근 qr로 바뀌고 가끔 qr인식이 안되고 버벅일 때와 미대여 중인데 대여 중으로 오류가 날 때는 몇번 시도하는 번거로움이 있지만요. 대여 중에 잠시 세워놓을 때는 더 편리해졌음을 느껴요. 고객센터에 문의할 때도 언제나 친절하게 도와주시고 따릉이 사업에 고마움을 느낍니다! 앞으로도 따릉이 사업이 더욱 개선되고 확대되길 응원합니다^^!"
Hailey,5,2021-05-21 13:35:25,리뉴얼 전에는 새로 접속하면 로그인이 풀려있는 경우가 많았는데 리뉴얼 되고 나서는 그런적이 없어서 좋습니다. 블루투스 이어폰이 연결되어있는 경우에 자전거 연결이 잘 안되는것 같아서 항상 연결을 해제했다가 자전거 연결 후 이어폰을 다시 연결하는데 이어폰이 연결되어 있는 상태에서도 자전거 연결이 원활할 수 있게 개선되면 더 좋을것 같습니다^^
이석형,3,2021-05-21 13:33:34,분명히 여러 환경들이 많이 개선되었지만 연결할때 속터지게하는건 여전하네요 블루투스를 켜건 끄건 간에 기본2~3번은 해야 연결이되니 급할때는 짜증이 이만저만이 아닙니다 저렴한가격에 이용하는건 감사하지만 가격을 올리더라도 연결환경이 좀더 나아졌으면 하는 바람입니다
아레스,4,2021-05-21 13:33:34,저렴한 가격으로 자주 이용하고 있습니다. 간혹 앱 오류가 생겨서 대여시 시간이 걸리는 경우가 있는데 개선 부탁드립니다~
진희어라,5,2021-05-21 13:33:04,따릉이 사랑해용♡ 앞으로도 내 건강을 부탁해용♡
playmusic Bang,5,2021-05-21 13:31:32,이용할 때마다 박원순 시장님 생각합니다.
뺘뺘기,5,2021-05-21 13:31:20,따릉이 아주 잘 이용하고 있어서 참 좋은 아이템(?)입니다. 큐알만으로 사용할 수 있어서 번거롭지 않아 너무 편리하고 좋아요. 다만 가끔 '연결되었습니다'문구가 뜬 후에도 자전거 락이 안풀려서 앱을 껐다가 다시 해야하는 경우가 아주가끔 있어요. 그것말고는 자전거종류가 새싹이랑 일반자전거가 몇대씩있는지 표시되는 점 등 대부분 편리하고 사용하기 좋습니다.
이임석,4,2021-05-21 13:30:50,다좋은데 qr따릉이 선택해서 사용하려하면 꼭 처음엔 연결이 실패햇다하네요 그후 앱종료후 다시 실행해서해야 연결성공이 됩니다 삼성 갤럭시인데 어플 업뎃후 이러네요;;
eun,5,2021-05-21 13:29:24,"따릉이 편하고, 좋아요. 자도에 따릉이위치가 더 정확하게 표현되었으면 좋겠고 수리예정인 자전거는 대여불가로 떴으면 좋겠어요.네비볼수있게 핸드폰 거치할수있는것도 설치되면 좋겠지만..예산 상 무리겠죠..?ㅠㅠ"
SH “꼬알라” P,5,2021-05-21 13:27:19,쉬는날 타기좋아요 어린이용이나와서좋아요 자전거도 여러곳에 배치되어있고 식구들 온식구 자전거에 빠져서 주말만 기다리고 있어요
이호상,5,2021-05-21 13:27:18,편리하고 좋아요.날씨 좋은날 퇴근길에는 거의 따릉이 이용중입니다.
김동훈,4,2021-05-21 13:26:41,왜 난 매번 잠그고 가는걸 까먹고 가서 새벽에 뛰어나와 잠그게 되는걸까?
Hyun Kyu Lee,4,2021-05-21 13:25:18,자전거가 0이 되기 전에 추가 배치를 신청 하는 버튼이 있으면 좋겠습니다. 어린이 따릉이랑 따로 관리가 되면 좋겠습니다.
김종익,5,2021-05-21 13:23:08,확실히 전보다 ui 개선된 것 같고 위치도 나쁘지 않게 잡네요
이설아,5,2021-05-21 08:00:18,저는 따릉이를 비올때빼고 매일 타고 있는데 최근에 앱 어플 리뉴얼 이후로 연결 접속 오류도 줄어들고 속도도 더 빨라져 만족중입니다
Goldstone,5,2021-05-21 00:12:58,블루투스 연결이 한번에 되지 않아 불편할 때가 많아요. 한번 실패하면 해당 자전거는 대여되었다고 나오면서 잠시 뒤에 시도해야 되구요. 그룹권 사용시 각 자전거의 남은 시간을 확인할 수 없어 불편해요. 반납 10분전에 앱에서 알람주는 기능 추가되면 좋겠어요.
KH Lee,5,2021-05-20 20:28:27,제 주변 자전거 대여소 위치를 확인할 수 있고 편리하게 대여 및 반납이 가능합니다. 편하게 이용할 수 있게 업데이트해주셔서 감사합니다!
이예림,5,2021-05-20 17:37:35,언제나 편리해서 좋아요 감사합니다 언제나~!! 근데 네이버 지도나 카카오맵에 따릉이 대여소가 꼭 추가되었으면 좋겠다고 생각이 들어요~ㅎㅎ
wonju CHEON,5,2021-05-20 17:13:04,예전보다 속도 와 오류가 개선 되었고 많이 사용하고 있는데 출퇴근시 만족하고 있습니다.
황영순,5,2021-05-20 16:26:29,집근처 공원에 따릉이가 있어 초6아들 매일 운동삼아 타고 있어요. 오늘은 한달이용권을 결제했어요~ 제로페이로 하니 할인도 되고 넘 좋네요~
김애,5,2021-05-20 16:02:43,따릉이 최고입니다. 따릉이로 서울이 친환경 도시되는데 한 몫하기를 바랍니다
찬미,4,2021-05-20 15:53:41,따릉이 QR코드 인식이 너무 느리거나 안 돼요.. 그래서 자전거 연결이 오래걸리는 점을 제외하고는 다 괜찮습니다
as k,5,2021-05-20 15:30:38,최고입니다.
cut Y,3,2021-05-20 15:15:24,결제창으로 안넘어가서 지웠다 다시 깔았는데도 여전히 안되네요 그전까지 잘이용했는데 이런경우는 첨입니다. +) 이런현상이 일어난후 몇일 후에 다시 사용해보니 잘되더라구요. 제폰만그런건지? 업데이트알림왔길래 업데이트했습니다. 전에 말했던 현상은 다신 안생겼으면 좋겠네요.(별한개에서 세개로 수정했습니다.)
지광구,5,2021-05-20 15:12:29,앱으로 결제 하고 사용이 매우 편합니다 특히 새싹따릉이가 있어 아이들과 즐기기 너무 좋습니다 ^^
나애리,5,2021-05-20 15:11:55,"역 근처 어디에나 대여할수 있는 자전거가 많아져서 편리하고 이동거리, 소비된 칼로리가 표기되어 유용합니다."
짼근,5,2021-05-20 15:11:53,항상 잘 쓰고 있습니다. 따릉이 최고!
이지민,3,2021-05-20 15:10:43,구 따릉이앱보다는 확실히 가벼워지긴 함. 그러나 블루투스 통신이 옛날앱보다 훨씬 느려지고 불안정함. 연결 실패횟수가 최근에 압도적으로 증가함. 특히 임시잠금 후 해제할 때 실패가 너무 잦음. 무선이어폰 있을때나 없을때나 똑같음. 블루투스 해제 후 재연결도 해보고 핸드폰 껐다 켜봐도 동일. 기기정보 확인 부탁드림. +) 초기 지도 표시될 때 왜 쓸데없이 기울여져 있는지 모르겠음. 안 기울여지게 기본설정 바뀌었으면 좋겠음. 리뷰이벤트 참여 필요없음. 끝.
쿠키냠냠,5,2021-05-20 15:09:28,"앱 자체도 사용하기가 쉽고, 저는 새싹따릉이를 타는데 어느 거점에 새싹이 있는지 확인되는 기능 정말 좋아요! 고장신고도 쉽게 돼서 편리하고 좋습니다"
유종룡,5,2021-05-20 15:07:31,안장이 높았으면 좋겠습니다.
앨린,5,2021-05-20 15:07:28,"저렴한 비용으로 출퇴근용으로 매년, 매일 사용하고있습니다. 너무 편리하고, 교통비 부담없어서 넘좋습니다. 감사합니다.^^"
소현,5,2021-05-20 15:07:22,"전에 비해 더 깔끔해지고 세련되어졌습니다. 결제도 편리해졌습니다. 따릉이로 저렴한 가격에 자전거를 자주 탈 수 있어서 신체적,정신적으로 건강이 향상됨을 알 수 있었습니다."
안병환,5,2021-05-20 15:06:28,대중교통이용하다 따릉이타고 출퇴근하는데 건강도 챙기고 굿이네요
유희경,5,2021-05-20 15:05:14,바코드도 멀리 흐릿하게 찍어도 잘 인식하고 남은갯수도 정확하고 잘사용중이에요
이도영,5,2021-05-20 15:04:01,따릉이 통해 자전거 처음타게되어 서울시의 자랑이라고 생각합니다. 이번에 어플새로나와서 써보니 로그인도 빠르고 이용하는데 있어서 보기가 참 좋습니다. 소통이 잘되는 따릉이로 계속 유지되도록 관리 잘 부탁드립니다 운영자님.♡♡
Benjamin Ryu,5,2021-05-20 15:02:05,가까운거리 다닐때 사용하기 편리합니다
J.S Park,4,2021-05-20 15:00:21,리뉴얼 후 앱 구동이 빨라져 대여도 빨리 할 수 있게 되었고 사용하기 편해짐
장장,4,2021-05-20 15:00:21,정류장 별로 남아있는 자전거 수를 확인할 수 있어서 너무 편해요
강병주,5,2021-05-20 11:24:24,자전거->지하철->자전거 출퇴근 이용자입니다 지하철까지 버스배차가 길어서 전동자전거나 오토바이구매를 고민하다가 지하철역 근처에 주차하는게 불안해서 따릉이 알게되었는데요 지금 2년째 정액제 구매중인데 이제는 충분히 걸어갈 수 있는 거리도 따릉이앱부터 켜서 근처 거치대 찾습니다!:D 따릉이덕에 출퇴근시간 20분은 줄인것같아요 고객센터 응대도 친절하시고 새벽시간 밤시간 종종 자전거 교체 고장수리하시는 모습 마주칠때 많아서 믿음이갑니다 앞으로도 잘관리되서 건강한 서울 되었으면 좋겠습니다!
이성민,5,2021-05-20 09:13:36,QR로 대여할 수 있어서 편해요! 자전거 대여소 위치가 잘 표시되어있어서 금방 찾을 수 있는 것 같아요. 일일권이 24시간 동안 1시간을 이용할 수 있는 이용권이라는 걸 나중에야 알았어요... 홍보가 더 되면 지금보다 더 많은 사람들이 이용할 수 있을 것 같아요! 길찾기 기능이 추가되면 진짜 좋을 것 같습니다 - :)
JK Park,4,2021-05-19 23:24:53,"집 바로 앞에 따릉이가 있어서 자주 애용하고 있습니다. 출퇴근시에 한정거장은 따릉이로 운동하고, 퇴근후엔 집근처 공원으로 운동하고옵니다. 많은 사람들이 이용하는거라 가끔 상태가 좋지않는 자전거도 있지만 대체적으로 관리가 잘되어있어 이용하는게 큰 불편함은 없습니다. 앱에서 제공하는 서비스도 점점 좋아져서 만족하면서 타고있습니다."
sth merchendising,1,2021-05-19 22:45:30,예전에는 진짜 대여하는데 1분도 안걸렸는데 업데이트 이후에 QR코드 인증하고 대기하는데만 수 분이 걸려서 불편해요
신기현,1,2021-05-19 22:32:53,일주일에 4일은 따릉이가 없어서 사용하지 못하고 있습니다 대여소가 출발지역 근처 4개 도착지역 근처 6개가 있는데 이용 시간대에 자전거가 없어서 걸어다니는 중입니다. 빈 대여소를 하루 3곳 이상 지나치면 이용권 연장 같은 서비스라도 줄 수 없나요?
SY (-),4,2021-05-19 21:41:29,"따릉이 서비스 자체는 너무나도 만족하며 이용하고 있습니다! 하지만 리뉴얼 되고 대여와 반납 처리에 오류가 전보다 잦은거 같아요ㅠ 대여할 때에도 오류가 생겼다고 하더니 대여 중이라고 뜨고, 반납할 때는 레버를 잘 내렸는데 반납 처리가 안되고ㅠ 반납처리가 잘 안되어서 콜센터에 몇번 전화했더니 다음부터는 직접 가서 처리하라고;;; 대여와 반납 처리 부분은 조금 더 개선해주시길 바랍니다! 다른 기능들은 엄청 만족스럽고 애용 중입니다 :D"
gui sup Lim,5,2021-05-19 18:16:21,따릉이 앱이 개선되어 편리하게 사용할수 있게되었네요ᆢ^^ 항상 많은 관심으로 이용 편리하게 개선함에 감사드립니다.
Sunha Park,4,2021-05-19 15:44:17,업데이트하고 확실히 자전거 인식률이 좋아졌어요 그런데 내정보보기하고 뒤로가면 첫 로딩화면에서 오래 머무네요
메리야스,1,2021-05-19 14:40:06,앱 새로나오면서 카메라인식도 안되고 연결도 잘안되네요. 따릉이 이용하기 힘들어짐
hanna,5,2021-05-19 13:43:32,"서울 자전거 따릉이, 출퇴근시 사용합니다 저렴한 일일권(서울페이는 추가 할인)을 사용 하다가 180일 정액권을 결재하였습니다. 여러곳에 서울시 자전거 거치대가 있어서 가까운 곳에 자전거가 없어도 인근에 다른곳에 대여가능한 자전거를 금방 조회해서 대여할 수 있습니다 주말에는 동네 산책이나 가까운 장 볼때도 함께하는 따릉이 추천합니다"
김진형,5,2021-05-19 12:47:16,잘쓰고 있어요
최민주,5,2021-05-19 09:28:31,자전거 잃어버릴 걱정없고 대여소도 많아서 너무 좋아요. 우울했는데...따릉이 덕분에 많이 나아졌어요^^ 정기권 끊는게 필수가 되어버렸요.
슬기쿠,4,2021-05-19 07:11:58,"좋아요♡ 덕분에 차비많이아끼고,,, 대여소가 더 많이 생겼으면 좋겠어요ㅜㅜ"
김승원,5,2021-05-18 20:21:25,따릉이는 히트입니다 너무편해요 교통비도 아낄수있고 건강해지고 최고!!
Hazel,5,2021-05-18 17:57:30,"자취를 하면 원룸에 자전거를 두기 힘든데, 따릉이가 곳곳에 설치 되어있어 편리합니다! :) 저는 대중 교통을 이용하기 애매할때나, 친구들과 함께 운동 하기 원할때 이용하고 있어요! 따릉이로 자전거운전도 연습하니 훨씬 자전거를 잘 타게 되었습니다! 야간에는 자동으로 후레쉬등이 작동되어서 어두운 길도 안전하게 운전이 가능해요~ 가장 좋은점은 결제한 이용시간을 하루내 반납하고 언제든 다시 대여할수 있는 점이 너무 좋습니다. ! 그 덕분에 교통비도 아끼고 운동도 하면서 바람도 쐴수 있어요 <3 <3 <3 또한 대여소에 따릉이가 부족한 경우 따릉이요청을 하면 바로 대여소에 자전거가 오는것이 너무 신기하고 좋았습니다 !"
김정현,4,2021-05-18 17:54:07,원래 타던 자전거가 있다보니 핸들 움직이는게 조금 불편했지만 생각보다 편하게 이용해서 좋았습니다.
신유정,5,2021-05-18 17:14:20,어디서나 사용 가능해서 편리해요! 잔여 자전거도 한눈에 볼 수 있어서 좋아요😄
위카디,5,2021-05-18 16:03:42,"리뉴얼전에비해 앱 무게, 구동속도가 확 좋아지고 대여와 반납알람, 자전거 코드입력을 통한 대여, ui 등 많은 부분의 편의성이 좋습니다. 반납오류나 건의 등 고객센터 문의글을 남기면 밤중에도 바로 반납처리해주고 답변도 빨리 달려서 참 편합니다."
일각수,5,2021-05-18 15:47:34,앱이 사용하기 쉽고 좋네요. 앞으로도 자주 애용하겠습니다.
붕어빵tv,5,2021-05-18 15:08:10,필요할때 서울 어디서든 이용할 수 있는 정말 유용한 서비스입니다. 감사합니다.
김시원,5,2021-05-18 15:00:12,"앱 개선 이후 자전거 연결이 더 느려진 것 같아요. 디자인, 시인성은 훨씬 좋아졌고 사용하기에도 편리해요."
lightracer,5,2021-05-18 14:44:43,"하루 한 시간, 운동하기 너무 좋습니다. 봄날에 중랑천과 한강변을 달리면 기분도 좋아집니다. 자전거 관리도 잘 해줘서 매일 좋은 컨디션의 자전거를 탈 수 있습니다."
허성용,5,2021-05-18 14:39:40,서울 어디서나 이용 가능하며 반납 또한 편합니다.
Taehyun Yoo,5,2021-05-18 14:29:59,너무 편리해서 자주 사용합니다
조유현,4,2021-05-18 14:28:38,블투 안키고 큐알찍으면 앱을 다시 껐다 켜야하는데 불편해요.
윤그랜트,5,2021-05-18 14:19:15,따릉이덕에 원하는 시간 원하는 장소에서 자전거를 타고싶을때 간단히 바람쐬고싶을때 탈수있어 너무 좋습니다 어플도 리뉴얼이 되고나서 더 편리하고 간편하게 쓰기좋아진거같아 좋습니다.
KU AN,4,2021-05-18 14:04:49,"가끔 오류가 나서 반납처리가 안되는 경우가 있어서 속상한데, 기본적으로 너무 좋습니다! 관리도 괜찮게 되는 편이고 가격이 싸서 근처 돌아다니거나 운동할때 요긴하게 쓰고있어요!"
martin Shin,4,2021-05-18 13:58:24,이전보다 어플 속도도 빠르고 전체적으로 부드러워 보여서 좋네요. 이전 버전과 달라진 것 중 리소스 업데이트를 어플 실행한 때마다 하라고 하는게 있는데 이건 좀 불편합니다 매번 말고 주기적으로 할 수 있도록 설정 필요해보이네요
도로로로록,5,2021-05-18 13:58:09,진짜 이거 전국으로 확대됐으면 좋겠어요 너무 편하고 가성비 갓bb 근데 따릉이 앱 내에서 지도 길찾기같은 기능도 있었으면 좋겠어요 어디 타고 갈때 지도랑 대조해가면서 보니까 쪼끔 불편해요 그리고 고장나서 대여가 안되는 자전거는 조회했을때 그 수에서 제외해서 표시됐으면좋겠어요 있는줄알고갔는데 다 고장으로 뜨는 경우도있어서...ㅜㅜ +몇개 자전거는 QR코드나 번호를 입력해도 연결중 뜨다가 그냥 다시 메인 창으로 돌아가면서 대여가 안되는 경우도있어요
이필성,5,2021-05-18 13:54:20,타고싶을때이용할수있어서너무좋아요
김도완,5,2021-05-18 13:51:33,가성비 짱!
Honey Rice cake (꿀떡),5,2021-05-18 13:50:56,아주 편합니다. 열자마자 QR스캔도 할 수 있어요.
Sha Kim (Sha),5,2021-05-18 13:50:14,잘 사용하고 있습니다만 고장신고메뉴가 메인에 있음 좋겠습니다
johans gate,4,2021-05-18 13:49:29,따릉이 선택후 앱을 닫아안되는데 백키가 메인화면에서 안먹어서 지도 탭으로 이동후 백키로 닫아야됨. 안드기준. 귀찮음. 따릉이 서비스는 좋음.
Ruben Choi,5,2021-05-18 13:48:39,실시간으로 편리하게 사용할 수 있습니다. 앱은 나무랄 데 없이 잘 되어있고 다만 따릉이가 더 많이 보급되면 좋겠습니다.
대치동 매듭 쌤!최민정 너나들이,5,2021-05-18 13:47:59,곳곳에 설치도 잘되어 있고 고객센터 상담사 분들도 친절하고 너무 편리 합니다.
김찬영,5,2021-05-18 13:47:58,"확실히 업데이트 이후 이용하기는 훨씬 수월해졌습니다. 다만, 한두번씩 블루투스 인식을 못하는 경우도 있는데 이 부분만 확실하게 해주시면 좋을것 같습니다. 요새, 대여소도 부쩍 늘어났고 이용시간이나 다양한 정보들 앱 상에서 아이콘 등이 훨씬 보기 편해져서 만족합니다. 감사합니다."
박주희,4,2021-05-18 13:47:43,요즘은 따릉이 대여소가 많아져서 너무 좋은데 밀집지역은 많은데 그렇게 않은부분은 너무 적어서 골고루 많았으면 좋겠어여 그거 말고는 너무 편리하고 좋아용><
nathan Rothchild,5,2021-05-18 13:45:21,진짜 저렴하게 자전거를 탈수있게 해주는 앱 자전거 상태도 괜찮아서 자주이용합니다 ㅎ
HN J,3,2021-05-18 13:45:08,대여반납이력조회기간이 왜이렇게 짧아졌나요? 지금 한달분밖에안돼요!! 예전엔 몇달전도 확인가능했는데 개악됐어요 다시 돌려놓았으면좋겠어요!!..
김경연 (haal9999),5,2021-05-18 13:44:55,"따릉이 없는 삶은 상상할수없다,,,,,"
Hyun Suk Kim,5,2021-05-18 13:43:06,고마운 서울시 자전거입니다. 감사합니다
버드나무,4,2021-05-18 11:40:12,주변에서 편리하게 이용할 수 있고 저렴하게 이용할 수 있어 좋습니다. 어플 사용도 어렵지 않아 이용에 편리합니다
안주희,4,2021-05-18 11:34:01,따릉이 넘 잘이용하고 있다 그런데 최근 업데이트를 계속하라고 하고 제로페이결제가 잘안된다
허성환,5,2021-05-17 22:30:27,서울 곳곳을 따릉이로 갈수 있다는게 너무 좋습니다. 대중교통을 타기에 애매한 거리는 따릉이를 이용하려고 하고있습니다. 블루투스 이어폰을 이용할때 이용이 안된다는게 조금 아쉬운 점이지만 안전을 위해선 안쓰는게 좋겠죠..ㅎ
허성환,5,2021-05-17 22:21:31,"앱을 통해서 따릉이 위치를 찾기 쉽고, 곳곳에 따릉이가 많이 생기고 있어서 생활에 밀접해있다. 무엇보다도 신형 자전거가 많아져 이전에는 자전거를 대여했는데 고장난 자전거라서 다시 반납하고 대여해야되는 불편함이 있었지만 이러한 불편함이 해소됐다."
Hyeji Hwang,5,2021-05-17 21:31:23,가까운 거리 가기 좋아요
ds1rmu,5,2021-05-17 18:53:12,바구니가있어서편함
최진석,5,2021-05-17 18:44:38,연결이 오류 없이 조금 더 빨랐으면 좋겠습니다.
Em Dani,4,2021-05-17 18:44:19,전반적으로 깔끔하긴한데 가끔 바코드 인식이 늦게되던지 안되던지하는부분 개선이 필요해요
하지영,5,2021-05-17 16:38:22,"따릉이 너무 잘 타고 있어서 늘 감사하고 있어요! 리뉴얼 되고나서 깔끔해지고 빨라진 것 같아요. 이전에는 버벅거리는 일이 많아서 무겁다고 느꼈는데 리뉴얼 후에는 좀 더 검색도 잘 되고, 연결도 빨리 잘 되는 것 같아요! 그리고 이젠 고장신고 내역도 볼 수 있어서 좋은 것 같아요. 이전엔 신고를 하긴 했는데 어떻게 처리되는지 알 수가 없었거든요! 아, 그리고 거리랑 시간, 이용 위치, 탄소 감축량 같은 내역이 정확하게 기록되어서 너무너무 좋아요!!!! 리뉴얼 전에는 거리랑 시간조차 기록이 안 될 때가 많아서 이용내역 확인하면서 늘 불편했거든요! 정류장도 많이 늘어난 것 같아서 좋더라구요~ 좋은 방향으로 개선이 많이 된 만큼 앞으로도 애용할게요!"
seungji Baek,4,2021-05-17 15:44:43,"무선이어폰 연결시에도 블루투스 연결 가능했으면 좋겠습니다. 또한 고장신고 접수돼 대여불가능한 대수는 잔여대수에서 제외해 오인하지않고, 직관적으로 대여가능대수를 볼 수 있었으면 합니다."
서광열,4,2021-05-17 15:19:13,가격도 저렴하고 이용하기 편하며 좋으나 가끔 반납이 안돼 전화하는 불편함과 고장이 나도 수리가안돼 있어 방치되는 경우가있어 시정되면 매우 유용하겠습니다
김성완,4,2021-05-17 15:02:07,퇴근할 때 양재동 인근에 있는 따릉이를 즐겨타는데 자전거가 없을 때가 많아서 아쉽습니다 많이 자전거가 배치 되면 좋겠어요
닭만모찌,5,2021-05-17 15:00:42,좋아여
Peter Choi,5,2021-05-17 14:47:24,업데이트 하면서 훨씬 좋아졌네요!
요롱,5,2021-05-17 14:42:32,서울시 공유자전거가 있어서 잘 쓰고 있어요!
최준호,5,2021-05-17 14:25:14,출근길 퇴근길 언제든 길막히는 버스보다는 따릉이죠. 항상 잘이용하고있습니다
이ᄒᄒ,4,2021-05-17 14:16:05,"리뉴얼된 앱이 좀더 세련된 느낌이 생겨 좋습니다만 한가지 아쉬운 점은 내정보-대여반납이력에서 1회 따릉이 이용한 내역에 대해 전에는 칼로리가 나와있었던거같은데 지금은 이용시간만 나와있는것입니다. 10, 20, 30일 기간으로 조회한 내역에 대해서만 칼로리가 나오는 점이 아쉽습니다 전처럼 1회 대여-반납한 내역에도 칼로리가 표시되었으면 좋겠습니다"
정주희,5,2021-05-17 14:15:42,예전에비해 어플작동속도가빨라졌어요 예전엔 큐알인증시 화면전환이 느려서 와이파이가 잘안터지는 곳에선 큐알창이늦게 떴는데 이부분이 개선되어 지금은 많이편리해졌습니다
허다빈,5,2021-05-17 14:09:47,비오는 날을 제외하고는 거의 매일 이용하는데 쓰면서 불편한 점은 못느꼈습니다. 그리고 자전거가 신형들이 많아지면서 편해졌고 QR코드 또한 빠르게 인식하여 대여와 반납이 쉬워 누구나 사용할 수있습니다.
임명일,5,2021-05-17 14:03:52,내가 원하면 언제어디든 사용할수있는 나의 자가용. 항상 최상의 상태로 관리해주셔서 감사합니다 항상 감사하면서 이용하고 있습니다^^
이현규 (GreenishGrey),5,2021-05-17 13:59:41,LCD 따릉이는 이제 운영 안하는게 좋을 것 같습니다
홍성아,5,2021-05-17 13:57:54,어디든 세울수있어서 좋아요
박선영,5,2021-05-17 13:57:27,아쉬운것 어디에 있는지보고싶운데거리제한이 있었어 아쉬워요 ㅜ그것빼고 편하게 잘이용하고 있습니다 감사합니다
문나리자,5,2021-05-17 13:49:16,"전보다 로그인도 빠르고, 결제도 개선되고, 점점 편리해지고 있는 거 같아요:) 잘 활용하고 있습니다."
인절밍,5,2021-05-17 13:41:44,처음 연결할 때는 헷갈렸는데 반년째 수시로 꾸준히 이용하다보니 따릉이 없었으면 이렇게 돌아다니지 못했겠지 생각이 들 정도로 생활속 편안함에 자리 잡혔습니다. 늘 애용하고 있구요! 블루투스 미 연결에서 대여하는 과정에 블루투스가 연결되면 한 번 취소 했다가 연결하는게 더 빠릅니다. (대여 전 블루투스 키고 연결하시길 추천드려요.)
Abraham Mook,5,2021-05-17 13:38:33,업데이트되면서 지도앱이 좀더 3D화되어서 보기가 편해요!! 따릉이 없는 지역에 위치 추가할 수 있는 제안창도 추가로 넣어주시면 좋을 것 같아요!
진이츄,5,2021-05-17 13:37:45,"예전보다 보기 편해지고 따릉이 빌릴수있는곳도 늘어나서 점점 좋아지는것 같아요. 그래도 아직 저같은 20~30대는 이용이 쉽지만, 40~50대가 이용하기에는 조금 어려움이 있는것같아요. 가입이 조금 더 쉽고 결제가 조금 더 쉬워진다면 남녀노소 더 많이 이용할 수 있지 않을까싶어요!"
J mino,5,2021-05-17 13:37:19,너무 좋아요~ 출퇴근시 애용 하고 있습니다. 어플도 직관적으로 활용이 편해요
꼬꼬,4,2021-05-17 13:36:00,"잘 이용하고 있습니다 앞으로도 계속 발전하는 어플이 되었으면 합니다 화이팅 좋은점 : 지도에 실시간 자전거 위치 확인 가능(시안성 개선), 대여 방법도 익숙해지면 편리합니다, 메뉴도 보기가 편합니다 개선점 : 일부 어플 오류(대여가 안된다든지 반납 후 재대여 할 때 다소 느린 반응, 지도 확대 및 축소 반응 등입니다"
Jasmine Kim,4,2021-05-17 13:35:26,앱 리뉴얼하고 많이 보기 좋아졌어요~ 자전거 지도랑 연동되는 기능 같은거 있으면 더 좋을거 같아요.
신동환,4,2021-05-17 13:35:23,제가 서울에 살고 싶은 이유 중 하나가 따릉이 입니다. 자전거 크기가 제각각이라 불편한 것 빼고는 다 좋습니다.
김미영,5,2021-05-17 13:34:01,아주좋아요..따릉이 대여소도 많아서 좋고 대여 반납하는 방법도 수월하고..가끔 반납을 깜밖할때도 있긴한데. .전반적으로 아주 좋아요
HB,5,2021-05-17 13:33:46,이전보다 사용이 편리해져서 좋습니다. 다만 간혹가다 연결이 잘 안되는 현상이 있는 부분이 조금 아쉽습니다. 또한 화면 전환이 가끔 버벅거리는 경우가 있어서 그러한 부분에서 개선이 필요하다고 생각합니다.
조상희,5,2021-05-17 13:33:04,따릉이 앱 너무 잘 애용하고 있어요^^
김혜영,4,2021-05-17 13:33:01,사용하기는 좋은데 가끔 먹통이 되고 인식이 잘 안되는게 문제네요
도로변,4,2021-05-17 13:32:00,반납할 수 있는 반경을 넓혀주셨으면 좋겠습니다. 예를들어 지하철 입구에 일반자전거 주차장에도 반납이 가능하도록 해주시면 좋을 것 같습니다.
Jaesoo Kim,5,2021-05-17 13:31:02,저렴한 비용의 최고 교통수단입니다. 건강을 위해서 대중교통을 포기하고 자전거를 타고다닙니다. 환경도 살리니 일석삼조 이상의 효과를 낼 수 있습니다.
Stella,5,2021-05-17 13:30:46,"친구랑 밤에 함께 운동할겸 타는데 너무 좋더라구요ㅠㅠ!! 지도로 따릉이가 어디에 몇 대 남아있는지도 실시간으로 확인 가능하고, 남는 시간도 때그때 확인 가능하니까 편하게 잘 탈 수 있는 것 같아요! 자전거 좋아하시는 분들께 강추드립니다 ㅎㅎ"
김국화,5,2021-05-17 13:28:48,거치정거장이 많아지고 하여.. 가까운 거리 또는 대중교통이 애매할때 이용하기 좋고 정기결제 금액도 저렴해서 최곱니다
백주영,5,2021-05-17 13:27:01,앱 새로제작해서 별1에서 별5점 드림. 중간에 임시잠금기능 좋음. 지금의 단점은 어느곳은 따릉이 포화상태. 어느곳은 따릉이 부족상태. 이동인구 때문에 어쩔수 없지만. 많이 아쉬운 부분.
얼음땡,5,2021-05-17 13:25:29,정거장과 정거장 사이 역과 역사이 나와 우리의 시간과 공간을 좁혀주는 따릉이가 있어서 너무 편안합니다.
Jh “ᄏᄏᄏ11” Kim,5,2021-05-17 13:25:11,아주 유용하거 잘타고있습니다. 주말마다 비가와서 주말에는 잘못타지만ㅠㅠ 평일저녁이나 가까운곳갈때 잘타고있어요. 1달 정액권도 샀어요ㅋ아쉬운건 우리집근처 라인에 있었으면 좋겠는데ㅠㅜ맨날 횡단보도 건너서타니 불편ㅜㅜ암튼 좋아요 자주애용하께요
홍희정,5,2021-05-17 13:24:47,첨엔 너무불편한점이 많았는데 대부분 qr로 바뀌면서 사용이 훨씬편해졌어요 블루투스이어폰 사용중에도 자전거 인식도 잘되서 감동이긴한데 qr자동인식이 너무안되서 그게 좀 불편하네요
오정민,5,2021-05-17 13:23:26,"저렴한 가격으로 운동, 교통비 둘다 잡았습니다~~^^"
chanhee P,5,2021-05-17 13:10:23,"운동을 시작하면서 가장 애용하고 있습니다~~덕분에 안양천과 한강을 자전거로 오고가며, 도심 속의 힐링을 제대로 하고 있어요^^ 덕분에 자전거 타기라는 좋아하는 운동도 생기고, 더불어 반납 시 뜨는 알림창을 보며 환경 생각도 하게 되니, 저에게도 환경에게도 너무 좋아요~! 감사하며 사업이 더 확장될 수 있도록 노력해주세요:)"
조나단,5,2021-05-17 11:58:34,서울따릉이앱을 잘 이용하고 있습니다 QR코드인식이 잘되고 빨리 진행이 되어 감사합니다
changhyo Kim,4,2021-05-17 10:41:30,단거리 극복에 매우 유용하다. QR코드 방식은 편하다.
신동민,5,2021-05-16 15:15:38,"따릉이 대여소도 점점 늘어나고, 큐알코드 인식도 점점 잘되고 해서 잘 사용하고 있어요"
박희라,5,2021-05-16 13:25:43,업데이트되고 따릉이 연결이 빨라져서 편해요...
룡탱,4,2021-05-16 12:49:50,따릉이 좋아요
김남희,5,2021-05-16 11:47:04,따릉이 출퇴근할때마다 잘 이용하고 있습니다. 최근에 바뀐 앱으로 따릉이 위치가 더 잘 파악되서 좋네요~b
조윤주,5,2021-05-15 11:07:20,지도도 알아보기 쉽게 잘되어 있고 고장신고 등 기능사용이 잘 구성되어있어요
김진성,5,2021-05-15 08:16:58,출퇴근시간과 휴일에 운동하기좋아요~ 따릉이의 매력유 푹빠졌네요~
달구,5,2021-05-15 00:10:34,업뎃후 qr코드도 안읽히고 자전거 번호를 적어도 기다리라는 말만 뜨고 대여가 안됩니다
nancy cool,5,2021-05-14 21:50:00,최고의 시민서비스
박선영,5,2021-05-14 20:41:54,대여시간전에 반납하면 재대여가 되는걸 알고 필요시 가족과 대여합니나
doyeun cho,5,2021-05-14 18:03:17,새로운 앱이 이전 앱보다 초기에는 오류도 많고 연결이용에 불편이 있었으나 시간이 지나며 안정화 되어가고 있으며 넓은지역 자전거 현황을 지도화로 한 눈에 볼수있는 장점이 두드러진
윤창호,5,2021-05-14 17:53:22,따릉이 좋아효
미오오옹,1,2021-05-14 17:33:56,a31따릉이 이용권결제 안됨 ㅠ 시간만버림
김또나,5,2021-05-14 15:53:28,기분전환이나 대중교통은 애매한 곳에 갈 때 아주유용합니다 간혹 관리가 잘 안된 자전거들도 있지만 그래도 아주 만족하며타고있어요!!^-^그치만 앱이용시 앱에서 2시간으로 바꿀 수있는 기능이있음 좋겠어요 아직 정류소가 많은곳이 아니면 타고갔다가 난감한 구간이 있더라구요ㅠㅠ 화이팅!!♥
음료수자판기,5,2021-05-14 15:43:02,좋다좋아
Dong Eun Kim,4,2021-05-14 15:30:32,자전거를 따릉이로 배웠어요~ 가격도 편의성도 다 좋습니다! 서울 어디든 갈 수 있어 좋아요. 블루투스 연결로 자전거 잠금 해제를 시도할 때 첫 시도에는 거의 항상 실패해서 두 세번 해야 연결되는 건 불편하지만 그것 빼고는 크게 불편함을 못 느낍니다. 물론 일반 자전거보다는 투박하고 무겁지만 간편해서 요즘처럼 날씨 좋을 때 따릉이를 몰아타고 있습니다ㅎㅎ
Yundi Korea,4,2021-05-14 15:05:21,안드로이드폰 블루투스 페어링이 안될경우 무선블루투스 이어폰을끄고 시도해도 따릉이 대여가 안되는 문제가 간혹 발견되는거만 개선하면 완벽해요. 제로페이 결제도 잘되고 잘 이용하고 있어요.
이예린,5,2021-05-14 14:59:42,리뉴얼업데이트되어서너무편리하고좋아요!!!!대여소에따릉이가많을때에는어떤게고장난따릉이인지알기힘들었는데점검중인따릉이번호를알수있어서고장난따릉이는피해서탈수있다는게너무좋습니다!!앞으로더많이이용할거에요!!!
영선tv,5,2021-05-14 14:56:51,운동삼아 좋아요~ 자전거 상채도 좋습니다
정승호,4,2021-05-14 14:47:38,"우선 큐알코드로 바뀌게 되면서 자동으로 결착이 해제됨은 매우편해졌습니다. 하지만, 큐알코드인식이 안되는 경우도 빈번히 존재하여 번호로 입력해야하는 경우도 종종있습니다. 또한, 분명 자전거는 거치되어있음에도 불구하고 여러사유로 대여가 불가한 경우(배터리, 수리, 이미 대여중 등)도 존재하기에 이 부분만 해결되면 최고의 서울 따릉이가 될 것 같습니다."
길송하,5,2021-05-14 14:26:55,좋습니다
모나코레전드,4,2021-05-14 14:18:23,확실히 리뉴얼 되고나서 글씨도 커지구 위치를 쉽게볼수 있어 좋아진것 같아요
Minhee Hello,5,2021-05-14 14:14:03,앱이 리뉴얼되면서 조금 빨라진 느낌듭니다 지도와 연계되어 잘사용하고있어요 가끔 연결이 안될경우 연결안되는 자전거라고 빠르게 떴으면 좋겠어요
Seong Gyoon Hong,5,2021-05-14 14:08:42,"업데이트 되고나서 편하고 쉽게 사용할 수 있네요. 간혹 QR오류, 제로페이 결제오류도 간간히 있긴 하지만 결국에는 되긴 하더라구요."
오디너리안,4,2021-05-14 14:05:36,보관소 관리나 헬맷착용등 안전문제가 있지만 정말 좋은 교통시스템인것은 확실합니다! 이용 많이 하고 있어요.
김영옥,5,2021-05-14 14:01:56,대여시마다 카톡 안와서 좋아요 깔끔하고 보기도 좋아요. 근데 아침에 바쁜데 대여가 빨리 안돼요 대여취소하고 다른자전거 번호 누르고 그것만 바꿔주시면 퍼펙트 그리고 저 타는데 자전거가 잘 없어요 많이 배치 부탁드려요ㅠ
이제원,4,2021-05-14 14:01:01,단거리 이동 출퇴근 운동 용도로 잘 쓰고 있습니다. ㅎ 그런데 최근 반납처리가 된줄 알았는데 안된 경우가 있어서 당황했습니다 안내전화 받으신 분이 반납처리 해주셔서 잘 해결되긴 했습니다.
정덕형,4,2021-05-14 13:56:47,블루투스 인식이 잘 안 되거나 아예 앱이 먹통이 되는 경위 가끔 있네요. 개선해 주세요 ^^
김재민,5,2021-05-14 13:52:16,아주 좋아용
신현주,4,2021-05-14 13:48:12,편리하고 좋습니다 그러나 아직도 좀 복잡해서 이용권 등록및 이용할때 헷갈리기도 합니다- 어디에 들어있는지 모르게 들어있음. 그리고 번호입력하고 하는 이전 자전거는 아예 대여가 복잡해서 없앴으면 합니다. 그 자전거는 그림의 떡입니다 있어도 대여 성공해본 적 없음.
us Just,5,2021-05-14 13:42:22,많은 사람들이 이용했으면 좋겠어요
띠아모,3,2021-05-14 13:42:17,"반납완료 해도 대여 중으로 표시되며, 통신두절 팝업이 자주 뜸. 반납완료 후, 프로세스를 종료하고 따릉이앱을 재시작하면 대여가능 상태로 보임"
스냅제이SnapJ,5,2021-05-14 13:41:48,확실히 빠르고 깔끔해졌어요
강수정,3,2021-05-14 13:41:08,직접반을할때 거리가 가까운데도 대여소사 아니라고 뜨내영..업데하면서 에러가된거같은디 고쳐쥬세요
ORORA KIM,5,2021-05-14 13:40:36,따릉이 덕분에 요즘 너무 좋아요~~~ 좋은날씨에 쉽게 운동도 할수있고 더 건강해진거같아요!! ㅣ다이어트도 자동으로 되고 운동도하고 일주일에 두번씩 한달 타고 넘 좋아서 다시 한달치 끊고 이용중이예요!!! 따릉이 안없어지고 계속있었음좋겠어요!!!
정민,4,2021-05-14 13:40:15,디자인이 좋아졌습니다 자전거 사용 중간에 잠금장치 사용후 해제시 해제화면이 안뜨는 경우가 있었는데 앱을 껐다켜니해결되었습니다
끼끼순,5,2021-05-14 13:40:12,"매우 편리한 이동수단으로 출퇴근에 잘 타고 다닙니다^^ 몇년전에 자전거 잃어버리고 한동안 대중교통 이용했는데, 따릉이 도입후 잘 사용하고있어요. 앱도 사용하기 편리하고 활용도가 매우 좋아요 감사합니다"
문선희,5,2021-05-14 13:39:58,전보다 많이 업그레이드 됐어요 사용이 편리해졌어요
살라딘,2,2021-05-14 13:39:04,리뉴얼하고 반응 느려짐
임인영,4,2021-05-14 13:38:54,"대여, 반납까지 했는데 그날 대여기록에 아예 없었던 적이 있습니다. 그리고 반납하려고 보니 어플에 오류가 생겨서 앱을 아예 닫고 다시 열어야만 사용가능할 때도 있구요. 그 외에는 아주 잘 사용하고 있어요. 감사합니다~"
H can,5,2021-05-14 13:38:54,너무 잘쓰고 있습니다
고은혜,4,2021-05-14 13:38:32,업데이트 이후에 큐알 인식이 잘 안되고 대여도 한번에 안 되는 등 어플에 오류가 많은거 같아요 항상 편하게 잘 타고 있지만 어플 개선은 필요할것 같습니다
Terry Kim,5,2021-05-14 13:37:54,이전보다 더 편하게 이용하고 있습니다. 감사합니다.
민수,5,2021-05-14 13:36:43,훨신 깔끔해져서 사용하기 편리해졌어요!!
오정숙,5,2021-05-14 13:33:05,가끔 접속이 느리지만 정말 좋아요~~~
cr p,4,2021-05-14 13:32:37,바뀌어서 UI는 깔끔하고 좋은데 현위치 근처 따릉이만 보이는게 아쉬워요..다른 지역 따릉이 위치도 알고싶어요
ᄉᄋ,5,2021-05-14 09:40:56,따릉이 때문에 삶의 질이 올라갔어요 따릉이 사랑해 사랑해 알러뷰
유동현,5,2021-05-14 09:12:21,너무 좋아서 1년치 결재했어요.
한혁수,4,2021-05-14 08:59:27,다 좋은데 지도 이동하면 새로고침해야 볼수있는거 수정바랍니다
경무한,5,2021-05-14 03:27:26,따릉이 리뉴얼 된거 예쁘고 쓰기 간편했어요. 따릉이가 오랫동안 있었르면 좋겠습니다. 근데 처음에 들어갈때 자전거 나오는 장면에서 이어폰을 끼고있으면 노래가 자동으로 멈추 현상이 생기는 것만 고쳐주시면 좋늘겨같아요
JK Kim,4,2021-05-13 20:27:02,앱이 갑자기 바뀌어 좀 당황스러웠지만 기능이 개선되었을 것이라 믿고싶다.
이주현,5,2021-05-13 20:26:35,최고에요~ 블루투스 페어링이 잘 안될때도 있지만 그럴 땐 바로 취소했다 다시 연결하면 잘 잡혀요~ 요즘 빌릴 수 있는 곳이 더 많아져서 잘 타고 있습니다 앱도 직관적이라 쓰기 편합니다 별점 백개라도 주고 싶네요👍
하늘나비,5,2021-05-13 18:14:23,반납확인은 그자리에서 꼭 하고 가야해요! 근처에 더 많이 생겼으면 좋겠습니다. 따릉이 너무 좋아요.
Google 사용자,1,2021-05-13 18:12:14,타고 싶어서 결제 다 해놨는데 추가 배치 요청을 아무리 해도 자전거가 없어요
김훈,3,2021-05-13 17:43:28,실행시 리소스 업데이트가 자주 됩니다 자동으로 실행하도록 설정되는 기능이 필요합니다 그리고 오류가 많이 떠요 99? 무슨 오류등 앱 안정화가 필요해요
Inyoung Joo,4,2021-05-13 16:35:18,예전보단 확실히 깔끔해지고 대여도 간편해지긴 했어요! 다만 QR코드 자전거의 경우 반납할때 대여소에가서 락 걸었는데도 반납 인식이 잘안되는 경우가 종종 있더라구요 ㅠㅠ 그거 말고는 너무 잘 타고 있습니다 건강도 챙기고 자전거도 저렴하게 타고 너무 좋아욥
한은경,4,2021-05-13 15:54:41,가끔 큐알코드로 자전거 대여 시 에러 나는 문제가 있지만 에러 발생 관련 어플에 상세안내가 되어있어 안내대로 하면 해결됩니다.
권혁주,5,2021-05-13 15:00:19,앱 바뀌고 가끔 오류가나 불편하지만 그런대로 괜찮아용
kate Lee,5,2021-05-13 14:32:43,너무 편리하고 좋습니다.건강도 챙기고 차비도 아끼고😊👍💕
댕댕,5,2021-05-13 14:30:19,쉽고 편리합니다. 하지만 가끔 연결이 오래걸릴때가 있습니다. 블루투스 이어폰 쓰고있으면 두세번 정도 시도해야 연결 됩니다. 고장신고 버튼같은것도 반납할때 입력하도록 바뀌면 좋겠어요. 가끔 이상하게 덜덜 거리는 자전거를 빌리게되면 고장신고를 어떻게 하는지 몰라서 그냥 반납합니다.
밤톨,5,2021-05-13 14:28:45,한달권끊어서 잘 쓰고 있어요! 출근시간 늦을때 요긴하게 쓰고 있습니다. 고객센터도 전화연결 생각보다 잘되어서 좋아요 !!
Hyeon,4,2021-05-13 14:28:14,확실히 이전과는 다른 인터페이스가 자전거를 대여하는데 있어서는 편리하고 보기좋네요! 오류가 가끔 나는 부분만 수정하면 좋을듯해요!
ᄀᄂᄃ,5,2021-05-13 14:19:08,"따릉이 정말 좋습니다. 앱은 티머니고보다 연결이 잘되서 정말 좋습니다. 티머니고가 먹통일 때 따릉이 앱은 잘 작동합니다. 따릉이에 대한 의견을 남겨도 되는지는 모르겠지만, 자주 이용하다보니 브레이크가 작동이 잘 안되는 자전거를 많이 타네요. 일반인이 할 수 있는 것이라면 안내를 해주었으면 합니다."
최형석,5,2021-05-13 14:18:11,편리하게 대여할수 있어서 너무 좋네요. 큐알코드 읽고 잠금해제되는 시간이 좀더 짧았으면 더 좋을거 같아요. 앱이용은 전반적으로 만족합니다.
성달호,5,2021-05-13 14:12:16,이전 버전에서 대여 취소가 힘들었는데 새로운 버전에서는 쉽게 취소가 가능했어요 지도도 보기 쉽게 변경되었네요
Kim No a,5,2021-05-13 14:08:46,운동삼아 타고 있는데 잠시잠깐 필요할 때에도 아주아주 유용합니다!
donghyun seo,4,2021-05-13 14:08:21,"따릉이를 필요할때마다 일일권으로 사용하는 사용자입니다. 저는개인적으로 사용하기너무편리하고 좋은거같고, 경제적인 이동수단인거같아 좋네요 개선했으몀하는건 자전거의 상태가 간혹 너무않좋아 사고가날뻔한기억이 있습니다 (안장이 주저앉거나 바퀴에 바람이 없거나 등등) 자전거가 너무많긴하지만 지속적으로 관리해주시면좋을꺼같습니다 건의사항으로는 따릉이앱에도 네비게이션같이 자전거 네비기능이들어갔으면 좋겟습니다. 뭐 집중적으로 타는건아니지만 꽤괜찮은 사회복지시스템같네요~!"
Meda,5,2021-05-13 13:58:28,QR인식하고 한번에 안풀릴때가 많았는데 이제 잘풀리네요 UI도 개선되어 좋아요
BS KOO,5,2021-05-13 13:57:25,언제 어디든 든든한~ 덕분에 언제 어디서든지 집으로 올수있어요~
Sim Seon Bo,5,2021-05-13 13:55:40,사용하는데 편리하고 실생활에 유용한 앱 입니다
HYEYEON JEON,5,2021-05-13 13:54:59,출퇴근과 주말운동에 너무 좋아요. 자전거 상태도 관리가 잘 되니 어디서든 편리하게 잘 타고 다니고 있습니다.
김윤섭,5,2021-05-13 13:53:46,바뀐 디자인이 굉장히 깔끔하여 이해하기 쉽고 좋습니다
YOUNGKYU PARK,5,2021-05-13 13:52:21,편리하고 저렴하게 잘쓰고 있으니 5세훈이는 괜히 건들지 마라
lml임바른,5,2021-05-13 13:48:57,따릉이를 자주 애용하고 있는 사용자입니다. 기존 와이어를 이용한 수동 잠금방법에서 qr코드조회로 자동 잠금완해가 되어 편리성이 강화되어 좋습니다. 하지만 qr코드로 대여시 무응답이거나 시간이 오래걸리는 경우가 간혹 있었습니다. 그리고 자전거도로 중에 임시반납처리를 할 수 있는 공간이 있으면 좋겠습니다. 자전거도로를 이용하여 이동중 시간연장을 위해 자전거도로를 벗어나는게 다소 불편하고 시간이 낭비된다는 느낌을 받았습니다.
박종진,5,2021-05-13 13:45:32,아주만족합니다. 가끔 좌석과 브레이크가 조금 말썽이지만... 그럼에도 불구하고 아주 만족합니다.
공ᄋ,5,2021-05-13 13:44:20,옛날보다 호환성도 좋아지고 전체적으로 깔끔해져서 좋아요
이지윤,5,2021-05-13 13:41:16,리뉴얼해서 앱도 더 편한 인터페이스로 변했고 고장신고 등 잘 쓰고 있습니다
조종수,5,2021-05-13 13:40:23,사용환경이 편리합니다. 그냥 어플깔고 들어와서 결제후 바로 사용하기 편하게 되어 있어요 누구나 싶게 접근 가능합니다.
Jin Chung,4,2021-05-13 13:40:16,블루투스 이어폰과의 충돌 현상은 개선 필요함
황세연,5,2021-05-13 13:39:53,학교 갈때마다 잘 타고갑니다 🚲 앱도 리뉴얼 된 후 잘 되는거 같아용
박양숙,5,2021-05-13 13:39:53,따르릉이로 출.퇴근 할수 있어서 넘 조아요 건강도 up 생활도 up 감사합니다 잘 이용할께요
Anna P,5,2021-05-13 13:38:17,다 좋은데 qr코드 스캔이 안되서 자전거 숫자를 직접 입력해야하는 불편함이 있습니다
봉,1,2021-05-13 13:38:13,"블루투스 연결이 너무 늦고, 연결이 안 됐을 때 대여취소 하고 다시 대여할 때 어플이 튕길 때가 많음"
박혜숙,5,2021-05-13 13:37:15,매일 출•퇴근할때마다 부담없이 이용하고 있어요 넘좋아요^^
김경찬,5,2021-05-13 13:37:13,지도는 정말 많이 좋아졌어요.. 그 외에는 기존에 것도 불편함이 거의 없어서 좋았는데.. 참 유용하고 경제적이고 편리합니다..
황윤영,5,2021-05-13 13:37:08,항상 퇴근할때 잘 이용하고있어요~ 블루투스이어폰을 끼면 대여가 안되서 항상 끄고해야하는게 불편하긴하지만 자전거도 새거로 교체도되고 해서 좋습니다~~
Vita “Vita” Amel,4,2021-05-13 13:35:55,"첨에는 정말로 오류도 많고 쓰기 불편했는데, 요근래 앱 내적으로 굉장히 발전했습니다. 예전에 비하면 선녀에요. 다만 정류소에서 고장나서 대여가 불가능한 자전거는 대여가능횟수에서 빼던가 따로 표시를 했으면 합니다, 어느 정류장에 가면 6대 이렇게 남아있어도 실제로 대여되는게 한대도 없는 경우가 있어서 난감합니다. 이 외에는 나름 쓸만한것 같습니다. 그나저나 1135. 강서구의회 아침에 자전거 대수좀 늘려주세요.. 아침에 없을 때가 너무 잦습니다..😭"
Shiningwaterside James Kim,3,2021-05-13 13:35:16,데이터를 사용하지 않고 와이파이만 쓰고 있어서 와이파이 잘 안터지는 경우 이용에 어려움이 있음
방재민,4,2021-05-13 13:35:02,올해 초에 비해 업데이트로 인해 어플 성능도 많이 개선되고 인식도 좋아져서 상당히 만족스럽니다 다만 앞으로도 지속적인 업데이트가 필요할 것 같습니다 따릉이를 이용하면서 불편했던 점들로는 1.반납레버를 내렸음에도 간혹 오류로 반납오류가 난다는점 2.큐알인식 후 자전거와 연결되기까지 딜레이가 있다는점입니다
이지영,4,2021-05-13 13:34:24,고장난 자전거 수를 보여줘서 편리합니다.
김만규,5,2021-05-13 13:34:03,매일 최소 30분에 1시간 이용하는데 운동도 되고 후손에게 물려줄 환경보호도하고 너무 좋네요 댓수는 많지않더가도 따릉이보관소가 조금 더 늘었으면 좋겠습니다 ㅎㅎ
이주찬,5,2021-05-13 13:34:03,굳
김병언,4,2021-05-13 13:33:00,어플이 깔끔해진건 좋은데 QR코드를 이용한 대여 인식이 전어플보다 잘 안되는 느낌입니다;
فاطمه زهرا,4,2021-05-13 13:32:42,"정말 잘쓰고 있는데요, 보통 저는 블루투스 안써서 꺼놓고 있는데 따릉이앱 키면 블투연결하라는 안내문 나오거든요? 그런데 그 안내문에 따라 블투기능 키고 대여하면 로딩이 무한정이에요 그래서 다시 없애고 재로딩해야하는.... 가끔 마주치는 상황입니다. 항상 수고하세요- 따릉이 없으면 어떻게 살라나 몰라요-"
D Domination,4,2021-05-13 13:31:35,이전 버전에서는 qr코드가 인식이 잘 되었었는데 이번 리뉴얼 버전은 인식률이 현저히 떨어지는거 같네요 개선 부탁드립니다.
kyung_JK k,5,2021-05-13 10:48:12,아주 좋아요~~^^♡ 단 대여소간의 거리가 멀어서 중간중간에 더 많이 배치되면 좋겠다는 생각을 이용할때마다 합니다 부탁해요
고민지,5,2021-05-13 08:58:42,집 근처에 따릉이 대여소가 많아서 자주 가족들이랑 종종 이용해요!! 한강 주변 도는데 건강해지는 기분이고 이용하기 편리해서 좋습니당ㅎㅎ
이장진,4,2021-05-13 08:49:41,오늘 보니 자전거 고장신고 화면 찾기가 다소 어려웠던것 같습니다. 바쁜데 마음도 조급해지기도 하구요. 고장신고 화면은 고객센터화면 밖으로 빼주시면 훨씬 좋을것 같습니다. 지난번 앱보다는 많이 화면이 개선된것 같은데.. 아직도 다소 불안해 보이는지 네트워크 오류가 발생하네요.
jake DM,4,2021-05-13 08:47:17,QR 코드를 통해 간편히 대여하고 반납도 쉬워서 넘좋 습니다 다만... 알림함에 삭제기능이 잘안되는듯 합니다 삭제안됨 글고 전체삭제버튼 추가 건의 드려요. 또한 아이콘에 빨간색으로 숫자 풍선 뜨던데... 이거 없에는방법좀 알려주세요 알림함 공지사항 들어갔다가 나와도 안없어져요 수고하세요
박일복,4,2021-05-13 08:47:13,따릉이 거의 매일 이용합니다 시내에선 종종 자가용보다 빨라요 가끔 대여소에 자전거가 없어 자전거를 빌릴 수 없다는 것과 낡은 자전거들이 더러 있다는 것이 아쉬울 뿐 따릉이 정말 좋아요
JH Han,5,2021-05-13 08:09:44,가끔 자전거 타고 싶을 때마다 근처에서 쉽게 빌릴 수 있어서 좋아요! ㅎㅎ
0 00,4,2021-05-13 00:58:09,"딱 열었을 때. 따릉이 어디에 있는지 큰화면에 보여서 좋구. 좀더 축소된 화면이 보였으면 좋겠어요. 5프로 정도. 따릉이 위치가 확대하지 않으면 길 건너서 있는지. 확인이 안데요. 타다가 장갑 벗고 ,확대하고. 자전거 도로에서 서 있는것도 위험하고요. 아 따릉이 연결이 항상 처음에 안되요. 기다리다 취소하고 다시해야데요. 꼭 그래요..귀찮고 번거럽고. 전에는 잘 되었는데. 안장에 올려놔도 시작 접속은 꼭 안데요"
김경희,4,2021-05-13 00:41:58,"61년 생입니다. 따릉이 타고싶어도 쳐다만 보다가. 앱을 깔아도 타는 방법을 모르겠더라고요. 오는 사람들한테 물어봐도. 방법이 여러가지 방법이 있다 하고. 그러다 우리 딸에게 구박받으며 한달을 배우고 까먹고를 반복했어요. 기어 3단. 따릉이에 폰 대고 연결방법 등. 앱 설명 만으로는 사용하기 힘들었는데. 앱이 바뀌고 먼저 보이는게 편하게 되있고 복잡하지 않네요. 또한 자전거가 오래되서 항상 안장이, 힘으로는 안 올라가고. 가다 주저 않고, 사고위험이 큽니다. 안장이 망가져 방치된 자전거는 몇달이 지나도 그 자리에 있어요. 힘센사람 기다리나 봐요. 자전거 관리시 체크좀 부탁드려요. 자전거와 앱 연결이 느려졌어요. 한 번에 안 되고. 다시 껐다 켜야해요.."
han junghun,5,2021-05-12 23:19:23,"자전거 관리도 잘 되어있고 어플로 쉽게 찾을 수 있어서 좋아요~ 다만, 한강이나 안양천쪽에 올라가지 않고도 반납할 수 있는곳이 있으면 좋을것 같아요. 올라가기가 힘들어요~"
Yeahwon Do,5,2021-05-12 20:50:13,"따릉이 정기권 끊어놓고 너무 잘 쓰고 있습니다. 사실 이전에 좀 앱이 불편하다고 느낀적이 있기는 하지만, 이번에 업데이트 되면서 UI 개선된 이후로 사용이 더 편리해진게 크게 와닿습니다. 가끔 QR코드 인식이 느려서 불편하다고 생각되는 때가 있지만, 그것 때문에 따릉이 사용에 지장이 있을 정도는 아니라서 잘 타고 있습니다!"
k- arin77,5,2021-05-12 18:13:10,2년동안 출퇴근 따릉이 이용중
김재윤,5,2021-05-12 17:58:25,뭐 완벽하지는 않지만 그전보다는 엄청나게 좋아졌다. 고생한것을 감안해서 별 5개 줍니다 !! ㅋㅋㅋ 앞으로더욱 번창하는 따릉이가 되길 !!!!!!!
용띔,3,2021-05-12 17:21:20,잘쓰고있는데 고장신고는 어케하나요? 전에는 내가 탄 자전거 바로 고장 신고할수있었는데.. 어딨는지 모르겠어요
dahyeon Ahn,5,2021-05-12 17:09:36,따릉이 리뉴얼 되기 전에는 점검중인 자전거 표시가 안되어 있어서 가끔 헛걸음 할때가 있었는데 지금은 점검 확인이 되어 좋습니다. 하지만 리뉴얼 전보다 따릉이 대여시 연결이 지연되거나 안될때가 있어 불편해요..ㅠㅠ
응달그자체,5,2021-05-12 17:03:46,편리하고 좋아요 업데이트 이후에 인식도 잘 되고요 점점 더 발전하기를
현미전,5,2021-05-12 16:33:04,편리해요. 더많은곳에있었으면
윤상원,5,2021-05-12 16:12:22,확실히 이전보다 UI가 개선되고 오류도 줄었습니다. 다만 대여중일때 대여중인 상태가 바로 안나오는점 등에서 조금 부족한 부분이 있는것 같아요ㅠ
Soojin Hwang,5,2021-05-12 15:23:42,어플 개편된 후로 지도 회전이 되어서 따릉이 위치 확인할때 정말 편해졌어요! 동네에 따릉이 정류소가 유난히 없는 곳이 있는데 희망 따릉이정류소 위치?를 제안해서 반영된다면 좋겠어요
zzokpark,3,2021-05-12 15:01:47,자도보기가 전보다 불편함
톨TV,5,2021-05-12 14:18:54,"평소 따릉이 애용자입니다. 매일 출근길에 이용하는데 너무너무 편리하고 건강해지는 기분입니다ㅎ 앱 접속에 불편한 점이 많았는데 업데이트 이후에 더 빨라지고 에러도 많이 줄었어요. 다만 리소스 업데이트 알림이 계속 뜨는데, 이것만 개선해 주셨음 좋겠습니다ㅎ"
쏘쏘,5,2021-05-12 14:16:25,서울에 사는데 누릴수 있는 특권인 따릉이 너무 좋아요!!
JK_Lee,5,2021-05-12 14:10:26,매일 같이 사용하고 있습니다. 점점 편리하게 개선되어 가는 게 보여서 사용자로서 기분이 좋네요! 앞으로 더 좋은 앱이 되어주세요!
꽃향기,5,2021-05-12 14:08:00,"건강한 생활~ 뚜벅이 저에게는 너무 유용한 따릉이!! 날마다 운동할수 있어서 행복해요ㅎ 지하철, 버스보다 요즘은 따릉이를 더 많이 타요!"
서영잼난TV,5,2021-05-12 14:07:04,사용하기 편하고 먼거리도 갈수있어좋았어요 가격도 만족 하고 ㆍ 단점은 자전거 도로가 너무 잘안되어 있어서 보도로 가야 해서 걸어 다니시는 분들께 죄송할때가 많았어요
Hyuni70 Lee,5,2021-05-12 14:05:41,매일 이용하고 있습니다
Giraffe Noh,5,2021-05-12 14:05:30,저의 출퇴근을 항상 함께하는 따릉이 너무 편리합니다 큐알로 바뀌고선 진짜 더 편해요~아주가끔씩 반납을 까먹은 적도 있지만은 언제나 저렴한 요금으로 편히 사용하고있어요 ~
jjun Harry,1,2021-05-12 14:03:25,1년 정기권 끊어서 이용중입니다. 신규app 업데이트 이후 큐알카메라가 조금 개선되었나 싶었으나 별반 다르지 않았고 자전거 대여이후 화면에서 에러코드와 함께 goback 라는 버튼만 보인다던지 오늘도 플레이스토어 이벤트 공지사항도 html 코드등이 다보입니다. /n/n 등등.. 대학생이 만들어도 이보단 안정화가 빠를꺼같은데.. 대체 유료 이용하는 app이 왜 이지경인지 모르겠네요. 따릉이 이용은 좋으나 app은 정말 최악입니다. 개선 부탁합니다.
김홍길,5,2021-05-12 14:03:04,대리기사들의 필수앱^^ 서울 어디를 가더라도 따릉이때문에 택시 탈 일이 없어요.
이경원,5,2021-05-12 14:02:00,LCD는 별로 QR은 낫배드
최정윤,5,2021-05-12 14:01:35,"블루투스 이어폰 쓰면 인식이 잘 안 되거나, 가끔 정류장에서 급하게 벗어나면 반납완료가 되지 않거나, 플래시를 켠 상태에서 QR을 찍으면 인식되지 않는 문제 등이 있지만 고객센터 분들이 워낙 친절하시고 피드백이 잘 되어서 만족스럽게 쓰고 있습니다. 한 달에 1000시간 정도 출퇴근을 따릉이로 하는 사람으로서 따릉이는 이미 교통수단이 아니라 제 발이나 마찬가지에요ㅎㅎㅎ바라는 점이 있다면 지도 상에 근처 정류소가 보일 때 자신의 위치도 함께 지도에 나타났으면 좋겠습니다. 그럼 앞으로도 잘 부탁드리겠습니다~~~!!!"
정은선,4,2021-05-12 14:00:15,따릉이 유용하게 잘사용하고 있어요^^
썰썰,5,2021-05-12 13:52:52,가까운 거리 잘 사용하고 있습니다 1년 정기권 구매하니 가격도 저렴하고 대중교통과 연계 포인트도 모으고 최고!!!
Prince Jro,5,2021-05-12 13:50:08,따릉이가 있어서 출퇴근 길이 힘들지 않아요 지하철역에서 회사까지 걸어서 10분 내외인데 이게 은근 걸어다닌게 힘들거든요 지하철 나와서 따릉이가 없을때가 너무너무 속상합니다 앞으로도 지금처럼 서비스 잘 부탁드립니다
한미연,5,2021-05-12 13:49:30,기간길게하면 훨씬 저렴하고 수시로 여기저기서 이용해서 편하고 좋아요 고장 신고 들어간 제품은 빠르게 수거해주시면 감사하겠습니다 바쁠땐 로딩 긴 것도 너무 길게 느껴지네요 ㅎㅎ
아정,5,2021-05-12 13:49:22,태그 기록이 좀 늦을때도 있지만 대체로 바로바로 와요! 위치에 따라 따릉이구간이 바로 반영되는것도 좋습니다~
요오하,5,2021-05-12 13:49:11,따릉이 너무 이용편하고 좋습니다(◍•ᴗ•◍)
Young Ho Roh,5,2021-05-12 13:48:37,언제 어디서나 편리하게 이용하고 반납이 편해서 좋아요
수지,5,2021-05-12 13:48:13,잘쓰고있어요 편리합니다
김진,4,2021-05-12 13:46:53,리뉴얼 되기 전에는 앱 반응속도도 많이 느리고 UI도 별로 안이뻤는데 리뉴얼 한 후에는 반응속도도 빨라졌고 보기 편합니다 네이버 지도와 연계돼서 더 보기 좋네요
모모,5,2021-05-12 13:46:42,따릉이 2년동안 정기권끊고 사용중인데 너무좋아요 큐알로바뀌면서 더 쉬고 편해졌어요 가끔 자전거가없어서 사용못하는경우도 있지만 출퇴근용으로는 최고입니다~♡♡많이많이 더 늘려주세요~~!!!!
darin park,5,2021-05-12 13:45:44,원하는 만큼 타고 반납후 자유롭게 뒷 스케줄을 다닐 수 있어서 개인자전거가 있는데도 따릉이를 더 선호합니다. 6개월 정액쓰는데..정말 착한 비용으로 건강은 덤으로 얻어가네요. 많은 사람이 아껴 사용했음 좋겠어요♡
SH Y,5,2021-05-12 13:45:12,공공자전거 따릉이 너무 펀리하고 좋습니다 덕분에 운동이 생활속으로 들어왔습니다 따릉이 화이팅
soonshik oh,4,2021-05-12 11:48:35,2년동안 잘쓰고있어요 뚜벅이에게는 너무 좋은 정책인거같습니다
Jinsook Shin,5,2021-05-12 11:13:38,요즘 따릉이 타는 재미가 쏠쏠합니다. 코로나로 실내 운동 시설이 부족한 상황에서 제 건강지킴이입니다~~^^
장경미,4,2021-05-12 08:26:55,"오며가며 보기만 했던 따릉이를 어제 처음 이용해봤습니다. 대여한 QR자전거가 좀 무거워서 새싹자전거로 바꿔 재대여 하는 과정에서,이미 제가 타던 QR자전거는 반납되어 다른분이 가져가셨는데도 불구하고 제 어플에는 QR자전거 대여로 잡혀 새싹자전거 대여가 안되는 현상이 있었습니다. 앱을 종료후 재 로그인하여 해결했는데, 순간 너무 당황했었어요. 앱에 실시간으로 자전거 현황을 일수있고 반납해야하는 시간을 체크해주어 편리해요. 한명이 여러대 대여하는 방법도 안내가 있으면 좋겠어요. 앞으로 자주 애용할것 같아요"
카레,5,2021-05-11 21:33:13,이 정도면 편리한 친환경 자전거
HW L,5,2021-05-11 18:33:25,서울 어디에서나 쉽게 탈 수 있고 반납가능해서 좋아요~~ 근데 예전에 따릉이 처음탈때 밑에 까만색 자전거받침다리? 이거 올리는 방법 몰라서 헤맸던적이있는데 그래서 받침다리(?) 올리는 방법을 어플 따릉이 타는법 설명하는 부분에 추가해주면 저처럼 올리는 방법 몰라서 못타는 상황을 해결할수있을거라고 생각합니당
김조성,5,2021-05-11 17:21:48,내가 필요한 시간대에 내가 가고 싶은 장소를 부담없이 갈 수 있어서 좋았습니다. 자전거 보관에 대한 부담감이 전혀 없습니다.
Green Bay (packers),5,2021-05-11 17:15:55,앱 리뉴얼 후 직관성도 좋아지고 편리해졌네요． 다만 블루투스 사용시 에러는 픽스가 안되서 여전히 불편합니다．이 부분만 해결되면 별 10개 드리고 싶네요． 감사합니다．
백혜영,5,2021-05-11 15:31:22,길안내 기능도 있으면 좋겠어요
홍지연,5,2021-05-11 15:07:08,따릉이 정말 유용하게 이용하고 있습니다! 대중교통보다 오히려 빠르게 이동할 수 있는 경로들도 많아서 애용하고 있어요! 힐링도 되고 운동도 되고 일석삼조!!! 따릉이 없으면 안돼애~~~~~~~~
Jun Kim,4,2021-05-11 14:40:51,우선 이용권 결제가 간편해져서 가장 마음에 들고 날씨정보까지 첫화면에서 확인할 수 있어서 좋네요. 이용시간 연장을 위해 반납후 재대여 시 앱이 버벅이는 점은 좀 불편하긴 하네요
김숙,5,2021-05-11 14:26:29,서울시내에서 근거리 타기 너무 좋으며 편리하게 이용할수 있어서 참 좋습니다 다만 대여시 1분정도 소요되는 부분만 조금 빨리 진행 항수 있도록 해주시면 더더 좋을것 같습니다
대구은행,5,2021-05-11 14:26:14,따릉이탄지6달정도되었습니다 자전거사기엔 부담스러워서 반년씩끊어타는데 아주좋구 가까운마트갈때도아주편해요하지만 가끔 이상한따릉이가 있어서 열받아요 그래서 자전거한번씩수리해야할것같아요 그리고 5로 시작하는 따릉이가 가장 상태가 좋은거같아요
Yukiko OSAWA,5,2021-05-11 14:24:37,"환경 보호에 일조하고 있다는 생각으로 이용 중입니다! 얼만큼 이용했는지 시간, 거리, 칼로리, 탄소 절감양까지 한 눈에 볼 수 있어 좋습니다! 앱은 애로사항이 없으나 자전거는 조금 더 배차 등 관리 조금만 더 해주시면 감사하겠습니다 🤭"
김지명,5,2021-05-11 14:14:39,정말 편리하고 좋습니다
Pompom,5,2021-05-11 14:10:40,"평소 가까운 거리는 따릉이로 이동하면서 운동도 하고, 절약과 함께 환경 보호까지할 수 있어서 좋아요. 몇년간 사용중인데 점점 더 이용하기 편리해지고 있어서 만족스럽습니다."
한승묵,5,2021-05-11 14:08:53,건강도 챙기고 돈도 절약하는 1석2조입니다. 더 활성화 되었으면 좋겠어요
강지혜,4,2021-05-11 14:06:30,코로나로 대중교통 이용이 불안해 따릉이를 자주 사용하고있어요^^ 건강과 환경을 함께 챙길수있어 좋습니다!
정선희,5,2021-05-11 14:04:01,매일 오전 오후 이용중입니다 따릉이 없었으면 어쩔뻔ㅠㅠ 출퇴근길 도와줘서 고마워요
hee won seo,5,2021-05-11 14:00:41,가끔 QR코드 안먹히고 연결이 오래 걸리는것 빼고는 괜찮습니다. 원래 반납 알람이 카톡으로 오다가 어플로 오는게 훨씬 편해졌어요:) 앞으로 더 쓰기 쉽게 업데이트 부탁합니다
Jiha Kim,3,2021-05-11 13:59:56,몇해째 출퇴근길 따릉이와 함께 하는 직장인입니다! 앱 업데이트 이후에도 블루투스 이어폰과 충돌이 있어 가끔 아쉬울때가 있습니다. 일기예보도 앱에 같이 표시가 되어 유용하게 참고하고 있습니다. 큰 바람일지 모르겠지만...대여소-대여소 간 네비게이션 기능이 추가되면 좋겠습니다:)
이슬기,5,2021-05-11 13:51:55,"따릉이 바치는 곳이 많아서 좋구요 결제수단에 따라서 할인해주는 것도 좋아요~ 큐알로 빌릴 수 있어서 제.일. 좋아요! 자전거 사는 거 비싸서 엄두도 안 났는데 공공자전거 너무 좋네용! 일주일에 5회 이상 타는 것 같아요 그리고 너무 튼튼해서 타면서 불안하지 않다는 게 제일 좋습니당! 다만 경기도권까지 따릉이가 생기면 더 좋지 않을까 싶습니당 <개인적인 의견,,, 😊 따릉이 바치고 제대로 잠금 안 되었을때 문자로 연락 주셔서 추가금 나오지 않게 해 주셔서 감사해요~"
주미현,5,2021-05-11 13:49:31,저렴하고 편하게 몇년째 이용하고 있습니다. 초기에비해 사용방법도 쉬워지고 개선되어 좋습니다. 서울살면서 만족스러운게 별로없는데 ㅠㅠ 만족스러운 따릉이.
paige j,5,2021-05-11 13:49:18,"가장 사랑하는 앱중 하나 따릉이 공공 공유서비스 너무 좋고 앱을 통해 자유롭게 이용할수 있어 좋아요 결제, 위치정보, 블루투스연동, 고장신고 등이 유기적으로 결합되어있고 초기에 비해 사용하기가 많이 편리해졌어요! 앞으로도 더 멋진 업데이트 기대합니다♡"
안정민,5,2021-05-11 13:46:28,편리하고 좋아요^^ 건강도 챙길수 있는 따릉이 매일 이용하고 있어요
최용환,5,2021-05-11 13:45:56,"출퇴근시 이용하려고 구매했습니다. 서울시민으로써 낮은가격과 사용하기 편리한 이용방법,가까운곳에서 이용할수 있는 장점 등이 너무 좋습니다. 다만 이용자들이 대여소가 아닌곳에 내팽겨치거나, 개인자전거가 아니라고 막 사용하는것은 패널티 부과가 꼭 필요해 보입니다. 장점을 활용해 주시며 단점은 보완해주시면 감사하겠습니다"
김정현,5,2021-05-11 13:45:01,따릉이 너무 좋아요. 아쉬운건 역과역 사이에도 있었음 좋겠어요. 역까지 먼곳 사는 사람은 애매해서요. 그리고 수리 잘 좀 해주세요. 자전거 고장난건 단순히 불편한게 아니라 위험해서요.
이졍,5,2021-05-11 13:44:41,항상 유용하게 사용하고있어요 앱이 리뉴얼되고나서 자전거빌릴때 버벅거림이 줄어들어서 편해요
Wi Yi (Niel Harperstone),5,2021-05-11 13:44:00,대여소 늘어나는 만큼 어디서든 탈 수 있으니 편리하고 편도로 사용할 시 진짜 유용합니다. 올팍 안에도 설치해주시면 좋겠습니다 올팍 진짜 넓고 머물면 두 시간 금세 지나가는데 때때로 시간 초과하는 경우가 있습니다.
HJ A,4,2021-05-11 13:43:40,"집 바로 앞에 따릉이가 있어서 매일 이용하기 좋아요. (장점) 자전거를 사면 집에 보관하기도 불편하고 또 매번 가지고 나가기 번거로운데 따릉이는 아파트 입구에서 대여해서 타고 반납하면 되서 너무 편리해요 (보완할점) 정기권을 정지시킬 수 있었으면 좋겠어요 (일 단위로 정지하기) ex) 30일권 사서 10일 탔는데 갑자기 발목인대가 파열되서 못 타게 됐을 경우 며칠 정지시키고, 다 나으면 다시 정지 풀고 이용할 수 있게 해주세요 제가 10일 타고 인대 파열되서 나머지 20일을 날린 케이스랍니다...ㅎ"
서승범,3,2021-05-11 13:42:35,자전거가 아닌 앱자체로는 불편해졌다고 생각함. 첫째로 큐알코드인식이 예전보다 잘 안되고 시간소요함. 둘째로 반납위치 확인이나 자전거갯수 확인하는 지도도 전보다 불편하게 느끼고 화면이 느림
그니월드,5,2021-05-11 13:42:23,서울 올라와서 1년 넘게 사용 중인데 전보다 인식률도 많이 좋아졌고 점점 이용할 수 있는 곳이 더 늘어나고 있어 만족합니다. 단점이라면 정비가 더.. 보완됬으면 합니다.
eun su Kim,4,2021-05-11 13:42:10,대여와 반납이 쉬워져씁니다. 자전거 대여소위치를 보이는 지도에서만 나타내주어 앱의 속도감이 빨라진거 같아요. 원하는 지역에서 자전거 대여소 위치가 바로바로 빨리 잡힙니다.
GiRo (LucWith),5,2021-05-11 13:41:45,최근 변경된 신형 QR코드 방식의 따릉이가 참 편하고 좋아요. 블루투스 방식이라 대여시간이 가끔은 오래 걸리는 부분은 있습니다. 무게를 조금 줄일수 있었으면 좋겠어요. 타이어 공기가 부족한 때가 많은데 공기압 관리를 위한 바람 넣는 기구도 같이 비치하면 어떨까요?
김현지,5,2021-05-11 13:40:49,편리해요. 앱으로 간단하게 하니 위치도 알 수 있고 빌리기도 쉽고 좋아요!!! 다만 이용수를 수치화해서 자전거 배치를 하면 더 좋을 거 같아요! 안쓰는 곳은 적게 많이 쓰는 곳에는 많이 여러곳에 만들면 좋겠어요.
박정수,5,2021-05-11 13:39:54,따릉이가 있어서 출근길이 빠르고 즐거워요.
김성수,5,2021-05-11 12:47:44,편합니다 빠른대여 반납 서울시는 계속 따릉이 유지해주세요
lion kor,5,2021-05-11 02:01:20,예전부터 알고는 있었지만 최근에 처음으로 사용해봤는데 사람들이 왜 많이 이용하는지 알것같네요 편리하고 대여및 반납이 굉장히 쉽고 간단해서 엄청 좋았습니다 앞으로도 자주 이용할거 같네요 진작에 사용할걸~
June Kim,5,2021-05-10 22:46:26,지난 앱에 비해 시인성이나 사용상 편의성이 월등히 개선됐네요. 지속적인 사용성 개선 업데이트 부탁드리겠습니다
이유정,5,2021-05-10 20:02:50,따릉이를 생각해낸 건 누구일까요? 정말 멀리서 박수 칩니다. 자전거가 대중화되지 않은 서울에서 자전거 타는 사람이 늘어난 것에 따릉이가 한몫한 것 같아용. 덩달아 깨끗해진 공기와 건강한 삶! 어플을 통해서 자전거 대여소 위치나 잔여수를 알수 있어서 너무 편리합니다. 덕분에 거의 5년만에 자전거 다시 탔어요!! 따릉이 최고최고
한잔술잔,3,2021-05-10 19:39:47,알림함 삭제 좀 여러게 한번에 가능하게 해줘요 선택해도 하나씩만 삭제되는거 모하러 선택하라는건지..
Angman Lee.,5,2021-05-10 17:47:37,"따릉이를 거의 매일 이용한지 2년입니다. 처음과 비교할때 많은 점들이 개선되어 진심으로 고맙게 생각합니다. UX 기반으로 문제점을 찾고 이를 개선하는 과정의 노력이 느껴집니다. 앱에 대한 요구보다 제도에 대한 건의가 있습니다. 전국 각 시별로 공공자전거 제도를 운영하고 있는데, 협약 등을 통해 전국 어디의 공공자전거를 서로 이용할 수 있게 했으면 좋겠습니다. 감사합니다."
김규범,4,2021-05-10 15:15:41,자전거 대여관련이 앱 리뉴얼 이후로 확실하게 좋아진 것이 눈에 보임 대여실패시 1분동안 무조건 기다려야됬던 거에서 취소기능 생기면서 이전에비해 만족스러워졌음
Soyoung Jang,5,2021-05-10 14:44:42,따릉이를 평일에는 거의 매일 이용하고 있어요. 대여/반납이 쉽고 좋아요~ 앱에서 자전거 없는곳에 요청도 할 수 있어서 해봤는데 채워지는지 아직 잘 모르겠네요. 그리고 저는 정기권 1시간 짜리를 사용중인데 가끔 주말에는 2시간 대여 하고싶을때 정기권때문에 2시간권을 구입할수 없는게 아쉬워요. 한명이 여러명꺼 결재해서 대여할때도 1시간권 밖에 못하는데 그것도 2시간 구입할수 있게 해주시면 좋겠어요. 한강같은곳은 재대여 할곳이 없어서 1시간은 부족하거든요. 그래도 전반적으로는 따릉이덕에 퇴근이 수월해서 좋아요!!
장원민,5,2021-05-10 08:14:21,"생활 속에서 아주 유용하게 사용하고 있어요. 출퇴근시, 쇼핑, 나들이, 운동등 생각보다 많은 시간을 함께하고 있습니다. 리뉴얼되고 이용하기 더 편해졌어요. 적극 추천합니다."
노태보이,2,2021-05-10 06:23:34,전에 사용하던 앱이 훨씬 사용하기 좋았네요 내 위치에서 가장 가까운 반납대 가테고리가 없어져서 불편합니다
김태준,4,2021-05-09 22:39:48,업그레이드 따릉이 앱은 전보다 직관적이고 편리하게 디자인 되어 있어 좋습니다. 다만 대여 할 때 간헐적인 오류가 생겨 빨리이용하지 못해 아쉽습니다. 사용자 피드백을 참고 하여 지속적인 업그레이드 부탁드립니다.
k케이,5,2021-05-09 21:25:08,따릉이 이용할수있는거 너무 좋아요
jo쌩,5,2021-05-09 19:03:10,따릉이 덕분에 가까운 거리갈 때 편하게 자전거를 타고 이동할 수 있어서 정말 좋아요. 그런데 QR코드를 찍는 것이 될 때도 있고 안될 때도 종종 있더라구요.. 그래서 그럴 때는 밑에 숫자를 쓰면 연결이 되긴 하는데. 이런 오류가 발생하지 않으면 더 좋을 것 같아요. 그 외에는 너무 편리한 어플입니다.
digby Nam,1,2021-05-09 18:06:48,네이버로 가입했는데 로그인할때 네이버로 로그인하니까 가입하라고 알럿 뜨네요 일반회원으로도 카카오로도 로그인하려고하니까 이미 등록된 휴대전화라고하고 이도저도 못하게 돼있네요.. 조치좀 빨리취해주세요
flexboni,1,2021-05-09 16:33:03,아오...무슨 무선이어폰 연결되면 대여가 안되나요..왜! 이렇게 만들었는지...참 울 할아벼지도 이보단 잘 만들겠다
강윤경,5,2021-05-09 10:27:26,집주변에서부터 한강시민공원까지 주말에 너무 잘 이용하고 있습니다. 꽤 많은 따릉이 정류장 덕분에 매무 편리합니다
Thư Nguyễn,2,2021-05-08 19:27:39,주민등록번호의 일곱번째 숫자를 입력할 때 오류가 항상 있어요. 서울에 거주하고 있는 외국인인데 외국인등록번호로 가입하면 안 될까요? 장기간 사용하고 싶은데 외국인 모드로 사용하면 항상 비자카드 정보를 입력해서 좀 불편해요.
SangHyun Park,5,2021-05-08 16:39:30,업데이트되고 앱이 훨씬 좋아졌어요! 앞으로도 좋은 서비스 부탁드려요
선정진,5,2021-05-08 15:46:18,어플오늘 첫 다운 첫 사용해봤는데 사용편리해요 궁금한 사항은 한시간권 30분사용후반납하면 남은시간은 유효기간까지 이용가능한지요 따릉이 최고ㅡ 자전거 상태도 좋아요
따뜻한마음,5,2021-05-08 14:08:07,"좋습니다. 서울시 공유자전거 따릉이는 어플로 사용하기도, 수정사항을 전송하기도 편리해서 좋아요."
허지용 (똑또),1,2021-05-08 13:36:45,밑에 리뷰들 보면 하루에 제대로 인식 안된다는 사람이 쓴것만 몇명인데 일10건 내외 라는게 말이 안되잖아요. 연결 자체가 안 되니까 당연히 오류로 보고가 안되겠죠. 단순하게 생각해도 한정류소에 10개가 연결이 안되는데 말이 안되지요. 진짜 잘 되다가 갑자기 4월쯤부터 최악이 됐습니다.
최영자,5,2021-05-08 11:24:38,사용잘하고 있습니다. 제발 따릉이 없애지 말아주세요
이규화,5,2021-05-08 11:21:48,비주얼이 많이 좋아 졌네요
sys9988,5,2021-05-08 10:33:10,처음 따릉이 사용자 입니다 이렇게 편한 시스템으로 한달5000으로 출퇴근 된다니 너무 좋은 제도입니다 감사히 잘 이용하겠습니다
NADI L,5,2021-05-08 10:03:17,최근에 친구따라 따릉이 타기 시작했는데 진짜 좋아요. 저렴한 가격에 편리하고 서울 시내 제 동선거리는 어디든 가구요. 어플로 구매 대여 넘 편합니다 짱짱. 자전거 도로가 더 많아지면 좋겠어요
홍종인,4,2021-05-08 09:04:25,따릉이 업뎃되고 오류도 없어지고 최고에요~ 약간 느린 부분이 있지만 아주 좋아요~ 출퇴근시 이용하는데 따릉이가 없었으면 살면서 큰 즐거움 하나를 놓칠 뻔 했네요!! 좋고 또 좋아요!!^^
j j,5,2021-05-07 21:56:52,아파트 단지 안에도 설치되어 있어서 넘 편리해요 아이들이 타고 싶을때 대여해서 단지안에서 타고 반납하니까 넘 좋으네요
YE S,5,2021-05-07 20:47:25,어플 켜질때 블루투스도 같이 켜지면 좋겠어요 항상 까먹고 안켜고 있다가 자주 오류가 나네요 그거빼곤 좋아요
김태은,1,2021-05-07 18:38:42,하아.....리소스 받고 먹통이네요...
손병필,5,2021-05-07 18:12:19,"출퇴근하며 따릉이를 이용하는데, 주변에 대여소도 인접해 많이 있고 건강에도 좋아 연간사용권을 끊어 이용하고 있습니다. 자전거상태를 항상 잘 관리하고 있다는 느낌을 받습니다. 한가지 아쉬운점은 비오는 날 안장 등이 젖는것인데, 비에 노출되지 않도록 가림막설치를 했으면 합니다."
jh lee,5,2021-05-07 17:46:55,앱이 깔끔하니 좋네요!!
jangs kim,4,2021-05-07 17:40:44,따릉이 최근에 이용하게 되었는데 사용에 매우 편라해요~~
Harada Kim,4,2021-05-07 17:34:24,"친구가 결제해줘서 같이 나눠 탔는데 운동도되고 오랜만에 타서 좋았어요 다만 폭 조절불가가 아쉽고 한강 갈때 대여한건 패달이 풀어지듯이 돌아가 좀 버거웠고 바코드 인식도 잘 안되었고요, 반대로 올땐, 1인 2개 결제한탓에 하나만 정상진행되어서 나머지 대여시 애먹었어요 그리고 반납시에도 하난 잘되었는데 다른 하나가 완료처리 되지않아 고객센터 통해 처리했는데 운영이 원활했음 하네요"
Isabella Kim,1,2021-05-07 16:34:05,요즘 블류튜스 이어폰 안쓰는 사람있나요? 이거 취소하고 해도 10분씩 걸리네요;; 이럴거면 왜 산건지..ㅠ 매번 이러니 짜증나네료 연결방식좀 바꿔주세요!!
비둘기낭마을,5,2021-05-07 16:00:32,출퇴근 저의 발이되어주는 따릉이 사랑합니다.♡
이용노,5,2021-05-07 15:41:33,보기도 좋고 편리하게 개편되었네요
한길원,5,2021-05-07 15:40:59,2년이상 이용한 사용자입니다 업데이트 후 처음에는 시그템이 많이 불안하였는데 지금은 상당히 인식도 잘되고 사용이 편해졌습니다
임예진,5,2021-05-07 15:35:12,대중교통보다 더 빨리 가요! 이용법도 편리하고 너무 좋아서 애용하고 있습니다~!!
초록바람,5,2021-05-07 15:09:24,산책과 운동으로 건강 업데이트 하세요.
HR Jeon,5,2021-05-07 14:57:00,편리한 이동수단 제공하는 앱 으로 24시간 이용가능함. 대여 및 반납여부를 실시가능로 알려줌. 따릉이 이용간 주변 반납장소 표시가 가능하면 더욱 좋겠음
정성철,5,2021-05-07 14:54:52,자전거 대여와 반납이 편리하고 요금도 저렴해 너무 좋아요 적극 추천합니다
WOO KIM,5,2021-05-07 14:23:11,운동도 되고 친환경적인 교통수단도 되어서 너무 만족스럽게 이용하고있습니다!! 가능하다면 3개월짜리 이용권도 있으면 더욱 좋을 것 같습니다! 감사해요~~
i,3,2021-05-07 14:19:17,자전거가 한 대 밖에 없는데 두대로 표시되는 것 같은 경우가 있어요
sun y,4,2021-05-07 14:18:44,큐알코드가 인식이 안되는것 빼고는 넘. 잘 이용하고 있습니다. 정말 따릉이 좋은것 같아요.. 큐알코드로 인식하다가 실패래서 번호로 입력해서 타는데 그건 왠간하면 인식 잘 됩니다. 지금은 큐알 시도도 안하고 바로 번호로 입력해서 타고 다녀요.. 따릉이 정류장도 많고 . 생각보다 관리도 나쁘지.않은것 같아요.. 이런 공공 서비스가 믾이 생기면 좋겠습니다.
daniel p,5,2021-05-07 14:17:14,서울에서는 정말 좋은 이동수단!
골라,4,2021-05-07 14:11:05,"편리하게 잘 쓰고있어요! 다만 고장신고를 하면 어떻게 처리됐는지 피드백이없어서 의문이 생기긴합니다. 앱도 좀 불안정한것같구요. 예를들어 qr코드를 인식하면 전에는 바로 다음창으로 전환되어 기다리라는 문구가 떴던것같은데, 지금은 qr을 인식해도 곧바로 qr코드 입력 카메라화면으로 돌아가서 이게 제대로 인식된건지 아닌지 대기화면으로 되돌아가야 확인이 가능합니다."
하소문,4,2021-05-07 14:02:52,서울상경하고 따릉이4년차 이용중입니다. 예전에비해 매우쾌적해진어플시스템이 참 좋습니다 이용후 고장신고도 쉽게할수있고 qr형 따릉이나오고 빌리는것도 편하고 반납도 편하네요 다만 아쉬운게 따릉이가 있는데는 많고 없는데 너무 없는게 쫌 아쉽습니다. 앞으로도 잘 이용하고 이가격으로 자전거를 이용할수있다는거에 아주 감사하고있습니다.
서지수,5,2021-05-07 13:48:52,저는 잘만쓰고 있는데 리뷰가 박살이네요?
좌우명,5,2021-05-07 13:47:24,잘 사용하고 있어요
이형민,5,2021-05-07 13:47:20,언제 어디서든 편하게쓸수있어서 좋아요 항상 잘쓰고있고무엇보다 가격이 저렴해서 좋은거 같네요
돈찌,5,2021-05-07 13:44:25,예전엔 이용권 남은 시간이 잘안보여서 몇번씩 메뉴를 몇번씩 들어갔다 나와야 떴었는데 이제는 메뉴 누르면 바로 볼 수있어서 좋구요 앱에서 메뉴 누를때마다 버벅임이 줄고 전보다 부드럽게 넘어가는 느낌입니다 지도상의 아이콘도 깔끔하고 아기자기하게 바뀌어서 좋아요 자전거 대여소의 점검이 몇대인지 표시되는 것도 좋습니다! 고객센터 메뉴도 전에는 좀 조잡해서 각 게시판 찾아들어 가기가 불편했던 것같은데 통일성 있게 바뀌어서 그점도 좋아요. 전 아직까진 앱에 단점은 딱히 없는거 같아요 잘이용하고 있습니다~
쓰담쓰담9179,5,2021-05-07 13:42:32,이제 사용한지 한달되어가는데 너무 편하고 운동도 되요~ 제로페이로 결제하는데 번거롭지않으면서 할인도 되니 좋아요~ 적극 추천합니다~
Gihyoun Gwon,5,2021-05-07 13:41:56,출퇴근길에 매일매일 잘쓰고 있어요
JieYoung Lim,5,2021-05-07 13:41:51,매우만족 태그하는 방법이나 위치 확인 쉽습니다 출퇴근 이용 잘하고 있습니다 다만 간혹 중간에 잠금후 재 태그 할 경우 빨리 처리 안되는 경우 있습니다
jaeyoung ahn,5,2021-05-07 13:40:51,연결이 더 빨라졌습니다
디지셀 (digicell1),3,2021-05-07 13:40:39,블루투스 이어폰 사용시 연결문제의 빠른 조치 부탁합니다
minji jang,5,2021-05-07 13:38:32,"서울지역에 거주중인데 출퇴근용으로 매일 이용하고 있고, 주말에는 여유롭게 시원한 바람 맞으면서 산책하기 안성맞춤이예요. 6개월,1년 권으로 사면 가격도 너무 저렴하고 거저라서 감사하며 타고 있어요. 요즘 자전거 도난도 많은데 따릉이는 그런걱정도 없이 잘 탈 수 있어요. 1시간권 끊어도 주차장에 맡겼다가 되찾으면 되니까 너무 좋아요. 따릉이 주차장도 진짜 많아서 이용할때 불편함이 없어요. 이런 혜택을 주셔서 감사합니다❤ 앞으로도 계속 잘 이용할게요 😘"
juho jeong,5,2021-05-07 13:38:13,업데이트되고 자전거연결이 좀 더 잘되는거같네요 메뉴보기도 좀 더 편해졌네요
Jungjin Choi,4,2021-05-07 13:37:33,초창기보다 많이 좋아졌어요.
구희찬,4,2021-05-07 13:36:38,카메라 인식률만 개선되면 완벽합니다!!
Jinyoung Jang,5,2021-05-07 13:36:18,서울지역 어디에 있던지 주변에서 바로 찾을수 있는 따릉이는 또다른 대중교통 수단이라해도 부족함이 없네요.
Blueisle,3,2021-05-07 13:36:12,대여 후 대여중인 화면으로 전환이 매끄럽지 않습니다. 간헐적으로 돼소다가 안됐다가 합니다. 마지막으로 새싹자전거가 한대라도 대여소에 있으면 자전거추가배치 요청을 할 수 없는데 개선이 필요합니다.
Road April,5,2021-05-07 13:34:19,덕분에 잘 활용하고 있습니다.
Wooseong Cheong,5,2021-05-07 13:33:57,최고에요
soyun,5,2021-05-07 13:33:05,예전보다 넓게 자전거 대여소를 볼 수 있어서 편해진거같아요
정화리갈리,5,2021-05-07 12:27:06,따릉이를 정말 잘 이용하고 있는 이용자입니다! QR코드를 이용해서 빠르게 따릉이를 탈 수 있는게 무척 편리해요! 그런데 내 주변 대여소 검색할 때 나의 위치가 나오는 표시가 있으면 더 편리하게 사용할 수 있을 거 같아요🤓
P쫑쫑,5,2021-05-07 12:22:48,수년째 애용중인 서울시 공공자전거 따릉이! 서울시 넘버원 정책 오래 도록 유지되면 좋겠네요. 리뉴얼된 앱도 초창기에 비해 많이 좋아졌네요.
안정현,5,2021-05-07 07:36:19,출근길에 따릉이를 이용합니다 버스를 기다릴필요도없고 시간도 정확하게 도착하여 너무 좋습니다 환경도 생각하게되니 많이 이용하면 좋을것같아요~~
강동현,5,2021-05-06 14:09:01,따릉이앱이 패치되면서 느린게 확실히 줄었어요! 운동 겸 하기도 좋고 학교갈때도 잘이용하고 있어요. 항상 감사합니다!!!
김기덕,3,2021-05-06 09:53:46,앱이 다 좋습니다만 임시잠금 해제할때 빨리 인식되었으면 좋겠어요.
김진호,1,2021-05-05 19:07:14,제대로 작동도 안하고 QR도 못읽어요. 앱에서는 사용중이라 뜨는데 자전거 풀리지도 않았는데 뭘 사용중이라는건지!!꿈에서 자전거 타고 있나.
열쇠,1,2021-05-05 15:33:22,거지같음 쓰지마셈
YJ LEE,1,2021-05-05 09:16:19,도대체 신용카드로결제하려고 모바일로 해도 에러 PC로 해도 에러! 어떤 무능력한 사람이 개발했는지 얼굴 보고싶네요!! 평을 쭉 읽어보니 저렇게 불평들이 많은데 여전히 개선이 안되고 있으니 참으로 공무원들 답다고 해야하나요? 시장도 바뀌었으니 제대로 한 번 해보세요!!! 돈 들여 하드웨어 갖추어놓으면 뭐하나요! 소프트웨어가 엉망인데!!! 어제 저녁 부터 약 20회 결제하려다 실패하고 입에 욕이 자글자글한 상태로 글 씁니다! 제발 정신들 차리세요!!!
MK FRIDAY,1,2021-05-03 19:02:39,하아.....결제하기누르면 흰 화면만 뜨고 결제창이 안뜨는 이유가 뭔가요?? 깔았다지웠다 3번했는데 안되서 못탔어요. 미납요금도 없는데 어째서
ganguns,3,2021-05-03 17:56:46,"이전 버전은 오류 거의 없이 잘 썼는데 이번 엡데이트는 완전 개악이군요. 연결실패가 너무 잦고, qr인식은 업데이트 이후로 딱 한번됐습니다. 빨리 문제가 해결되길 바랍니다"
김성욱,1,2021-05-03 17:31:27,서비스가 쓰레기임. 결재하는것도 졸라 어렵고 할때마다 카드번호 다 입력하고 졸라 쓰레기 시스템입니다. 좀 사설회사에서 어떻게해야 효율적인지 좀 배우고 개선좀하세요 따릉이 아이디어는 좋은데 시스템이 쓰레기라 그냥 안써요. 관리를 이런식으로 할거면 그냥 없애는게 나을듯.. 세금 낭비!
김현우,1,2021-05-02 16:17:43,결제왜안되냐
Shoes Nike (COWAY_서울4브랜치),1,2021-05-02 13:02:28,앱자체가 무거움 쓰레기
백우주,2,2021-05-02 11:28:29,"최근에 업데이트이후로 인식이 진짜잘안되요;; 그리고 최대1분걸린다면서 5분이지나도록 아무런 알림하나없고 뭐 얼마나기다려야됩니까;; 이거인식하려고 10분을 앉아서기다렷어요 안될거면 아예안되면 말이라도되죠.,"
겨레,5,2021-04-29 16:25:18,친환경적이면서 낭만적이기도 함.
syrius kim,1,2021-04-29 13:41:59,"QR코드 인식기능, 반응속도 등이 오히려 예전보다 못합니다."
정강,5,2021-04-29 12:37:20,아주 좋아요
선라이프 (인생여행),1,2021-04-29 09:10:15,최악입니다. 예전 어플이 무난했는데 시민세금으로 무슨짓을 한건지. 대여시간도 오래걸리고.. 오늘은 어플자체가 열리지 않고 다른화면이 뜨고. 난장입니다. 그리고 네트워크 오류메세지가 따릉이 어플때문이라구요? 줸장.
Diego Joe,1,2021-04-29 00:54:09,"매번 킬때 리소스 업데이트할때 로딩이 오래걸림 대여할 때 먹통은 100,000건 중 10건이라는 데 하루에 한,두대는 몇번을 다시 시도해서 대여가 안되서 딴 자전거로 바꿔타는데 10건 중 저 혼자 2,3건에 해당되나보네요? 그리고 qr인식도 오류 빈도는 더 심하고요. 제 폰 s10+ 5g고 자전거탈땐 무선 이어폰도 일체 안씁니다만? gps는 포켓몬고 앱땜에 항상 커놓고 밖에선 어차피 데이터 무제한이라 와이파이 끄게 루틴 설정합니다. 평소 운전할때 네비를 쓰기때문에요"
우도호,3,2021-04-28 23:56:11,어플이 새로업데이트했더니 완전 먹통이어서 3일째 사용을 못하고있어요.지우고새로 깔았는데도 먹통이네요.사용권 먹통이유와 사용권연장 부탁드립니다
이정진,1,2021-04-28 22:23:36,9998에러 계속 뜨네요
jin lee,1,2021-04-28 20:09:41,돈냇는데 안되는 ㅈ밥어플클라스
안방1열,5,2021-04-28 11:26:30,앱 개편하면서 확실히 상태 좋아짐 따릉이 4년째 쓰는중인데 사용성이 확실히 좋아짐
Jy seo,1,2021-04-28 08:30:10,청각장애인인데 보청기가 스마트폰이랑 블루투스(보청기관리앱이있음)된다고 계속 연결안되는건 너무한거 아닌가요. 보청기 안끼면 안들리는데 저같은사람은 타지도말라는건가요
만두비니,1,2021-04-27 17:43:09,블루투스 오류 너무 심해서 불편해요.
꿀떡과도토리,1,2021-04-27 06:56:23,중국공산당 프로그램인거 다들 모르고 쓰는건가
강경선,1,2021-04-26 19:57:22,도통 열리지가않아요... 정말 짜증나
호승,1,2021-04-26 18:05:05,욕나오는 발적화
김영수,1,2021-04-26 17:41:18,어제 제로페이 결제 30분 넘게 시도하다가 포기하고 카드결제 했어요. 기존 회원이 추가로 빌려서 결제하려고해도 안되네요. 대여할때로 qr코드인식 후 대여 에러 자주생기고 따릉이 어플 너무 불편합니다. 대폭적인 개선이 필요해요.
MBS,1,2021-04-26 15:18:25,"회원 가입도 안되고, 로그인 버튼 눌러도 반응없고..이런 쓰레기 같은 앱을 노력해도 못 만들겠다...공무원 클래스 역시!!"
Seohyun Park,1,2021-04-26 09:59:29,"반납할때 좀... 정신없을때 잠금장치 내리는거 까먹을 수도 있는데 적어도 정류소 범위 내에 있다면 어플안에서 뭐 본인인증 절차를 넣든지해서 자동반납좀 되게 해주세요. 아니면 3만원내야한다고 첨에 안내를 빡세게 하시든지.. 고객센터에 전화하고나서야 알았네요 3만원든다고 ㅋㅋㅋㅋ 이게 뭔 구시대적 번거로움인지 ... 다시 가서 해당 자전거 잠금장치를 내려야만 된다니... 그새 지역이동한 사람은 어쩌라고..? 고객센터는 웃기는게 잠금장치 내렸다고 하면 그냥 해주면서, 안내렸다고하면 무조건 가서 잠금장치 내리셔야한다 아니면 3만원 든다 하는게 참 재수없고 웃겨요 ..ㅋㅋ 이러면 무조건 잠금장치 내렸다고 우겨야겠네요ㅋㅋㅋ"
dongho Hahn,1,2021-04-26 09:28:49,잘 되던게 업데이트 이후 페어링이 안된다고 5분넘게 떠요.. 다음업데이트는 언제하나요?
Ernesto,1,2021-04-26 08:50:23,찍는 자전거마다 미반납이라 그럼. 관리 똑바로 안 해요? 세금 가지고 장난칩니까??
김승철,2,2021-04-25 22:46:37,"예전 버전은 오류도 적고 잘 작동했는데, 업데이트 되고 나서 네트워크 오류 메세지가 거의 예외 없이 뜨고, 임시잠금 해제가 잘 안되거나, 블루투스에 다른 장치가 연결되어있지 않아도 연결이 잘 안됨. 반납표시도 따릉이 앱에선 잘 안되서 카카오톡으로 받는 것으로 확인함. 거의 대부분 앱을 다시 시작해야 함. 예전 버전에서 뭔가 좋게 바꿔보려 하신 것 같은데, 오히려 오류가 너무 늘었음.. 아이폰 사용자는 오류가 줄었다고는 함."
Andrea Autunno,1,2021-04-25 13:41:26,예전엔 지도 움직이면 따릉이대여소 자동으로 떳는데 지금은 현위치 근처 대여소밖에 안뜸. 이럴려면 왜 업뎃이 필요한지 모르겠음.
Hyeyoung Yoo,5,2021-04-24 22:48:38,잘쓰고있습니다
이해창,1,2021-04-24 21:01:45,매번 대여할때마다 열받네요 블류투스 연결된것도 없는데 10번을 해도 오류가 나네요 돈내고 타는데 제댜로좀 관리했으면 좋겠네요 별점 1점도 아깝습니다
ᄋᄉᄋ,1,2021-04-24 20:20:21,앱 업데이트 다음부터 연결이 거지같이 안되네요. 새로 깔아도 그렇고 뭐 이따위랍니까
최섬,1,2021-04-24 20:02:15,연결이 너무너무너무 안되요 블루투스 껐다키고 다시 연결해도 아에안되던데요
김지현,5,2021-04-23 13:56:13,업데이트 이후 어플 실행이 안됩니다. 계속 검정화면만 나와서 이용을 못하고 있습니다
Haku Choi,5,2021-04-22 15:54:32,사용이 편리하고 가독성도 좋습니다
Ybc U,1,2021-04-22 12:59:07,요즘들어 블루투스 오류가 많네요 임시잠금했는데 반납되고 다시 대여가 안되네요
JE KIM,1,2021-04-22 06:58:48,배차요청 버튼 어디있죠?
곰인형,1,2021-04-21 12:52:40,무슨 대여하는데도 시간 겁나오래걸리고 버벅거리고 짜증남그냥
ww w,3,2021-04-21 11:05:46,무통장입금 서비스도 해주셨음 좋겠네요 그리고 왜 다른 동네 자전거는 안 보이죠?
아방스,1,2021-04-21 10:02:09,"블루투스 연결이 계속 안되면 제 핸드폰의 문제인가요. 블루투스 이어폰도 안 쓰고 새로고침, 재부팅, 블루투스를 껐다켜도 절대 연결이 안됩니다."
SangRok Jung,1,2021-04-21 08:46:25,너무 느리고 연결이 잘 안되요
아롬말롱,4,2021-04-21 08:40:30,"출근 버스보다 따릉이가 빨라서 타려는데. QR코드 인식에서 아무리 다각도로 바꿔줘도 얘가 인식을 못하고 코드 적으면 시간이 더 걸려서 아주 돌아버리겠어요. 나는 1분 1초가 급한데. 내 휴대폰이 문제인건지... 인식이 좀 더 잘 될 수 있으면 좋겠습니다. 그래도 업데이트 이후로 디자인 깔끔해진 점, GPS 이동위치 보여주는 것 등 만족스럽고 공용자전거 잇다는 건 정말 좋습니다."
Janny Seol,3,2021-04-21 08:32:15,앱 키기 전에 위치랑 블루투스 미리 켜놓고 들어가서 대여하면 잘 되네요...
S-y Yoo (wkdbeogksalsrnr),2,2021-04-21 03:24:59,결제수단이 불편합니다 카드결제나 폰 결제 한번 등록하면 다음에는 자동 결제하게 해야 하는데 매번 번호 등록하는게 불편 합니다
김띠용,3,2021-04-20 23:07:48,제발 여의도에 자전거배치 좀 많이해주세요 수많은 정류장에 정말 단 한대도 없습니다.
심수연,1,2021-04-20 20:49:24,QR자전거 빌리려고 했더니 스캔이 안되서 다섯번은 지웠다 다시 앱설치했습니다 마지막으로 시험삼아 대여하기 해봤더니 되길래 우선 대여 취소했는데 앱에서는 취소됐다하고 카톡으로는 대여됐다고 뜨고 이상해서 대여하기 다시 눌러봤더니 그제야 대여중이라고 뜹니다. 오랜만에 자전거 타려다 30분 넘게 시간만 허비했네요 앱 업데이트할거면 제대로 해주세요
김석헌,1,2021-04-20 17:05:06,앱이나 제대로 만들어라 자전거만 자꾸 추가하지 말고
KH K,1,2021-04-20 14:36:04,급할때절대쓰면안됨 신뢰도0어플
JJ K,1,2021-04-20 12:38:53,징글징글하게 페어링 안되네요 차라리 기계식으로 했음 싶을 정도로 환경보호하며 빠르게 이동하고 싶었는데 여기서 15분째 페어링 중.. 이 앱에 의미 있음?
지동연,1,2021-04-20 11:13:53,앱을 업데이트하고나니 큐알인식을 못해요 업그레이드가 아니라 다운그레이드인가요?
이은성,5,2021-04-20 05:15:31,익숙해지는데 시간이 걸리겠지만 편리해지긴했네요. 사람따라 상황이 다른가보내요. 불만이신 분들도 있으신거보니.
Endurance,1,2021-04-20 01:29:24,제로페이 결제 하려고하면 가맹점 못찾는다 오류나옴
이은목,1,2021-04-19 23:33:38,정식 앱으로 바뀐뒤 대여신청 개느려젔습니다. 뭐하러 바꾸셧어요 지금것 잘타고 댕겼는데
워너의일상 (피아노치는남자),4,2021-04-19 22:27:02,Jn pares ding qi chiao shi
한정진,1,2021-04-19 15:28:15,안되는데요?
Heckler faus,1,2021-04-19 12:19:44,"쓸데없는 영상, 그래픽 화면 등은 웹페이지 링크로 바꾸고, 리소스 적게 먹게 만들어 주세요. 잘된다는 답변은, 여러가지 구형폰으로 골고루 테스트 해보고 쓰신건가요? 결제앱 왔다갔다 하다가 앱종료되기 일쑤. 리소스 관리 좀 잘해서 앱 만들어 주세요. 구형폰 쓰는 사람들 많아요. 램 메모리 넉넉한 고급폰 사용자만 따릉이 타라는 건가요. 실사용 기능에만 충실해 주세요. 아이폰쪽에서도 메모리 관리 실패로 ""앱 사용 원활하지 않을 수 있다""는 공지까지 띄우셨던데, 공공앱은 넓은 사용층을 위한 배려가 1순위 아닐까요. 앞으로 얼마짜리 이상 폰에서만 따릉이 이용이 가능합니다라고 공지 하실건가요?"
DongHyuk Lee,1,2021-04-19 06:21:57,업데이트좀 똑바로
장진욱,1,2021-04-18 16:32:27,업그레이드 이후 엄청 느려지고 오류도 만이 생겨서 대여하기가 많이 불편해짐
박찬희,1,2021-04-17 14:09:04,업데이트 후 사용하기 불편합니다. 대여소까지 갔다가 돌아오기가 여러번입니다. 탭이라도 좀 원래대로 바꾸세요. 업데이트 후 탭 선택도 잘 안되고 어제로 이용기간이 끝나서 오늘 등록했는데 이용권이 남아 등록할 수 없다고 자꾸 뜹니다.
Sj “Loraling” Lee,1,2021-04-17 12:19:59,업데이트후 페어링이 진짜너무안되요. 이전버전으로 쓰고싶네요..개선좀빨리해주세요.
SS Kim,5,2021-04-16 15:52:02,따릉이 서비스 너무 만족합니다~
얄례랼류,1,2021-04-16 15:51:41,대체 뭘 업데이트 한건가요ㅡㅡ 업뎃 전엔 큐알코드 인식 잘만 됐었는데 업데이트 하고 인식 하나도 못해서 옆에 있는 번호를 일일이 쳐야하네요ㅡㅡ
양재영,5,2021-04-16 15:51:03,지도 관련 편의기능이 좋아졌습니다.
고성준,5,2021-04-16 15:21:07,자전거사용 좋아요 따릉이로 스트레스해소 단 골목길위험하니 안전운행 필수
Sanghyuk Seo,1,2021-04-15 18:07:01,반납 반응도 엄청 느리고 관리도 안됨. 내 위치 보는것도 불편하고 이런게 국가기관 앱이라는게 참
CH Kim,2,2021-04-15 15:40:09,"리뉴얼 후 페어링이 왜 이리 안 되나요? QR도 안되고, 숫자입력으로도 안되고, 한번만에 연결된 적이 한번도 없습니다. 앱 마켓에 올릴 때, 앱 검수 작업 같은 거 안 하나요??"
와츄뿡,1,2021-04-15 14:17:12,뭐같은 게임어플에도 리뷰안남기는데 이건좀심하다 대체 서울 따릉이정거장 5곳 돌면서 페어링 안돼서 자전거한대도 못탐 이럴거면 업데이트왜함 담당자는 이런걸 어플로 만든거면 제발부탁이니 이럴거면 만들지말아주면함 5곳돌아다니면서 걸린시간생각하면 걍택시타는게 정신건상에 나을듯 어떻게된게 공공 이름들어가서 제대로나오는 어플은 뭐가있을까...
GN DSL,1,2021-04-15 08:55:15,연결 실패짱나요 이전버전으로 돌려주삼
jungwoo lee,1,2021-04-14 22:44:45,방금 제로페이 결제 안되서 고객센터 전화함. 하나은행만 오류난다고 함. 다른은행으로 결제하라고 함. ㅡㅡ빨리 개선 안하고 뭐함? 왜 쓸데없이 업뎃 해가지고 더불편해지게 만듦?
김민식,1,2021-04-14 16:08:29,새로 업데이트 된 이후에 연결이 너무 안되서 못타겠네요 일일권을 끊고 타질 못하니 원... 좋은 자전거를 서울 전역에 배급해 놓고 정작 어플하나를 똑바로 못만들어서 불편한 점을 만드네요 반성좀 하세요
Jungwon Seo,1,2021-04-14 08:42:46,페어링이 10번에 한번 정도 성공함. 빨리 가려고 따릉이 타는 건데 빌리는데 10분 걸림. 미치겠음. 전화하니 앱을 껐다 키라거나 폰을 다시 시작하라고 하는데 그래도 마찬가지임. 앱이 문제인지 내 폰이 문제인지. 시스템이 문제인지.
미미,1,2021-04-13 17:07:35,업데이트하고 연결이 잘 안됨ㅡㅡ
조성민,5,2021-04-13 14:58:16,이용해봤는데 너무 좋아요
석승한,3,2021-04-13 14:29:23,1 앱 자체 속도는 가시적으로 빨라졌지만 내가 원하는 위치의 자전거를 조회하기 위해서 위치를 찾고 새로고침을 하고하면 오히려 시간이 더걸림 기술적으로 조금만 더 신경쓰면 새로고침 없이 조회 위치의 따릉이 정보를 가져올 수 있는데 너무 쉬운방법으로 문제를 해결한것 같아 오리려 안한것 보다 못한것 같다. 2 전혀 다른 앱인 카톡은 반납정보를 전송하는데 정작 따릉이는 반납되었는지 길게는 30초가 넘어도 대여상태임 전치적으로 눈에 보이는 반응속도는 빨라진데 반해 실제 속도는 오히려 느려짐 실질적인 개선 부탁드립니다
황석현 (황석현),1,2021-04-13 07:05:24,돈은 돈대로 처먹고 대여가 안됨
김보리,1,2021-04-13 00:51:59,업데이트 되고 자전거위치 표시도 됐다 안 됐다 지도 줌아웃도 안 되고 남은시간 표시도 안 되고.. 원래대로 원상복구 해주시는게.. 정말 불편하네요
전호진,1,2021-04-12 19:20:54,"업그레이드가 아니라 다운그레이드... 이전 버전도 별로 였는데, 이번 버전은 더 함. 개발업체를 변경하던지 대책을 세워야 함. 앱으로 대여하는 시간보다 걷는게 빠를듯"
Sunghwan Lee,1,2021-04-12 12:13:44,반납이 안되서 고객센터 전화했더니 일시잠금으로 처리되었다며 추가요금 내야한다네? 지네 오류인데 내가 돈을 왜 내냐? 개같은 서비스 다보네
권민지,1,2021-04-12 10:12:38,업데이트되니까 안빌려져요ㅠㅠㅠㅠ 개선부탁드립니다
ha Na,1,2021-04-12 09:48:36,겉멋만 쳐들어서 앱을 쓰레기를 만들어
호뿌,1,2021-04-11 20:59:03,개 쓰레기 어플 qr 생기고나서부터 아예 대여도 안됨 하란대로 다해도 안됨 신 버전이 구 버전보다 못함 이럴거면 lcd는 왜 다 갖다 회수함? 진짜 대책도 없고 답도 없고
Kyusik Kim,1,2021-04-11 14:27:43,진짜 리뷰 처음 남겨 보는데 쓸 때마다 너무 화가 나서 리뷰를 안 남길 수가 없어요... 1. QR코드가 인식이 정말 너무 안됩니다 2. 인식 되어봤자 연결 안돼서 연결 되는 자전거 찾아다니느라 몇분씩 쓰고 3. 연결 안돼서 연결 취소 하려고 해도 버튼 눌러지지도 않네요 도대체 연결 취소 버튼은 왜 만들어놨나요? 제로페이만 해도 QR인식이 0.1초면 되는데 왜 이렇게 차이가 나나요? 진짜 유용하게 쓰고 있어서 더 화가 납니다. 무슨 매번 연결할때마다 두 세 자전거씩 연결 되는 걸 찾아다녀야 됩니까 ㅋㅋㅋ
신진효,5,2021-04-11 02:16:01,"대폭 업데이트 되었네요. 디자인도 좋아졌지만 체감상 앱이 더 빠릿해진 느낌이에요. Qr 인식 후 잠금해제도 조금 빠른거 같고, 결제할때 버벅거리던 것도 신경쓰였는데 개선되었네요. 이번 업데이트 만족합니다. 감사합니다."
ᄆᄂᄋᄅ최민기,3,2021-04-11 01:09:30,예전보단 확실히 빨라짐
HyungJin Park,1,2021-04-10 18:43:30,계속 에러떠서 안됨
김승현,1,2021-04-10 13:18:27,있어도 못탈때 마다 고혈압오겠음 진짜 부실듯요
하준환,1,2021-04-10 12:15:17,블루투스 연결 안되는 문제는 리소스 업데이트? 물어보면 취소하면 바로연결되네요 다른분들 참고하셔요 연결한다고 길바닥에서 30분동안 별짓다하고 제 잘못인줄 알았는데 결국 업데이트관련 문제여서 어이없고 짜증나네요 담당자분 빠른시일내로 확인부탁드려요
이준학,5,2021-04-09 23:59:54,앱 좋아짐 😀😀
bbak gooo,5,2021-04-09 18:35:29,좋은정책
Juhyun Lee,3,2021-04-09 15:59:59,"한달권 결제했는데 언젠가부터 QR연결이 안되고 계속 오류화면만 뜹니다!! 자전거를 바꿔봐도, 주변 블루투스 기기를 모두 꺼도 연결이 안되는데요. 안드로이드인데 어떻게 하면 되나요??"
이름,2,2021-04-09 15:01:54,옛날버전이 훨씬 좋아요. 업데이트 하고 이상해졌어요.
Jay Jay,1,2021-04-08 19:17:17,와 이건정말 앱중 속도. 편의성등 최악이다. 만든놈 구속하자
HoRang Beom,1,2021-04-08 18:41:51,따릉이 앱은 원래 이렇게 연결이 안되나요? 연결이 안되도 너무 안되네요. 최대 1분은 커녕 30분씩 걸리네요. 그리고 블루투스 연결은 왜 매번 물어보나요?
박상욱,1,2021-04-08 13:49:08,qr 페어링안된다고 lcd형은 왜 다 치워버림?? qr페어링 되지도않는데? 진짜 개답답해
Ohkyun KWON,1,2021-04-08 09:51:45,앱 업데ㅣ트 후 먹통. 이전 비밀번호식이 더 낫네. 수시로 연결 실패가 되니.
SKY,1,2021-04-08 08:52:42,1. 복붙한 최선을 다하겠습니다. 2. 해결할 의지는 없는 업데이트 3. 무조건 블루투스 기반 이용 4. 이용종료시 9996 오류 문의하기 게시판에 요청하였으나 해결할 생각이 없는 답변 5. 역대급 최악의 다운그레이드. 6. 이게 공공기관 어플 수준.
토치리,5,2021-04-07 23:19:51,좋아요. 자전거살 필요도 없고 집공간도 필요없고 잃어버릴 일없고 여러모로 편함
성준현,1,2021-04-07 22:34:15,업데이트 후에 안정성 개판
mhk090110,5,2021-04-07 18:18:11,앱 기능이 전보다 눈에 띄게 개선됨
EA silver,1,2021-04-07 16:44:58,QR 자꾸 안됩니다... 안되구요... 따릉이 한 번 타려다가 용산 한바퀴 걷기하겠어요... 자전거 어디 다 몰려있나요? 왜 정류장마다 자전거가 없어요? 좀 빨리빨리 채워주시면 안되나요?? 그리고 앱에 뜨는 갯수랑 실제 정류장에 있는 갯수도 틀려요. 자전거 있어서 가보면 QR 안되는 자전거고. 이건 뭐ㅋ 이용할래야 이용할 수가 없네.
문서윤,2,2021-04-07 15:16:46,업글 전에는 서울 모든 지역의 따릉이 대여소가 어디에 있는지 볼 수 있었는데 업글 이후에는 찾을 수 없어서 너무 불편합니다. 제가 못찾는건가요?
이희숙,5,2021-04-07 14:15:41,새로 업그레이드 된 따릉이앱 더 좋아졌네요 좋아요 👍
멋진꿈,2,2021-04-07 13:40:50,Lcd 사용방법이 너무 어려워서 방법 찾는데 헤맸어요. 그리고 같은장소에서 대여 취소하고 다른자전거로 대여하려는데 자전거 4대가 모두 안되고 블루투스 다시 연결해보라는 알람만 뜨고...결국 못탔습니다 ㅠ 대여 연결좀 개선해주세요
안성회,5,2021-04-07 12:14:05,근처에 있는 자전거 위치 찾기 기능을 유용하게 사용하고 있음
정국진,5,2021-04-07 11:12:32,따릉이 앱 최고 👍
날벼락,1,2021-04-07 08:05:49,이전버전에서는 페어링이 안되는경우가 거의 없었는데 이번에는 왜 계속안되는건지.. 이틀연속 대여를 못함
유민석,5,2021-04-06 19:50:56,새로바뀐 어플 쓰기 너무 쉽습니다
이대영,5,2021-04-06 16:59:05,"따릉이 회원인데 쓰기도 편하고, 항상 관리가 잘된 느낌이에요..굿입니다."
최영진,5,2021-04-06 16:53:06,서울살때 가까운거리 자전거로 많이 다니는데 잘사용하고있어요!
최영환,5,2021-04-06 16:51:26,자전거 관리가 잘되고있는거 같아요 자주 이용할게요
유영진,5,2021-04-06 13:18:01,옛날보다 사용법 많이 개선이 되었네요.. UI도 멋있고..
풍월주인,5,2021-04-06 13:16:38,기능 좋아졌네요~잘 쓰고 있어요
병수김 (김진혁),2,2021-04-05 21:51:11,비쌈
Nami Goo,1,2021-04-05 21:36:54,업뎃이후 너무너무너무너무 느려요........
Roy Koh,4,2021-04-05 20:18:28,"사용자가 달린 거리, 시간, 속도, 평속, 최고 속도 만들어주세요 그거만 있으면 좋을거 같아요"
슈라,1,2021-04-05 17:23:45,대여할려고 카메라로 QR스캔하는데 계속 안되는데 뭐가 문제인지 모르겠어요ㅠㅠ
Grace Han,1,2021-04-05 08:25:11,업댓이후 앱자체도 느리지만 위치 인식 자전거 인식 다 엉망임
윤경아,5,2021-04-04 20:33:57,화면 기능 좋아졌네요
liliho ᅵi,2,2021-04-04 13:20:08,왜 들어갈때마다 리소스 업데이트하라고 하고 큐알코드도 안돠나요. 이럴거면 어플 다운그레이드 해주세요
Oh Hyeon Youn,1,2021-04-04 04:36:37,회원가입을 하여도 없는 아이디로나오네요.? 관리를하는건지마는건지요 따릉이 찾기도 어려운데 사용안하렵니다 다른교통수단보다 많이 불편합니다
NARAE KIM,3,2021-04-04 03:38:21,"업데이트 후 지도가 바뀐 후, 현재 위치 근처에 있는 대여소만 떠요... 왜 이렇게 했는지 넘 이해가 안되는데... 경로 짤 때 목적지를 설정할 수 없으니 정말정말 불편함."
박성진 (Jin),1,2021-04-03 02:59:47,자꾸 블루투스 어쩌구하면서 오류가 나는 횟수가 너무 잦아짐
이승철,1,2021-04-02 19:23:49,리뉴얼 이후에 진짜 제대로 되는게 단 하나도 없음
이채린,2,2021-04-02 17:48:09,대여가 안돼요. qr코드는 먹통이고 번호쳐도 조회만하고 대여가 안되네요
아라사,1,2021-04-02 14:46:35,공지사항에 적혀있는데로 해도 블루투스 연결 안됨. 7일 정기권 사서 처음 이용해보려고 했는데 계속 서서 해보다가 안돼서 그냥 환불함.
어영부영,3,2021-04-02 13:31:07,뭔가 많이 무겁네요
공영진,1,2021-04-01 21:16:12,완전 쓰레기다. 매 주 한 번씩은 먹통 되고 전화 통화도 안 되고.' '
Ni Ja,1,2021-04-01 21:02:11,렉이 너무 걸립니다. 심지어 앱에 접속도 안되고 튕깁니다.
Daniel Lee,1,2021-04-01 19:03:56,QR인식안되고 연결 끊기고 돈먹고 진짜 어플 그지같네요
히잉요호옹이,1,2021-04-01 18:48:16,자전거가 있는데도 대여할수가 없네요 이미 대여중인 자전거라고 나타나거나 대여소 위치정보가 없다고 지속적으로 나타납니다 필요한 상황에 자전거가 떡하니 있는데도 사용하지 못한다는게 말이나 되나요?
치키포키,1,2021-04-01 18:24:01,업데이트하고 연결 너무 안돼요ㅠㅠㅠ 오기 생겨서 자리에 있는 자전거 연결 다해봐도 하나도 안돼서 결국 걸어갔어요...
보도리,1,2021-04-01 17:16:07,완전 별로
송일한,1,2021-04-01 17:12:13,엄청 자전거랑 연결 안되네요. 평 안남기는 사람인데 빡쳐서 남깁니다.
다라밸diet life balance,1,2021-04-01 08:52:22,업데이트?? 라기보단 다운데이트 이후로 대여가 전혀 안됩니다. 😡😡😡
양동기,5,2021-04-01 03:57:11,아주좋아요
조안나,5,2021-04-01 00:48:40,자전거 추가배치 요청 버튼 어디에 잇나요 자전거가 너무 없어서 불편합니다. 또 어플 시작할 때 나오는 영상때문에 노래도 끊기고 번거롭네오 바로 지도가 나왓으면 좋겠어요 (+) 피드백 완전 짱이에요 별점 5로 올림 굿굿
루돌프김,1,2021-03-31 20:20:52,새로 업데이트 하고 처음 쓰는데 다시 로그인하라길래 하려니깐 '카톡으로 로그인' 버튼이 전혀 안 눌리네요........
In H,1,2021-03-31 20:13:54,업데이트하고 나서 더 느려지고..결제 페이지 로딩이 안됨.
케이듀이,5,2021-03-31 19:13:08,전에 데이터가 많이 나가서 데이터 무제한이 아닌 알뜰폰 쓰는 저는 좀 부담이 됐는데 고쳐달라고 하니까 바로 고쳐주시네요. 이제 데이터가 조금만 나가요. 감동이네요. 별 다섯개 드립니다.
Jaewon Lee,1,2021-03-31 19:04:08,블루투스 이어폰 쓰고있으면 대여가 안되는 이 거지같은 오류는 내가 늙어죽을때쯤 고쳐지나요
나원빈,2,2021-03-31 10:33:43,Qr코드 찍히지도 않은데 왜 만든건가요?
윤희남,1,2021-03-31 09:03:31,대여가 안됩니다. 블투를 껐다 켰다 앱을 켰다 껐다 해도 안됩니다. 출근시간 몇군데 돌아보면 새싹 자전거만 남아있습니다. 성인인 저는 너무 작아서 탈 수가 없습니다.
수철,1,2021-03-31 07:06:48,"업데이트전에는 가아끔 연결이 잘 안됐었는데 업데이트하니까 더 느리고, 더 안되고, 더 화가나네요 업데이트 취소못합니까?"
hy k,1,2021-03-31 01:46:15,앱을 없데이트 할수없다고 뜨는데 왜이러나요 하 재설치해도 안돼요 어플자체가 아예 안켜져요
이재창,1,2021-03-30 22:42:23,대여가 잘 안됩니다. 예전에는 잘 되었는데ㅠ 가장 기본적이고 본질적인 기능이 안되는거죠 ㅠ 꼭 좀 개선 부탁드립니다
이승은,1,2021-03-30 21:25:17,블루투스 연결 좀 어떻게 해줘요ㅡㅡ 빌릴때마다 10분 넘게 걸리는데 서있는것도 진짜 창피하고 qr도 인식 제대로 안돼서 번호 입력해야 되는 것도 엄청 많아요
박혜림,1,2021-03-30 19:17:16,저같은 경우가 있는지 리뷰읽어보았는데 몇 있는것같아 글씁니다. 업데이트이후 큐알스캔이 안되요 번호입력으로 한번 대여햇는데 그뒤로는...번호입력해도 자전거연결중 창만뜨고 연결이 안되네요;;;
이기백,1,2021-03-30 16:48:26,앱을 만든 취지도 좋고 대여소도 많고 자전거도 잠깐 타는목적이면 괜찮은데 앱 관리를 하는지안하는지 정말의문
JiHyun Lee,1,2021-03-30 16:36:07,얼마전까지만 해도 잘되던 대여가 갑자기 안됨.. 대여하려고만 하면 계속 재시작되고 앱 꺼짐 삭제했다가 다시 설치해도 그대로임 이용권 기간 아직 꽤 남았는데 환불이라도 해줬음
JShue,3,2021-03-30 15:25:24,이번 업데이트로 인해 어플 깔끔해진건 굉장히 좋습니다만 따릉이 대여까지 로딩시간이 너무 길어졌습니다. 개선 부탁드립니다ㅜㅠ
Kim Backsu,1,2021-03-30 11:33:17,업데이트이후 블루투스연결 잘안됨.계속 실패 특히 타고 다시 다른거타려면 계속실패 폰껏다켜야하고 짜증나요. 잠금해제도그렇고
ᅳ.,2,2021-03-30 09:58:03,반납이 안돼서 요금 내라네요 반납이 안돼요
Myoungkyu Kim,2,2021-03-30 07:50:18,버전바뀌고 qr인식이 떨어지고 대여시간도 길어졌습니다
이상훈,3,2021-03-29 20:01:21,대여할때 잘 안돼는 경우가 잦네요
권순호,1,2021-03-29 18:19:48,블루투스 연결 왜이렇게 실패하나요 20분동안 시도하다가 결국 걸어가네요 아 업데이트는 왜해가지고 더 안좋아진건지
윤남현,1,2021-03-29 16:14:25,페어링 실패 계속 뜹니다. 미치겠군요.
J J,1,2021-03-29 06:34:04,완전 별로 대여가.그냥.안됌. 이럴꺼면 뭐하러 돈받고 하시나요.
서시공공자운,5,2021-03-28 17:28:03,시민의 의견이 제일 중요합니다
당클,1,2021-03-28 13:41:59,진짜 업데이트최악이네요 이용권도삿는대 qr찍어도 대기만 하라고하고 1분걸린다면서 5분째안되네요 블루트스 쓰지도않는대 블루투스 켜시겠습니까? 자꾸뜨고 최악이네요 그래서결국 사용못했습니다
김태우1323,1,2021-03-28 09:38:57,공짠줄 알았는데 유료였네 바로 삭제 정치시민단체 수백개에 몇 백억씩 지원할 돈으로 자전거나 무료로 복지해라 ㅉㅉ
둠둠,1,2021-03-27 10:55:00,쓰레기 ㅋ 처음쓰는데 렉걸리고 홈페이지 오류뜨고 ㅋㅋ 사용자 경험 최악 ㅋㅋㅋ 괜찮아 그래야 다른 사기업이 또 솔루션 개발해서 먹고살지 ㅅㄱ ---------------블루투스인식도 쓰레기^^ ---------업데이트 후---------- QR코드 인식 불가 이전과 동일한 페어링 불량
ntrial,1,2021-03-26 20:04:35,무슨 연결하는데 10분이나 처걸리는지 모르겠네요 업뎃하더니 qr 인식률 최악에 인식되면 뭐하나 연결이 안되서 수십번씩 하게 만드는 거지같은 앱. 역시 공공기관에서 만든 앱치고 제대로 된거 하나없죠? 수익내야되는것도 아니고 걍 대충 만들고 말거듬.
오늘도좋아,1,2021-03-26 16:29:59,"업데이트하고 안되요!!! 저 지금 대여, 반납하고 다시 빌리려는데 인터넷문제라고 연결이안되요!!! 다른 앱들은 인터넷 사용에 아무문제없는데 이것만그래요!!!"
World Jeong,1,2021-03-26 16:29:05,절대 한번에 빌려지는 경우가 없음 최신폰인데도 그럼 빌리려면 몇번을 시도해야됨... 평점이 딱 말해주는 수준
Miel J,1,2021-03-26 12:39:36,등록 했는데 왜 없는 아이디로 나오나요? 다시 가입하려 휴대전화 인증 하려 해도 등록 된 번호라 나오고..
김경훈,1,2021-03-26 09:38:52,업데이트 왜한거에요??? 대여하느라 시간만 날리고 대여는 안되고 빠른해결 부탁드립니다.
람쥐,1,2021-03-26 09:33:18,갤s21+ 인데 대어가 안되네요 시간이랑 돈만 날렸습니다
몽쵸쵸,1,2021-03-26 08:33:38,출근해야되는데 계속 대여안되서 붙잡고있다가 포기 업데이트이후 대여가 잘 안됩니다 어떻게 좀 해주세요;;
Suhee Jeon,1,2021-03-25 21:53:41,정말 이런 리뷰 쓰지않으려고 했는데 업데이트후에 QR 스캔도 오히려 더 안되서 대여자체를 못하네요!!!블루투스 연결도 해제하고 자전거를 여러대 바꿔서 시도해봐도 안되서 자전거대여만 30분 시도하다가 실패했네요. 이런 식으로 한걸 어떻게 업데이트라고 할 수 있죠?????빨리 개선 바랍니다!!!!!
k t,1,2021-03-25 20:19:49,블루투스 연결 어휴
광선김,2,2021-03-25 16:56:00,"따릉이 제로페이 결제 시스템좀 타 결제사처럼 매끄럽게 해줘요. 지금은 할인해주니까 참고 결제 했는데 할인없으면 누가 제로페이랑 연계해서 쓰겠습니까? 작년.올해 정기권 결제 하는데 엄청 막히고 그 과정설명도 없고 다 이상함 방금도 페이코로 제로페이 연동해서 결제 하려는데 제로페이동의처리가 필요하다고만 뜨고, 어디서 설정 바꾸는지 설명도 없고 전화해도 잘모르고 혼자 페이코어플 다 만지다보니 겨우 찾았네요. 페이코에서 qr/제로페이 항목 누르면 qr결제창만 뜸. 그밑에 제로페이모바일상품권 누르니까 연계됨 이게 말이됨??? 따릉이 결제가 모바일상품권이랑 상관이 있어요? 뭐 어떻게 찾으라는겁니까? 페이코 제로페이 누르면 Qr코드 화면만 뜨고 답답해죽는줄 알았어요 작년도 이러더니 올해도 개선이 더 필요할듯 그리고 배차도 출퇴근에 제일 많이 이용하는데 매번 그시간대에는 자전거가 없어서 타려면 버스2.3코스 거리는 걸어야 탈수있는데 이것도 개선이 필요함"
강원탁,3,2021-03-25 08:45:45,"딱히 사용에 불편함을 느낀부분은 없습니다만 이번에 업데이트 되면서 폰의 GPS가 켜지지 않은 경우 팝업 메시지 뜨던게 사라졌네요, 블루투스 이어폰 연결되어 있으면 연결 잘 안된다는 메시지보고 블투 연결만 체크하다가 겨우 위치꺼진거 확인해서 대여했습니다. GPS꺼져있을때 켜는 팝업메세지 다시 띄워주세요. 그리고 다른 분들 따릉이 연결하실때 QR찍고 핸드폰 위로 들지 마시고 QR근처에 대고 계시면 더 빨리 연결됩니다. 참고하세요"
정준철,1,2021-03-25 08:13:59,오늘 업데이트 하더니 왜 로그인이 안되죠? 비밀번호를 매일 쓰던건데 .. 계속 틀리다고 해서 임시비밀번호까지 받아서 로그인했는데 .. 안되네요 ㅠㅠ ..
김성열,1,2021-03-25 07:33:20,블루투스 기반 쫌 안하면 안되나요? 업데이트 전에는 블루투스 이어폰 끄고 핸폰 껐다키고 경건한 마음으로 연결시도하면 그럭저럭 됐었는데 업데이트 후에는 계속적인 페어링 실패 -.-; 도대체 블루투스를 이용하는 이유가 뭔가요?
조군희,1,2021-03-25 06:23:38,앱 종료버튼이 작동이 잘 안됨..앱 종료하려면 짜증스럽네요.
Cocoon,1,2021-03-25 02:23:56,테스트 제대로한거 맞나요? 개발자 문제가 심각하네요 qr도 인증도 잘안되고 대여도안되는데 그냥 전 버전으로 롤백해주시죠 10분 걸어갈 거리 15분째 대여로 고통받고있네요;;
김현우,1,2021-03-24 23:26:24,대여소 앞에서 잠금 거는데 자꾸 임시잠금으로 처리되어서 집에 좀 빨리 가려고 탔다가 되려 늦을 뻔 함
이충효,5,2021-03-24 22:25:22,너무 편리하고 좋아요.
강건,1,2021-03-24 21:29:42,결제실패결제실패결제실패결제실패결제실패결제실패결제실패결제실패결제실패결제실패결제실패결제실패결제실패결제실패결제실패결제실패결제실패결제실패결제실패결제실패결제실패결제싶래결제실패결제싪펴
송희진,1,2021-03-24 18:44:45,업다운 되서 넘 짜증났네여 넘 늦어여
C L,1,2021-03-24 17:23:23,업데이트되고 계속 에러 되고 짜증나네요
전승현,1,2021-03-24 15:03:08,개느림 업데이트 ㅋㅋㅋ..
EuNhwa,5,2021-03-24 06:49:35,헤헤
jiwon park,1,2021-03-23 21:50:30,왜 안되나요!!!!!!!!!!!!자전거를 타라는거에요 말란.ㄴ거에요!!!어플자체가 실행이 안되는데!!!!!환불해주실건가요?!?!?!?!?!?!?!!!!!!악!!!!!@@!@
이지훈,2,2021-03-23 19:58:42,어플이 그냥 홈페이지인지..어플인지 구분이 안되게 현저하게 디테일이 떨어집니다
Ji Hye LEE,1,2021-03-23 19:32:09,안드로이드에서 앱이 정상 작동 안합니다. 잠금장치가 해제 안된상태에서 대여처리 됩니다.
탁탁이,1,2021-03-23 17:32:56,학교끝나고 키려는데 안켜지다가 핸폰도 몇번 끄고 따릉이도 몇번 지웠다가 깔았다가 하니까 겨우 켜졌는데 네이버 로그인 하려는데 이번엔 네이버가 계속 꺼진다네요. 매우 화납니다. 지금 매우 급한데 빨리 해결좀요
애플사과,1,2021-03-23 16:23:28,이 앱을 깔고나서 핸드폰(LG wing)이 오류가 났습니다... 확실히 확인해주십시오.
권영경(제우스),5,2021-03-23 16:15:54,업데이트.이후 어플에 접속이 안됩니다. 하얀창만 뜨고 1초만에 꺼지기를.반복해요. -> 빠른 해결 책 제시 감사합니다. 새로 업데이트된 어플이 훨씬 이용하기 편하네요. 애용하고 있습니다💪
오원석,1,2021-03-23 15:34:08,오류투성이로 혈압오름 별점 1개도 아까운 어플
이체리라구,5,2021-03-23 15:28:28,앱 업뎃되고 훠어어어러러러ㅓㄹ어ㄹ씬 보기 편해짐 굳
이이,5,2021-03-23 15:10:01,드디어 제가 말했던 기능이 추가돼서 너무 좋아요!ㅠㅠ 가끔 연결도중 오류나면 껐다켜도 계속 이미 대여중이라 뜨고 애먹었는데 드디어 대여취소 기능이 생겼네요!! 다들 같은 생각을 한걸까요 아님 제 의견이 반영되었을까요?!🤭 어찌되었든 너무 기분좋습니다! 어플도 넘 깔끔해졌고 드디어 지도도 회전되네요ㅎㅎ 방향이 헷갈려 불편했었는데 어떻게 또 한번의 업그레이드로 이렇게 발전이 될수있는지요! 갑자기 불편한게 모두 해소돼서 당황스러울정도😅 따릉이 정말 최고예요♡♡♡ 앞으로 큐알따릉이 많이 늘려주세요ㅎㅎ + 근데 오류가 전보다 좀더 는거같긴하네요..ㅎㅎㅠ
투룽뿌,1,2021-03-23 15:09:57,왜 자꾸팅기냐...
SJ C,1,2021-03-23 12:59:37,네이버 로그인이 안됩니다. 어플재설치에도 같은현상발생
HK Ma,1,2021-03-23 12:16:25,다운잦다 xx
김슬기,1,2021-03-23 12:01:34,앱이 안 켜지고 강제종료됩니다 갤럭시 노트 10인데 이거 왜 이러죠 안 그러던 현상인데 업데이트 후 그래서 정기권 사용도 못하고 지금 지하철 타요 이럴거면 정기권 환불해주세요
김의준,5,2021-03-23 11:35:35,편하게 이용 잘하고 있습니다
김동욱,5,2021-03-23 11:35:32,이용하기 편리해서 너무 좋아요
황재연,1,2021-03-23 11:22:32,앱실행도 제대로 안됨
Heanu Kang,1,2021-03-23 09:21:07,"따릉이 앱은 대체 뭘 위해 업데이트 하신 겁니까? 동영상, UI/UX도 좋지만 그전에 기본이 돼야지요. 로그인,연결,대여,반납은 고사하고 앱도 열리지 않을 뿐더러 폰 자체를 망가뜨리는 앱이 앱입니까, 바이러스입니까? 제대로 검증도 되지 않은 버전을 릴리즈하여 사용자들을 실험대상으로 삼을게 아니라 철저한 검증과 검토 후에 공개해야 하는 거 아닌가요? 기존에 6개월 정기권을 구매해 잘 사용해오던 앱이 몇일전 자동으로 업데이트 된 이후 비정상적인 앱종료, QR코드 인식불량, 연결 로그인 불량 등의 잦은 문제가 발생하였습니다. 이후 개발자 분이 안내해준 기타 오류 수정 버전(2.0.48)으로 업데이트 하였으나, 설치후 증상이 개선되기는 커녕 오히려 따릉이 앱 자체가 아예 열리지 않고, 자동 앱 종료 팝업창이 뜹니다. 뿐만 아니라 아무런 문제없던 다른 앱들 (카카오톡, 네이버앱, 이메일, 후후 등) 연달아 앱 종료 팝업창이 뜨며 실행되지 않습니다. 모두 삭제 후 재 설치해도 증상은 똑같습니다. 이러한 문제로 발생한 손실 등에 대해 다음과 같이 요구합니다. 1. 최근 업데이트 이전 기존 따릉이 앱 버전 제공 - 따릉이 로그인,연결,대여,반납 사용 가능버전으로 제공 2. 스마트폰 이상증상 수리복구 지원 또는 해당 비용 배상 3. 따릉이 대여불가로 인한 기간 연장 및 비용 배상 성실한 답변과 조치 부탁드립니다."
박수진,5,2021-03-23 07:48:40,편해요
이준혁,1,2021-03-23 07:41:25,잘 쓰다가 업데이트된 이후로 QR인식만 하면 '로그인이 정상적으로 되었습니다' 라고 하면서 자동으로 종료되네요...ㅋ
SH Lee,2,2021-03-22 22:11:24,1. 400kbps에서는 사용이 안될정도로 로딩이 심함(신호대기하던 버스 와이파이 잡아서 빌림). 2. 이러니 동영상 안내는 무용지물. 3.왜 토요일에 버전1대가 깔렸었나
Daeha Kim,1,2021-03-22 19:58:13,업데이트 이후에 대여가 안됩니다.
moony b,1,2021-03-22 18:34:37,업데이트 이후 아예 앱이 켜지지도 않음 업데이트 할 수 없다 응답시간 초과 이런 메세지 밖에 안뜸 9887 오륜가 뭔가; 다른 인터넷 사용하는 앱 전부 정상 작동 됨 정기권 끊어 놨는디 타지도 못하네요 (+) 삭제했다 앱 강제종료 했다가 반복 하니까 됨 근데 QR 인식이 이전보다 구림 로딩도 김
김성호,1,2021-03-22 18:27:23,"따릉이를 타고 가려고 일부러 다른방향으로 돌아가고 있었는데 앱이 업데이트를 하고 대여하기를 누르니 에러가 뜨면서 로그인 조차 안되네요. 정기권 이용중인데 이런식으로 업데이트 할거면 정기권 환불이나 정기권 기간 더 늘려주시고, 배상해주실거 아니면 빠르게 에러 처리좀 해주시죠. 덕분에 예약해 놓은것 다 날아가 버렸습니다^^"
김고은,2,2021-03-22 18:25:18,정기권 이용중 어플 에러나서 반납 지연되어 추가금 발생
강경호,1,2021-03-22 18:23:14,응답시간초가됫다고 어플이 켜지지도않는데 왜이러죠?
강예진,1,2021-03-22 18:23:11,로그인이 잘되다가 갑자기안되죠?
댕댕씅,1,2021-03-22 18:22:57,나라에서 하는 몇 안 되는 정말 좋은 정책인데 앱이 엿 같아요. 공무원들 제발 세금으로 호구짓 그만 하고 정신 좀 차려서 제대로 된 외주쓰세요...
Sniper Meat,1,2021-03-22 18:22:28,가입하고 결제할 때는 잘되더니 이용하려니까 로딩시간 초과 에러가 계속 나네요? 먹튀도 아니고 이런 앱을 어떻게 써요?
홍해진,1,2021-03-22 18:22:10,이게뭐줘 왜이렇게 업데이트인지몰라도 계속 로딩으로 안열려서 타고왔는데 타고 갈수가없어요 다시안열려서 어이가없네요 애기람같이 타고와서혼자 집까지 걸어가야하네요 돈만버렸네요
오창석,1,2021-03-22 18:19:34,업데이트 이후 로딩이 안되고 에러만 뜸...
김세광,1,2021-03-22 18:17:58,로그인 안되고 로그인도 자동로그인 걸어놔도 바로 풀리고 정말 못만들었네요 같은 개발자 출신으로써
송인준,5,2021-03-22 11:02:57,UI가 많이 개선된거 같습니다 지도가 반응도 빠르고 결제도 간편해졌네요
조이,1,2021-03-22 08:26:26,자전거 연결이 안돼요 열번넘게했는데도 안돼요 블루투스도 껐다키고 앱도 껐다켜도 안돼요
Yj5h,2,2021-03-22 01:49:26,QR인식 너무 오래 걸려요ㅠㅠ 그리고 따릉이 대여소에서 또 다른 따릉이 대여소로 자전거길에 최적화된 길찾기 기능 넣어주시술..있나요...hoxy?
Fck,5,2021-03-21 19:16:11,새로바뀌고 나서 오류로 대여안될때 직접취소가능해져서 너무사랑스럽다. 저번 버전에선 페어링 오류 넘 많이나고 그때마다 몇분씩 가만히 기다렸어야 했는데
kyu,1,2021-03-21 18:06:53,하루단위로 거리와 시간 칼로리 보여주는거 왜 제거 했어요 다시 살려주세요 한달단위로만 보게한거 바꿔주세요 업데이트후가 더 불편합니다
ssu,4,2021-03-21 17:15:57,(녹색 노란색 마커에있는) 대여가능 숫자가 잘 안보입니다. 숫자폰트에 외곽선을 주던지 숫자의 색깔을 검정색으로 바꾸던지 해 주세요. 시력이 안좋은 사람에게는 노랑색배경에 흰색 글씨는 가독성이 많이 떨어집니다. 숫자 크기가 작아서 더 그런듯
이성국,5,2021-03-21 17:00:54,잘 사용하고 있습니다 한가지 건의사항 앱 기능이 있는데 못찾는건지.... 나와 가까이있는 따릉이 있는곳까지 거리을 볼수 있스면좋겠네요
WT,5,2021-03-20 18:02:34,"보기 편해졌네요. 글씨, 그래픽, 사용감 등등 전반적으로 보기 좋게 잘 만들었습니다. 특히 처음 화면은 눈이 정말 시원합니다. 대만족. 좋게 만들어 주셔서 감사해요.^^"
강덕규,1,2021-03-20 15:32:07,버그덩어리에 접근성 떨어지는 사용해본 앱중 가장 최악의 앱.
Steler Tiny,5,2021-03-20 13:44:33,새로운 버전 너무 좋아요 나날이 발전하는 앱 !! 감사합니당
Yong Ha Park,1,2021-03-20 10:14:34,리뉴얼한 이유를 모르겠습니다. 게다가 불만접수 게시판을 삭제한 건 사용자 피드백을 받지 않겠다는 생각에서인 건가요? 또한 인트로 동영상 탓에 로딩도 늦고 백그라운드 재생시킨 음악 등도 다 꺼지게 되었네요. 오류는 계속 뜨고 뉴따릉이 되고 중년 이상 그리고 저사양 폰 사용자를 배척 시키고 계시다는 걸 아시나요? 자전거는 썩어가고 서비스는 후퇴하고. 대체 생각이 있는 건지 아님 필요없는 앱 개발로 전시행정하는 건지. 제 기억으로 이번 앱 개발이 3번 째인가 4번 째입니다
김태연,1,2021-03-20 08:47:59,하 정기권 샀는데 무슨 아침마다 qr인식을 못해서 타지를 못해요. 무슨 앱이 이래요? 개발자는 이런거 아세요?
Steve Choi,1,2021-03-20 07:48:49,대여소앞에서 이제는 대여하기 위해서 5초이상 커면화면을 보고 기다려야 한다 지도 로딩 정말 느리다
빤돌이,2,2021-03-20 01:18:20,"앱이 오류가 있네요, 대여하기 큰버튼으로는 무한로딩이고, 그나마 대여소 지정해서 작은버튼으로 대여하면 오류가 적네요."
김재희,1,2021-03-19 22:19:00,업그레이드 되고 나서 실행하다 죽습니다 실행도 안되고 몹니까? 최소사양의 핸드폰에서도 실행가능한 앱개발을 해주세요. 겉멋들이다 기본은 되지도 않네요 원복해주세요ㅠㅠ
김정현,1,2021-03-19 22:18:40,국민혈세로 이따위로밖에 앱 못만드냐... 오류투성이다 로그인할수가없다.
조민석,1,2021-03-19 20:15:14,역겨움 앱이 그냥 지 혼자 멈춤
쭈쭈루기,1,2021-03-19 20:03:00,로딩 너무 너무 느려졌구요. 그래서 사용하기 힘들어요 차라리 이전 앱으로 바꿔주세요 ㅠㅠ 이전 앱은 아무 문제 없었어요 ㅠㅠ 최소한 이전앱보다 빨리 로딩이 되었으면 좋겠어요.. 로딩 속도 잡아 먹는 이상한 그림이나 동영상 제발 넣지 마시고요
이세준,3,2021-03-19 19:34:35,업데이트 이후로 동영상이 문젠지 오류떠서 삭제하고 재설치 하고 타고 있습니다 출퇴근길때마다 삭제후 재설치해야 로그인할수있네요 빠른 문제 해결바랍니다
ms s,1,2021-03-19 18:39:00,업데이트하고 접속이안됨 회사 지각함
석지훈,1,2021-03-19 18:34:56,2점도 아까움 아예 되질 않음
성이름,1,2021-03-19 17:54:33,"앱 개편 D+3, V50유저는 앱이 안켜져서 자전거를 탈 수가 없음. 개같은 인트로영상좀 치워주십쇼 1분1초가 아까운 출근길에 다른사람 와꾸 감상할 시간이 없음"
Hulah La,1,2021-03-19 16:10:57,어플 열 때마다 영상 나오는 거때문에 너무 느려요. 게다가 자동로그인되고 어플이 꺼져요.
폴n얼룩이,3,2021-03-19 08:07:55,그럭저럭 사용하고 있습니다. 바뀐 가입 및 카드등록시 화면 스크롤이 되지 않아 하단 기입시 감으로 해야되더라구요 개선 요청드립니다.
뭉아무,1,2021-03-18 22:27:34,장난치냐진짜?
Minhee Lee,1,2021-03-18 18:48:12,"어떻게 업데이트 뜻이 다운그레이드로 변했나 모르겠네요. qr읽다가 연결오류, 임시잠금해제 시도해도 연결오류, 대여 시간 나오는 호면에서는 앱 종료는 물론이고 뒤로가기가 아에 안먹어... 앱 개발자가 문제인거야? 검수 하는 놈이 문제인거야? 둘 다 문제인거겠지... 시 담당자가 누군지 모르겠지만 평가 d나 받아야겠어."
mustard ketchup,3,2021-03-18 18:04:40,"어플 실행시 위치정보 설정을 하라고 토스트가 뜨고, 설정하기를 클릭하면 종료됩니다. 그래서 사용시마다 어플을 재설치해야함. 매우불편함"
Sookyy J,1,2021-03-18 18:02:24,한 번에 빌려지는 건 기적. qr 로딩만 걸리다가 대여중이라고 하면 앱을 종료해도 똑같음 몇 번을 껐다 켜야 그나마 대여중이 사라지지만 또 qr인식 못할때가 더 많음
톡쏘는jerry,1,2021-03-18 09:40:38,리뉴얼 하고 qr인식자체가 안되는데요? 번호눌러서 대여하기는 아예 되지도않고
Gu-tae Jung (Kevin),1,2021-03-18 08:08:28,QR인식 안되는 문제가 너무 심하네요 아침마다 복불복 복권 긁는 기분이네요 공무원분들 역량안되면 민간에 양도하세요
Delia,5,2021-03-18 00:53:50,"이사오고 나서 따릉이 인프라가 잘되어 있어서 다시 타기 시작했는데, QR형이 생겼네요. 이전 버전 보다 대여 반납도 간편하고, 임시 잠금도 할수 있어서 완전 편해요~~ 하루 중에 몇 번이고 빌릴 수 있는 것도 좋구요! 정기권이 매우 저렴하길래 몇번 일일권 했다가 바로 정기권 결제했습니다 ㅎㅎ 날씨가 풀려가면서 따릉이 더 잘타게 될 거 같아요~~! 남친은 앱이 신규 버전으로 업데이트 되었던데 전 아직 안되어서 저도 빨리 되었음 좋겠네요. 지금껀 약간 올드한 감이 있는데 새 버전은 인터페이스가 훨씬 개선되었더라구요. 기대하고 있습니당~"
케에챱챱,1,2021-03-17 20:15:11,아니왜 업데이트하고나서 결제가 안되나요 계속 오류라고 뜨고
aqua cool,3,2021-03-17 18:28:14,저 따릉이앱이 접속이안돼요 앱을 업데이트할수없다고 계속뜹니다
말걸지말아주세요정말힘이드네요,1,2021-03-17 17:59:04,N년간 잘쓰고 있는데 더럽게 연결 안되고 쓸수도 없네요 몇십분 기다리다가 그냥 갑니다 약속시간도 늦고 예전으로 돌려주세요 예전엔 연결이라도 잘되었지 리뉴얼되고 꽝임
재키,1,2021-03-17 14:04:46,따릉이 서버 자체가 안들어가져요 이거 뭐죠
상익,1,2021-03-17 13:25:19,쓰레기 어플. 따릉이는 매우 좋은 서비슨데.. 어플 관리를 이 따위로 해서 이용하다가 짜증나는 경우가 자주 있음. 또 하루종일 어플 실행이 안 되고 피드백은 없고..
yoonbok,1,2021-03-17 12:51:23,아니 솔직히 qr실패는 이젠상관없는데 업데이트하고난후 어플이 자동으로꺼짐...
성명수,1,2021-03-17 10:58:54,걍 업데이트 후 깡통됨
Gyeonghwan Seong,1,2021-03-16 22:05:55,"업데이트 되면서 오늘 얼마나 탔는 지 확인할 수 있는 기능이 없어졌어요. 대여반납이력 1개월, 3개월, 6개월이 아니라 사용자가 기간을 설정해서 볼 수 있게 해주세요.."
minjoong,1,2021-03-16 20:28:27,리뷰얼안하는게 그나마 ...건들수록 더 나빠지는 어플
Chan Hee Lee,1,2021-03-16 19:16:54,대여하기시 매번 두세번씩 시도해야 합니다
호야,1,2021-03-16 17:51:38,업데이트이후 쓰레기어플됬어요 ^^ 누가 기획한건가요
임자운,2,2021-03-16 15:37:20,앱 버전 체크시 오류가 발생했다고 뜨면서 어플 실행이 안되는데 어떻게 해야하나요? 삭제했다 다시깔아도 이럽니다
진진,1,2021-03-16 15:09:35,앱좀 똑바로만들어 시간 오지게 먹고 왜 블루투스 연결이 안되냐고
김율,5,2021-03-16 13:49:49,좋아요
강영규,2,2021-03-15 22:40:16,21년 3월 15일 새롭게 출시한다는 홍보글 보고 기대 했는데.. 뭐죠? 관리가 제대로 이루어지고 있는 앱이 맞나요?
최진원,1,2021-03-15 22:24:34,잘쓰다가 갤럭시 s10 5g인데 앱 무조건 튕김 지웠다 깔아도 똑같음~
YN K,1,2021-03-15 15:40:32,대여하기 왜이렇게 힘들어짐 10번시도해서 1번될까말까한 수준
정현호,1,2021-03-15 13:31:44,1. QR인식률 급락 2. 앱 실행시 왜 굳이 동영상을 넣어서 듣던 노래가 꺼지게 만듭니까? 상당히 거슬립니다 3. 지도 범위가 너무 넓어서 눈에 하나도 안 들어옴 이딴거 만들어놓고 앱 개선사업이라고 눈먼돈 받아먹었을 놈들 생각을 하니까 속에서 천불이 난다... 세금 녹는다 녹아
권종민,3,2021-03-15 13:18:46,심각하다.. qr인식안됨
김민지,1,2021-03-14 19:27:02,연결이 너무너무 안돼요 중간에 취소도 못 하고 어플을 껐다 켜도 똑같이 느려요
해해,1,2021-03-13 22:56:57,별 한개도 아까움 고객센터 30분이 넘도록 안받는 여기가 레전드임 반납을해도 반납이안됏다는 인식이 되는거면 자전거를 고쳐야지 반납문자 받기전에는 자리를 뜨지말고 해결하고 자리를 뜨라는소리나 하고잇으면 어떡하십니까 약속있는 사람들은 어떡하라고요 전화를 빨리받는것도 아니시면서요 답답합니다 참 ㅡㅡ
Leo,1,2021-03-13 17:41:20,로그인하는거부터 불편하고 반납설명도 이해안되게 써놔서 헤매다가 추가요금붙었네요. 사용자편리성 생각하고 어플만드세요. 다신 따릉이안씀
Bass Kim,1,2021-03-12 21:20:54,매번 늘 같은말만 하는 진짜 서울시 운영 답이 안나옴 그런식운영 집어치우시길
고광하,1,2021-03-12 18:19:45,요즘 한 번에 qr 인증 되는 경우가 없네요 뭐가 잘못된건지 오류 잡아주세요 빌릴 때마다 3분씩 걸리는 것 같은데 너무 불편합니다
SJ,1,2021-03-12 06:34:11,QR코드 인식 취소 버튼 좀 만들어주세요. 아침 출근시간에 1분 1분이 소중한데 연결은 안되고 취소도 안되고 시간이 너무 아깝습니다. 답변 복붙하시지 마시고 진정성 있게 시민들 의견 청취 부탁합니다.
Geonhwa Lee,1,2021-03-11 10:29:55,연결하는데 10분이 넘게걸려요. 인터넷 안좋으면 답없어서 그냥 걸어감. 앱 최적화좀 해주세요.
우태윤,1,2021-03-11 09:16:20,대여가 안돼요 대여가
영영,1,2021-03-10 18:53:36,개빡침
월루,1,2021-03-10 15:15:55,"개발,운영하는 실무자들 말좀 듣고 운영하세요 안그래도 앱도 잘 안되고 qr인식도 특정시간에는 거의 안되다시피 하는데 새로운 앱을 출시한다고요?? 개발은 하나도 모르는 윗선,정치인들 제발 모르면 가만히좀 있으세요. 본인 치적 쌓으려고 숟가락질 하다가 그릇 엎지좀 말고요. 사기업이면 진작 엎어지고 쌍욕 먹을걸 세금으로 가격 낮추니 사람들이 사용하는겁니다."
한상우,1,2021-03-09 19:26:37,쓰레기만도 못한 앱. 무슨수를 써도 연결안됨. 블루트스 다 해제하고 삭제후 다시 깔아서 연결해도 안됨. 따릉이 52단콤보로 뿌셔버림.
소마누,2,2021-03-09 17:59:00,진짜 연결 더럽게 안되네 블루투스 연결이 왜 필요하죠..?
남정현,1,2021-03-08 19:57:22,qr형으로 연결중만 20분째...다른 단말기도 똑같음;: 저녁 7시 30분 트래픽을 못받칠 정도면 가격을 올리시든가 아니면 서비스를 때려치세요...
이민성,1,2021-03-08 14:02:17,로딩할때 자꾸 렉걸려서 몇분에 걸쳐서 종료했다가 다시켰다가 해야 겨우 됩니다.빨리 개선좀 해주세요 ㅡㅡ
Minji Kim,1,2021-03-08 10:53:56,이용권 샀는데 연결이 안돼서 사용을 못하네 ㅋㅋ 하라는 대로 찾아서 했는데도 안 되면 뭐 어쩌라는 ㅋㅋㅋㅋㅋ 짜증나 죽겠다
정만영,1,2021-03-07 06:58:05,qr코드 연결중 .... 연결이 안될때는 신청취소 버튼을 만들어달라고요 앱에다 의견을 해도 수렴이안되고 베타테스트 만 하지말고 편의성 업그레이드 못합니까 비번 누르는 자전거는 연결안되면 신청취소버튼있잖아요? 그것처럼 만들면될텐데 왜안해요? 요즘 비번자전거 거의없어서 신청취소도 못찾고 주변대여소 계속눌러서 비번자전거 있는곳 찾아야 취소되는데 비번자전거는 소멸됐는지 100대에 1대 있을까말까 그러니 신청취소 버튼을 만들어 주시죠 연결한번에 안되는거 참아줄테니까 검토만 하지말고 적용좀 하시죠 이제는..
Eunpyo Hong,2,2021-03-05 22:30:00,최근 앱과 자전거 간의 블투연결 어려움으로 거의 사용을 못하고 있습니다. 연간사용료가 아깝네요... 핸펀기종은 홍미노트8프로. 예전에는 잘 되었음.
Min-su Sim,5,2021-03-05 20:17:42,서울시민을 위한 최고의 복지 중 하나.
Jinsoo Park,1,2021-03-05 10:45:03,결제하기를 눌려도 화면이 안 넘어갑니다. 20분동안 누르고 있는데 안되네요. 이렇게 운영하면 서울시민에게 방해밖에 되지않을듯. 급하시면 절대 따릉이 타지마세요.
용훈잉,1,2021-03-04 19:43:37,왜 단말기 연결중에서 안넘어가 하루죙일 서있어ㅜㅜㅜㅜㅜ왜한번에 연결이 안돼ㅜㅜㅜ
양우석,1,2021-03-04 10:45:29,"QR형 한번에 안된다는 리뷰 역시나 많네요ㅋㅋㅋ 고객센터에 글 남겨봐야 블루투스 연결 확인해라, GPS킨지 확인해라 같은 너무 당연한 답변이나 하고ㅋㅋㅋ 이용자들이 바보가 아니예요. 블투 안키고 따릉이 연결했을까봐요? 이거 한두번이 아니고 진심 매번 그러니까 화납니다ㅋㅋ 제가 그래서 문의에다가 연결이 한번 안되면 거의 1분의 시간을 기다리면서 날려야하니까 중간에 연결 시도 끊을 수 있는 시스템 만들어달라고 했는데 온 답변이 저거였습니다ㅋㅋ 그나마 여긴 개발자님이 댓글 다는거 같으니까 좀 불만 좀 길게 말할게요. QR 연결 시도 시간이 대략 1분 되는거 같습니다. 사실 연결은 첫 10초~15초 내에 안되면 안되는 경우가 99.9999%이기 때문에 연결 시도 시간을 20초로 줄이든지 하는 당장 실행 가능한 조치가 필요해보입니다. 아니면 위에 말한대로 중간에 연결시도중단 버튼을 만들든지요. 사실 QR형을 제가 처음 본 작년 4월엔 이 수준 아니었습니다. 제 생각엔 중앙 서버 문제 같아요"
꿀단지,5,2021-03-04 10:39:40,언제나 잘 사용... 날 좋아지면 대여 힘들어서 증가요청
하연,1,2021-03-04 07:43:25,이거 뭔가요?? 전에는 잘 썼는데 아침에 따릉이 대여하는 데만 10분 걸려요;;; 결국 안 돼서 택시 탔습니다;;;;; 아침에는 제로페이 결제도 안 되나요? 의견 제출하는 곳이 어딘지도 모르겠어서 여기다 씁니다. 진짜 너무 화나네요. 근데 다른 사용자들 보니까 다 비슷한가 보네요. 이거 왜 이럽니까? 관리자님 이거 보시는지 모르겠는데 보신다면 제발 서버 관리든 뭐든 좀 해주세요.
Nasil Oh,5,2021-03-02 18:27:48,싸고 좋아요~
페페로니피자,3,2021-03-02 12:24:25,결제가 안되네요!!ㅜㅜ 결제버튼눌렀는데 넘어가질않습니다요
냠냠,2,2021-02-28 08:18:10,제가 삼성페이로 용돈을 받는데요 삼성페이로 결제방법이 없는건지 아니면 있는데 제가 못 찾는지 몰라서 못 타봤어요 제로페이도 있으면 삼성페이도 만들어주셨음 해요
김민수,2,2021-02-27 18:16:42,솔까 가끔 연결 오래걸리고 느려터져서 대여할때나 1시간안에 재대여 할때나 임시 잠금 풀때 스트레쓰 와방 받는거 나만인가?
Jay Park,1,2021-02-27 12:16:04,로딩이 너무너무 느려요 다른 앱은 안 그러는데 유독 이 앱만 그래요 대여하기 눌리지도 않아서 자전거 다른 사람들에게 양보한 게 한두번이 아닙니다 개선 바랍니다 +2020년 3월부터 선택권 없이 전부 뉴 따릉이로 변경된 걸로 아는데 그렇게 할거면 앱이 제대로 작동하는 걸로 해야할 거 아닙니까 시간은 시간대로 버리고 자전거대신 택시 타니까 취지와도 맞지 않겠네요 개발부의 문제인데 고객센터에 상담해도 소용없고 상담자들에게 고역이기만 할 거 같아요
이종인,1,2021-02-26 19:17:49,관리 안함?
lll_ ll_,1,2021-02-26 19:00:08,.. db 튜닝을 하든가 was 를 늘리든가 참내... 얼마나 싼 개발자들을 썼길래 타임아웃도 안내려오고 장애도 인지 못하고 에혀
kfid dnduh,5,2021-02-25 19:19:31,인내심 기르기 위한 최적의 앱이네요 !!
나경철,1,2021-02-25 19:08:59,하얀 화면에서 안넘어가는데다 계속 연결 실패네요. 이딴식으로 할거면 이 사업 왜하는가 싶네요 별안주고 싶은데 그 기능이 없어서 아쉽네요
조이은,1,2021-02-24 13:04:11,연결 계속 실패해서 결국 안타고 갔습니다. 리뷰보니까 저만 이런 것도 아닌데 이쯤되면 원인찾아서 해결해야하는거 아닌가요
이호성,4,2021-02-23 19:41:15,정보가 정확해요
js p,1,2021-02-22 09:48:03,최종업데이트 4개월전 나라 세금떼먹고 발전없는어플.
강영웅,1,2021-02-22 08:15:47,자전거가 잘 안열림. 10번정도 시도하면 열림.
JIN J,1,2021-02-21 13:40:56,로그인 자꾸 풀리고 앱의 완성도가 너무 떨어집니다 서울시 공공자전거 어플인데 신경 좀 써서 만들어 주세요
PILWOOK LEE,2,2021-02-21 10:23:44,삭제
손한솔,1,2021-02-20 21:18:39,"네이버로 로그인 하려고 하는데, 네이버로 로그인하기 누르면 회원가입 창이 떠요.. 그래서 정보 입력하면 이미 가입된 회원이라면서 넘어가지질 않고 이 과정을 무한 반복.. 하 지금 한강 왔는데 아무것도 못하고 다시 집으로 돌아가야 하는건가요?? 너무 화나네요"
JinHyung Cho,1,2021-02-16 19:37:59,의미없는 똑같은 답변만 달리고 있군요 블투연결은 왜 하는건가요? qr코드를 통해 장치가 인식이되고 네트웍을 통해 인증이 되었으면 되는거 아닌가요? 폰이나 사용자탓만 하지마시고 블투 연결을 하지않고 이용하는 방법을 적용해주세요 --------- QR코드 따릉이 이용할때 블투연결이 안될때는 5분~10분간 씨름합니다 버튼이나 앱을 여러번 재시도하거나 휴대폰 리부팅도 한두번에는 안되더군요 하필 추운날 이러면 짜증이 배가됩니다 어차피 네트웍연결을 하는데 블투연결이 왜 필요한지 모르겠네요
김청용,4,2021-02-15 18:52:42,따릉이 너무 좋아요 근데 앱은 사용할때마다 삭제 했다 다시 깔았다 해야하네요 손을 좀 봐야하지 않겠어요?
Hyeonseong Kang,1,2021-02-14 00:14:35,이미 대여 진행 중 입니다??? 이런 문구가 너무 자주 떠서 재접속하고 하는 시간이 너무 오래걸리네요. 해결책은 따로 없나요?
나룽,5,2021-02-14 00:06:54,난 잘만되던데...님들..차분히 해봐요
CJ P,1,2021-02-11 19:55:51,한번에 되는꼴을 못봄
그르릉,1,2021-02-11 06:50:27,왜 가좌삼거리 정류장에는 자전거가 매일 없나요? 일주일동안 0대인데 말이 되나요 왜 만든지 이해가 안가네요
로열캐리비안 아이콘호,1,2021-02-09 15:18:54,진짜 디지게 실행이 안되네
Don Sim,1,2021-02-07 21:38:42,로딩 개느림
유희현,1,2021-02-07 15:53:44,진짜 너무하네요...
조민현,1,2021-02-07 15:03:32,왜이렇게 안되냐 지옥에있는 원순이아저씨좀 누가 살려놔라... 꽃이 지고나서야 봄이었음을...
mm kk,1,2021-02-06 10:57:31,앱 실행하면 하얀화면에서 꿈쩍도 안합니다. 핸드폰 전원 껐다키면 실행되긴해요. 그런데 몇분있다가 다시 실행시켜보면 다시 또 하얀화면.. 미쳤네요 쓰레기어플이에요 저야 정기권 끊어서 어쩔수없는데 왠만하면 따릉이 사용 하지마세요 홧병나요 개발자 누구에요 이거 맡은 회사 어디에요 이거 발주한 공무원은 누구에요
권진현,1,2021-02-05 17:58:46,만든 사람 누구냐 ㅋㅋㅋ 자동로그인은 컨셉인가 돈 조금 줘서 화난 건지 능력이 개 딸리는 건지 아니면 서울시 상대니까 대충한 건지
조영민,1,2021-02-02 07:46:15,페어링이 안됨. 이럴꺼면 왜 뉴 따릉이로 갔을까. 구따릉이로 배치해줘요
서영준,1,2021-02-01 17:09:51,왜 이렇게 무한 로딩이 많은지 모르겠네요 여러 자전거를 해봐도 안되고
유튜버최씨,1,2021-01-30 21:48:28,살면서 이렇게 쓰레기 같은 공유자전거는 처음임. 자전거 퀄은 좋으나 결제방식이나 이용하기가 매우 불편함!! QR코드시 계속 로딩중이라 뜨고 매번 콜센터에 전화해서 안된다고 하면 이방식 저방식 다 시도해보지만 되는게 없음. 오늘도 추운데 밖에서 30분이나 고생하다가 결국 못타고 들어옴. 너무 빡쳐서 다음부터는 안탈꺼임
꾸르륵,1,2021-01-29 23:49:55,"여러분 따릉이가 이렇게 불만터져나오는데도 안하무인으로계속있는건 개개인의 돈으로운영되는 민간사업이아니라 서울시에서진행하는 정부사업이기때문입니다,때문에아무리 여기서떠들어봤자 고쳐주든 안고쳐주든 직원들 이나 앱 운영진들이나 항상일정한 돈을받고있기때문에 자전거상태는 날이갈수록 안좋아지고 방치되고있는것입니다 저도 근래들어 출퇴근이나 중요한일이 있을때 매일같이 따릉이를 이용하는데 항상qr을10번넘게찍어도 연결이되지않아 극도의불편함을느낌과동시에 매우 불미스러운일이 일어난적이 한두번이 아닙니다 제발 부탁드릴게요 따릉이를이용하는 시민들은 많습니다 매크로성 답변이 아니라 시민들의목소리를 들어주세요 부탁드립니다"
김승재,1,2021-01-25 22:45:32,계속 큐알 입력하면 대여중이라 뜨다가 앱 자체적으로 취소됩니다 결국 못탔습니다
최진욱,1,2021-01-25 16:55:07,대여가 안됩니다. 별 하나도 아깝습니다. 앞에서 20분 기다렸는데 아직도 안되는게 말이 됩니까
ᄋᄋ,1,2021-01-25 11:06:02,어떻게 이렇게 안되는 앱을 만든건지 놀라울뿐이다 평소에도 느린건 알고있었지만 오늘은 정말 대단했다 결제까지 겨우 마친 후 여러 자전거 대여를 시도해봐도 무한로딩만 나온다 신호 안잡히는 장소인가 싶어서 다른 앱들은 켜봤는데 다 제대로 작동하고 따릉이만 안됨ㅋㅋㅋㅋㅋ
준,1,2021-01-23 14:44:43,이거 QR코드 찍을바엔 그냥 도끼로 잠금장치 찍어버리는 게 더 시간 적게 걸림
Sarah P,1,2021-01-22 18:50:15,연결이 한번에 안되는 경우가 너무 많아요 ㅜㅜ
현혜은,1,2021-01-22 15:59:35,30분 동안 대여하려고 시도했지만 계속 실패했어요. 속도가 너무 느리고 오류가 많습니다. 교통 관련 사용해본 앱 중 최악이에요
상준,1,2021-01-19 21:31:03,좋은 서비스에 개같은 어플.. 공무원식 일처리라는 게 어떤 건지 알 수 있게 되었다.
윤정석,3,2021-01-17 10:40:15,카카오맵처럼 목적지를 찍으면대여소부터반납지거처서목적지 나오는 검색 안되나요. 지도도 반납지오면 찾는대 오래걸림.현위치가 대충잡혀서
Kahlen M,1,2021-01-16 14:47:43,SNS로그인 하려는데 자꾸 회원가입 창이 나와서 로그인이 안 됩니다 ... 확인부탁 드려요ㅠㅠ
우재현,1,2021-01-14 08:18:00,"qr형으로 바뀌고 제대로 되는적이 거의 없음. 단말기 연결이 앱이 지우고 깔아도 잘 안되고, 일년치를 끊어놓고 엄청 후회중입니다."
김기훈,1,2021-01-13 14:37:06,신형따릉이 연결이 요즘들어 잘 안되요
나루끝,1,2021-01-04 16:21:36,대여할때마다 느려터지고 제대로 되지 않을때가 한두번이 아님
아라한,1,2021-01-03 16:25:40,로딩 시간 하...
박순찬,1,2021-01-03 09:57:44,연결이 안됨.안된다는 평가에 환경어쩌고하는데 다른공유 자전거 퀵보드는 잘만됨 기술부족 및 개선의 의지없음
Gyoung hae Leem,5,2020-12-29 19:57:13,너무 훌륭한 공유 자전거입니다. 감사합니다.
방구대장뿡뿡이,1,2020-12-29 11:31:11,로딩 너무 느리고. 연결이 수시로 안돼서 정액권사고 대여를 할래도 할수없고 걸어다녀야함 ㅋㅋㅋ 억지로 기부천사 됨 ㅋ
sophie jeon,1,2020-12-29 11:24:48,진짜 안남갈려고햤ㄴ는대요 따릉이 대여소에서만 30분기다려서 탓어요 할랠루야 돌아가시게 만들어놓으샸내요진짜로 하...너무 안잡히는거아니에요?미친듯...
에카,2,2020-12-28 13:09:20,어플 접속이 안돼요 인터넷으로 따릉이 페이지 들어가서 대여하려니 대여하기 버튼이 안 눌러지네요 빠른 해결 부탁드립니다
제임스웹,1,2020-12-24 15:45:31,"QR따릉이 잠금장치 진짜 안열리니, 따릉이 타실 땐 10분 이상 따릉이 잠금장치 여는데 쓸 수도 있다 생각하시고 미리 나오십시요. 블루투스 이어폰 연결 해제고 앱 재실행이고 셋팅이고 뭐고 다 무용지물입니다. 오로지 따릉이 앱의 알수없는 알고리즘이 허락할 때만 자물쇠는 비로소 열립니다."
토왜박멸,1,2020-12-24 01:32:39,아놔..따릉이 초기 시작할때부터 탔는데 요샌 이거 이용하려면 도닦는 기분과 복권 당첨의 순간처럼 가슴 두근거리며 기다리게 만드는군요. 이글 쓰면 또 복사 붙히기 신공으로 블루투스 어쩌구 저쩌구 답달겠죠? 그런거 달시간에 개선방안을 연구해봐요. 아니면 옛날식으로 lcd형으로 다시 바꾸던가 능력이 없으면 하지를 말아야지 댓글들만 봐도 얼마나 안되는지 답이 나오는데 맨날 복사.붙히기 대답만.... 환승적립도 사라져...연결은 안돼.. 에휴...
강해둥,1,2020-12-23 16:22:44,어플 자체가 엄청 자주 먹통이 되고 단말기 연결도 잘 안돼서 대여시 어플을 지웠다가 다시 깔아서 쓰곤 합니다. 따릉이 취지 자체는 좋지만 어플은 너무 쓰레기같아요... 개선이 시급합니다.
봉봉,3,2020-12-23 10:57:29,QR형 따릉이 대여시 한번에 연결되는경우가 거의없어요. 단말기연결중만 나와서 한참후에 다시 시도하면 두세번만에 연결되고는해요. 아예 연결이 안되면 폰설정이 잘못됐나할텐데 몇번하다보면 되니까 폰문제는 아닌거같아요. 다른 블루투스기기 사용하는것도 없구요. 단말기연결중 나올때 취소하는 기능이 있었으면 좋겠어요. 다시 연결시도하려면 한참기다려야해요.
최태수,1,2020-12-22 22:11:08,아니 왜 어플 안켜집니까???
Pilho Song,1,2020-12-19 20:00:17,느림
전민재,2,2020-12-12 21:47:51,앱 관리 좀 해주세요...ㅜㅜ 앱 들어가지지가않네요 로딩 화면만 뜨고
정준,1,2020-12-11 15:21:11,별1개도 아깝네요. 자전거 대여가 안되요. 안그래도 앱 자체가 느려터져서 짜증나는데 갑자기 대여도 안되니까 정말 짜증나네요. 게다가 대여소에 자전거가 몇개가 있는지 표시도 잘못되어있어서 허탕친적이 한두번이 아니예요. 돈 내고 자전거 타겠다는데 이게뭐야.
이회림,1,2020-12-10 09:06:44,"사용자의 리뷰를 보고 선듯 가입 하기가 어려운 느낌을 받는 60대 인데 자전거 보관소에서 만난 젊은이에게 물어봤어요! ""따릉이 이용하려면 어렵나요?"" 물으니 10명중 8명이 어렵다 하여 아예 포기했는데 리뷰를 보니 이해 가는군요. 지하철과 버스를 연계해서 교통카드를 쓸 수 있다면 효율성이 좋을것같네요 ㅡ쉽고 간단하게 누구나 이용할 수 있게 만들어 주면 좋겠네요. 참고 부탁 드립니다."
Danbi시연,1,2020-12-09 11:46:30,뉴따릉이 단말기 왜이렇게 연결이안되죠? 8분동안 잡고있었고 세번을 시도했는데도 연걀이안되서 지각할뻔하고 결국 택시잡아야하고 연결속도를 높이던지 앱을 업그레이드 하던가 하세요 LTE데이터로도 안터지면 뭐 어쩌자는거냐고요
AZURE,3,2020-12-08 20:37:28,지도화면 스킵하고 대여만 바로 할수있게 메인화면 선택하게 못만드나?
KM L,1,2020-12-08 16:08:16,"이 앱 중학생이 만든앱인가요? Pc로 네이버가입했다가 다시 일반회원가입하려니 이미 가입되어있다고 나오고.. 그래서 네이버로그인 하려는데 오류나고.. 그래서 비회원으로 이용 하려니, 등록된 회원이라고 로그인후 이용하라고 나오고;; 사기업 이였으면 물건 팔리고 싶어도 못팔려서 망했거나 담당자든 임원이든 짤렸을듯ㅡㅡㅋ"
Hyunny Park,1,2020-12-06 12:17:48,한개도 아깝다. 대여할때마다 한번도 문제 없이 대여한적이 없다. 대여 안되서 꼼지락 거릴시간에 그냥 버스타고 다니는게 낫다. 어플관리에 제대로 좀 신경써라 쫌! 추운데 밖에서 고생한거 생각하면 욕나온다. (고객센터는 어플 다시깔고 권한풀고 하라고해서 다했는데도 안됨. 옆에 다른사람도 대여하면서 욕하더라..) 그리고 자전거도 일부 거치대에만 많고 없는곳은 항상 없다. 자전거 옮기는 사람을 늘리던지 노답임..
Wongyu ko,1,2020-12-05 13:46:05,정말 왠만하면 리뷰 안 남기는데 너무너무너무 쓰레기 같아서 리뷰 남겨요. QR로 대여하는데 10분째 실패하고 결국 포기했어요. 리뷰에 댓글 달아준 안내사항들대로 했는데 계속 안됐어요...리뷰들 좀만 봐도 저 같은 불편사항 겪는 분들이 한두분이 아닌데 왜 개선을 안하는건지 모르겠네요. 별 한개도 아깝습니다. 제발 개선 좀 해주세요.
박정민,1,2020-12-03 16:37:56,"스토어까지 와서 리뷰 남기는거 처음인데 너무 열받아서 리뷰 남깁니다. 불편한 거 한 두개 아니었고, 고칠 거 한 두개 아니지만, 대여 중 떠놓고 안 넘어가는 거 너무 심하지 않아요? 다섯 대 째 이런 식인데, 자리 뜰 수도 없고 옴짝달싹 못하고 쌍욕하면서 자전거 걷어차고 싶은 거 간신히 참고 리뷰 남깁니다. 자잘한 오류부터 고칠 거 한 두개 아닌거 아시죠? 나랏돈으로 만든 어플인데 개선 좀 제대로 합시다"
푸우기,1,2020-12-02 18:35:29,평가자체가 아까움
N KANG,1,2020-12-02 14:12:55,진짜 자꾸 대여하는데 에러나고 멈추고 이상하네요
Woody R,1,2020-12-02 08:27:12,서비스를 떠나 앱 자체만은 오류가 너무 많음
박용현,1,2020-12-01 09:06:28,이번업데이트 이후 아예 연결이 안됩니다
박유빈,1,2020-11-27 19:24:56,별 1점도 아깝네요 한달 이용권 끊었는데 몇번이나 계속 로딩중이고 결국엔 안됩니다 새로고침해서 다시 시도하면 대여 진행중이라네요 어쩌라는 건지ㅋㅋㅋㅋㅋㅋ 이따위로 일처리하면서 세금 받아처먹는 꼴이 우스울 따름입니다
jueun lee,1,2020-11-26 17:54:51,얼마전부터 큐알로 대여시 연결이 너무 안되요 십분째 시도하고 있는데 해결해주셔야지 매번 이러다 급하면 택시타고 이동하는데. 해결안되면 환불 부탁드려요 네 답글 확인했구요 이미 모든거 다체크한상황이구요 이유가 뭔지.몰라서 답답하네요. 오늘도 점심쯤 페어링이 안되서 두번재 시도만에 타고왔는데 돌아갈려니 이십분째 하고있는데 계속 안되요 문제가 뭐죠 ?
ANNOnym,1,2020-11-26 12:02:36,자전거 빌리려면 이어폰 연결을 끊으라는게 말이냐 당나귀냐 ㅋㅋ 그걸 해결책이라고 써놓고 있누
Juho Sung,1,2020-11-26 00:39:52,작동이잘안되요
최보승,2,2020-11-25 21:04:05,QR코드 쓸때마다 연결이 잘 안되고 새싹 따릉이 지역 표시가 어플 이용하는데 조금 많이 불편하네요 ㅠㅠ 새싹 따릉이 지역 숨기는 기능 추가해주셨으면 좋겠습니다
HG OH,1,2020-11-25 08:45:32,업데이트 이 후에 연결된 적이 한 번 도 없습니다. 앱 개 쓰레기 같이 만들어 놓고 블루투스 이어폰 연결 해제하고 접속하라는게 말이 됩니까? 이어폰 연결 해제 안하고서도 잘 되도록 만들어야 하는거 아닙니까. 진짜 진짜 매번 화 나고 욕 나오네요
dust cloud,1,2020-11-24 22:36:28,답변다는게 죄다 똑같음 기가찬다. ai냐? 진짜 이러고 세금으로 월급 받는거 안찔리냐?
이대희,1,2020-11-24 18:46:50,어플 개발사 누가 선정한건지 감사해봐야 할 수준
융굥이오_,1,2020-11-24 15:19:02,"페어링 문제 너무 심하다 진심. 아침마다 페어링때문에 5분이상 시간 낭비중. 편리하고 시간아끼려고 타는건데 오히려 시간낭비 심함. 편리하긴 개뿔. 큐알페어링안되서 자전거번호입력해서 페어링하려고해도 맨날 단말기 연결중만뜨고 연결됬다는 문자가 안옴;;;;; 페어링이 아무리해도 안되서 버스타는일도있음(버스타기싫어서 자전거이용중인건데..) 밑에 답변들 보니 뭐 블루투스 이용중이면 페어링이 안된다는말있는데. 애초에 블루투스 끄고잇다가 페어링할때 킴. 근데도 안됌. 어쩔땐 고장신고접수도 안들어간 자전거가 많아서 체인빠진 자전거 한번에 세번 골라봄;;; 공짜로 이용하는것도아니고 돈내고 타는건데.. 오늘도 페어링 안되서 결국 버스탐!!! 짜증 답변받은후 다시 평가남김 - 위에 저렇게 불만 가능한 앱평가 남겨놧더니, 정작 개발자답변은 남들과 똑같이 복사 붙혀넣기. 극혐이다 진심 -_-"
혜진,2,2020-11-24 11:58:11,앱이 자주 렉 걸리네요. 이왕이면 대여소가 좀더 많아졌으면 좋겠어요
문지훈,1,2020-11-23 18:19:32,대여 하려는데 단말기 연결중만 뜨고 자전거는 못탐 계속했는데 대여안되서 지금 걸어가는중임
임나연,2,2020-11-21 10:52:39,"항상 열 때 마다 오류...항상.... 10번 중에 3,4번을 자전거랑 연결오류...답답..."
the on,4,2020-11-19 14:01:56,따르르르릉이 쵝오
조준혁,2,2020-11-19 02:09:33,개그지같은 앱 티바이크 보고 좀 배워야할거같다 결제 더럽게 복잡하고 인터넷 살짝만 구려도 300년 걸림
감감위,1,2020-11-17 18:55:47,너무 별로입니다
이헌홍,1,2020-11-17 16:08:03,와 사람 화나게하려고 작정하고 만들어도 이것보단 못빡치게할것같아요. 중요할때 대여 안되는건 기본이고 위치도 못찾고 심지어 잠시 카톡하고 돌아오면 아예 가동이 안되요 신경좀 써서 만들어주세요
김윤경,5,2020-11-17 00:00:42,가끔 안될 때도 있지만 만족하면서 잘 쓰고 있어요 뚜벅이들한테는 최고의 복지입니다 자전거도 많이 늘었고 여러 가지로 신경써 주시는 것 같아서 감사합니다
Beumjun Ki,2,2020-11-16 17:42:32,따릉이 지도좀 끄는 옵션 추가해주세요. 매번 따릉이 앞에두고 버퍼링때문에 한 5분씩은 기다리는것같은데 지도없이 빠르게 대여할수있는 옵션좀 추가해주세요.
이현우 (Clement),1,2020-11-16 17:10:35,단말기 연결이 복불복이다.
이현숙,1,2020-11-16 15:26:29,제대로 연결되질 않네ㆍ짱나 큐알찍으면 어떤때는 되고 어떤때는 안됨 전화껐다켜야 될때도있음
황세진,1,2020-11-15 18:10:00,단말기연결중 에러만 뜹니다. 30분낭비
Seokmin Yu,1,2020-11-13 18:59:35,개 쓰레기 같은 블투 연결성 언제 개선할겁니까? 짜증나서 도저히 못 쓸 정도인데... 매번 연결 안되서 다시 대여하는 시도를 몇번이나 해야 되나요? 오늘은 대여하는데만 한 15븐 정도 썻던 것 같습미다...
LHM,1,2020-11-12 01:37:27,어플 에러 너무 심해요 화날정도로
최준현,1,2020-11-11 09:34:36,"페어링이 안되요. 몇번을 지웠다가 깔았는지 모르겠어요,"
Lee PeeKiYaY,1,2020-11-11 06:48:54,"매일마다 정확하게 자전거를 잠그는걸 확인하고 가는 성격입니다. 분명하게 잠금 레버를 내리고 난 다음 ""반납되었습니다."" 라는 문구를 듣고 갔는데 꼭 몇시간 뒤에 장기간 미반납 문자가 오더라구요. 이런일만 벌써 5번째니 정말 환장할 노릇입니다. 이런식으로 세금낸다고 생각되니 더 미치겠구요. 대체 어떤 생각으로 추가요금이 부가되는 5분마다 알려주지도 않고 qr코드 기계가 어떻게 작동되는지도 정말 궁금합니다. 그리고 자전거 상태들은 80%가 맛이 간 상태라서 중고 삼천리자전거들이 따릉이보다 훨씬 만족스럽게 타지않을까 싶네요."
Label Kim,1,2020-11-10 17:41:16,어플만드는거 동네 컴퓨터학원에 맡겻어요??ㅋㅋㅋ
김예지,1,2020-11-10 08:51:24,자전거 연결도 안되면서 연결중만 하루종일 떠서 그 앞에만 15분 서있다가 돈도 날리고 회사도 지각함
다크님없음,2,2020-11-09 13:32:50,계속 로그인해야하고 짜증남. 앱 만든놈 IQ가 두자리인듯
kita mo,4,2020-11-09 12:16:59,"최근까지 잘 사용하고 있었는데, 2일전부터 대여 시에 자전거와 페어링(블루투스 연결)이 잘 되지 않습니다..."
오수,1,2020-11-08 19:06:55,제돈좀돌려주실래요 따릉이탈려고하는데 뭔 미납요금이에요 혹시몰라서 미납요금 구매하려고 들어가면 조회도안된다 뜨고 그리고 저 자전거 한번탔는데 그 한번도 정말 잘세워놨거든요? 제 돈좀 돌려주실래요?짜증나서 지금 걸어가고있어요
빠른인간,1,2020-11-08 16:02:09,인식 안될 때 대처법 1. 다른 블루투스 기기를 모두 끈다. 2. 와이파이를 끈다. 3. 백그라운드에 실행중인 모든 어플을 끈다. 4. 상태창에 모든 알림을 끈다. 5. 메인화면을 즐겨찾기로 바꾼다. 6. 블루투스를 껏다 킨다. 7. 앱을 삭제 후 재설치 한다. 근데 이제 이래도 안됨ㅋㅋㅋㅋㅋㅋㅋㅋㅋ 얼마나 해 쳐먹었으면 블루투스 연결하나 제대로 못할 수 가 있냐 ㅋㅋ
Sanghyun Park,2,2020-11-06 14:25:33,qr코드 연결 제대로 되도록 하는 것부터 해결해주세요.
이무무,1,2020-11-05 18:33:25,아짜증나뒤지겠네요 비회원구매도안되고회원구막도안되고 급해죽겠는데ㅡㅡ뭐이리복잡하게만드셨죠?ㅡㅡ카바좀 배우세요
더블디,1,2020-11-05 14:30:48,진짜 개최악이다
꿀벌티모,1,2020-11-04 16:03:08,클릭도 안되면 어떻게 이용하라는겁니까? 오류와 딜레이가 너무 심하네요 폰도 최신폰인데 어이없네요 앱운영팀이 아예 없나요?
그루잠,1,2020-11-04 13:38:45,QR을 차라리 없애던지... 연결이 안되서 5~10분씩 해보다가 열받아서 그냥 간게 태반이네요...1년권 끊어놓고 제대로 이용도 못하고.. 짜증나네요...예전처럼 선으로 된건 바로 되는데...요새는 거의다 QR로 바뀌어서 타지를 못하고 있네요...돈 받고 하는건데 관리 좀 제대로 하시죠..
박종일,1,2020-11-04 11:34:15,바쁠때는 절대 쓰지마시고 그냥 마실용으로 쓰세요 속터집니다
이요한,1,2020-11-03 18:13:32,대여가 랜덤으로 됨.
윤보경,2,2020-11-03 10:51:30,요즘들어 왜이리 페어링이 안되나요 ㅜ 전엔 나름 빠르게 됐는데 요즘엔 몇분을 기다려도 먹통입니다 재설치시에도 동일하고 휴대폰 재부팅해도 동일합니다ㅠ 정기권을 제대로 못쓰는 기분이예요 개선 부탁드립니다
체리,1,2020-11-03 07:59:20,따릉이 담당하는 공무원새끼들한테 내 세금이 나가서 월급이 지급된다는게 빡칠 따름
김지훈,1,2020-11-02 11:05:06,지도가 잘 안 맞고 qr 연결이 안 되는 경우가 잦음
고재우,1,2020-10-31 22:56:25,"진짜 ㅜ 페어링 문제로 연결이 안될 때 너무 많고, 앱의 안정성이 너무 떨어져서 앱 자체의 속도도 너무 느리네요 ㅜ 여유로울 때야 상관 없는데 급하게 이동해야할 때마다 너무 마음이 힘듭니다.. 따릉이 취지도 좋고 잘 이용하지만, 사용자가 많아지는만큼 어플 관리도 따라해야할텐데 인터페이스부터 안정성 자동 로그인 페어링 어느 하나 만족스러운게 없네요 ㅜ 바쁘실테지만 솔직히 이정도는 외주 줘도 며칠 걸리지도 않을 일인데 많은 사람들이 어플에 대해 불만 갖고 있는 것을 꼭 알아주면 좋겠네요"
김다은,1,2020-10-31 19:20:12,제발 자전거 열리는 속도 좀 반응 좀 빠르게 안돼나요 진심 몇분 걸리는경우가 말이안돼요!!!!
hypebc,1,2020-10-31 17:25:08,똑바로된적이별로없음
임성무,1,2020-10-31 15:17:01,최악. 프로그래머 당장 갈아치워라
이이진현,1,2020-10-31 13:49:17,나이
에크애아,1,2020-10-31 12:25:06,비밀번호를 바꿨는데 앱을 껏다키니 기존 비밀번호로도 새비밀번호로도 로그인이 안됨. 자동로그인 기능도 재대로 작동하지않음.(sns계정아님) 할때마다 비밀번호찾기해야함. 한번써볼까 했는데 이럴꺼면 왜 만든건가 싶네요.
서진우,3,2020-10-30 16:24:36,블루투스로 이어폰 연결된 상황에서 연결오류 자주발생해요
kiho park,5,2020-10-30 16:09:17,편리함에 좋아요
조연정,5,2020-10-30 15:26:02,따 릉 이 없 이 못 살 아
철이철이,5,2020-10-30 15:23:58,말이 필요없다 최고 qr코드찍자마자 다른거하러가시면 연결잘안되니까 qr코드로 따릉이 빌리실때 잠금풀릴때까지 좀만기다려보아요 30초안에 풀리던데
길미영,5,2020-10-30 15:20:01,사용하는데 별 지장없었는데 앱 업그레이드 하라해서 했는데 앱이 열리지 않아요~~//
ᄋᄋ,5,2020-10-30 14:51:11,넘 좋아요!!! 근데 제로페이 말고 다른 카카오나 그런걸로 연동되면 더 좋겠어요
uber uber,1,2020-10-29 20:59:57,얼마 되지는 않았는데요. 언제부터인가 qr코드용 자전거 대여를 위하여 자전거번호를 입력하여 대여 시도를 하여도 대여 진행 중이라는 화면이 계속 나타날 뿐 대여가 진행되지 않습니다.
ᄒᄒ,1,2020-10-29 17:07:26,Qr따릉이에 Lcd형도 달아주세요!! 하이브리드로요!! 어플이 불안정 하잖아요? 흰화면 되고 다시 깔고 자전거 임시잠금 해제도 너무 오래걸리고 . 그냥 lcd형은 등록한 카드로 찍으면 해결인데 qr형은 무조건 접속해야 하잖아요 너무너무 불편해요 건너편 길에 정류소 있으면 임시잠금하려다 반납으로 처리되고 그걸 다시 빌리지도 못하고 고객센터에 전화걸고 lcd가 제일 편리 qr따릉이 후졌어요.. 처음에 qr따릉이가 새거라서 탄거지 편리해서 탄건 아니었어요
옥수수,5,2020-10-29 17:07:05,앱은 별로지만 따릉이는 좋음 가끔 로딩안될때 있는데 그럴때마다 급해죽겠는데 휴대폰껐다 켜야 함
이원철,1,2020-10-29 15:25:53,안정적이지 않음
남준희,3,2020-10-28 13:19:07,"장점: 따릉이 제도 그 자체, 페이코나 휴대폰결제와 같은 간편 결제, 주변에 자전거 몇대 남았는지 알려주는 시스템 단점: 조금 느리고 불편할 뿐.. 어르신들 중 안 써본 분들은 입문하기에 어려운 앱"
sss dff,5,2020-10-28 01:21:56,솔직히 편한데 왜 1.9인지 모르겠음
오Ohho,1,2020-10-26 11:07:46,버전체크시 오류 어쩌고 하는 메세지가 뜨면서 실행자체가 안됩니다. 확인 부탁드립니다. 이렇게 사용 못하는 부분은 정액기간 연장도 해줘야 하는거 아닌가요?
정홍근,1,2020-10-26 07:24:23,공공기관 사업이라 앱 대충 만든건가. 왜이리 오류가 많아
seungju Jo,1,2020-10-25 17:04:34,최적화가 아주 엉망임
이용택,5,2020-10-25 12:18:49,따릉이는 사랑이다. 앱은 그냥 그렇다
이태규,3,2020-10-24 17:02:20,"얘들아, 정기권 5000원씩 더받아도되니까 어플 최적화좀 하자"
한은수,5,2020-10-22 16:58:08,솔직히 5점까지는 아니지만 평균 점수를 올리기 위해 5점 드립니다. 앱 자체는 그냥 보통이지만 따릉이라는 서비스 자체의 너무 만족도가 큽니다. 1일권 1시간(1000원)짜리 끊으면 24시간 동안 1시간씩 계속 탈 수 있는게 정말 큰 장점이라고 생각합니다. 좋은 서비스 만들어 주셔서 감사합니다~!
**,1,2020-10-22 00:18:19,정기권을 사용하지만 요즘 따릉이 보기가 힘들어 못타는 날이 더 많음 이용자가 늘어서라는데 무작정 이용자만 늘릴게 아니라 따릉이도 같이 늘리던지 이용자가 일정 비율 이상 가입안되게 해야지 정기권 구독해도 따릉이 타긴 더 힘들고 제대로 이용 못해고 환불기간 지났다고 환불도 안되고 짜증난 늘어나네
Lian Park,1,2020-10-21 17:50:04,매번 블투에러 진짜 쓰레기
도봉산다람쥐,1,2020-10-19 18:10:21,업데이트가 안 되는 문제가 있습니다~;;
hwan suk Chung,1,2020-10-18 19:42:50,오류 쩐다.
Jake Wonsang Lee,1,2020-10-18 16:52:11,매주 한번씩은 삭제/재설치를 해야만 작동되는 거지같은 앱. 대학생이 알바로 만들어도 이것보단 잘 만들겠다 증말..
gamya,1,2020-10-18 16:37:02,따릉이는 좋다 하지만 앱은 쓰레기다
윤두원,1,2020-10-18 15:27:14,이거 개발한 놈들 좀 짤라라 앱 개발 진짜 개못하네
동토충 (동토충),1,2020-10-18 13:35:48,진짜 어플 잣같이만드셨네요. 카톡로그인으로 진행하려했더니 비회원으로 구매되어있고 쓰려했더니 자전거는 관리대상이러고 못쓰고 허허허허허허허허허허
study,5,2020-10-17 18:26:13,"이용시간 초과에 따른 추가 과금이 중복으로 2번 결제되었습니다. 추가 과금 결제를 하던 도중 자동 결제까지 추가되어 중복 결제가 된듯한데, 이런 경우 추가 지불에 대한 환불은 어떻게 진행해야 할까요? 라고 게시판에 문의 드렸더니 바로 환불처리랑 답변을 해주셨네용. 빠르고 정확한 서비스에 감탄했습니다."
김성훈,1,2020-10-17 13:42:40,사용 거의 안됨
Jaegook Lim,1,2020-10-16 17:19:43,로딩하고 흰바탕에 아무것도 안떠서 택시비로 왕복 따릉이이용권 이상냈네 보고있냐? 따릉이 담당자랑박원순?
권정임,1,2020-10-15 18:18:42,계속 오류 ㅡ 열리지 않음
임상우,1,2020-10-14 21:48:21,구형이 훨 나았음. 신형 연결 너무 안됌 맨날 시간만 버리는듯 이젠 따릉이가 있어도 안뜯길까 걱정부터 하네요
우정환,5,2020-10-14 15:08:36,이용 잘하고 있습니다. 고맙습니다.
Flora Oh,1,2020-10-14 14:23:02,아니 앱을 켤 또마다 로그인을 새로 해야 해요;; 로그인 유지가 안될꺼면 도대체 왜 로그인 유지 옵션이 있는건지요...
Evey,1,2020-10-13 13:51:55,밖에서 켜려면 몇분씩 걸림 웬만하면 네이티브앱으로 바꾸쇼..
장용복,5,2020-10-13 11:56:34,대여및반납후 문자오면 확인후 삭제하면 다시오는현상이있음 다른문자는 이런증상이없음
윤쁨,1,2020-10-13 10:36:05,"정기결제를했는데 주변에 자전거가 한대도 없네요., ,"
박주영,1,2020-10-12 08:09:22,진짜 데이터 속도 제한에서 따릉이를 이용하려고 하는데 앱 실행이 진짜 오래걸림 무려 3분이나 걸려요. 지도 뜨는것만 그리고 휴대폰 렉 안걸렸는데 버튼도 안눌림 또 자전거 타다가 꼭 대여소와 멀리 떨어진 곳에서 기어변속 하다가 체인 빠지고 관리를 하는건지 마는건지 지금 앱 업데이트도 해야 하는때인데 4개월째 하지도 않고 댓글 쓴 사람들 의견도 안들어주고 진짜 관리를 이딴식으로 할거면 그냥 따릉이 관리자들 앱 접으세요. 하지를 마세요.
lIlIlIlIlIlI lI,1,2020-10-12 00:59:38,느려터지고 블루투스 껏다켯다 해야하고 자전거는 필요할때 없고 공공어플맞나 의심이 됌
이민형,1,2020-10-11 17:51:31,앱 최적화 좀 학생이라 데이터가 느린데 따릉이 빌릴려면 대여소에서 15분을 버림;
JUNU KIM,1,2020-10-11 17:43:55,제발 자동로그인 가끔가다 맘대로 풀리지 않게해주세요 제발 부탁드려요
양정모,1,2020-10-11 14:43:49,너무 느리고 오류날때 많아서 중요한일 있을때 난처한적이 한두번아님
이호정,1,2020-10-11 12:06:39,연결도 안되고ㅡㅡ여자친구랑 싸우기만싸우고 개짜증
아귀마귀당나귀,1,2020-10-11 00:12:55,맨날 대여불가야 30프로 확률로 빌려지네 장난하냐 세금을 얼마를 해먹었길래 블루투스 기능도 안되냐 ㅋㅋ그냥 사기업에 맡기고 접어라사업 리뷰도 안읽나보네 답이없네 ㅋㅋㅋㅋㅋ
백세미,5,2020-10-10 14:41:05,자전거 편하게 빌릴수있어서 좋습니다. 감사합니다.
그래그런거야,1,2020-10-10 11:08:27,상당히 높은 빈도로 즐겨찾기->지도에서 찾기 로의 전환이 이뤄지지 않습니다. 유일한 해결책은 삭제 후 재설치 or 따릉이 홈페이지의 지도로 대여소를 찾는방법 뿐입니다. 현재 이용하시는 분들도 저처럼 즐겨찾기로 설정했다가 반납장소 못찾고 헤매지 마시고 지도상태를 유지하시는걸 추천합니다.
J BLACK,4,2020-10-10 01:57:21,편리한 서비스는 맞으나 QR자전거 블루투스 연결후 인식하는데 느리고 어쩔때는 오류까지 걸려서 대여하기 불편합니다 LCD 자전거랑 QR 서로 장단점이 있네요 자전거 추가 배치도 원합니다 주변에 많이들타서 자전거수 0일때가 많습니다
조현민,1,2020-10-09 11:27:41,자동로그인이 계속 풀려요
송혜원,1,2020-10-08 17:25:02,아니 연결 왜 이렇게 안 되요 쓰라는 거야 말라는거야
ᄋᄆ,1,2020-10-08 09:26:04,안되면 안된다고 빨리빨리 공지해주세요. 아침시간대에 시간 다 잡아먹고 뭐하는겁니까 진짜.상담원이라도 더 뽑으시든가 조치좀 해주세요. 덕분에 일정 다늦고 개짜증나요
항상두번생각,5,2020-10-08 00:44:43,"이정도면 훌륭해요. 다만, 주행거리계산이 잘 안되는 것같아요!"
April Park,1,2020-10-07 21:08:21,앱이 별1개도 아깝다
haeri cho,5,2020-10-07 19:44:16,좋아요 제가 궁금해서 자전거 추가 요청? 그걸 한번 눌러봤는데 몇 십분 후 자전거가 8대나 생기더라고요 허허 감사합니당^^
이지은,1,2020-10-06 06:24:43,왜 1점이나 줘야되는지도 모르겠음 큐알코드는 할때마다 오류나는데 왜 자꾸 큐알콛브 형으로 바꾸는지 모르겠고 그냥 카드찍고 탈 수있는 구형으로 계속 하지 아니 왜 자꾸 오류도 나고 빌릴수도 없는거 갖다놓는데 ㅋㅋㅋㅋ 덕분에 아침부터 시간 다 날리고 중요한 일도 놓쳤네요^^ 여기 보니까 불만 많은데 고칠생각은 안함?
이니시에,1,2020-10-06 01:12:36,주차 제대로한지 확인안해서 3만원 나오고 그담에도 분명 주차했는데 1만원 청구됨 그래서 추가결제수단 없애려니까ㅠ바꾸려면 500원내야한다하고 추가결제수단 없애는 방법도 없음
김관준 (구미),1,2020-10-05 15:50:17,세상에서 가장 쓸모없는 한국서울대표 자전거대여앱 韓国でいらないアプル
최준용,1,2020-10-04 12:44:38,스레기입니다 어플 만드는 것에 대해 아무것도 모르는 제가 하루동안 공부해서 만들어도 따릉이어플보단 잘 만들겠습니다
박지유,1,2020-10-03 18:36:12,아진짜 개짜증나네 ㅋㅋ 폰 고장나서 갤탭들고 다니는데 인터페이스 쓰레기에 QR은 유효하지 않데서 lcd만 탈수있음ㅋㅋㅋㅋㅋㅋㅋㅋㅋㅋ lcd 줄여놓고 관리 개같이하네 ㅋㅋㅋㅋㅋㅋㅋㅋㅋㅋㅋㅋㅋ 태블릿 유저도 자전거 번호치고 탈수 있게 해줘라 ㅋㅋㅋㅋㅋㅋ
zvezda23er,1,2020-10-03 15:47:36,앱 이따위로 만들면 동료 개발자에 대한 모욕입니다 대여앱이 결제는 되는데 대여는 안되면 그게 사기지 역시나 공무원 철밥통들답네요
silveryJ JO,5,2020-10-02 20:11:35,따릉이 좋아요! 정류장의 지번번호(네비로 목적지 설정할 수 있게) 보이면 좋겠어요!
H Kim,2,2020-10-02 17:24:44,사용할수록스트레스가쌓입니다.
조영실,1,2020-10-02 07:28:49,진짜 블루투스 연결하다 암걸리겠음.... 개발자들은 돈을 그냥 꽁으로 먹나!??? 왜이러냐 일처리가
장은오,1,2020-10-01 15:41:42,개같네
우니큐의 게임채널uniq's game channel,5,2020-10-01 14:59:21,탸닫
ᄎᄎ,1,2020-10-01 13:53:22,Sns(네이버)로그아웃 좀 만들어주세요.
CD AB,1,2020-10-01 00:30:51,이렇게 뭣같은 앱은 처음봄ㅋ 역시 공무원들이 개입된 앱은 그냥 믿거ㅋㅋ 에러도 계속나고 새로만든 QR코드따릉이는 대여해도 잠금절대안풀림 절대쓰지마세요 이앱ㅋㅋ
J,1,2020-09-29 21:15:15,자전거가 대여소에 있는데 계속 대여중이라고 뜹니다
Sewook Oh,1,2020-09-29 20:55:36,로딩이 안되네요 결제까지했는데...
UK BK,1,2020-09-29 17:13:57,답답 느림
luna,1,2020-09-29 16:17:50,길거리에서 갑자기 무한로딩 ..지웟다깔앗는데도 무한로딩 진심 개돌빡....와..
나나밍,1,2020-09-29 15:14:56,"계속 로딩중이라고만 나오고 어플실행이 안됩니다. 자전거 못타고 있어요,"
이주연 (뽀삐tv),1,2020-09-29 13:51:20,로딩중뜨면 미쳐버릴거같아요 하 진심 길바닥에서지금 시간 개버리고있는데 왜 맨날 로딩중인가요 설치삭제설치삭제다시하고 공무원이만들면 항상 이따윈가요?
g A,5,2020-09-29 13:44:48,천원에 24시간 자전거 탈 수 있는 건 전 세계를 뒤져봐도 몇 없을 텐데 배가 부른 사람들이 앱 사용하는 법도 모르면서 별점 낮게 주는 거 참 한심하네 근 몇년간 저렴한 가격으로 불편 없이 잘 탔어요. 덕분에 막차 끊겼을 때 아낀 택시비만 거의 백만원은 될 거에요. 유산소 운동은 덤ㅎㅎ 적자 사업이라고 들었는데 혜택 제대로 누리고 있습니다 감사합니다.
Quasar park (Quasar),5,2020-09-29 09:45:17,good
Sh L,1,2020-09-28 23:24:22,갤럭시s8유저입니다. 신형따릉이는 매번 연결에 실패해 대여할수가 없습니다. 블르투스이어폰을 사용중이지도 않은데 매번 안된답니다. 아침엔 구형따릉이밖에 없어서 결제하고 탔는데 저녁엔 신형따릉이밖에 없어서 결제해놓은 일일권을 매번 그냥 날립니다. 수정좀 해주세요. 앱 재설치를 해봐도 안되고 총체적 난국이에요
김태형,1,2020-09-28 17:34:57,블루투스가 아주 거지같습니다. 잘 되시는 분들은 잘 되는걸로 보아 스마트폰 일부 기종에 대한 지원이 부족한거같아요.
율웅 (무무),3,2020-09-28 08:50:27,대여진행 중 오류가 뜨는 경우가 많으니 사용자가 대여 취소할 수 있는 기능 필요
Ani yong,1,2020-09-28 07:37:07,뉴따릉이로 바뀐이후로 쓰레기
정수민,1,2020-09-27 16:11:45,한전 빌리려는데 인식 안되는게 몇번짼지 모르겠네요. 개선 의지 하나도 없죠? 전체적으로 불편함이 너무 많은데 이거 관리하긴 하는지????
Hyunsu Park,1,2020-09-26 20:29:08,"로그인 하면 먹통 백화현상 지속 계속지우고 새로깔아도 동일문제 재발생 개발 관리하는 업체 및 감독하는 서울시 담당자는 알기나 하는지, 관심이 없는건지. 한심하다"
J_ _,1,2020-09-26 18:15:30,비회원 사용자 인데 반납 문자가 안와서 상담원 연결하고 반납하는데 30분 걸렸네요. 다시는 사용하지 않겠습니다. 상담원 불친절한건 덤이네요. 제발 망해주세요.
Z,5,2020-09-26 15:22:33,"공공기관에서 만든건가 싶을정도로 사용자편의에 맞게 잘 만들어졌어요. 저렴한 가격에 서울 어디에서나 사용, 반납이 가능하고, 남은시간이나 사용시간, 자전거 위치부터 수량파악, 고장신고까지 너무 만족스럽습니다. 저는 이용할때 수량파악이나 사용, 반납이 바로 이루어져 문제는 없었어요. 다만 사용자가 많아지고서 많이 이용하는 장소와 시간대에는 자전거 수량이 부족하다보니, 월정기권 끊은 사람들인건지 사용권에 시간 구애를 받지 않는 일부 사람들이 자전거를 다시 사용하기 위해 반납을 안하고 잡아두기도 하더라고요. 참고 부탁드립니다."
최홍근,1,2020-09-25 20:19:05,앵간해서 앱 리뷰 안다는데 이 앱 퀄리티 개구리네 QR인식을 못할거면 왜 QR화를 하는건지 이해가 안되요 LCD형만 인식되고 QR코드랑 번호를 아무리 쳐도 인식하나도 안되고 눈앞에서 몇개를 놓친지 아세요?? 욕하는 사람들도 한두명도 아닌데 제발 좀 개선되길
이승현,1,2020-09-25 08:53:35,"학교 늦어서 따릉이 타려했는데 QR코드, 번호 아무리 찍어도 해제가 안되요. 결국 죽을둥 살둥 뛰어서 위기는 모면했지만 또 이런일 있으면 어쩔겁니까? 따릉이 타려고 돈냈지 시간낭비하고 타지도 못하고 뛰어서 운동하라는 겁니까? 따릉이가 문제인건지 앱의 오류인건지 좀 알아봐 주세요. 참고로 따릉이 자전거 9개중 4개를 시도했었는데 전부 안됬습니다."
장희나,1,2020-09-24 02:09:42,"자전거이용할수있는점만 좋습니다. 1. 이용권 구매 후 반납해도 이용권이 사라지지않음 2. 자전거 대여하는데 계속연결도안되고, 빌리는데만 어플응 5번이나 재실행했어요 3. 반납처리도 엄청느립니다 4. 통화하면서 대여는 왜 안되나요? 5. 자전거 있는 수량도 업데이트가 너무느려요. 허탕친게 5-6번은됩니다 리뷰보니 안좋은점들이파다한데 왜.. 고치지않으시는지 정말모르겠네요 이렇게 크게 자전거대여반납을운영하시는거면 앱관리도 제대로하셔야죠. 이용에 차질이있는점에대해 피드백도 전혀없고 뭔지모르겠네요"
통통배,1,2020-09-23 18:02:44,3g에서 접속할때 너무 느리고 qr은 하루종일 단말기연결중임
强元,1,2020-09-23 02:35:40,하 진짜 자전거 연결하려고 10분 넘게 시도함 ㅡㅡ 자전거 5대 다 연결 안되는게 말이됨? 이럴거면 왜함
sy hs,1,2020-09-22 19:40:35,너무 구려서 못써먹겠음
이호철,1,2020-09-22 19:09:33,단말기연결하는게 너무 안되네요
S JAY (오송뽀송),1,2020-09-22 19:00:39,앱을 어떻게 만든건지 통신상태 최악!! 따릉이 빌리려다 암걸릴뻔 !! 개선도 안하는거 같고 제발! 일좀 하자
Ladywitch My,1,2020-09-22 18:25:50,미친 앱 같으니. 자전거 23대 남아있는 곳에서 1대 남을 때까지 30분이나 시도했다 . 그지같네
박우진,2,2020-09-21 20:07:35,아니 나만 qr코드 인식 해놓고 대여안됨??
Hyoungwoo Choi,1,2020-09-21 11:41:42,한 번에 연결 안되는 블루투스. 매번 같은 증상. 최악.
HakJoon Kim,5,2020-09-20 19:24:52,자주사용합니다 QR도잘되고 아직까진 특별히 불편한거는 모르겠습니다
장진규,1,2020-09-20 15:13:30,쓰레기어플 도대체 어떻게 만들었길래 이렇게 안되는게 많죠? 로딩하다가 8시간 지났네요
김기서,1,2020-09-20 15:10:46,별 한개도 아까운데ㅋㅋ 들어가면 주구장창 로딩중만 쳐 뜨고 자빠짐ㅋㅋ
Melissa Park,1,2020-09-20 15:08:07,지도도 안 보이고 첫 화면에서 어떤 버튼을 눌러도 작동을 하지 않습니다.
이재규,1,2020-09-20 15:02:31,어플을 들어갈수가없네요... 실행조차안되는 오류좀 얼른 잡아주세요
흰우유,1,2020-09-20 00:35:22,로딩이 엄청김
윤성욱,1,2020-09-19 22:53:57,어플 진짜 못만드네여 직접써봐라 ㅋㅋㅋㅋ
양소람,3,2020-09-19 19:48:37,있다고 해서 따릉이로 가려 했는데 자전거가 없어서 당황스러웠어요... 그리고 자꾸 로그아웃 되어서.... 개선 필요합니다
David,1,2020-09-19 09:09:02,서울시는 그 많은 세금으로 앱하나 제대로 못 만드나 진짜 내가 써본 앱 중에서 최악
지노(jino),1,2020-09-18 23:50:30,Qr리더가 제 폰으로는 화면이 위아래가 바뀝니다. 인식이 너무나 어렵네요 Qr에 맞추기 힘들어요
젖긁적인언니,1,2020-09-18 20:58:39,"너무 불편해요 앱 이용 숙련되는데에 너무 간단하지 않고, 자전거와의 통신이 너무 느립니다. 여태 일일권 쓰다가 정기권 구매하려니까 다쓴 이용권보고 이미 사용중이거나 등록된 이용권이 있다고 못 쓰게합니다. 좀 고쳐주세요"
Uba,1,2020-09-15 20:42:28,쓰레기
kr j,3,2020-09-15 12:38:13,다 좋은데 대여반납기록에서 전에는 대여반납건마다 몇분탔고 거리에 소모칼로리 다 나왔는데 이젠 안나오네요 전처럼 나오게 해주세요
조지와싱톤,1,2020-09-14 11:29:05,급할땨 못쓰는 어플과 자전거
김경수,1,2020-09-13 17:23:37,아 너무 불편하고 답답해서 쓰려고 왔네요. 비회원 대여는 웹사이트 통해서 가능하다곤 하지만 들어쳐먹질 않아서 어플 다운에 회원가입까지... 이용권 구매해도 자전거 앞에서 대여가 안되서 10분넘게 쌩쑈.. 대여소마다 사람들이 대여 안되서 난리... 공공서비스다보니 좀 느리고 답답할거란 생각을 했지만 더 심각함. 그리고 시간연장 서비스 있으면 좋을듯. 굳이 반납후 재대여?? 일을 위해 일을 만드는 스탈인듯. 전체적으로 생각하고 개선해야함. 화이팅
Jong geun Kim,1,2020-09-11 20:27:48,사상최악의 앱이다. 차라리 민간업체한테 앱개발을 맞기는게 맞다.
sangwan Lee,5,2020-09-11 14:44:01,이리 좋은데 왜 평이 안 좋은지 모르겠네요^^
이지은,1,2020-09-10 18:55:04,되는게없어요
gbkim work,1,2020-09-09 17:23:36,우리 할머니가 만들어도 이것보단 잘만들겠다
오진우,1,2020-09-08 08:43:15,왜 블루투스 대여가 잘되다가 2일전부터 계속 연결중이야ㅡㅡ 짜증나네
이종성,1,2020-09-08 07:55:26,출근길에 에러나서 지각했네 왜 툭하면 바코드인식이 안되서 사람돌게만드는거지
강윤석,1,2020-09-08 07:20:29,QR형 따릉이 대시여 단말기 연결이 안되고 아무 메시지도 안뛰고 그냥 아뮤일없었던것처럼 대여 안되는건 왜 그런거에요? 한두번도 아니고 바쁜 출근 시간 이용하는데 따릉이 이용하려다 몇번을 지각하네요 화납니다
jeongwoo choi,5,2020-09-04 15:10:43,좋아요
최영일,2,2020-09-04 09:39:23,"1년 이용권 기간이 보름정도 남아서 미리 결제해둘려고 했더니 동일한 이용권이 이미 있어서 구매가 불가능하다고 합니다. 편의성 좀 신경 써줬으면 좋겠습니다. 글고 qr따릉이에 연결 안되는 경우가 있는데 핸드폰 재부팅하면 잘됨. 블루투스 오류인가본데, 미밴드 끼고 다닐때 동일한 오류가 나서 알아차렸습니다. 미밴드의 경우 블루투스 오류가 나면 바로 껏다가 키라고 경고를 보냄. 근데 따릉이는 로딩중을 띄우고 몇 분간 죽어버림....... 그래도 작년보다는 앱 상태가 좋아져서 별점 2개 드립니다 껄껄!!"
김범석,5,2020-09-03 19:50:02,이용하기 편해요
Chloe in lakeshore,3,2020-09-01 15:39:06,왜이렇게 별점이 안좋지..?
mh K,1,2020-09-01 14:41:52,돈은 돈대로 받아쳐먹고 학부생도 만들 수 있는 어플 만들어 놓고 참..
배나리,3,2020-09-01 14:16:59,앱을 종료하고싶은데 계속 이전 페이지로 이동했다가 종료해야하는 점이 불편합니다. 뒤로가기 버튼을 연속 두번 입력하면 이전 페이지가 아니라 앱 종료 확인 창이 표시됐으면 좋겠습니다.
DM KIM,1,2020-08-31 22:27:56,아니 이거 연결 너무 안 되는거 아닙니까?? 월 정액권 끊었는데 연결이 안 되어서 못 쓰는게 1/3이네요.
Ha Neul Park,1,2020-08-31 12:01:35,영상이랑 실제랑 다름 큐알코드하려면 제대로 하던가 살다살다 이런 ㅆㄹㄱ앱은 처음보네요 대체 무슨 배짱으로 만들어서 통과한거죠 제발 개선좀
SeongKook Lim,1,2020-08-26 11:12:39,따릉이 서비스 좋습니다. 하지만 앱은 별점 최악 줄 수 밖에 없네요. 데이터 제한 상태에서 웬만한 앱과 싸이트 다 되는데 지금 앱 여는데 10분 남짓 걸렸습니다. 어떻게 이걸 앱이라고 개발할 수 있는건가요..
Iru Iru,2,2020-08-25 20:08:57,업데이트하라고 팝업좀 부탁
스텔라루나,1,2020-08-25 12:11:31,지웠다 깔리지도 연결도 되지않아 자전거 앞에서 1시간째 이러고 있음. 걸어갈걸 그랬다
정호영,1,2020-08-24 17:23:06,진짜 앱이 너무 구리네요 대학생들 데려다가 만들어도 이것보다는 잘 만들 것 같습니다 더 나은 앱 만들기 바랍니다
최정운,2,2020-08-23 18:46:51,정류소 자전거 현황 데이터가 제때 업뎃이 안됩니다. 남은 자전거 2개라고 해서 갓는데 자전거가 없네요..
쬬파,1,2020-08-22 01:00:30,자전거 타보려고햇따가 여름에 30분동안 땀만뻘뻘흘렷네요 아무리대여하기를해도 무한연결중~ 힘들게 상담원통화해서 취소하고 환불하고갑니다.
calrla,1,2020-08-22 00:15:21,아진짜 연결드럽게안됨. 뉴따릉이 연결 겁나안되고 너무짜증남 ㅡㅡ 대여도안했는데.대여됬다그러고 말을안들음
민현서,4,2020-08-21 20:40:20,다른건 다 좋은데 결제하는데에 삼성페이•토스로 결제하는게 추가되면 좋을 것 같아요
JeeHun Seon,3,2020-08-21 20:23:17,요즘들어 QR접수 오류가 자주 나요
b ab,4,2020-08-20 14:24:34,굿. UI가 좀 구린거 빼곤 ㄱㅊ
리키야,1,2020-08-20 08:35:32,도대체 뭐하는 사람한태 돈을 줬길래 이따위 퀄리티의 어플이 쳐나왔는지 모르겠내요. 혹시 학연지연중에 하나에게 돈을 주려고한건가요? 정말 놀라운 퀄리티입니다. 요즘 어플개발 공부하는 초중고생분들에게도 밀리는 개발자는 역시 학연지연혈연이 있어야 살아남는다는 으르신의 지혜를 보여주는듯합니다
1 23,1,2020-08-20 04:15:09,오류
장래희망김집사,1,2020-08-20 00:42:16,대여 안되는 자전거좀 갖다 버려주세요 제발
kami w (wkami),1,2020-08-20 00:09:31,결제됐다면서 왜 이용권은 없는건지...출금은 안 되서 그러려니 하겠는데 일정 다 꼬여서 낭패봤습니다 관리 좀 잘 해주셨으면 좋겠어요
홍창원,1,2020-08-19 22:54:46,아니 Lcd형 반납초록색으로 분명꽃았는데 알람톡안봤다고 제잘못이라하고 반납하고 1cm오차가 있으면 반납안됀다하고 8200원날렸네요 ㅋㅋ 이제 따릉이이용 안할려고요 이걸 구매자탓하고있네요 누가봐도 기계탓인데
ben bernanke,1,2020-08-19 18:52:51,회생불가능의 쓰레기같은 앱
Dongjun Kim,1,2020-08-18 14:47:11,QR로 연결이 안돼요
ADNER,1,2020-08-18 09:02:49,오늘도 엄한 출근길만 쌩다리로 걸어가게됨 오류랑 버퍼링만 옴팡지게 걸리는 큐알코드 찍겟다고 시간만 다 버리고 결국 대여는 절대 안됌. 이럴거면 내가 애초에 다른 교통수단 이용했지 괜히 따릉이 믿고 여기 내렸다가 시간만 다 버렸다
K Jinyong,1,2020-08-18 08:55:47,5g lte시대에 이렇게 느려서 뭐가 되나요? 정작 필요할때는 하루종일 오류로 결제만 하고 이용하지를 못하네요. 최악입니다.
Book Bro,1,2020-08-14 23:06:39,"타려고 할 때 마다, 쳐넣어서 로그인해야 함."
bless u,2,2020-08-13 21:58:16,자전거있다는건 좋은데.. 필요할땐 없음
두두부,2,2020-08-13 16:15:17,따릉이가 있어야 탈텐데.. 거의 매번 없네요
Byeong Wook Park,1,2020-08-08 00:34:52,QR코드 찍고 연결중이 10분 언제 연결되는지?!! 그지 같음
youngnam Jo,1,2020-08-07 00:08:36,서비스는 좋으나 앱이 받쳐주질못하네요
전완근,1,2020-08-05 16:49:12,진짜 잘 사용하고 있었는데 어느 순간부터 뉴따릉이 빌리는데 인식을 못해요 QR 코드 찍고서 연결도 안되고 계속 기다리기만 하고 어플리케이션 최적화좀 잘 하셔야 할것 같아요
ᆞsunᆞ써니박,3,2020-08-05 06:35:56,삭제
JDub Lee,1,2020-08-05 00:06:18,필요한 기능이라곤 로그인시켜주고 대여소 위치 표시해주고 대여하고 반납시켜주는 게 다인데 그걸 못하는 **같은 앱. 솔직히 학부생 아무한테나 배워가면서 개발하라고 해도 이것보단 잘 만들 것 같다. 서울시장 새로 뽑으면 사업자 바꾸냐? 그것 말곤 희망이 없는 것 같다.
mon ST,1,2020-08-04 23:49:04,뉴따릉이 대여할때 qr찍으니 오류라고 떠서 옆자전거 찍으니 자전거 2대 대여되는 거지같은 어플 임시 잠금했더니 풀리지도 않아서 상담원 한테 고장신고하고 버리고 옴 그래도 명색이 수도인 서울시에서 운영하는 서비스 어플인데 너무 구림
우동희,5,2020-08-04 03:52:33,좋앙
도저,4,2020-08-02 15:03:34,"잘 이용중입니다. 얼마 전 까지만 해도 앱이 느려 따릉이 이용을 포기할 정도였는데, 최근에는 속도가 많이 개선되고 GPS도 잘 잡혀 이용이 편리합니다. 추가적으로 이미 지도 기능을 앱에서 사용하고 있으니, 자전거 도로 경로 탐색 기능이 추가되었으면 좋겠습니다."
야쓰리,1,2020-07-31 23:30:54,진짜 이렇게 답답한 어플은 또 처음.. 일 안하시나요?
ee L,1,2020-07-30 22:03:04,어플 자체가 로딩중에서 안열림
숭늉숭늉,1,2020-07-30 19:55:33,진짜 오류 한번 나면 폰 껏다 켜야 가능함.... 진짜 와우...
지혜장,1,2020-07-30 19:15:00,저만 그런줄 알았는데 다른분들도 따릉이 어플 들어가기 힘들다고 하네요 제폰이 문제 인줄알고 별의 별짓하다가 30분만에 포기하고 걸어서 집갑니다 ㅋㅋ
김진혁,1,2020-07-30 12:12:48,어플이 실행이 안된다 아예 돈처먹고 자전거는 주지도 않는다 다음 서울시장은 제대로 좀 해라 좀
bush,1,2020-07-28 19:58:08,아니 왜 신형따릉이 나온다음부터 연결이 안되나요? 돈주고쓰는데 열받네 아오
asdf,1,2020-07-27 18:25:19,개발자 대학생 데려다가 만들었냐. 기본이 안돼있는데...?
flower,1,2020-07-27 17:31:56,어플 오류 수정 좀 해주세요. qr찍으면 대여는 안되고 대여진행중이라고만 나오네요. 공공복지서비스라도 그렇지 과금을 내고 하는건데 이건 버려진 어플도 아니고... 공기관 일처리보면 욕 안할수가옶음
이도균,1,2020-07-26 17:59:10,"어플 별점 줘본 적이 없는데 최하점 남기려고 굳이 적습니다. 1. 데이터 속도 제한 상태에서 어지간한 영상 시청도 가능함에도 따릉이는 이용이 불가합니다. 첫 화면이 지도 화면인 이유가 뭔지 전혀 이해가 안되고, 공지사항이라도 띄우는 날에는 아예 포기해야 합니다. 2. 반납 대여 과정이 꼬였을 때 어플에 변동 사항이 제대로 기록되지 않기도 합니다. 반납 처리가 제대로 되지 않으면 다른 자전거도 빌릴 수 없기 때문에 매우 불편합니다. 3. 로그인 등등의 과정이 최적화를 너무 후지게 해서 느리고 잘 이루어지지 않습니다. 각종 어플이나 사이트 이용에 문제가 없는 데이터 속도인데 따릉이만 안됩니다. 이런 거 만들어놓고 관리 이런 식으로 하실 거면 괜히 생색내듯 공공서비스랍시고 회원권 장사 그만하면 좋겠네요. 수고 많으십니다."
JongMing Lee,1,2020-07-26 10:24:30,내 세금으로 만든 쓰레기앱
이승엽,1,2020-07-26 04:12:30,사용하기 너무 어려움
IC C,1,2020-07-25 10:57:39,따릉이가 있어야 이용하죠 돈만 받아 먹고 빈 거취대에 따릉이는 없고 먹튀사기 따릉이
황승재,1,2020-07-23 00:12:06,카카오페이로 결제가 안되네요 이러면 이용자체를 못하잖아요.. 그리고 데이터 속도제한 걸리면 빌리지도 못하고.. 걍 지울게요 후
기계나고치자,1,2020-07-21 18:17:20,제발 qr형 연결좀되게합시다. 매번페어링실패뜨고 안대고 시간만날리네요ㅡㅡ
seo sola,1,2020-07-21 18:07:35,아니ㅋㅋㅋㅋㅋ 대여비밀번호 틀렸는데 오류나서 쩔쩔매고있는데 다른사람이 스틸해감^^ 어플 개발자 일 똑바로 안하냐ㅉㅉ
허운회,1,2020-07-21 13:46:34,로그인 오류..좀 고쳐주세요
devobba,1,2020-07-20 23:14:35,정말 너무 허접하게 만들었다 오랜만에 다시 설치 해봤는데 여전하네... 도대체 어떤업체가 개발한건지...
Hyunwoo Jeong,1,2020-07-20 18:54:20,이딴 어플 만들라고 세금 내는줄 아나 죠패고싶네 진짜
하늘,1,2020-07-19 13:39:28,이거 진짜 이럴거면 세금으로 뭐하는거에요? 잠금장치 해제도 안 되고 앱오류랑 자전거오류 이렇게나 많을거면 계속 관리를 지속적으로 좀 해주시던가 더운 날 진짜 짜증나게 사용하지도 못하고 별점 1점도 아깝고 후기도 잘 안 남기는데 진짜 짜증나서 남겨요
김유진,1,2020-07-19 01:43:49,버퍼링이 너무 많다
김태환,1,2020-07-18 17:34:34,진짜 제대로 안정화해주시면 좋겠네요 진짜 맨날 끊겨요
E J,1,2020-07-18 11:13:09,"매번 지웠다 깔고, 껐다 켜고, 블루투스 다른기기 다 해제하고 정말 번거로워 죽겠는데 나아지는건 없고 눈앞에 QR따릉에 두고 씨름하다 결국 대여 안돼서 시간만 늦고 걸어가고... 돈주고 이용권 사서 자전거 눈앞에 두고 타지를 못하니 이게 무슨 시츄에이션인지 정말 너무 짜증나요."
조성혁,1,2020-07-18 07:38:05,로딩너무 길다
이한도,1,2020-07-18 02:17:04,"QR자전거 하기 전엔 별 문제 없었는데 오히려 더 불편해진 거 같네요! 쓸 수가 없을때가 많으니... 요즘 자전거도 많이 부족하고..,."
너굴맨(매그니토),1,2020-07-17 21:31:52,진짜 앱 개같이도 만들었네 느려터졌고 디자인 구리고
c a,1,2020-07-16 16:36:57,불편하네..공공기관 하청이 그렇치 뭐;;;
한승희,2,2020-07-16 15:46:29,데이터 비싼돈 주고 5G 하는데도 로딩 개 길고... 한 두번도 아니고 매번이러니까 짜증나네요ㅠ
Yunjeon Kim,1,2020-07-15 18:47:49,앱업데이트후 지도가 표시되질 않습니다..
김준호,1,2020-07-15 18:18:11,이용을 해야 하는데 오류인지 뭔지 하얀창에서 넘어가지를 않아요;; 이게 한두번이 아닌데 참..
왈라루,1,2020-07-15 17:29:51,고장 자전거가 너무 많은데 특정지점 아님 반납도 안되고.... 내가 고장자건거 신고하고 거치대까지 가져가는 알바가 된거같음. 돈받고 써야될거 같네요.
깡이(kang2),1,2020-07-15 00:09:48,진짜 장난하는거도 아니고 몇달째 뉴따릉이는 페어링 안되서 타지지도 않네 장난하냐??
이호준,1,2020-07-14 17:59:56,앱이 왤케 후져요? 들어가는데만5분이상걸림 상담원연결 오래걸림 블루투스연결 오류오지게남
잊쨩 (잊쨩),1,2020-07-14 14:26:55,와! 블루투스 연결이 안되는데 어떻게 타죠?? 제발 기능 점검좀!
김미영,1,2020-07-13 17:47:59,ㅎ 미숙 그리고 3년 7만 쇼3숃 또ㄴㄱ7ㅂ
오태식,1,2020-07-12 11:24:15,공무원들 일처리가 그럼 그렇지.. 에휴..
고양이용,2,2020-07-11 19:20:30,갑자기 대여가 안되네요. 앞 사람이 방금 반납한걸 봤는데도 안됨.
김도영,1,2020-07-10 13:36:59,아니 장난 치는거도 아니고 인증번호를 보내주셔야 로그인을 하던 뭘하던하지 이거 앱 대체 왜 있는거에요? 있으나 마나 잖아요
잼블루베리,1,2020-07-09 17:18:50,앱도 느리고 사용하는 게 직관적이지 않다 매우 불편함
JY K,1,2020-07-09 01:09:23,진짜 따릉이 관리하는 인간들은 반성이나하셈^^
류수준,1,2020-07-08 20:59:36,내가 낸 세금이 아깝다고 생각이 든 최악의 앱
이재은,1,2020-07-08 17:59:46,앱이 동작은 하는건지 궁금하네요.. 로딩만 하루 종일..
김지원,1,2020-07-08 02:26:02,무슨 인증 문자가 3시간 있다가 오냐?
박경제,1,2020-07-08 02:03:56,인증번호 왜안주냐
라민선,1,2020-07-08 00:15:46,앱도안켜지고....켜져서 로그인하려는데 비밀번호찾기하면 인증번호도안오고...
FBT K,1,2020-07-07 23:49:35,업뎃하고 어플 맛탱이감 그 전까지 아무 문제없이 잘 썼는데 도대체 뭘 업뎃했는지 알 수 없는 업뎃하고나니 무한 로딩현상도 발생함 자전거 정보도 안 맞음 어찌어찌 대여해도 반납 메세지도 안 오고 재로그인도 안 되고 아이디/비밀번호 찾기 들어가도 막상 인증번호가 안 날라옴 누군지 모르겠지만 빨리 책임자 찾아서 머리 깨버려여 농담 아니라 진짜 이거 머리 깨야함 잘 쓰던걸 괜히 건드려서 긁어부스럼 만들었음 마이너스의 손 콘테스트가 있다면 이번 업뎃 맡은 사람 내보내서 상금 타오게 하는게 더 이익일거임 이렇게까지 망치기는 힘드니까 ㅎㅎ 근데 그런 대회는 없잖아요? 그러니까 책임자 머리 깨버리고 다른 직원분이 좀 고치셈
of pP,1,2020-07-07 23:12:19,앱 오류가 너무 자주 납니다. 위치도 따라오질 못하고 새로고침 자꾸 눌러야 해서 찾기도 번거롭고요. 이좋은 서비스를 이렇게 수준낮은 앱으로 한다는게 정말 유일한 단점이자 최악의 단점이네요...
고양이는귀여워,1,2020-07-07 22:49:19,업데이트하고나서 전혀 앱이 실행되지않아요 계속 오류떠요 개빡치네진짜
최인수,1,2020-07-07 22:42:57,어머련아 안들어가지자나
Younggil Kim,1,2020-07-07 22:36:11,안정성제로인어플
HANSEUL CHOI,1,2020-07-07 22:33:55,뭐 쓰라는건지 말라는건지 이럴거면 왜 앱을 만들죠 그냥 컨테이너 박스에서 사람 세워두고 돈 받고 대여 하세요 자전거 타려다가 빡쳐서 정성껏 리뷰 남겨요 로그인도 못하고 거절당하니 기분 참 좋네여 인증번호 발송은 등기로 보내주시나요? 5:00 이 오분이 아니라 다섯시간인가봐요 아 5일인가? ㅎㅎ
Rok Kim,1,2020-07-07 22:30:50,이것도 앱이라고 만들었나 정기권 사고 어플이 안 돼서 자전거를 못 빌리는 일이 너무 많다
조상호,1,2020-07-07 22:28:22,내가볼땐 이 앱만들때 돈 횡령함
김민지,1,2020-07-07 22:26:41,어픝 왜 이렇게 로딩이 기나요ㅠㅠㅠ
박준범,1,2020-07-07 22:22:12,지대루 업데이트 좀 하자 ㅡㅡ
Harry Yeom,1,2020-07-07 22:20:47,여지껏 잘되다가 업데이트 이후 따릉이를 빌려탈수가 없어.... 그놈의 오류에 삭제하고 다시 깔아도 안되고... 결제눈 어떻게든 됫는데 그뒤가 안된다!!!!!ㅡㅡ
수탁의정석,1,2020-07-07 22:19:09,어플 아예 안들가지는데 이거 샤용도 못하고..
전상윤,1,2020-07-07 22:18:42,이딴어플은처음봅니다 걍 망하세요
성이름,1,2020-07-07 22:17:52,"별한개도 아깝. 이런 좋은 시스템을 만들어 놓고, 이런 말도 안되는 앱을 붙여놓다니 역시 서울시.. 역시 나랏밥 끄어억.."
yg l,1,2020-07-07 22:16:36,앱만든새끼앰2죽이고싳네
SangHoon LEE,1,2020-07-07 22:14:55,에휴
도레,1,2020-07-07 22:11:13,평점이 낮은 이유가 있네요. 수명이 단축될 것 같아요.
eunjung jeong,1,2020-07-07 22:07:01,먹통이 잦네요..사용하라는거맞나요??
김태우,1,2020-07-07 22:03:10,앱이 안켜지는데 어케 대여하죠?
JIN YOUNG LEE,1,2020-07-07 21:56:10,저만 그런건지 앱이 로딩 길어지다 열리지도 않아서 타지도 못했어요
Jusang Yoo,1,2020-07-07 21:44:13,하 이 ^ㅣ발 어플진짜 어지간히 느리게도 만들었네
한별,1,2020-07-07 21:40:31,아니 리뷰에 불편하다고들 많이 있는데 인증번호가 안와서 쓸 수가 없음ㅋㅋㅋㅋㅋㅋㅋㅋㅋㅋㅋㅋㅋㅋㅌㅋㅋㅋㅋㅋㅋㅋ 고객센터는 통화량이 많아서 연결 못해준다고 하고 끊어버리질 않나ㅋㅋㅋㅋㅋㅋㅋㅋ일단 인증번호가 떠야 뭐 불편한걸 체감이라도 하지ㅋㅋㅋㅋㅋㅋㅋ장난하나 진짜
안상현,1,2020-07-07 21:29:32,"업뎃 후에 어플 실행 속도가 거북이보다 느리네요... ㅎㅏ... 사기업이면 망할까봐 겁나서 빠르게 반영이라도 하지, 세금 녹인건 어쩌라고 마인드 쌉 오짐..."
HYEWON KIM,1,2020-07-07 21:25:42,요즘 앵간한 앱들도 이것보다 실행이 잘됨... 서울시는 대체 어느 개발사에 맡긴거지?....
신진섭,1,2020-07-07 21:24:27,왜 안열려.ㅋㅋ 어캐 최적화를 하는겨
박범수,1,2020-07-07 21:23:55,노트10+입니다 두번이용 후 앱이 처음실행화면에서 넘어가질 않습니다. 덕분에 반납도 되지 않아서 초과금을 물을 거같습니다. 현재 고객센터에 전화해도 16분째 지연중이네요
셜리ANNE,1,2020-07-07 21:21:26,화면이 열리지 않네요. 새로 깔아봐도 마찬가지 입니다.
D Miss,1,2020-07-07 21:21:00,관리 하긴하는건가요?
David Cho,1,2020-07-07 21:20:26,똑똑한 컴공 대학생들이 만들어도 이거보단 잘 만들듯.
오그로,2,2020-07-07 21:20:01,따릉이 잘좀 만드세요... 잘 못하면 외주를 내서라도 하던가...
홍성민,1,2020-07-07 21:17:19,관리 진짜 못하시네요 어플 로딩하는데 대체 몇분이 걸리나요 진짜 욕 하려다가 참습니다. 일좀 똑바로 하세요
Claudia Yoo,1,2020-07-07 21:17:14,멉니까 재대여하려는데 앱 연결이 안 됩니다. 따릉이 거치대에 세 사람이 멍 때리고 있습니다.
최진호,1,2020-07-07 21:17:02,출퇴근을 따릉이로 하는데 어플이 먹통이 될때마다 열통이 터지네요 지금처럼 ㅡㅡ
김삼삼,1,2020-07-07 21:15:54,어플이 안켜져서 따릉이를 못타고 있어요... 갑자기 왜이럴까요
yugyeong kim,1,2020-07-07 21:14:46,접속이안돼...
쉣호우,1,2020-07-07 21:13:25,아니 앱이 실행조차안되는데 30분동안 기다렸네요. 걸어갔어도 도착했겠네
Wonil Shim,5,2020-07-07 21:12:26,완전 좋음. 세금을 더 내고싶은 충동이 생기는 서비스
wonwoo Choi,1,2020-07-07 21:12:16,"나도 앱개발자이고 많은 앱을 써봤지만 이렇게 엉망인 앱은 처음이다 최적화면 최적화, 속도면 속도 또 무슨놈의 오류들은 이렇게많은지 도대체 앱개발에 신경을 안써서 이렇게된건지 궁금할지경이다. 그냥 빨리 업데이트하자"
이름성,1,2020-07-07 21:11:49,진짜 거지같아요 로그인 계속 됐다 안됐다 하는건 기본이고 어플 켜지지도 않네요 아무리 그래도 이건 너무 심하지 않나요 서버관리를 아예 안하시는건지... 정액권 끊은게 아까워서 더 열받아요.
HD K,1,2020-07-07 21:11:18,안열려요
Bin (국밥충의 스위스살이),1,2020-07-07 21:10:07,미친... 필요한때 무조건 안됨 무한로딩에 에러메시지 무한반복에 어휴
박지윤,1,2020-07-07 21:08:34,느림
이동희,1,2020-07-07 21:08:28,개쓰러기 어플^^
야한생각 (야한생각),1,2020-07-07 21:07:42,멉니까.. 잠시 임시잠금 후에 어플 오류로 40분째 못가다가 띠릉이 길가구석에 두고 왔어요.ㅜ추가비용 나오는건 아니겠죠?
Jina.H,1,2020-07-07 21:07:31,어플 너무 불안정하네요 블루투스가 끊기고 인식 못하고 지금도 어플이 20분째 안켜져사 결국 지우고 다시 깔고있음
younghwan kim,1,2020-07-07 21:07:20,너무 느려요. 개선부탁드립다
Da SSong,1,2020-07-07 21:07:10,왜 앱이 열리지도 않아요
김정운,1,2020-07-07 21:04:34,하나도 아깝다 평가하는 내가부끄럽다.
Bluette,1,2020-07-07 21:03:36,앱 무한로딩 장난하는 것도 아니고 잠깐 잠금했다가 풀고 집에가려고하는데 앱이 무한로딩되서 집에도 못가고 묶여있어요 지금
채예빈,1,2020-07-07 21:01:28,"따릉이가 좋은 행정 정책이라고 생각하는 것과 별개로 어플만 보면 엉망진창 그 자체다. 접속이 느린건 기본, 한참을 기다려도 로딩조차 제대로 안되는 일도 자주 있고. qr형 따릉이를 만들면 뭐하나 블루투스 연결이 제대로 되지를 않는데."
한상훈,5,2020-07-07 20:58:58,편리함과 즐거움
윤규선,1,2020-07-07 20:57:23,로딩이 느려요
바시온,1,2020-07-07 20:57:22,접속이 안되네요
추승우,1,2020-07-07 20:57:05,개느리네 진짜
all all,1,2020-07-07 20:56:46,아니 앱 실행이 왜 이렇게 안되는거죠? 이때까지 멀쩡했는데 갑자기 이러네요 이거 저같은 사람들 많은데 서울시에 민원 넣어야되는건가요?
문곰,1,2020-07-07 20:55:29,한번씩 아무것도 안나오는거는 왜그러는거임? 빌리질 못하겠네
Who Guess,1,2020-07-07 20:55:00,반납확인 소리 다 듣고 왔는데 초과금 계속 올라가고 있고 다시 앱 들어갈려니 되지도 않고 참 어휴
토토애비 (토토아빠),1,2020-07-07 20:50:07,앱을 참 머같이 만드네 접속도 잘안되고 머하냐
y so,1,2020-07-07 20:49:02,때려쳐라. 무한로딩만 반복되는데 뭔 자전거냐
hui seon Moon,1,2020-07-07 20:47:43,따릉이 정기권도 사서 퇴근시간에 매일 이용하고있는데 자전거수도 부족하고 앱은 매번 튕기거나 안열리구ㅠ 조금 더 개선해주시면 더 많이 이용할 수 있을꺼에요ㅠㅜ
BK,1,2020-07-07 20:47:34,"어플 들어가지지도 않고, 이러면 어떻게 이용하나요 잘 되다가도 갑자기 안되려면 미리 공지라도 해주든지요"
한아름,1,2020-07-07 20:46:32,"정기권 하루 늘려줘야하는거 아니냐 이정도면ㅡㅡ 대여소에서 자꾸 오류나는데, 하필 따릉이 수거하는 아저씨 있길래 지금 어플 안되는거냐니까 '왜안되냐 잘만된다' 이러시는데 내가 로그인 못하는앤줄 아시네요ㅋㅋㅋㅋㅋ 하루 늘려줘요 정기권 아까워.."
Pororo Alive,1,2020-07-07 20:39:00,어제까지 잘되던 앱이 오늘 갑자기 로딩조차 안됩니다. 앱 삭제후 재설치해도 무한 로딩 페이지입니다!!!!!!!!!!!!!!!!!!!!!!!!!!!!
Spike Lee,1,2020-07-07 20:38:22,서버 ㅅ
찰스숀철스,1,2020-07-07 20:37:07,버벅거림때문에 자전거를 빌릴수가 없음
김동현,1,2020-07-07 20:35:56,"앱버젼 체크시 오류가 발생했습니다. 하면서 아침까지 열리던게 안열림. 재부팅, 재설치 소용없음. 하청에 기한 일주일 주고 만들라했나봄 아ㅋㅋ"
E.개츠비,1,2020-07-07 20:30:18,앱이 켜지질않아요
뀨잉맨,3,2020-07-07 20:30:11,앱이 안열립니다. 빨리 조치해주세요.
JH,1,2020-07-07 20:29:59,담당자 일 안하냐? 세금이 아깝다
김지훈,1,2020-07-07 20:29:16,진짜 앱 그지 같이 만들었네요 대여하고 앱켰는데 대여도 안되고ㅡㅡ 2000원만 날렸네요 앱 작성자 반성하세요 ㅡㅡ
정채연,1,2020-07-07 20:28:52,5g인데... 도대체 왜 안들어가지는거예요ㅠ
baechu bae,1,2020-07-07 20:26:57,화딱지 난다 이용권 샀는데 어픟이 갑자기 안됨
y sj,1,2020-07-07 20:26:35,아니 문제가 일어났으면 공지라도 빨리 띄우던지 일처리 수준이 무슨 개발도상국 수준이냐 어플도 대학생 시켜서 만드는게 더 낫겠다
BoRam Yang,1,2020-07-07 20:26:29,학생이 전세계 데이터로 코로나 맵 서비스하는 앱까지 만들고 있습니다. 서울시 상대로 정식 수임계약하셨을텐데 이 정도 퀄리티는 개발사에게 손해배상 소송가도 할 말 없을 것 같네요. 이걸 앱이라고 검수하신 서울시 담당자도 반성하세요.
송수현,1,2020-07-07 20:23:52,잘하자~~~~
이준열,1,2020-07-07 20:23:13,저기요....반납해야되는데 앱이 안켜져요...이거 참....장난하십니까 ^^;;
희원one,1,2020-07-07 20:19:55,진짜 최악입니다... 문제가 있으면 고객센터 연결이라도 잘되어야하는거 아닌가요?
HG Kim,1,2020-07-07 20:19:26,최악입니다
박아름,1,2020-07-07 20:19:09,앱버전 체크시 문제 발생했다는데 업데이트 후에도 개선이 안되네요 돈내놓고 못탐...
Joon-Young Sohn,1,2020-07-07 20:18:50,지금 타야되는데 앱이 안 들어가지네요.. 눈물나는 서비스네요
박태성,1,2020-07-07 20:18:49,퇴근하려는데 앱 버전체크오류때문에 들어가지지가 않아요... 삭제하고 새로깔아도 그러네요ㅠㅠ 퇴근 으째하나유..
이효섭,1,2020-07-07 20:18:33,오류투성이 호환성 쓰래기
Mijin Noh,1,2020-07-07 20:18:15,정기권 끊어놨는데 업데이트 되고 갑자기 앱버전 체크시 오류가 발생한다고 다시 삭제 재설치 반복해도 연결이 안되요 어찌하나요;;
YERIM HUR,5,2020-07-07 20:17:39,갑자기 버젼체크시 오류가 났다고 켜지지 않아요
Salt Pie,1,2020-07-07 20:17:30,앱 거지같이도 만드네 누가 맹들었냐 세금 처받고
박성수,1,2020-07-07 20:17:11,앱버전체크에러 무한 발생하여 앱 진입이 되지않습니다. 앱은 최신버전입니다
이호성,1,2020-07-07 20:16:56,잦은 오류. 별 1개도 아깝네요.
권지연,1,2020-07-07 20:16:17,진심 오류개쩖 쌍욕써도 됐으면 욕남겼을거임
hye sung kim,1,2020-07-07 20:15:44,어플과 씨름할 시간에 걸어갔다 왔겠다
문민식 (means),1,2020-07-07 20:15:40,자꾸 버전이 안맞다면서 안되는데... 1년 결재했는디 안되면 어쩌노....
J H,5,2020-07-07 20:15:30,다 좋은데... 앱이 오류로 종료하라고 계속 뜨네용.... 자전거 타는 도중이라 당황스럽네용....
Jihun Jo korea,1,2020-07-07 20:15:23,오류가 너무 잦아요! 자전거 대여하러 오면 어플이 안돼서 답답하네요
최예빈,1,2020-07-07 20:14:30,뻥안치고 별 하나도 아까움 따릉이를 관리하는 사람이 아마 한명인가봄 애초에 요즘 따릉이도 없는데 있다고 뜬 곳에 없어서 4번 허탕침; 이정도면 걷게하려고 따릉이를 만든 것 같음 좀 쓸만하면 오류때매 접속도 안됨
goble P,2,2020-07-07 20:14:14,퇴근시 버전체크로 로긴이 안 되어 한참 기다립니다...
Arnie Greenfield,1,2020-07-07 20:14:05,"현시각 7월7일 오후 8시12분. 반납했는데도 반납했다는 메세지가 안나와서 전화를 연결했는데, 통화량이 많다고 저절로 끊김. 앱으로 들어가려는데 연결 안됨.... 하... 이거 추가요금 내야 합니까?"
장진수,1,2020-07-07 20:14:02,버전오류? 왜 안열려요
SUNKIM,1,2020-07-07 20:13:58,이젠 하다하다 오류까지 나면서 들어갈수가 없넼ㅋㅋㅋ 사면뭐해 이용할수가 없는데
리지혜,2,2020-07-07 20:13:34,잘쓰다 오늘부터 갑자기 안되네여ㅜs10
CurveB,1,2020-07-07 20:13:10,오류는 언제쯤 없엊나요 돈주고 정기권해도 어플실행이 안되어 빌리질못하네요
양민지,1,2020-07-07 20:11:56,내돈!! 결재했는데안됨
황윤우,1,2020-07-07 20:11:17,이런 개발회사가 정부계약 따낸다는거 자체가 한국사회의 근본적인 문제인듯
Daniel Lee,1,2020-07-07 20:07:55,앱개발자 바꾸세요.
마카디움,1,2020-07-07 20:01:43,6603 오류 떠서 재설치하고 있는데 진행이 안되네요..머지? ;;;;
Dayeong Lee,1,2020-07-07 19:58:04,핸드폰 인증 번호가 오든지 말든지 해야 비회원 구입이든 회원가입이든 할 거 아니에요 시간만 버리고 진짜 개짜증나네
뺨짜짜,1,2020-07-07 19:40:02,장난하냐 인증번호도 안 오는데 아오ㅋㅋ따릉이타고 인증번호 보내나여ㅜㅜ???
euni jo,1,2020-07-07 17:59:19,로딩이 너무 느려요. 개발자분 속도개선해주세요.
Khalid,1,2020-07-07 17:57:59,이걸 쓰라고 만든거야 그냥 자전거 구경만 하고 지나가라고 만든거야 미쳤냐 진짜?
nudle choi,1,2020-07-07 09:10:19,"느림, 무거움, 발적화를 앱으로 만들면 따릉이 앱이 될 것."
조민수 (키마이라),1,2020-07-06 15:58:16,지 맘대로 반납 ㅋㅋㅋ 장난하나ㅡㅡ^ 거기다 의자 높낮이제한 ㅋㅋㅋ
임선용,1,2020-07-06 10:09:43,"짱 좋은 서비스, 그리고 그 서비스를 발끝만큼도 못따라가는 앱 퀄리티 앱을 친인척에 비리로 외주줘도 이보단 잘만들겠어요. 뭐가 문제인지 모르겠다면 그게 더 문제입니다. 개발사는 서울시민의 고통을 이해하고 하루빨리 개발 포기하고 사업권 반납하시길."
보잉,5,2020-07-06 00:52:16,QR코드가 엄청편해요!!!!!!굳굳
정규병,1,2020-07-05 19:44:53,하루 종일 다운로드 대기중. 전화했더니 오늘 안되면 내일 하라고 하네요. 그것 창!
LEE HANSOL,2,2020-07-05 03:37:06,최적화는 발적화... 무슨 앱 들어가는 시간이 길면 몇분 단위임 옆사람이 뺏어탈수 있을정도. 속도제한 데이터 같은 경우는 들어가지지도 않아서 빌리지도 못함. 심지어 공지사항이라도 있으면 공지사항 뜨는 창에서 렉걸리거나 그것땜에 더 오래걸리거나 하고. qr코드 대여로 대여하면 페어링 안된다고 난리. 반납할때 반납되었습니다. 말하길래 안심하고 갔다가 톡이 안오길래 확인해보니 여전히 대여중... 그래서 다시 임시주차인가 그거 푸니까 페어링 안된다고 난리 10번 정도 시도하니까 다시 풀리고 잠그니 또 반납됐다고 해놓고 안되고. 그래서 반납신청으로 들어가서 하니까 또 페어링 안된다고 해서 20분동안 시도해서 겨우 성공. 문제는 발적화 때문에 들어가는데에만 수십초가 낭비되니.. 원... 1시간 1일권 샀는데 30분 타고 반납하는데에만 20분. 이게 말이 되는건가..? 만약 와이파이존이 아니었다면 나는 반납 신청도 못하는 거였음 그냥 연체에 다음날 고객센터에 연락해야됨.
Iverson Roy,1,2020-07-05 02:53:53,설명이 너무 불충분함
김강현,1,2020-07-05 02:27:01,마포구청에서 자주 대여하는 이용자입니다 거의 매번 블루투스 문제가 뜨고 블루투스 문제가 아니면 별에별 이유로 대여가 안됩니다
dduddu go,1,2020-07-04 22:59:02,일부러 불편하게 만든거라면 대성공
Mark J,1,2020-07-04 15:30:13,"계속 무한 로딩 뜹니다.. 로딩 메시지창 아래엔 로그인 메시지창이 또 있구요.. 자동로그인 풀리는 버그 고쳐주시고, 무한로딩도 좀 어떻게 해봐요!!!!"
js Han,1,2020-07-03 20:32:52,무한로딩 왜 안고쳐지는건가요?
김영미,1,2020-07-03 17:16:46,"카카오로 로그인하라고 계속떠요. 엑스누르고 로그인하려는데, 카카오뜨고 무한반복 10번정도 끄고해보고 재부팅해보고 해도 똑같네요. 결국 자전거앞에서 실갱이 하다가 버스타러 가고있어요"
Youn-Gi Noh,4,2020-07-03 10:15:50,칼로리 계산이 안되요.
한재현,1,2020-07-02 19:10:50,서버가 딸리면 증설을 하든가 공지사항을 따로 보게 만들던가 이건 뭐 로딩만 삼백년을 쳐하고있으니 반납한번 제대로 안되면 그자리에서 몇분을 쳐 기다려아하는건지 생각이라는걸 좀 하고 일을해야하지않을까 제발
Woo Hyun Kim,5,2020-07-02 16:23:00,좋아요 자주 사용합니다.
김택천,1,2020-07-02 14:48:52,계속 무한로딩 ㅠㅠ
rum,1,2020-07-02 09:33:15,마음같아서는 별점 1도 안주고 싶네요. 이 어플은 사용하라고 만든건지 돈먹으려고 만든건지... 아니 어떻게 하루에 오류가 두세번씩 납니까 자전거있어서 가면 고장난 자전거고 어플로는 기존 따릉이 대여도 잘 안되고 자전거 배치도 기존게 없어서 어플이 별로일때 쓰려해도 없고 뉴따릉이 배치량을 늘렸으면 어플 좀 잘 관리해주세요.
merilyn kim,1,2020-07-01 19:26:05,진짜 왠만하면 리뷰 안남기는데 어플 렉 너무 심해요.. 킨 후로도 다음 화면으로 넘어가지 않고 무한로딩이에요 제발 좀 업뎃해주세요ㅠㅠㅠ
고희진,1,2020-07-01 18:19:55,이거 하지마세요 탈려고 했는데 뺐더니 갑자기 반납이라고 그러네요 괜히 돈하고 시간만 낭비했네요 빡치기만하고 버스타세요 아 개빡쳐
Yoon Y,1,2020-07-01 12:27:01,허구언날 알수없는 오류발생 정기권 끊어나도 쓰지를못함
김연정,1,2020-07-01 10:36:37,네이버 연계 회원 가입중 아이디 쓰고 비번쓰기전 핸드폰 종료되어 다시 가입하려고 핸드폰 번호 넣으니 이미 회원가입되어 있다고 해서 비번 넣으니 없다고 뜨네요! 뭐 이런 경우가 있나요? 아이디는 있는데 비번찾기하면 없다고 하네요 ㅜㅜ 이거 어디서 수정 가능한가요???
Sylvia Lee,1,2020-06-30 19:49:15,아무리기다려도 어플 실행 안돼요. qr로 빌리려면 어플 필수라는데.. 정기권 돈아까운데 횐불되나요?
봉희경,3,2020-06-30 18:06:31,따릉이는 좋은데 시스템 오류가 많다 ex. 자전거가 있는데 없다고 뜸
굴소년,1,2020-06-30 17:24:29,로딩 장난합니까 10분정도 걸리는데??
Sangyong Lee,1,2020-06-29 16:38:28,로딩 심각하게 너무느리네요
show쇼팽,2,2020-06-29 13:17:22,3G 속도로도 가능하게 앱로딩을 개선하게 해야하는게 맞습니다. 서울시민이 이용할 수 있게 한다는 취지란 lte와 5g 사용자만을 말하는게 아니라면 바로 수정을 해야한다고 생각합니다. 특히 공지때문에 가뜩이나 긴 로딩이 더 버벅여졌습니다.
ONE g_______,1,2020-06-29 08:22:22,제발 개발자님 리플들좀 참고하세요.. 출근길에 갑자기 앱이 안켜져서 삭제하고 다시깔고있어요ㅠㅠ.. 지각할까봐 맘졸이면서요..!
테드씨,3,2020-06-29 04:42:07,웹이 너무 불안정해서 안켜지거나 무한로딩현상이 많음
박신형,5,2020-06-28 22:20:51,이걸 왜 2점주지 왕좋은 우리 따룽이ㅡㅡ
박수현,1,2020-06-28 19:15:56,오류개많음 대여안돼서돈날림
kivekana,1,2020-06-28 17:20:30,그전에는 자동로그인이 매번 풀리더니 이번 업뎃 이후로 무한로딩 오집니다. 어플 지웠다 다시 설치하면 되긴 하는데 매번 지우고 재설치할수도 없고 완전 총체적 난국입니다.
SS,1,2020-06-28 15:44:21,어플 무한 로딩..안정화 좀 잘 부탁해요
Jabir.K Lee,1,2020-06-27 23:55:10,왜이렇게 느려요..?
s stella,1,2020-06-27 14:22:58,장애로 고객센터에 전화했는데 해줄수있는 일이 아무것도 없다는데 고객센터가 왜 있는지도 모르겠어요. 상담사분이 본인은 노트8 쓰는데 3초면 로딩이 된다고 아무 문제없다면서 오히려 사용자 탓하면서 문제를 떠넘기는 식이고 알아서 감수해라라는 식이에요. 그럼 오류 개선이나 업데이트 계획이 있긴하냐고도 물어봤는데 없대요. 모른대요. 그럼 어디에 문의해야하냐고했는데도 모른대요. 뭘 물어본들 모른다 또는 해줄수없다로 답변받으실꺼에요. 몇달동안 수많은 이용자가 문제를 보고했어도 답변도 없고 개인 사업도 아니고 결제해서 쓰는건데 왜 이런 불편함과 어이없음을 겪어야하나요. 이 어플에 쓰인 비용이 얼마일까 궁금하며 아깝네요.
Aiden Choi,1,2020-06-27 12:49:44,절망적인 앱이 따릉이를 망친다
JONG WAN LEE,5,2020-06-27 09:45:50,좋아요
박찬미,1,2020-06-27 09:00:16,왠만하면 리뷰안남기는데 진짜 짜증나서 남겨요. 로그인 로딩 너무느린거아님? 능력이 이정도임?어플 하나도 로딩하나 빨리안되게하는거에요.
김하연,1,2020-06-26 22:23:52,어플 서버관리 똑바로하시라고요. 이게 무료이용 자전거입니까? 유료 정기권 이용자인데 진짜 이 어플 개발자랑 관리자는 야매기술자인가요? 제대로 배운사람이 만든 어플인지를 묻고싶은겁니다. 이런 쓰레기 어플로 가스배출억제한답시고 자전거장려마세요.
활기찬오렌지,1,2020-06-26 20:59:42,"자전거가 몇대 안 남은 상황에서 길건너 횡단보도 학생들이 ""따릉이 여기있다~!!"" 하며 제쪽으로 뛰어오는데 로딩 겁나 길어서 심장 쫄깃 해 죽는 줄. 우리 모두 사이좋게 나누어 탈 수 있었지만 로딩은 날이 갈 수록 길어지고 있고 그와중에 로그인도 매번 다시해야함, QR되고 좋아진건 의자 높낮이 조절이 수월한거 정도인듯 하다."
임현우,1,2020-06-26 20:20:45,카톡 로그인 들어가지지도 않을거면 뭐하러 sns 로그인 만든건가요 로그인이 되야 다른 거로 수정이라도 하지ㅡㅡ
장선규,1,2020-06-26 18:38:09,이걸 돈받고 만들었다는게 한번 놀라고 서울시 공공어플이란점에서 또한번 놀랐다 UI는 맞는부분 찾는게 더 힘들고 접근성은 기대도 하면 안됐고 대학교 1학년이 공부하겠다고 끄적인것 같은 어플이네요
김지민,1,2020-06-26 17:08:12,별 반개도 아깝다. 뭔 오류가 이렇게 많어
이한석,1,2020-06-26 16:43:42,로딩을 하루종일 쳐하고앉았네요. 로딩기다리지마시고 걸어가는게 훨 빠를듯. 개발자가 관리를 안하는건지 못하는건지 뒤떨어진 등신같은앱입니다
in b,1,2020-06-26 16:35:42,진짜 로딩 살인충동 일으키네요
eunha Lee,1,2020-06-26 13:05:53,앱 로딩중 도대체 언제까지 인지 속터져 이용 못하겠음
임정수,4,2020-06-25 13:13:33,저번주까지만 해도 되던 따릉이 앱이 켜지질 않습니다. 서비스센터에 물어봤을 때 핸드폰 버전과 안맞는것 같다고 관리자에게 물어보라고 하네요. 도움 요청드립니다.
진준호,1,2020-06-23 22:40:01,아니 먹통이에요 왤케 ㅡㅡ
y h,1,2020-06-23 22:35:14,저ㄴ아들만 모아놔서 앱 개발함? 최적화 레전드네 ㅋㅋ
쿨라다이야,1,2020-06-23 21:32:27,대여 남은 시간 표시해 줄 수 있나요?
예빈,1,2020-06-23 18:11:15,한개도아까움 타란거에요 말란거예요?
Teriya Ki,1,2020-06-23 17:55:20,서울시든 시설관리공단이든 당신들도 따릉이 쓸 거 아니야. 앱이 개뼉다구 같은 거 뻔히 알텐데 왜 안 고치냐 1.back키 눌렀을 때 히스토리 관리 2.자동로그인 설정해도 계속 다시 로그인 3.UI/UX 4.One source multi use로 비용절감은 했겠지만 사용성이 후져.. 100만 다운로드 정도면 안드로이드/iOS 각각 네이티브로 좀 만들어라
광남,3,2020-06-23 14:31:09,업그레이드 이후 자동 로그인이 계속 풀립니다. 따릉이로 회원가입되어 있어도 풀립니다. 빠른 조치 부탁드립니다.
우주비행사,1,2020-06-23 09:42:48,초기 로딩이 너어~~~~~~무 느림.
김우진,1,2020-06-23 00:55:37,아니 반납을 했는데 따릉이는 반납됬다고 말하고 카톡이나 어플은 반납안된것처럼 시간은 계속 지나가고 요금 더 나갈거 같아서 여기에 시간만 버리고있어요 똑바로 시스템 관리좀 해주세요
_ Nine,1,2020-06-22 21:07:44,0점이 있었다면 0점을 줬을것이다 돈은 돈대로 결제하고 사용 못하고있다 흑흑 느려도 느려도 이건 너무 심각하잖아요
ER M (모험가),1,2020-06-22 18:50:12,아니 타라는거야 말라는거야 6개월 결제했는데 맨날 로딩중이야
CW,2,2020-06-22 18:27:21,"거치대에 분명 자전거가 있는데 대여자체가 안되는게 종종 있고, 자전거 분배도 잘 안되는거 같습니다. 이럴거면 자전거 추가배치 요청은 왜 있으며 항상 자전거가 없는 거치대는 뭔가요? 시에서 운영하는 자전거라 싸고 좋은데 관리가 너무 안되네요. 이럴거면 요금 더 올려받고 관리좀 잘해주세요. 정기권 끊어놓아도 많이 타지도못해 손해보는 기분이에요"
하아니,5,2020-06-22 15:28:54,굿
윤한구,1,2020-06-22 13:14:46,s9쓰는데 로딩이 왜이리 오래걸리는지.?
이해진,1,2020-06-21 15:47:12,어제 제가겪은 황당한일입니다 평소 led자전거 잘 사용했는데 qr코드자전거1대만 있어 어플 다시깔고 시도 20분넘게 연동안되다 겨우qr찍으니 대여중이라고 해서 다른곳으로 이동 또 앱이 안되어 20분가량 기다리고 있는데 남학생이 qr코드 자긴찍혔다고 내물건 바구니에서 꺼내놓고 가려해서 군자역4거리에서 언성높여 실랑이함 서울시는 무슨배짱인지 민원이이리많이 올라오는데 고칠생각없는지 따릉이부서원들은 실제로 이용하는 사람이 있는지 없으니 탁상공론만하겠지요 제발 고쳐씁시다
Sin Claire,1,2020-06-21 14:34:50,아니잘쓰다가 왤케 로딩이 기나요? 앱 서버 폭주상태처럼 개느리네요 ..
orange ii,1,2020-06-21 08:14:05,설마 이앱도 돈주고 만들었냐? 개빡치네진짜 적폐가만들었냐?
정토리tv,1,2020-06-21 00:25:37,적당히 로딩 해야 타지
조선화,1,2020-06-20 19:51:28,아이디가 날아갔는데 회원가입등 안되네요
john st,1,2020-06-20 13:05:10,갑자기 시작화면에서 무한로딩 전엔 안그랬는데요ㅠㅜ
dy kim,1,2020-06-20 12:53:17,무한로딩 개짜증남
jiwon,1,2020-06-19 20:56:31,앱이 먹통이에요
Ferma,1,2020-06-19 17:30:05,로딩이 너무 오래 걸립니다 지도를 우선순위로 두지말고 QR코드를 우선으로 둬주세요
곰곰,1,2020-06-19 17:10:09,앱이 거지발싸개같음
이재경,1,2020-06-19 06:02:49,차마욕은 못쓰겠고 앱관리좀똑바로했으면좋겠다 ㅋㅋ
이상국,2,2020-06-19 00:52:22,"대여할때마다 블루투스 껐다가 켜야 하는데 개선 좀 해주세요 매번 연결이 잘 안되서 짜증나네요.,"
D “5d2cotai” H,4,2020-06-18 20:01:44,s9 최신 업데이트 잘되요 qr전용은 gps와 블루투스 동시에 켜놔야만 대여가능.그동안 gps꺼놔서 못했음. 공지사항에만 쓰지 말고 대여실패시 gps켰는지 확인하라고 써놓기 바람.예전 자전거 대여할때처럼 gps끄는 분들이 실패하는거 같습니다.
김기완,1,2020-06-18 15:41:01,어떻게 되쳐먹어야 로딩이 이렇게기냐 뭐 한 몇테라 다운받냐 어이가없네
이승형,1,2020-06-18 12:42:57,어떤 멍청한 놈들이 만들어서 이렇게 무겁고 느려터졌냐ㅉㅉ 세금날비 그만해라 대딩이 코딩해도 이것보단 낫겠다
개고양이식용금지,2,2020-06-18 02:09:38,서비스 자체는 좋은데 어플이 심하네요 로딩만 무한반복 불안정 서버입니다 개선부탁드려요!!!
Lifemind1임병호,1,2020-06-17 08:37:48,이딴걸 앱이라고 하는게 수치임
웅얼,1,2020-06-17 08:16:50,아침에 쓸 때마다 열 받아 죽을 거 같아요 개느려
John K,1,2020-06-17 01:35:21,Qr따릉이는 블루투스 껐다 켜도 인식이 안 되고 어플은 로딩중에서 안넘어가고 아 최악; 어플 지웠다가 다시 설치하니까 되네 이용권 산 게 아까워서 씁니다
최준혁,1,2020-06-17 00:06:15,뉴따릉인지뭔지 새로운거랑 기존 호환이 제대로 되는지 모르겠습니다.
정종현,1,2020-06-16 22:22:31,로딩이 5분걸려서 따릉이 예약하려면 5분전에 들어가야하는 레전드 어플 이게 어떻게 서울시에서 운영하는 어플인지 신기할 따름입니다. 뭐 5분기다려서 들어가니까 공지사항 나오는데 이렇게 로딩 오래 걸리는거에 대한 말 한마디 없네
lee lee,2,2020-06-16 20:29:27,업뎃후 지도화면으로 안넘어갑니다. 어케 해야하나요
김정균,2,2020-06-16 18:51:35,앱 관리는 영...로딩 어마무시하다
Marley Marley,1,2020-06-16 10:35:20,오류가 심각합니다 서울시 공무원들(따릉이 어플 관계자)도 코로나 휴업중인가요!??? 로딩지연 리뷰들이 있는데 전혀 모니터링을 하지 않는다는거네요... 실망 입니다
Hyung Taek Cho,5,2020-06-16 06:57:25,굿
Crash Secondary,1,2020-06-16 06:47:09,큐알코드 자전거 안빌려지는데다가 자전거 고장신고를 했는데도 버젓이 있는 자전거가 있음
김건형,1,2020-06-15 23:55:19,개발자들은 이 어플 단 한번이라도 쓰고 따릉이 타보셨나요? 욕하고싶네요 참.. 로그인하려고 하면 무한에러떠서 아무것도 못하고 그냥 걸어가거나 택시 타라는소리네요 좀 고치세요제발좀 못써먹겠네요 정기권 아깝네요
추승연,5,2020-06-15 22:47:10,너무 좋아요!!!! 한가지 아쉬운점이라면 어플이 너무 느리고 작동이 안될때가 많아요
wearetheomily,1,2020-06-15 16:54:48,"시간 얼마 남았는지 확인하려고 수시로 확인할 때, 앱 구동이 제대로 안 됩니다 그래서 계속 삭제했다가 다시 까는데 이것도 무슨 짓인지 모르겠네요"
단위,5,2020-06-15 16:30:54,앱은 잘 쓰고 있습니다! 하지만..제가 부탁이 있어 댓글을 적습니다. 저는 현재 비번 아이디 다 까먹은 상태입니다. 그래서 제가 회원탈퇴를 해서 다시 회원을 가입하고 싶지만 되지 않아서 부탁드립니다. 제 계정을 회원탈퇴하고 다시 회원가입을 하고 싶습니다.
TheOne,1,2020-06-15 15:24:15,페어링안됨 되지도않는거
이강욱,5,2020-06-15 01:10:44,나는 인천시민이지만 서울시 짱좋음. 이렇게 지자체에서 해주는데 일일히 징징거리지 말것 ㅎㅎ
요리하는고양이 (ニャンコちゃん),1,2020-06-14 20:18:21,이렇게 에러많고 쓰기 어려운 어플처음보겠네요~~. 뭔놈의 아이디랑 비번은 맨날 확인하라하고... 로딩걸려서 하루종일 불러와지지도않고... 결재한 거 환불 받을라해도 들어가져야지 환불을 신청하죠.... 날도더워죽겠는데.. 성격테스크하는것도 아니고.....
김김김,1,2020-06-14 17:06:45,앱 너무 느려요. Qr코드로 대여할꺼면 전체 지도정보 받는거 안해도되지않아요? 로직이 아쉽네요
철인Philosopher King,1,2020-06-14 16:18:09,따릉이 어플은 걸러라.. 개발자 나와...따릉이 시스템은 최애..
Breen Son,1,2020-06-14 15:58:17,결제가 불편합니다. 어플도 너무 복잡해요. 좀 간편하게 만들 수 없나...
남승우,1,2020-06-14 11:02:33,"로딩이 20분은 더 걸리는데 사용을 하라는건지 말라는건지, 이렇게 불만이 많은데 안고치는거 보면 그냥 태만 아닙니까? 정 귀찮으면 안내문에 ""로딩이 느리니 사용하실분은 30분전에 예약하세요 참고로 고치고 싶지않습니다"" 이렇게 라도 적어두던가 안그래도 바빠죽겠는데"
정기홍,5,2020-06-12 19:42:37,굿
뽀삐,1,2020-06-12 16:42:08,위치 화면이 안보임
박빰빠라,5,2020-06-12 15:35:17,이건 신세게
Doam Lee,1,2020-06-12 14:04:17,무슨 대여할때 단말기 연결하는데 분단위로 걸림 ㅋㅋㅋㅋㅋ 너무 느리다
웁스부엑,1,2020-06-12 11:06:35,아니 어플 왜 이렇게 느린겁니까... 1시간 전까지 잘 되던게 30분째 창이 안뜨고 다시 깔고 띄우기까지 이렇게 시간 많이 소모할 일입니까
햇님쌤,1,2020-06-11 18:56:42,앱실행시 너무 느립니다 로딩이 무한으로 되고 앱이 열리지가 않네요 큐알코드만 바로 찍어 빌릴 수 있도록 위젯이 있었으면 좋겠어요 간편빌리기에 대한 개발 지원 바랍니다
lh hj,1,2020-06-11 07:56:47,정말 옛날이랑 다를게 없네요 그때도 lcd반응 보다는 어플 변경속도등 이용안내 문제가 가장 심했눈데 4년이 지난 지금도 변한게 없다니 한결 같은 곳이라 편하게 욕할수 있어서 고맙네요 이따위로 어플 만들지 마세요 부탁드려요
Doojin Kang,2,2020-06-11 06:06:27,사용법을 읽어도 쓰기 어려운 앱 입력해야할 카드정보도 많고 사용자 고려가 안되어있는 앱입니다. 간결하게 고쳐주세요.
유지현,1,2020-06-10 23:56:19,큐알따릉이대여안돼서짜증나요
딩굴딩굴,5,2020-06-10 12:51:21,제로페이 할인덕분에 365일2시간짜리 결제했어요 넘흐~~좋아요
임정빈,1,2020-06-10 01:25:40,어플이 너무 느려요
쪼떠어어언,1,2020-06-09 15:45:55,로딩중입니다....로딩중입니다....로딩중입니다....로딩중입니다.... 쓰지말라는거 맞죠 ㅋㅋㅋ 감사합니다 진짜 너무하네
블루그린,1,2020-06-08 23:58:21,개같음 일하기참쉬운킹무원들 비싼개발자님모셔서업뎃해라
오유진,2,2020-06-08 19:54:09,따릉이 qr코드 페어링 맨날 안된다고뜨네요 제발 수정좀...그냥 lcd로만 하지 굳이 왜바꿨는지 모르겠어요
jinbong choi,1,2020-06-08 06:32:51,너무 불편함
jinny,1,2020-06-07 16:46:15,1점도 아까운앱. 그동안 사용한 앱중에 제일 최악
Sang Yeol Park,1,2020-06-07 13:16:54,2만 번 대 자전거는 70%확률로 잠금장치 분리가 안됨. 사람으로 하여금 자전거를 부셔버리고 싶게 함. 그럼에도 불구하고 자전거를 건드리지 않고 돌아가게 만드는 순기능이 있음. 참을성을 키워주는데 매우 유용하기에 별 하나 드림.
개완전좋아,1,2020-06-06 18:27:10,따릉이 자체 이용은 좋은데 어플이 시대에 뒤떨어지게 조낸 후졌네요; 자동로그인 설정부터 개선해야할게 한두가지가 아니네요; 어플만 좀 성의있게 업데이트 했으면 좋겠습니다.
이현준,2,2020-06-06 15:44:10,제로페이 국민은행 결제는?
김태환,5,2020-06-05 23:01:26,좋아요
SuHee Yoo,1,2020-06-05 16:01:54,노답
EJ Kim,1,2020-06-05 09:48:32,블루투스 연결은 아예 안됩니다. 테스트도 좀 하고 출시해야죠
DK LEE (DK),5,2020-06-04 15:50:58,채고
S.Y KIM,1,2020-06-04 14:21:14,개빡치네 앱먹통되서 계속 못타고 서서 재시작만 몇번을했는지 그러다 실행되면 자동로그인 안되있고 계속하다 버스타러가는데 버스들 줄줄이 다 놓치고 다음버스 6분에 그때 제대로 실행되는 따릉이 어플^^ 다시 대여소가기 싫어서 그냥 버스타고간다 더울까봐 배려하나보네
문기웅,1,2020-06-04 09:25:57,마이너스 평점은 없냐 공공앱을 이렇게 만드네 아침에 자전거 빌릴때마다 오류 두세번씩 5분이상 걸리고 오늘은 포기하고 버스탑니다 감사해요💛
SOO YEONG JEONG,1,2020-06-03 21:49:51,앱안정성이 참... (험한말)...;;
신승진,1,2020-06-03 20:51:40,왕짜증
tm h,1,2020-06-03 07:03:32,최악의 쓰레기앱 잦은 통신장애로 사용을 아예 못함
Jay J,1,2020-06-02 22:37:37,QR 바뀐거 진짜 불편해요 블루투스 제대로 연결 되는걸 손에 꼽을 정도인데 한번 실패할 때마다 1분씩 기다려야하니 빌리려다가 5분 지나있는건 다반사... 핸드폰이랑 자전거를 굳이 블루투스로 연결 시켜야해요???? 데이터로 통제 다 되잖아요
Cody Kim,1,2020-06-02 22:27:51,블루투스 연결 실패 후 - 이미 대여 중입니다. 진짜 암 걸린다 암 걸려. 개발자 뭐하냐? 테스트도 제대로 안해보고 릴리즈 할거면서
밤톨깅,1,2020-06-02 18:38:43,새로운기능말고 오류나 고치세요...임시잠금해놨다가 어플 오류로 잠금안풀려서 몇분째서있는건지모르겠습니다
Gini J,1,2020-06-02 15:39:36,따릉이 망신은 어플이 다 시킴 제발 어플 개선 좀 해주세요 뉴따릉이 왜 대여가 안되나요 그리고 GPS켜라는 알림 제발 안뜨게 해주세요 진짜 성가셔서 어플 못 써먹겠어요 제발요 제발
장윤정,1,2020-05-31 16:30:12,uxui 직관성 떨어지는건 오래전부터 지금까지 있는 이야기며 최근엔 QR이 있어도 오류때매 못타고 일반 따릉이를 찾아 다녀요ㅠ 그리고 시작할 때 로그인은 항상 풀려있고 위치정보는 앱을 켤 때마다 창이 떠서 불편해요
de dsl,1,2020-05-30 20:07:03,"앱 호환성,gps연결 오류 등으로 급할때 사용 할 수 없는 경우가 많음"
정유선,4,2020-05-30 12:21:42,전보다 훨씬 편해졌어요. 덕분에 예전에 가입한 아이디 찾아서 즐겁게 타보렵니다 감사합니다 수고하셨습니다
정빈,4,2020-05-30 00:02:58,이용권구매를 어떻게 하는지만 알려주시면 완벽할거같아여
노관휘,1,2020-05-29 21:04:15,로그인 유지 버튼 대체 왜 만들어 놓은거에요
장보윤,1,2020-05-29 18:59:54,진심 앱은 짜증나네요 도데체 몇번을 다시깔아야하나요 개선을 안하는이유는 뭔가요
CON*Y,1,2020-05-29 15:10:22,안정화쫌........
회일김,1,2020-05-29 13:50:03,같은 IT업계지만 테스트를 하고 QR코드 도입한건지??? 몇 달째 되어가네 서울시는 업체 가만히 두는거임??? 무책임하네 정말
김영철,2,2020-05-29 08:56:59,다 좋은데 자꾸 단말기 연결에 실패했다고 떠서 다시 대여하려고 하면 대여진행중이라고 떠서 QR코드를 아예 못찍게 돼서 너무 불편해요;;;
Casey Hong,1,2020-05-29 08:12:02,매번 들어갈때마다 로그인이 안되어있다고 해서 꼭 다시 클릭해줘야하고 위치를 너무 못잡아요.
Clark (Clark),5,2020-05-29 01:05:44,좋아용~
hyeonsoo lee,1,2020-05-28 22:40:59,자전거가 눈앞에 여러대 있지만 빌릴수 없는 현실을 마주하게 해줍니다. QR따릉이는 백번쯤 시도하다가 운이 기가막힌 어느날 기적처럼 연결이 되서 작은 일로 행복을 느끼는 자아를 보게 해줍니다 6개월 이용권자 씀
최우정,1,2020-05-28 19:20:24,아진짜 계속 오류나고 자전거 없는데 있다고 뜨고 큐알 시행하기전이 훨씬 낫네요 뭐가 더 편리하는건지 따릉이 정말 좋은 시스템이라고 생각하고 1년넘게 이용중인데 지금 몇번째 헛걸음만 하네요 제발 개선 부탁드려요
유수희,1,2020-05-28 18:50:27,맨날 페어링실패라고뜨고 재대여하려면 시간너무 오래걸리고 이용하기너무불편해요 지금 대여만 20분하다가 낭비하고 대중교통타고 집가네요
정혜린,1,2020-05-28 16:56:24,이용권이 없다해서 이용권 구매 누르면 이미 사용 중인 이용권이 없다고 하고 뭐 어쩌라는 건지 모르겠네요..
Jp Hong,1,2020-05-28 13:45:33,갤럭시A5 사용 왜 QR 자전거 대여 시 블루투스 데이터 페어링 실패 메시지 뜨면서 대여 불가 수십번 해봐도 안 됨. 대여 불가. 어떻게 가장 기본적인 대여가 않되는 어플을 만들어 올릴 수 있는지? 하드웨어 인프라만 개선하면 뭐함? 기본 대여 어플기능 구현이 그렇게 어려운 것인지. 개선하세요.
j,3,2020-05-28 10:28:24,좋은데 가끔 화면이 하얗게만 뜨고 안 열려요ㅜ
오승엽,1,2020-05-28 08:01:28,QR코드 페어링 실패 오늘도 사용못함
Hee Bum Yang,1,2020-05-27 21:27:52,"즐겨찾기 화면을 시작화면으로 하겠다고!!! 키 꽂아도 반납 안 돼는 경우 잦다 진짜 쓰레기 같은 앱인데 싼 이용료가 모든 단점을 덮는다 ㅋㅋㅋㅋ 앱은 느려 터졌고 직관적이지 않고, 최근에는 개편이 아닌 개악을 해서 첫 화면이 지도라, 안 그래도 느린데 더 느려지고 데이터만 많이 먹게하는 개악을 해버림. 또한 자동 로그인 해놔도 대여하기를 한번 눌러야 로그인되는 기가막힌 삽질을 추가했다."
WJ,1,2020-05-27 11:00:46,내 세금이 이렇게 낭비되고 있구나 알 수 있는 좋은 앱이네요
Pureum Lee (Green),1,2020-05-26 23:22:57,"어플이 너무 무겁고 시대에 따라가지 못함. 대학생들도 이거보단 잘 만들듯. 공유자전거라는 명성에 걸맞게 좀더 인터페이스, 자전거 찾기 등을 직관적으로 개선해주셨으면 함. 그래도 재로페이랑 연동해서 1일권 500원에 타는맛으로 탑니다."
도현,1,2020-05-26 16:18:35,아이디 비밀번호 찾기도 안되는 쓰레기 앱
A A,1,2020-05-26 00:40:26,신형 단말기 10대 찍으면 1대 연걸될까 말까임. 한번 큐알코드찍고 막히면 대여진행중이라면서 3분간 강제 프리징 당함 서울시가 제공하는 신개념 도박인가 수업지각을 건 인생도박을 매일 만끽중임 진짜 비속어적고싶은데 참고 딱 한번만 장문 적으려고함. 서울 동대문구 주변 자전거 왜 1도 없는거임? 있다 싶으면 하자있는 자전거고 멀쩡한 그나마도 답없는 신형이라서 큐알코드 연결될까말까 조마조마하고 그것도 진짜 연결 정말 안된다. 잘만쓰고 있다가 1년치 정기권 왜 내가 결재했는지 너무 후회됨 제발 자전거를 엄청 공급하거나 신형 무선 단말기 쓸거면 제대로 연결되게좀 해라 대여진행중입니다 문구뜨면서 프리징 걸지좀 말고..글고 지도에서 주변에 남는 자전거 자동으로 찾을수 있게하든지 맵 축소해도 어디에 자전거 남아있는지 확인할수 있게좀 해줘요.. 주변에 자전거 없어 맵 축소하면 숫자없이 초록색 노란색 딱지만 더덕더덕 붙여있는거 보면 없던 저혈압도 싹 나을거같음
Wc kim,1,2020-05-25 17:43:39,카카오톡 로그인이 매번 풀리는데 못고치나요? 진짜 별점 0점 없는게 아쉽네요
。 Z,1,2020-05-24 22:29:54,따릉이 1도없어 ㅡㅡ
felicita0303,1,2020-05-24 05:30:19,이딴걸 앱이라고 만들었다넌게 이해가안됨
bluedaeng song,1,2020-05-23 17:25:13,기업은행은 왜 없나요?ㅡㅡ
하지인,1,2020-05-23 16:35:35,제발 앱을 열고 싶은데 잘 안열려요... 그리고 툭 하면에러라고..
Minji Jang,2,2020-05-23 10:57:52,따릉이 너무너무 잘 쓰고 있지만 블루투스 이어폰 연결시엔 뉴따릉이 QR코드가 절대!!! 안 찍힙니다. 그래서 늘 연결해놓은 블루투스 이어폰 연결 해제 하고 따릉이 QR찍고 대여했다가 다시 이어폰 연결해요. 이게 무슨 수고로움이죠?? 업데이트 됐다고 해서 이제 연결 해제 안하고도 되나 싶었는데 여전히 안되더라구요. 그리고 그렇게 큐알 찍고 대여한 뉴따릉이는 거리정보 같은게 전혀 나오지 않습니다.
KHM,1,2020-05-23 00:18:05,진짜 데이터 느린 사람은 사용하지도 못하겠어요 기다리느라 한세월걸림
고홈,1,2020-05-22 07:53:21,제대로 만드세요 가끔씩 연결안되고 앱도 먹통인데 필요할때 못쓰면 무슨 소용?
할렐루야,5,2020-05-21 20:47:04,굿
Kim yj,1,2020-05-21 20:08:59,설명하나도 안됨 비회원 안내하길레 했더니 회원가입하라면서 결제나가고 회원해서 샀더니 티머니카드등록하라고하는 처음쓰는인간에게 여기가 헬반도구나를 느끼게 해준앱 요즘세상에 결제 5초도 안걸리는걸 결제하고 이용하는데 20분동안 하다 때려침 이용안내는 개뿔 그냥 이미지파일 몇개 붙여놓고 메뉴얼 공인인증서 계속 인증하라고하는거랑 똑같이 빡치는걸보니 한국인이 만드건 확실하구나를 느꼈다 이시간에 버스 지하철 5번은 더 탔겠다 내 20분을 이쓰레기에 버리다니
Geon Song,1,2020-05-21 17:52:30,따릉이는 좋은데 앱의 너무 심하게 구리네요. 길게 리뷰를 쓸 수가 없어요. 욕이 튀어나와요.
임기학,1,2020-05-21 14:05:39,정상으로 작동 된적이 없다
김용상,3,2020-05-20 22:01:21,즐겨찾기화면을 메인으로 설정해도 주구장창 지도화면이 메인으로 나옴
Wonjun Lee,1,2020-05-20 19:06:33,어플을 진짜 그지같이도 만들어놨다 빌드하고 테스트는 해보냐?
Youngjoon HAM,1,2020-05-20 18:16:21,형편없다
유성민,1,2020-05-20 11:18:58,되는겨?
쀠쀠,1,2020-05-20 07:33:19,앱오류에다가 불편함
sama guu,1,2020-05-20 00:07:28,툭하면 멈춤. 백지상태로 꼼짝안함.
김현진,1,2020-05-19 17:50:11,예약 기능부터 없애세요. 맨날 대여할려고하면 예약중이래.. 예약도 아닌게 1분안에 찍어야하는데 그게 무슨 예약입니까? 먼저 온사람 진짜 진빠지게 만드는적 한두번이 아닙니다. 새치기 당하면 얼마나 짜증나는데 진짜.
정재영,1,2020-05-19 02:04:07,진짜 구림
주범준,1,2020-05-18 12:56:44,어플 수준 왜 이래요 진짜...코딩 처음해보는 대학생 데리고 만든 것 같네.
이동엽,3,2020-05-18 10:12:01,안정성이 너무 떨어짐
김태희,1,2020-05-18 08:35:47,렉 현상좀 고치세요;;
오로지가위만,1,2020-05-17 20:48:04,너무 불편해요
장석현,4,2020-05-17 08:52:37,솔직히 다른 후기보고 제대로 작동 안 할까봐 걱정했는데 잘 돼서 좋아요~ QR 빌리는 것도 잘 되고 아직까지는 문제없이 사용중 ㅋㅋ 참고로 폰은 안드로이드(lg)쓰고 있고 로그인 설정은 자동로그인 해놓아서 편함. 안 된다는 분들은 아이폰일수도..
문자민,1,2020-05-17 02:56:15,업데이트 한 뒤로 앱이 엄청 느려졌어요. 승차권 구매 탭으로 가는데 30분이 넘게 걸리는건 심한거 아닙니까? 앱 좀 가볍게 빨리 빨리 진행되게 하면 안됩니까??? 세금으로 운영하면서 이런식으로 관리하는건 너무한거 같은데요. 그리고 자전거 관리도 좀 잘 해서 고장난건 빨리 고쳐놓고 자전거 많거나 부족한 곳은 빠르게 정리를 좀 해줘야 하는거 아닌가요. 대만은 30분까지는 무료로 탈 수 있게 까지 해두는데도 우리나라보다 훨씬 잘 운영되고 있던데 이게 정말 최선인가요?
noexcuse1982 hehe,5,2020-05-16 22:24:18,완전조음
정유경,1,2020-05-16 22:23:23,인증 번호가 오지않아요ㅠ 방법이 없을까요?
박명하 (Dave),1,2020-05-16 17:01:14,앱 완성도가 너무 떨어지고 오류가 잦네요 로그인 오류 블루투스 연동 오류 자전거 대수 오류 아무리 공공서비스라고 해도 이런식으로할거면 업체를 바꾸든가
이성빈,1,2020-05-16 14:46:58,"최악의 유저편의, 고등학생한테 프로그래밍 맡긴 수준"
Huieun Kim,3,2020-05-15 21:01:46,어플 아이콘 좀 바꿔주세요 ㅎ심플하고 예쁘게 그리고 앱 최적화 좀
dog y,3,2020-05-14 23:43:10,뉴따릉이 2대 있다 그래서 갔는데 없어요... 그래도 따릉이 좋아요
황선규,1,2020-05-14 23:26:50,1점도 아까워요 진짜로
Key Mon,1,2020-05-14 22:44:00,왜 자전거있는데 없다고 나오나요
Park John,4,2020-05-14 12:13:15,평소에는 잘 됬었는데 최근 2주동안 빆에서 데이터를 켰는데도 화면이자꾸 하얀색으로만 나와요.
gamjasys,1,2020-05-14 10:57:09,지도가 안떠요 안뜬지 한달이 넘어가는데 조치도 없고 변화도 없는걸 보면 시스템 업그레이드 한다고 하면서 얼마나 더 쳐드실려고 그러는지 적당히 하세요 공무원 및 영업상무님
ano Dami,1,2020-05-14 08:34:24,갈수록 자전거가 너무 부족함... 차라리 금액을 올리더라도 자전거 대수 좀 확보해줬으면... 전엔 정말로 가성비 최강이었는데... 요즘엔 전동킥보드 사야하나 생각중이에요..
권은지,1,2020-05-13 08:27:17,별하나도 아까움 따릉이없다고해서 가보면 있고 3개가 이어진 거치대만 가능하다고해서 대여하기눌렀는데 맨마지막연결된 자전거가 아닌 가운데가 대여됨.그럼 뒤에꺼 하나를 달고다니란 소린가?진짜 욕나오는 어플과 시스템...따릉이 한번 타기 개힘듬...^^
제리즈,1,2020-05-13 00:34:51,"정기권으로 쓰는게 더 괜찮을거라 생각해서 정기권 결제해서 쓰는데, 페어가 안된다고해서 몇번이나 위치도 껐다켰다 다른 자전거로 이용하려해도 안되네요 십여분이상 그렇게 난리치다가 결국 택시타고 갔네요. 이럴거면 돈은 왜 받고 하는건지...ㅜ 이렇게 하루이틀 날려먹고 하는것도 황당스럽고 돈아까워집니다ㅜ 비약을 하자면 고작 천원 이천원이라고 할 수 있는 부분이고, 정기권으로 삼천원, 그런걸 가지고 그러냐 할수도있는데 길거리에서 천원 이천원 줍는게 쉬운건가요ㅜ"
Madkim용석,5,2020-05-12 19:55:49,굿!
영만(ゆづる),1,2020-05-12 13:49:53,안드로이드 기준으로 카카오톡 로그인 시 안됨 QR코드 작동 안됨
CHUNG JAEHO (CJ),1,2020-05-12 12:03:46,사업자 짜르고 다시뽑으세요
백승헌,1,2020-05-12 09:41:11,블루투스인식계속 실패 분노게이지폭발
김한울,1,2020-05-11 20:20:14,QR코드 뉴따릉이 블루투스 연결좀 잘되게 해주세요 제발... 맨날 코앞에서 QR코드 찍거나 번호 입력해도 연결실패 뜨고 그럼 몇분간 기다려야해요.... 거의 세네번 시도해야 한번 성공할까 말까인데 좀 심하지 않나요..?
채문영,2,2020-05-11 02:02:43,안켜져요...
하우디,1,2020-05-10 18:43:41,개릉이 타려다 성질버리겄다
김대영,5,2020-05-10 17:09:08,좋다
sg c (csgeun),1,2020-05-10 09:32:59,화가 나서... QR코드로 대여하는거 포기! 몇번을 했는지 도대체... 왜 이따구로밖에 못만드는건데? 개한심하다. 제대로 좀 해라~ 서울시 공무원 새~~~~
꿀열매꾸울꺽 (늅늅),3,2020-05-09 23:57:18,1. 블루투스 이어폰 사용시 qr형 따릉이 대여가 안 되는 점. 2. 로그인 유지 설정을 해두었음에도 불구하고 어플을 켤 때마다 로그인 해야하는 점.(심지어 로그인 창에서 아무 것도 입력하지 않고 뒤로가기만 눌러도 로그인이 됨.) 이 두 가지 빨리 해결 부탁드립니다.
jeounghwan kim,3,2020-05-08 19:32:56,자동로그인 설정해놨는데 매번 어플 접속시마다 로그인이 풀려있네요
물소리,1,2020-05-08 18:13:42,블루투스는 되지도 않으면서 뭔 개선이에요ㅋㅋ진짜 이딴식으로 만들거면 그냥 폐지하세요 돈주고 쓰는것도 아깝네
띵은이,5,2020-05-08 16:41:09,따릉이없이 못살아~~
이종식,1,2020-05-08 14:58:01,환불받고싶다 정도가 지나치다
heeyong eun,1,2020-05-08 12:32:40,얼마나 대충 만들었길래 두시간째 시스템 장애냐.. 잘 좀합니다. 우와.. 2주째 아직도 안고쳤네.지우고 다시 설치한 데이터 요금 환불해주라.. 짜증난다 진짜..
육광휘,1,2020-05-08 02:30:56,아아디를 아주 찾을 수 없게 잘 만들었네요 대단합니다
양꺽,2,2020-05-07 23:52:18,요즘 따릉이가 제 위치를 못잡는데 왜그럴까요? 지웠다 깔아도 똑같습니다
조민영,1,2020-05-07 23:42:02,3년전에 호기심에 빌렸던 따릉이 5분지났었다고 200원내라고3년만에 문자와서 앱깔라고해서 앱깔았는데 휴대폰결제도 카드번호 써야되고;; 대체 왜케 어렵게되어있져??200원갚을라고 별생쇼를 다하네여 그당시에 초과했으면 그때받지 왜 지금와서 이래가지고;; 황당스럽네요
박용주,1,2020-05-07 21:36:29,퇴근 시간에 서버 응답이 너무너무 느려서 짜증나요
더스TV,1,2020-05-07 20:14:12,제가 lg스마트폴더랑 갤럭시 탭e를 쓰는데요. 폴더는 아에 설치자체가 안되고 탭은 최적화가 안된다고 qr따릉이를 못빌려요. 제 핸드폰이 미르스틴 옛날 폰이긴해도 그래도 우리도 이용자인데 핸드폰 좋아야지만 따릉이 빌릴수 있나요. 요즘 카드로 빌리는거는 아에 없더만...
김기용,1,2020-05-07 20:03:04,네이버페이결제가 안됨
JOO-KYOUNG HEO,1,2020-05-07 18:42:02,"""매우매우 문제가 많으나 전혀 개선되지 않는 따릉이 어플"" (1)QR코드 스캔이 전-혀 안됨. 직접 번호 입력해야만 가능. (2) 정류장에 실제론 여러대가 있으나 앱 상으론 0대인 경우도 많음. 그렇다고 고장으로 뜨지도 않음 (3) 자동로그인 설정을 해놓아도 로그아웃 상태로 켜짐 (4) QR코드로 빌리면 칼로리와 거리값이 기록되지 않음. 건의했으나 개선되지도 않음. (5) 깜박하고 블루투스 꺼놓은 채로 QR코드 대여 누르면, 시스템상으론 그게 안되니까, 그래서 앱을 끄고 다시 대여 누르면 '대여가 진행중'이라고만 뜨고 리셋이 안되서 너무너무 빡칩니다.. 이럴때마다 아예 폰을 껐다가 킵니다 ^^.. 이것도 건의했으나 개선되지 않음. // 이상입니다. 따릉이 제도는 너무너무 좋은데 앱이 너무너무 문제가 많습니다."
김지원,1,2020-05-07 18:35:51,왜이리 대여가 안되는거야. 자물쇠줄 끊어벌라
김정은,1,2020-05-07 18:13:41,로그인 풀리는것좀 해결해주세요
yeon sh,1,2020-05-07 17:51:39,왤케 불안정해요? 지도 보기 체크해도 즐겨찾기 목록만 나오고 자전거 추가배치 버튼도 없어졌네요
심규원,1,2020-05-07 08:55:45,"1년 가까이 매일 따릉이로 출퇴근했는데, 최근 한 달여 출근시간대 주변 모든 정류장에 따릉이가 없어 헛걸음만 합니다. 1년 동안 문제 없이 이용했는데 요즘 왜 이러나요. 다 공장에 들어가서 신형으로 교체중인건지. 그리고 신형 qr코드 쓰려면 앱이 굉장히 불안해서 대여 오류가 너무 많습니다. 교통카드 한 번 찍고 간편하게 잘 쓰던 걸 굳이 불완전한 앱으로 불편하게 쓰도록 강요하는 이유가 뭔지 모르겠네요."
mini B,1,2020-05-06 16:09:57,구동이 되야 사용을 하지..대여중에는 고장신고도 못하고 참..아이러니한 부분들이 많은데 실제 사용안하고 개발하시나요 ㅠ
JH C,1,2020-05-06 15:44:25,옛날 3g 시절 속도를 보는것같다. 블루투스 안정화가 아니라 이제야 블루투스를 지원하기시작했다는 표현이 맞지않나? 이 어플이랑 qr코드 자전거 도입에 예산이 10억이라면 9억정도는 누군가의 주머니 및 접대비로 쓰였을것이다
Elle Garden,1,2020-05-06 14:05:03,qr코드 이용 할때 문제 제로페이 결제할때 문제 자전거 단말기 분리할때 문제 이정도면 개발자 계약해지해야지 원숭아! 제발좀!
조동욱,5,2020-05-06 10:35:04,좋아요. ^^
Jee Y (devbro),1,2020-05-05 21:10:15,돈내고 사용하는건데 어플로 자전거 빌릴 수 있는게 하늘의 별따기. QR로도 인식 안된다고 하고 번호로도 연결이 안된다고 한다. 이래서 공무원 새끼들 하는일이 그렇다고 하는거다
김성종,1,2020-05-05 15:56:13,이상함 극혀
HEE DAE LEE,5,2020-05-05 13:28:31,조음
김현철김현철,1,2020-05-04 21:50:47,자전거를정리해주시면 고마운데 복잡하게 만들고 그러시면 사람들이불편합니다 새울때가없음
이재휘,1,2020-05-04 21:38:15,1점도 아깝다
김규연,1,2020-05-04 19:19:52,대여못했는데 대여했다뜨고는 전화 안받네 진짜개빡친다
김덕근,5,2020-05-04 16:17:24,사용해보니 최고 좋아요 운동이 많이되요 조금씩 고정난거 신고를 모두 잘 안하나봐요 다음 사람위해서 고장신고 좀 해 주세요 그리고 ~곧 바로 좀 고쳐주세요 ~ (업데이트)는? 다 지우고 새로 깔아야 합니다 70대 청년이여~ 앞서간다~~~화이팅입니다 모두 모두 행복하고 건강하게 웃고 살아요
공문주,4,2020-05-04 01:49:53,최신 버전이 구버전보다 훨씬 UI/UX가 좋긴 한데요 카카오톡 자동로그인 유지되도록 개선해주세요. 매번 자동로그인 설정하는데 자동 로그아웃 돼요
DYang,1,2020-05-03 19:18:50,네이버 로그인을했는데 자꾸 로그인 오류가 뜨면서 로그인이 안되네요 원래는 네이버로그인으로 사용하다가 업데이트만꾸준히하고 사용하는일이거의없어서 방치했었는데 몇달전부터 계속 이러네요 왜이러는건가요
popo,1,2020-05-03 19:10:06,메인화면도 제대로 안뜨고 제대로 돌아가는 게 없네요..
채은,1,2020-05-03 10:07:46,아니ㅠㅠ 다른가 다 떠나서 진짜 빌릴수가 없어요.. qr코드 자전거밖에 없는데 계속 블루투스 연결이 안된다구 하고.. 아무리 껏다켜도 똑같고 다른 자전거 해봐도 똑같아요 안돼요그냥. 앱 사용의 편리성이건 뭐건간에 제일 기본기능인 대여가 불가능하면.. 앱의 존재이유가 잇나요 앱이 문제인지 자전거단말이 문제인지 모르겠지만 어느쪽이건 제발 개선 좀 해주세요
한진욱,1,2020-05-02 21:45:45,큐알 대여가 안 됩니다.
테크선비,1,2020-05-02 19:30:16,기획자 개발자 디자이너와 서율시 총 담당자는 곤장 100대 맞아야함
홀티와어그리,1,2020-05-02 01:42:46,자전거 관리 개판이누
HAE WON YOU,1,2020-05-01 23:16:10,"참을성, 인내심 테스트 앱. 대여소가 근처에 여러개 있다면 왔다갔다 훈련도 되는 앱. 오늘 덕분에 트랙킹 많이 했습니다.~"
조지아캔커피,1,2020-05-01 20:11:19,어디서 개발한거죠 조회도 드럽게 느리고 버그도 넘쳐나고 세금이 매우 아깝습니다
황선웅,5,2020-05-01 09:49:50,좋아요 잘 이용하고있습니다
T.Y Choi,1,2020-04-30 20:13:42,블루투스 페어링 잘안되네요 자전거가 문제인지 앱이 문제인지....
Du Beam Do,1,2020-04-30 02:50:48,웹기반 UX따윈 개나준 전형적인 관공서 어플
정다해,1,2020-04-29 15:58:14,아니 왜 오랜만에 따릉이 좀 타보려고하는데 왜 로그인 에러가 뜨는거죠? 로그인 누르면 바로 에러뜨네 ;; 그냥 타지말라는거죠?
Raphael Kim,3,2020-04-29 15:02:27,따릉이 잘 사용하고 있는데 언제부턴가 QR신형은 대여가 안 되네요. 앱 문제인가 해서 지우고 새로 깔았는데도 여전히 그러네요. 왜 그럴까요?
Ta meta,1,2020-04-29 12:06:20,도대체 몇 달 째 먹통인 건지 모르겠네요.
EDDY KIM,1,2020-04-28 21:43:55,큐알코드 안먹혀요 지우고 다시깔아도 유효기간하루
Kim bamboo,1,2020-04-28 19:35:27,환불해주세요. 고장난거면 안되게 막아 놓으시지 기껏 결제해서 썼더니 잠금 안 풀려서 바로 돈먹은.. 신고도 중복이라 등록도 안되고..
정평강,3,2020-04-28 18:42:57,"뉴따릉이 추가되면서 어플이 와이파이로는 잘 켜지지 않는다. 게다가 즐겨찾는 대여소 화면을 시작화면으로 설정하고 껐다키는 작업을 몇번이나 했으나 전혀 시작화면이 바뀌지 않고, 기존의 지도가 보이는 시작화면이 떠서 로딩을 한참기다려야 켜진다. 오류인지 버그인지 모르겠으나 수정이 필요해 버인다."
ejo 7,1,2020-04-28 17:18:30,폐급 of 폐급 어플. 어떻게하면 서울시민들을 괴롭힐 수 있을까 고심해서 나온 결과물이라고 할 수 있음. 총체적 난국. 하나를보면 열을 안다고 박원순 일처리가 어떤 수준인지 내가 잘 알겠다
Google 사용자,1,2020-04-28 14:55:27,진짜 머 같은 공무원들이 하는게 다 이 모양이지.. 이 어플하나 제대로 못만드냐
Google 사용자,1,2020-04-28 09:52:07,언제가부터 블루투스 연결이 안돼요. 카메라로 qr코드 인식을 하려고 하면 페어링 장애가 있다고 합니다. 블루투스 기능을 껐다 켰다 반복해도 마찬가지에요. 더욱 불편한 것은 그렇게 오류가 나면 계속 대여중인.자전거가 있다고 다른 자전거도 몇 분간 빌리지 못한다는 겁니다. 출근하는데에도 많이 늦었어요... 왜 이런 어플 하나 제대로 못 만드는 건가요?
Google 사용자,1,2020-04-28 09:45:45,내가 쓰는 어플 중에 제일 별로인 어플... 시에서 관리하는 어플이 이 정도 수준이라니 놀랍다.
Google 사용자,1,2020-04-28 09:07:05,지도가 안뜨고 즐겨찾기 메뉴만 뜨는 상황이 생기면 지우고 다시깔아줘야한다...
Google 사용자,1,2020-04-27 18:52:42,느리고 로그인도 엉망
Google 사용자,1,2020-04-27 16:24:43,제로페이도 결제요청에서 다음 화면 안넘어가지고 지도도 안보이고 문제가 심각합니다
Google 사용자,2,2020-04-27 12:39:13,어플 왜 이러나요. 삭제하고 다시 까는 게 몇번인지 모릅니다
Google 사용자,5,2020-04-27 00:38:37,아이고 이놈들아 난 따릉이 5년전에 졸업했는데 니들은 아직도 이 무거워터진 느림보 공공자전거 타고 다니느냐. 마 자전거 한 대 사라 이기야!
Google 사용자,1,2020-04-26 22:34:59,"결제실패, 불친절함, 장애 앱이 가질수 있는 모든 불편함이 있음. 같은 it종사자로서 부끄러운 앱"
Google 사용자,1,2020-04-26 19:21:14,어떻게 만들면 이용객들이 극도로 불편함을 느낄 수 있을지를 심도있게 고려한 흔적이 느껴지는 어플.
Google 사용자,1,2020-04-26 17:13:56,만들려면 제대로 만들어요 제발
Google 사용자,2,2020-04-26 10:09:47,QR 페어링 잘 안되네요. 블루투스 켰는데도 피어링 계속 안된다 그러고 그저 불편하네요. 빠른 시일 내에 개선됬음 좋겠습니다
Google 사용자,1,2020-04-24 09:41:36,따릉이 자체는 좋은 서비스인데 QR 자전거 대여는 해도 반응도 없고 어플 멈추면 폰 재시작해야 되고 UX가 너무 쓰레기같음 ㅡㅡ
Google 사용자,3,2020-04-23 22:02:49,네이버 로그인 하려고 네이버 표시 누르면 계속 회원가입으로 넘어가요... 6개월구입했는데 이용을 못하고 있어요....
Google 사용자,1,2020-04-23 16:16:07,앱이 너무 느립니다 서버관리좀요
Google 사용자,1,2020-04-23 06:15:30,후불제 교통카드 되지도 않는구만요 아니면 티머니를 사야되요? 장난하는것도 아니고 안타고 말지 ㅡㅡㅋ
Google 사용자,1,2020-04-22 19:09:17,블루투스로 자전거 연결하는 기능이 너무 먹통입니다. 블루투스 페어링이 안돼서 다시 시도하라고 안내창이 떴는데 이미 대여중이라는 메세지만 몇분동안 나오네요. 코로나때문에 따릉이 이용할 일이 많아졌는데 이렇게 기능이 안되니 좀 답답합니다.
Google 사용자,1,2020-04-22 03:25:15,젓같네 업데이트 하고 나서 젓같아졌네
Google 사용자,5,2020-04-21 23:39:54,신세계
Google 사용자,5,2020-04-20 20:14:03,비용도 싸고 국가에서 환경 생각해서 좋은 취지로 만든게 좋은 것 같아요 근데 밑에 분들 보니깐 앱 관련해서 욕 먹는 것 같은데 앱만 고치면 좋을 것 같아요 근데 저는 앱 괜찮거든요..ㅎㅎ 근데 오늘 고장 자전거 신고하려고 하는데 자전거 번호 치는게 안 되서 신고가 못 하네요ㅠ 앱이 잘 업데이트되어서 사람들에게 욕 안 먹었으면 좋겠네요ㅠ 개인적으로 너무 잘 이용하고 있어서
Google 사용자,3,2020-04-20 08:37:36,오랜만에 로그인 시도 하는데 그간 폰번호가 바뀐 상황이라 비밀번호를 찾을 수가 없네요 이럴 경우에 어떻게 해야하나요?
Google 사용자,1,2020-04-19 21:44:58,G6에서 앱실행후 화면이 안보입니다
Google 사용자,1,2020-04-19 09:07:57,앱이 열리지도 않구. 뭐 이래. 결제하니. 안됩니다. 앱이 열려야 사용을 하는데..열리지가 않음
Google 사용자,2,2020-04-18 13:43:17,사용하기 은근어려움
Google 사용자,1,2020-04-18 01:10:52,자전거가 떡하니 있는데 왜 자꾸 없다고 뜨냐 환불 해줘라
Google 사용자,1,2020-04-17 19:51:38,뉴따릉이 페어링은 왜 항상 실패하죠
Google 사용자,1,2020-04-17 17:20:59,앱실행이 되지도않네요.. 하얀화면.. 리뷰보니까 앱 쓰레기라는 말 많는데 개선좀.. 서울시에서 하는데 이것밖에 못만드나요?
Google 사용자,1,2020-04-17 01:55:26,"이용권 구매했는데 그 뒤로 지도가 안뜸, 상단 메뉴는 뜨고 로그인도 되는데 지도가 안뜸 지도가 안뜨니 따릉이 앞에 두고 선택할수가 없네요. 결국 사용 못하고 결제한것도 날렸어요. 제로페이도 안됩니다... 결제요청이 뜨는데 누르면 반응을 안해요... 결국엔 신용카드로 결제했어요. 저 처음 아닙니다 오랜만에 써보려 했는데 참 황당하네요. 예전에 처음 쓸때도 카드 등록하고 고생했는데... 여전하다 못해 더 복잡해진듯 하네요..."
Google 사용자,1,2020-04-16 20:57:04,정기권이용자인데 90% 확률로 주변정거장들 자전거 수가 죄다 0대라 타질 못하네요 ;;
Google 사용자,1,2020-04-15 23:05:58,속된말 해서 죄송합니다 관시자님 근데 서비스 고객으로서 한 말씀 드리자면 갑자기 애가 ㅂ..ㅅㅣㄴ..이 됐어요...롤백좀 부탁드리겠습니다ㅠ 코로나 때문에 근무여건 어려우신건 알겠는데 일단 롤백 시켜놓고 현 프로그램 추후에 재정비는 가능하잖아요.. 지금 아예 이용도 못하네요
Google 사용자,1,2020-04-15 18:04:34,별 0개입니다
Google 사용자,1,2020-04-15 02:14:34,"사업자체는 좋다고 생각하나, 앱 평가는 최악임. 앱 접근성 관련 개선해야할 사항이 많다고 생각함. 비회원 결재를 하고 로그인을 해야 이용이 가능하면 뭣하러 비회원 결재를 만들었음? 아 그리고 환불좀 쉽게 하게끔 만들어 놓으면 안됌?"
Google 사용자,1,2020-04-14 00:38:00,"일단 로그인 안되고, 비번저장 자동로그인을 체크 하면 계속 새로고침이 무한정 되서 어떤것도 사용을 할수없다. 어쩌라는건가?"
Google 사용자,2,2020-04-12 21:53:24,이것저것 사용하다가 홈화면에서 뒤로가기를 누르면 그전에 사용했던 이전화면들이 한없이 나옵니다. 현재 홈화면이면 뒤로가기 누르면 종료될수있게 바꿔주세요 아니면 종료버튼을 만들어주시든지요.
Google 사용자,1,2020-04-12 19:46:47,네이버 연동 로그인 언제 해결되나요..로그인이 안되어 1시간동안 제거 재설치만 계속 반복했네요..
Google 사용자,1,2020-04-12 18:27:18,제로페이로 결제하려는데 왜 또 은행이나 결제사를 선택해야하는건지 노이해...
Google 사용자,5,2020-04-12 08:17:49,편리합니다
Google 사용자,1,2020-04-11 14:57:00,이거 별로네요 만3세 이상이라 되있고 회원가입은 만15세ㅋ 어이가 없네요 그리고 환불 어떻게 하나요?
Google 사용자,1,2020-04-11 08:07:39,앱이 안 된다고 올린지가 언제인데 수정을 안 하나요?? 저만 쓴 것도 아니고 다른 분들도 다 앱이 먹통이라고 하는데 2월25일 이후로
Google 사용자,1,2020-04-10 12:59:00,비플제로페이도 지원해주세요. QR 대여는 되지도 않아요.
Google 사용자,1,2020-04-10 08:59:14,쓰레기
Google 사용자,1,2020-04-10 08:55:45,o별한개도 아까움 인터넷들어가서 하는게 더빠른 아이러니ㅋ 어플 들어가면 화면 보이지도않음~~~~역시 서울시
Google 사용자,1,2020-04-10 08:55:32,관리 좀 해라 제발...한두번도 아니고 앱이 왜 이렇게 자주 멈추는건지
Google 사용자,5,2020-04-08 15:06:28,따릉이 잘 이용하고 있어요. 감사합니다~
Google 사용자,2,2020-04-08 12:28:50,"좀더 개선해 주세요. 제로페이 이용위해 가입하려다 속터져 죽는줄~ 서울시 이제 제로페이 포기한건가? UX/UI 전문가에 맡기세요. 너무 허잡함 네이버, 다음 또는 자체적으로 구축하던지 해서 자전거 길찾기 지도 제공해 주면 좋을듯 여튼 최대한 결재 및 사용을 편리하게 해야하는데 너~무 멀었음"
Google 사용자,1,2020-04-07 21:29:05,저기요 따릉이개발자 일 안하세요? 무슨 앱이 와이파이에서만 실행돼ㅡㅌ
Google 사용자,2,2020-04-07 16:23:14,앱에 로그인이 안됩니다. 네이버 아이디로 로그인 시도하는데.. 에러가 뜨네요. 로그인 안될시 압데이트나 앱삭제 후 다시 설치해 사용해달라해서 삭제후 다시 깔앗는데... 네이버아이디로 로그인이 안됩니다... 단체권 구입한 후 사용하려고보니 로그인이 안돼네요.. 어떻게 해야되나요??? 사용하고 싶은데 사용할 수가 없네요.
Google 사용자,1,2020-04-07 11:16:33,비회원으로 제로페이 일일권 결제하려는데 계속 결제화면으로 못 가고 멎어버려요. 따릉이앱을 삭제하고 다시 깔아도 여전하네요. 갤5 사용자입니다. 제로페이앱은 아주 잘 돌아가는데...
Google 사용자,1,2020-04-05 14:30:37,아 진짜 설치 삭제 로그인 하다하다 포기
Google 사용자,1,2020-04-05 14:15:24,아이폰에서 실행 엄청 느리고 클릭 안되는 오류. 그리고 내 현재 위치에서 정류소 찾는 기능도 없고 정말 불편함. 제대로 된 외주업체에 좀 맡기길..
Google 사용자,1,2020-04-05 12:41:32,기본에 충실하자
Google 사용자,1,2020-04-05 10:01:30,로딩중에서 넘어가지를 않아요 어떤날은 넘어가고 어떤날은 넘어가지 않고 너무 불규칙적 입니다
Google 사용자,1,2020-04-05 00:42:02,어플 만드는 돈 누가 뇌물로 받냐? 공공기관 어플은 하나같이 쓰레기네
Google 사용자,1,2020-04-04 20:17:25,네이버 아이디로 로그인이 안되는 황당함...기능 점검 안하고 출시하는 용감을 본 듯..서울 시민 약올리십니까?
Google 사용자,1,2020-04-04 18:50:47,잠금장치 갑자기 왜 안풀리죠 10초안에 반납처리됐네요 진짜 화나네요
Google 사용자,5,2020-04-03 16:56:10,이거 하난 잘 만들었음!
Google 사용자,1,2020-04-03 16:54:54,왜 네이버 로그인이 안되는건가요? 재설치해봐도 그러네요 ㅋㅋㅋㅋㅋ 서울시 차원에서 관리하는거면 제대로 개발하던가해야지 이게뭐냐
Google 사용자,1,2020-04-03 16:48:09,편의성 제로... 불편해 죽을꺼 같은앱...좀비도 이앱쓰면 화병나서 또죽음 카카오바이크 생겨라..gps도 개똥
Google 사용자,1,2020-04-03 15:04:11,진짜 사용법 너무 어렵네요~~
Google 사용자,1,2020-04-03 13:27:01,예전앱이랑 예전따릉이가 훨신 좋네요. Qr따릉이는 일레클에 비해 인식이나 핸드폰연동능력이 현저히 떨어지네요. Qr따릉이는 한두번쓰고 반납도 안돼 대여는 안됬는데도 대여중이라 뜨는 등 오류가 많네요. 업데이트가 시급해보입니다.
Google 사용자,1,2020-04-01 18:40:44,할때마다 비밀번호 비밀번호비밀번호 비밀번호비밀번호 비밀번호비밀번호 비밀번호 결제하는데 통신사는 무슨 알뜰폰 알뜰폰 안타고맙니다
Google 사용자,1,2020-04-01 14:58:51,별 한개도 아까움. 제로페이 홍보는 엄청 하더니만 막상 결제하면 제멋대로 취소되고 로그인풀리고 환불도 몇분뒤에나 됨. 그 놈의 50%할인에 낚여서 오늘도 20분동안 헤매다 결국 포기. 걍 천원내고 타세요. 천원내고 탄다해도 결제나 제대로 될런지 모르겠지만. 리뷰보니 한두달전부터 업데이트이후 병맛이라고 리뷰 계속 올라오는데 QR형으로 바뀌고 일시적이 어떻고 저떻고. 아니 어플안정화도 제대로 안된 상태에 무슨 QR이고 제로페이는 뭔 제로페이? 서울시 내 세금으로 이렇게 일할겁니까? 평생 따릉이 한 번 시원하게 타보는 게 소원이네 소원이여. 지금이 무슨 밀레니엄도 아니고 2020년에 이런 게 말이나 되나.
Google 사용자,3,2020-04-01 09:56:23,정기권 끊었는데 자전거가 없어서 탈수가 없어요ㅠㅠ
Google 사용자,1,2020-03-31 20:12:55,업데이트 후 앱 화면이 활성화가 되지 않아 자전거 대여를 할 수가 없습니다ㅠ
Google 사용자,1,2020-03-31 15:34:41,업데이트 이후 대여소 찾기 이용이 안됩니다
Google 사용자,1,2020-03-31 00:31:49,어쩜 정부 공식 앱들은 자나같이 이모양인지..ㅉ
Google 사용자,1,2020-03-30 07:51:56,"아니 앱을켜도 자꾸 맵이 안 나와서 뭣도 못합니다. 인터넷 잘되는 환경이구요, 메모리에서 날려도 또깥음"
Google 사용자,1,2020-03-29 23:58:17,리뷰에는 욕 안적으려하고 거지같으면 아예 리뷰를 적지않는 사람이다. 배민에서 치킨을 개그지같이 배달해도 걍 그래... 이 사람도 사업하는 사람인디... 함서 안시키고말지 별 일점은 안준단 말이다. 근데 이 앱은 그걸 해냈다 죤니 대단한 앱이다. 무한로딩에 웹보다 느린 서버 폭죽도 아니고 틈만나면 터져유~ 느려터진 앱에 자전거 앞에서 대기타고있음 따릉이 뺏긴다 개빡친다 근데 또 웹은 카카오페이 결제가 먹통될때가 많아서 이악물고 쓴다 근데 앱은 무한로딩이고 웹은 카카오페이가 먹통이고 무한 뫼비우스 인피니트 포청천이다 존내빡쳐 퇴근길에 따릉이타고 퇴근하고싶다고 그지색히드라
Google 사용자,1,2020-03-29 16:00:43,관리점
Google 사용자,1,2020-03-29 14:53:23,아니 진짜 일을 못해도 이렇게 못하는건 처음보네 등록된 카드보고 계속 등록이 안되어있다고 하고 뭐 어떡해 하라는건지..1점 주기도 아깝다
Google 사용자,1,2020-03-29 14:43:34,구버전이 훨씬 보기 편하네요. 지도 넓게 해 둬도 몇 대정도 남았는지 다 보이는데 이거는 일일이 지도 확대 해서 몇대 남았는지 확인해야 해서 불편합니다.
Google 사용자,1,2020-03-29 13:52:19,앱느림 버벅거림
Google 사용자,1,2020-03-29 10:49:27,앱이 계속 멈춰있어요. 뭘 할 수가 없어요.
Google 사용자,1,2020-03-28 11:15:39,앱 켜지지도 않게 업데이트하면 앱 삭제하라는건가요? 로딩만 하루종일 하겠는데요? 돈주고 앱개발하는거일텐데 너무 관리 안되어지는 듯
Google 사용자,1,2020-03-27 21:03:09,네이버아이디로 로그인하려고해도 서비스오류 발샘어쩌구 오류뜨는데 이거모죠? 로그인이 계속안되요 pc든 어플이든 회원탈퇴며 재가입하려해도 가입되있다고뜨고
Google 사용자,1,2020-03-27 16:06:05,아니 비밀번호같아서 자리 뺏기는게 말이 됩니까ㅠㅠ 1234로만 되니까 쓰시는 다른분들이랑도 비번이 겹쳐서 제가 눌렀는데 다른사람꺼 뜨고 그러네요....
Google 사용자,1,2020-03-27 15:44:53,"1년이 넘도록 사용해왔지만 비밀번호 입력 후에도 잠금장치가 해제되지 않는 오류, 통신 오류는 절대 고칠 생각이 없어 보임"
Google 사용자,1,2020-03-27 08:45:01,업데이트 이후 최악입니다. 초기화면부터 아무것도 안 뜨는 등 이용 자체를 못하게 하고 있습니다. 오류 수정하기 전까지는 기존 버전으로 롤백조치가 필요할 듯 합니다.1년 가까이 사용중인데 지금은 별 하나도 아깝습니다.
Google 사용자,1,2020-03-26 17:44:08,무한로딩 좀 고쳐요 잘되서 1년치 삿는데 이러면 어쩌자는거임?
Google 사용자,1,2020-03-26 17:24:05,앱 오류가 너무 심해요 재설치만 몇 번인지 모르겠네요
Google 사용자,1,2020-03-26 16:39:29,1. 아예 안들어가짐 2. 들어갔지만 페이지 로딩시간 초과 때문에 불러올수 없음 3. 결제가 안됨. 서버장애 엄청나네요 참
Google 사용자,1,2020-03-26 12:04:19,제 번호 사용하던 분이 이미 회원가입 하셨던것같은데 제 아이디가 아닌데 계속 있는 전화번호라 가입이안되네요 얼른 수정해주세요 ㅠㅠ
Google 사용자,1,2020-03-26 02:20:15,골목골목마다 훔친 따릉이들 진짜 많이 보이네;; 도둑놈들 싹다 형사처벌해야하는데..
Google 사용자,1,2020-03-25 23:09:48,이번 업데이트 이후 앱 시작 후 지도가 안 뜨는 경우가 허다함 원래도 무거웠는데 그건 비교도 안 될 정도로 엄청 무거워졌음
Google 사용자,1,2020-03-25 20:18:36,좀 쓸라하면 맨날 통신장애
Google 사용자,1,2020-03-25 16:06:30,아니 로딩중에서 안넘어가잖아요 연회원권쓰는데 쓰질못하게하고
Google 사용자,3,2020-03-25 11:31:39,앱 실행이 잘 안됨. 대여할때마다 비번설정이 번거로움.
Google 사용자,1,2020-03-24 21:16:45,이거 이정도면 어플만든사람이든 의뢰한 사람이든 비리 의심해봐야한다. 돈 대충먹을려고 이상한 실력없는데 의뢰한거아니냐 아니면 중간에서 가로채서 돈을 안줬거나 주말에 이용하려고 했는데 내가 안되는건 물론 따릉이 대여소마다 사람들이 최소 10분이상씩은 씨름하고 있더라 ㅋ
Google 사용자,1,2020-03-24 20:34:22,로그인 오류 무한 반복으로 쓸수가 없음.. 지웠다가 다시 깔아도 계속 그 모양임.. 리뷰 보니 2월부터 그런 모양인데.. 한달째 이러고 있는거임?
Google 사용자,4,2020-03-24 13:16:49,저렴한 비용에 유용하게 잘 사용하고 있었는데 요즘 접속이 원활하지 않아 조금 속상하네요. 모쪼록 조속히 정상화될수 있도록 관계자 여러분들의 노고를 부탁드립니다. 천만 서울 시민의 발 따릉이 화이팅!!!
Google 사용자,1,2020-03-24 03:28:11,"지금 새벽 3시에 이용권 구매만 방법 별로 10번은 한 것 같아요- 문자는 인증번호 전송 하나도 안되고 제로페이는 은행앱 로그인까지는 다 되면서 구매완료까지는 되지도 않고 그냥 따릉이 앱으로 돌아가버립니다. 신용카드,폰결제 다 안되구요;; 한번도 이런적 없는데 업데이트 이후 황당하네요;;"
Google 사용자,1,2020-03-23 18:54:42,장난해요? 농락당해서 돈날리고버스탔어요
Google 사용자,1,2020-03-22 19:18:34,내 황금같은 휴일을 jot가치 만든 서울시 시스템 수준 감사합니다~~
Google 사용자,1,2020-03-22 19:11:06,오류가너무많음..ㅠ
Google 사용자,1,2020-03-22 19:07:37,이런쓰레기앱은 첨보네요
Google 사용자,1,2020-03-22 18:55:01,5회중 1회 이용 가능할까말까 함 운좋아야 앱 사용 가능
Google 사용자,1,2020-03-22 18:10:34,어플 업데이트하고 오류 장난아니네요ㅋㅋ 화딱지 나서 못쓰겠네.. 만들고 테스트도 안합니까? 어디업체에서 만든지는 몰라도 돈뱉어내야할듯
Google 사용자,1,2020-03-22 17:36:34,결제도 안 되고.. 앱이 켜지지도 않고 총체적 난국;;
Google 사용자,1,2020-03-22 17:36:24,서버가 너무 느려요
Google 사용자,1,2020-03-22 17:34:28,오늘 탈수 없는건가요? 그럴꺼면 결제 페이지는 닫아놨어야했던거 아닌가요? 돈은 받아놓고 사용도 못하게 해놓으면 어쩌자는건가요? 에효.. 하얀 화면이 공지였다니.. ㅡㅡ 웹으로 했네요...
Google 사용자,1,2020-03-22 17:07:04,결제하고 나니 꺼지고 실행이 안돼요 어플 삭제 후 다시 설치해도 99퍼에서 멈춰잇기만 하고요ㅜ
Google 사용자,1,2020-03-22 17:02:37,진짜 최적화더럽게 못함 반응속도가 거의 1990년대
Google 사용자,3,2020-03-22 16:48:52,지금.. 아예 앱 접속이 되질 않습니다.. 사람들이 많이 이용하는지는 잘 모르겠으나 앱에 들어가지지 않네요..
Google 사용자,1,2020-03-22 16:30:21,욕안먹으려면 앱 만든사람 짤라야될거같아요~
Google 사용자,1,2020-03-22 16:25:31,"요즘 세상에 이런 낡아빠진 성능의 앱이 존재한다는게 믿기 어려울 정도로 형편없습니다. 로그인부터 이용권결제, 자전거대여 및 지도에 위치뜨는거까지 뭐 하나 제대로 되는게 없어요. 서울시의 나름 자랑이라고 떠들 물건이면 기초적인 앱성능은 갖춰놓고 해야죠. 사용하려다 열불나서 그냥 안하고 갑니다. 최악이네요"
Google 사용자,1,2020-03-22 16:24:15,로그인도 안되고 주변에 자전거도 없고 관리하는거 맞나요? 더이상 운영 안하면 공지라도 올려주고 앱 스토어에서 내려주세요.
Google 사용자,1,2020-03-22 16:09:21,사용할 수 있는 어플로 만들어주세요 어플 접속 불가로 사용하지 못한점은 개발 업체에서 보상해주시나요?
Google 사용자,1,2020-03-22 16:09:03,이런 X같은 것도 앱이라고..로그인 하다가 열받아 죽겠구만 뭐 하나 되는 거 하나도 없고.. 내가 안 타고 만다.. 이걸 별을 달라고?
Google 사용자,1,2020-03-22 16:08:36,아예 안되네요..
Google 사용자,1,2020-03-22 16:04:50,따릉이가 좀 고장이 나면 가져가서 새로 교체를 하던가요..제가 일주일 동안 따릉이 타러 갔는데 고장난 자전거가 계속 있더라고요.. 그리고 터치도 안먹고..좀..
Google 사용자,1,2020-03-22 15:56:10,개구려 예산가지고 얼마나 해쳐먹는지 이따구로 만들었나 예산 감사해야하는거아니냐 특검가자 ㅋㅋ
Google 사용자,1,2020-03-22 15:54:56,업데이트하고 켜지지도 않는 쓰레기로 변했네요 2시간 이용권 구매하고 다른 자전거로 바꾸려다가 어플 오류때문에 결국 사용하지도 못 했습니다 일일 2시간권 신속시 보상바랍니다
Google 사용자,1,2020-03-22 15:52:57,어플 개선 좀 합시다... 아휴..
Google 사용자,1,2020-03-22 15:52:48,개같은 어플 서울시 망해라
Google 사용자,1,2020-03-22 15:38:51,돈은 빠져나갔는데 이용권이 없어요.. 환불해주세요.. 왜 이런거 관련된 문의게시판은 없는건가요..답답
Google 사용자,1,2020-03-22 15:38:20,이럴거면 만들지 마시지 그러셨어요 ? 거의1시간동안 어플로 씨름하느라 자전거는 빌리지도못하네요 진짜 너무 화가납니다
Google 사용자,1,2020-03-22 15:37:45,아예 켜지지가 않는데요? 돈 환불점 개같네
Google 사용자,1,2020-03-22 15:29:50,"미치겠네 3월 22일에 업뎃한 후로 로그인 엄청 지연되고 타임아웃 에러나네ㅋ 이용못하는 기간 어떻게 보상하실껀가요 개발자님 ? 이전버전으로 롤백도 안되고 이거 앱관리자분도 보고계신거 맞습니까 ? 절대 업데이트 하지말고, 따릉이 앱 담당자분께서는 업데이트 올린담당 징계라도 하시죠. 이거쓰는사람이 어디 한둘인가? 무슨 업뎃이 로그인도 못하게 만들죠 ? 앱관리자는 이앱을 사용안하나봅니다 리뷰보니까 2월 27일이후에 오류가 벌생한건데 어쩨 20일이 지나도 안고쳐지지 ? 그리고매크로답변 말같지도않은거 달지 마새요. 돈받고 이용을못하게 하면 어쩌라는겁니까 ? 조치방법 기술해주시기 바랍니다."
Google 사용자,2,2020-03-22 15:29:50,앱 접속과 작동이 안 되네요. 다른 사람들도 마찬가지던데 빨리 개선해 주세요.
Google 사용자,1,2020-03-22 15:28:47,앱을 실행도 못하게 만들어놧냐
Google 사용자,1,2020-03-22 15:26:36,처음 써보려고 앱 설치하고 가입하는데 진행 자체가 안됩니다. 중간에 계속 먹통이고 오류나고.. 한시간 걸려 겨우 가입은 했는데 따릉이 빌리려고 앱을 켜니 또 먹통이네요. 제 폰에 문제가 있나 싶었는데 아내 폰으로도 또같은거 보니 앱 자체에 심각한 문제가 있습니다.
Google 사용자,1,2020-03-22 15:18:33,너무 답답해서 리뷰남겨요... 업데이트하고 나서 계속 웹페이지 오류에 다음으로 넘어가는것도 엄청느리고...ㅠㅠ 답답해요
Google 사용자,1,2020-03-22 15:17:23,환불해주세요 사용자체를 할수가 없네
Google 사용자,1,2020-03-22 15:17:05,당장써야되는데..앱이안켜지네요..미치겟다..
Google 사용자,1,2020-03-22 15:14:17,앱 개선에 돈 좀 쓰세요
Google 사용자,2,2020-03-22 15:13:48,아니 앱이 안켜지는데 로딩증 다음으로 웹페이지를 사용할수없다고 나오네요 30일정기권끊은지 4시간밖에 안됐는데 이게 뭔일인지 궁금하네요
Google 사용자,1,2020-03-22 15:07:01,앱 자체가 너무 별로. 따릉이는 탈만한데 앱이 다 망침
Google 사용자,1,2020-03-22 15:05:42,아이폰 왜 대체 왜 안켜지는건데요? 호환 좀 맞춰주면 안되나요? 맨날 새로지우고깔고 지겹습니다진짜.. 됫다가 주말만되면 맨날 안켜져서 자전거앞에 서잇다가 다른사람이 가져가는게 몇번째인지모르겟네요.. 저만그러는건가요? 앱 관리자 뭐하시는지좀 알려주세요
Google 사용자,1,2020-03-22 15:05:00,휴.. 자꿍 오류가나서 쓸 수가 없어요 너므 불편해요
Google 사용자,1,2020-03-22 14:53:52,아니 정기권한지 5일째인데 왜 계속 앱 안들오가지냐고요오.. 이럴꺼면 환불해주셈...
Google 사용자,1,2020-03-22 14:49:56,결재하려면 앱이 다시 로딩을 해서 이용권을 구매할 수 없음. 최악의 앱.
Google 사용자,1,2020-03-22 14:48:57,어플 개 쓰레기
Google 사용자,1,2020-03-22 14:44:55,"전혀 사용자친화적이지 않음. 3시간째 로그인과 이용권구매를 시도했지만, 로그인하는데도 2시간걸리고 이용권구매하려고 제로페이 선택했는데 다음 단계로 진행이 안됨. 다른 사람들은 어떻게 이용하는지 이해가 안감. 서울시 담당자들이 이 앱을 사용해봤는지 의문이 듬."
Google 사용자,1,2020-03-22 14:42:32,실행도 제대로 안되고 속도는 말도 안되게 느리고...
Google 사용자,5,2020-03-22 14:31:34,이걸 앱이라 만들었냐 성지나서 못타것다
Google 사용자,1,2020-03-22 14:27:45,돈좀 쓰시죠 타는 사람은 이렇게 많은데 앱이 이모양인건 왜죠?
Google 사용자,1,2020-03-22 14:22:08,감사합니다 사용하다가 부처가 됐습니다
Google 사용자,1,2020-03-22 14:18:16,"별하나도아깝다. 계속 오류 뜨고, 느리고 최악."
Google 사용자,1,2020-03-22 14:05:25,정밀 별로에요 어플 키면 작동하지도 않고 얼른 개선하셔야 할거 같네요
Google 사용자,1,2020-03-22 14:00:14,앱 로딩이 안돼요. 그냥 첫화면부터 다음 화면으로 넘어갈수가없어요...최악이네요
Google 사용자,1,2020-03-22 13:57:13,App버전 오류라고 뜨고 아무것도 안됨
Google 사용자,1,2020-03-22 13:54:28,어플 접속시 계속 오류가 뜨고 작동하지 않네요. 따릉이를 이용할수 없는 어플이네요. 수정보완해주세요.
Google 사용자,1,2020-03-22 13:27:32,설치가 안되잖아 앱에 무슨짓을 한것이야 개짜증나네
Google 사용자,1,2020-03-22 11:11:28,돈 내고 타겠다는데 이 앱은 왜 결제도 안시켜줍니까 20분 씨름하다가 결국 제 자전거 타고 갔네요. 왜 그런건지 설명하세요!
Google 사용자,1,2020-03-21 20:12:22,결재 시 오류가 빈번하게 일어나고 다른 앱에 비해 앱의 동작 속도가 현저하게 느린 것 같습니다. 개선이 필요할 것 같습니다.
Google 사용자,1,2020-03-21 17:41:33,"따릉이 애용하는 학생으로서 진짜 너무 실망이커요 서울시에서 주도하는시스템이 이정도로 구릴수있다는게, 앱의 상태도 불만이지만 진짜 불만인건 따릉이 단말기인데 왜 잠금이 안풀리냐구요 자전거 보관소에 3대나있는데 3대 다 잠금장치가 안풀리면 뭐하러 만든겁니까? 어쩌다한번도아니고 두번하면 한번은 꼭 잠금장치가 안풀려서 스트레스받아요 그래놓고 다른사람이 그 자전거 풀어서 타고 가면 ㅋㅋㅋㅋㅋㅋㅋㅋㅋㅋ"
Google 사용자,1,2020-03-21 16:43:10,18... 국민세금 받아쳐먹으면 똑바로좀만들어라.
Google 사용자,1,2020-03-21 16:28:39,어플 누가 이따구로 리뉴얼함....
Google 사용자,2,2020-03-21 16:05:24,인증번호가 안와요. 아이디도 못찾고 회원가입도 안돼요.
Google 사용자,1,2020-03-21 15:21:18,실행이 안됩니다. 아니 뭔 지연현상이 발견돼 그냥 에러나는구만 여러분 당분간 따릉이 못쓰니 에러 픽스되면 그때 다운받아서 쓰세요
Google 사용자,1,2020-03-21 15:05:55,아니 애초에 앱첫화면 실행이 되는경우가 드문데 뭘 사용하라는 말입니까 앱 오류좀 줄여주세요 제발좀
Google 사용자,1,2020-03-21 14:47:35,개발자 앱 이따구로 만들래? 진짜 뭐같이만들었네 하...
Google 사용자,1,2020-03-21 14:21:25,왜 1점인지 몰라 1점 드립니다
Google 사용자,1,2020-03-20 14:42:45,업데이트하고 완전 별로됬네요.. 자동로그인 해뒀는데도 대여하려고 누르면 로그인하고오라고 하고 뭔가를 눌러야 그제서야 자동로그인이 된다니.. 게다가 QR로 빌리는거 인식이안돼요. 업데이트 이후로 느려지고 어려워지고 너무 불편합니다. 차라리 옛날로 바꿔주세요 ㅠ
Google 사용자,1,2020-03-19 23:11:33,잘되다가 갑자기 로딩에서 안넘어가네요 매일 이용하는편인데 어떻게 사용하란거죠
Google 사용자,1,2020-03-19 19:02:35,메인화면부터 로딩이 끝나질 않는다...... 정기권 환불해내라!!
Google 사용자,1,2020-03-15 23:04:01,앱실행시키면 흰화면만 뜨고 아무것도 안나와요.....결제해도 사용을 못하네요 급하게 타고싶어도 10분넘게 앱 껐다켰다만 반복하고 화납니다ㅋㅋㅋ
Google 사용자,1,2020-03-14 16:11:21,"한개도 아까움, 쓰레기어플"
Google 사용자,1,2020-03-11 23:40:13,"앱 업그레이드 된 이후로 로딩 엄청 느려지고, 개속 인식안되서 15분 동안 계속 참고 했는데도 안돼네요. 진짜 느리네"
Google 사용자,5,2020-03-11 21:52:41,잘 쓰고있습니다 ^-^
Google 사용자,1,2020-03-11 17:38:12,"정액권 결제후 따릉이 어플이 팅기거나, 고장난 따릉이 및 따릉이를 가져다 놓지 않아서 이용할수 없음...결제반환또는 대책요구"
Google 사용자,1,2020-03-11 04:09:56,안됩니다
Google 사용자,1,2020-03-09 14:49:20,메뉴구성이 복잡하고 쓰기가 매우 불편함. 이렇게 형편없는 앱은 처음 봄.
Google 사용자,1,2020-03-09 09:04:29,이번 업데이트 이후로 사용이 어렵습니다. 앱을 키면 흰창만 뜨고 아무 조작도 할 수 없습니다. 이전 버전으로 돌려주세요
Google 사용자,1,2020-03-08 16:33:19,설치 자체가 안되네요.
Google 사용자,1,2020-03-08 15:50:04,업데이트하고 느려터져서 빡쳐서 못 쓰겠네요 차라리 업데이트를 하지말아주지
Google 사용자,1,2020-03-07 10:24:06,제로페이 화면에서 결제오류났다고 튕겨내는데 뭐 어쩌란말이에요
Google 사용자,1,2020-03-06 22:25:50,야 돈먹고 사용을 못하는데 환불해야 하는거 아님??????? 장난치나
Google 사용자,1,2020-03-06 20:30:30,어플이 켜지지도않고 형편 없네요.
Google 사용자,1,2020-03-06 15:51:11,어플 안 고치시나요....?
Google 사용자,4,2020-03-05 23:08:02,전보다는 좋아짐
Google 사용자,1,2020-03-05 22:08:49,먹통이신분들 삭제 후 재설치 하세요. 업데이트 참 잘도 했네.
Google 사용자,1,2020-03-05 17:52:57,업테이트 와.....테스트해보고 시행하세요 덕분에 따릉이 이용 못하겠네요
Google 사용자,2,2020-03-05 14:13:10,기존 사용자는 삭제후 설치해야 함.
Google 사용자,1,2020-03-04 19:09:11,안켜져여 ㅡㅡ
Google 사용자,1,2020-03-04 13:45:34,비밀번호찾기 인증번호받기 문자가 안와요. 진짜 어제오늘 다 해봣는데ㅠ
Google 사용자,1,2020-03-04 07:23:48,반납 후 앱을 종료하려고 뒤로가기버튼을 누르면 초기화면으로 가게 해주세요. 이전 대여화면으로 넘어가서 몇번을 눌러야 종료가 되니 정말 불편합니다... 자동 로그인도 실행하면 바로 되게 해 주시구요.
Google 사용자,1,2020-03-04 00:42:50,1점도 아깝다 앱에서 결제하는데 자꾸홈피나 앱에서 결제하라고하네요 왜만든거죠?
Google 사용자,1,2020-03-03 12:57:00,화면도 제대로 안뜨고 로그인 설명도 부실하고 로그인도 안되고 앱 만드는사람 전문인력 맞나요??
Google 사용자,1,2020-03-03 11:20:40,빨리좀 고쳐주세요 업데이트하고 사용이 아예안되잖아요 로그인이 안되니 1년사용권끊었는데...
Google 사용자,1,2020-03-03 02:33:09,정말 별 한개도 아까운 앱.. 내가 낸 세금이 이런 허접한 앱 개발하는데 쓰이다니.. 한심스러울뿐
Google 사용자,1,2020-03-02 19:32:29,업데이트 이후 대여가 안됨
Google 사용자,1,2020-03-02 09:26:50,업뎃하니까 로그인이 안 되잖아요💦💦💦 어떻게 쓰라는 거예요....
Google 사용자,1,2020-03-02 08:38:19,잘쓰고있다가 업데이트 한후로 사용하기가 힘드네요 코로나때문에 일부러 사용못하게하는건가요? 자동로그인도 안되고 QR코드 인식이 안됩니다 내위치로 가는 것도 없어졌구요 정류소 즐겨찾기도 정류소에 잔여자전거가없으면 안됩니다
Google 사용자,2,2020-03-01 16:36:54,GPS 켰는데 위치도 파악 못하는 앱... 이게 세금이다.
Google 사용자,1,2020-03-01 01:30:43,이럴거면 앱 만들지마라ㅋㅋㅋ
Google 사용자,1,2020-02-29 20:29:34,업데이트 후 하얀 창 밖에 안뜹니다 덕분에 돈날렸어요^^7
Google 사용자,1,2020-02-29 20:08:54,업데이트를 하였는데 어떻게 앱이 로딩도 안되나요 어떤 업데이트를 진행하신건지......
Google 사용자,1,2020-02-29 20:06:42,업데이트 하고 갤럭시10플러스인데 작동하지 않아요 눌러지지 않습니다
Google 사용자,3,2020-02-29 20:02:51,지금 안돼지ㅜ않아요?
Google 사용자,1,2020-02-29 20:00:24,업데이트후 메인에 지도가 안뜨는데.. 너무 불편해요
Google 사용자,1,2020-02-29 19:31:39,앱 호환성 등등 업뎃 전 보다 더 불편함
Google 사용자,1,2020-02-29 18:40:45,업데이트하고 안되시는 분들은 앱 재설치해야 됩니다. 시에서 운영하는 앱이 이게 뭔가요...
Google 사용자,4,2020-02-29 16:48:46,잘 쓰고 있었는데 업데이트 된 이후로 앱 킨 뒤에 로딩화면에서 넘어가질 않네요. 마냥 될 때까지 기다릴 수도 없고..
Google 사용자,2,2020-02-29 16:08:24,"검색기능, 즐겨찾는대여소가 눌러도 이동이 안됩니다."
Google 사용자,1,2020-02-29 12:50:48,업데이트 전에도 와이파이 없으면 안됬는데 이젠 아예 안되네요. 전달도 잘 못사용했어요 위와같은 문제때문에. 이번달 저번달 합쳐서 전부 환불해주세요. 늦어서 택시탔네요.
Google 사용자,1,2020-02-29 12:44:56,업데이트를 하니까 아예 어플이 켜지지를 않습니다 지웠다가 다시 깔았어요 ㅜㅠ
Google 사용자,1,2020-02-29 11:28:50,오류반복 쓰레기
Google 사용자,1,2020-02-28 09:33:57,문제점들이 너무 많은거같네요 이번업데이트하고 어플을 켰는데 안무것도 안뜨고 이럴거면 바꾸질말든가
Google 사용자,1,2020-02-28 02:39:59,지금따릉이앱이랑 사이트가 먹통이되서 이용시간이 남았는데 이용을못하네요
Google 사용자,4,2020-02-27 21:47:42,"새로 QR코드 인식 업데이트하고 앱이 동작되지 않아요.(그래서 대여 못하고 있어요) 그동안 대여하고도 잠금장치가 분리되지 않는 사례가 많아서 불편했었는데, 개선된다니 다행이예요. 앱을 삭제하고 새로 설치하니 잘 되네요. 감사합니다."
Google 사용자,1,2020-02-27 19:08:04,자전거 숫지가 정상인도 보기힘든데 색깔구분하기 힘드신분들은 아예 못볼듯합니다
Google 사용자,1,2020-02-27 18:45:27,아니 왜 화면 안나오나요 업데이트를 뭐 이런식으로 하는거죠?
Google 사용자,1,2020-02-27 18:29:32,업데이트 후 화면이 뜨지를 않네요. 대여소 앞에서 30분동안 시간만 허비했네요
Google 사용자,1,2020-02-27 17:43:26,업데이트가된건지 새로 ㅡㅡ 리뉴얼되고나서 안들어가짐 ㅡㅡ당장 타야하는데
Google 사용자,1,2020-02-27 14:57:06,사용할수는 있게 해주셔야죠 6개월결제해놨는데 코로나공지만 뜨고 아무것도 안떠요
Google 사용자,1,2020-02-27 11:50:36,업데이트 하고나서 들어가지지도 않네요 상담원한테 전화하니 삭제하고 다시 깔라고 하는데 애초에 그럴거면 업데이트를 하지 마셨어야죠
Google 사용자,1,2020-02-27 09:32:44,왜 업데이트 때마다 사용을 못하게 하는거죠?? 사용자들 상대로 베타테스트하나?? 테스트를 좀 하고 해야되지... 어떻게 된건가요 왜 로그인 하고 흰색 으로 먹통되나요??
Google 사용자,1,2020-02-27 09:21:13,따릉이 처음 나왔을때부터 꾸준히 사용해 온 사람입니다. 리뷰자체를 처음 써보는데 업데이트 안하신 분이 있다면 업데이트하지말고 구버전으로 쓰세요. 어플이 아예 안켜지고 운좋게(?) 켜져도 로그인이 안돼요. 따릉이로 출퇴근 중인데 아침마다 열받네요. 1년 정기권 사용중이라 안쓸 수도 없고ㅋㅋㅋㅋ 발로 만들어도 이것보단 낫겠네요
Google 사용자,1,2020-02-27 09:14:42,앱 너무 느려요 아침부터 화가 너무 나서 하.....
Google 사용자,1,2020-02-27 09:06:28,머하는겁니까 도대체 세금으로 이렇게 뿐이 못만듭니까 업데이트 했더니만 더 쓰기 불편하고 인터페이스도 개판되었습니다 롤백하세요
Google 사용자,1,2020-02-27 09:04:41,퍽하면 먹통에 이용불가임 업데이트 자신 없으면 밥숫가락 내려놓던지 개발하는 인간 감봉을 하든 해고를 하든 해야지 시민들 불편만 커짐
Google 사용자,1,2020-02-27 08:53:41,아니 개편하고서는 아예 안됨 ㅡㅡ.... 흰 화면에서 넘어가질 않네... 그리고 괜히 이상한거 추가해놓고 더 머리아플듯
Google 사용자,1,2020-02-27 08:44:21,"앱 업데이트 후, 로그인이 안되네요. 속도도 너무 느려졌습니다."
Google 사용자,1,2020-02-27 08:34:55,어플업데이트했으면 잘 돌아가게만들었어야되지 실행도안되는어플업데이트해서는 이용도못하게하고 시간만빼았기고 정말 최악이네요
Google 사용자,1,2020-02-27 08:27:05,따릉이는 좋으나 어플은 최악임
Google 사용자,1,2020-02-27 07:46:06,xx같이 대여소나 자전거 고장난것도 세월아 네월아 고치고 있고 어플은 뭐하나 업데이트 되거나 그러면 반응도 안하고 QR형 테스트한다고 지금 인터페이스 바꿔놓고 화면도 안뜨는 뭐같은 따릉이. 중국 양산형 게임도 아니고 국방부 방산비리도 아니면서 왜 이따구로 하는지 참... 덕분에 오늘도 지하철 타고갑니다.
Google 사용자,1,2020-02-27 00:17:26,배포하기전에 테스트도 안해보나요? 쯔쯔... 로그인이 안되잖아요.
Google 사용자,1,2020-02-26 23:34:00,업데이트후 화면이 안 뜸. 괜히 시간만 날리고 돈은 돈대로 날리네
Google 사용자,1,2020-02-26 22:57:11,업데이트하더니 하얀~ 화면만 보이는 앱.. 자전거 타지 말라는 건가..
Google 사용자,1,2020-02-26 19:36:34,QR자전거 때문에 안드로이드앱 강제 업데이트 되고 나서 전혀 작동 안 됨. 자전거 이용 못 한 거에 대해 보상이 필요함.
Google 사용자,1,2020-02-26 19:05:51,현재 업데이트 이후 사용 불가 흰색 화면만 뜨고 로그인 어찌어찌 들어가려고 보면 네이버 로그인 지원이 안되고 왜 업데이트 했는지 모르겠음 그냥 웹페이지로 가서 대여하는게 나음
Google 사용자,1,2020-02-26 12:49:41,하아.... 공무원들이 하는일이 그렇지뭐.. 이젠 별로 놀라지도 않다....
Google 사용자,1,2020-02-26 12:25:12,사람새끼가 만든 어플맞나? 만들어놓고 테스트는 해보긴 했나 싶음
Google 사용자,1,2020-02-26 11:15:10,업데이트 후 실행이 안됩니다 빠른 조치 부탁드립니다
Google 사용자,1,2020-02-24 19:18:06,최악의 사용편의성이네요. 급할때 로딩을 못해서 쓸모가없어요.
Google 사용자,5,2020-02-24 02:22:03,전 뭐 좋았습니다
Google 사용자,1,2020-02-23 17:08:42,꿀팁-한번타고 손절하실분들 1시간 끊고 더 탄다음에 추가요금 내지마세요. 강제 납부가 아니라 미납부시 다음번에 대여 불가인거라ㅋㅋㅋㅋㅋ
Google 사용자,4,2020-02-20 20:10:49,체크페이 결제가 안되네요ㅡㅡ 그 외엔 좋습니다
Google 사용자,1,2020-02-20 02:23:25,인터페이스고 최적화고 싸그리 개판임
Google 사용자,1,2020-02-19 13:48:58,업데이트 하고 나서 앱이 안 열리잖아요. 타려고 해도 앱이 더럽게 무겁고 최적화도 안좋아서 탈수가 없네.. 제대로 만드세요 제발
Google 사용자,1,2020-02-18 15:09:06,쓰레기
Google 사용자,1,2020-02-16 13:30:24,앱접속하면 바로 오류로 중지됨. 로그인중이라며 멈추는데 언제고침
Google 사용자,1,2020-02-15 17:33:30,쓰레기다 진짜 이런쓰레기를 왜만들지...이래서 지인한테 일주면 이따위 폐기물을 만들죠...너무 참신한 공식쓰래기라서 놀러울뿐이에요 2.1도 과분하네 이건 마이너스급앱인데 운이좋으시네요 0점같은 1점이나 받고 쭈구리세요
Google 사용자,1,2020-02-15 17:32:17,"솔직히 너무 못만들었다. 이거 사용법도 제대로 안적어놓아서, 비회원으로 사용하려다 자전거 앞에서 1-2시간 해메는 사람 본게 한두번이 아니다. 일단 비회원으로 사용시 설정한 비밀번호 누르라고 뜨는데, 비밀번호 설정도 안했는데 그런 말 뜨는 순간부터 했갈리기 시작함. 그리고 가입하는 과정도 왜이리 복잡한지."
Google 사용자,1,2020-02-14 13:19:58,"평소에도 인내심을 갖고 앱을 썼는데, 오늘은 아예 로딩중이라며 화면조차 뜨지않네요. 따릉이를 활성화하고 싶으시다면 앱개발에 훨씬 노력하셔야겠네요"
Google 사용자,1,2020-02-14 12:11:10,작년초까지 아주 활용잘했는데 얼마전 서울이사와서 시도한3번 모두 계속 오류가 나서 결제해놓고 한번도 못빌렸네요 ..... 화나고 돈 손해고 진짜 짜증...
Google 사용자,1,2020-02-13 17:11:19,앱로그인좀 적당히 안되고 끊겨야지 앱켜지는데 한세월
Google 사용자,3,2020-02-11 18:52:30,네이버제로페이결제안돼요 고쳐주세요 request large data 어쩌구
Google 사용자,1,2020-02-07 16:27:54,별로.. 사용할때마다 불편함. 차라리 버스처럼 자체 단말기 정류장에 설치해놓는게 더 나을듯
Google 사용자,3,2020-02-06 21:27:52,왜 제로페이 결제에 없는 은행이 있나요... 국민은행도 제로페이로 결제하고 싶어요 추가해주세요ㅜ
Google 사용자,1,2020-02-06 18:39:13,앱을 단순하고 직관적으로 개선했으면 합니다. 위치정보상 가장 가까운 자전거에 바로 자동예약 연결을 시도해주면 좋을 것 같은데.. 매번 사용하기가 쉽지 않네요
Google 사용자,1,2020-02-04 09:19:26,몇일째 로그인도 안되는 앱을 내 세금 들여서 운영한다니....참.... 욕지기가 나오려한다...
Google 사용자,1,2020-02-03 20:24:51,잘 쓰다가 오늘부터 현재위치 찾는 gps아이콘이 안보이고 난잡하게 서울시전역 다보인다 귀찮게 손가락으로 벌리고 줄이고 해야 근처 보관소 찿는데 진심불편하다
Google 사용자,1,2020-02-03 16:45:43,네이버 아이디로 로그인 한번 하면 계속 유지되게좀 해줘요. 내꺼 비번만 열여섯자리에 특수문자 섞여있어서 자판보고 쳐도 겨우치는 수준인데 매번 재로긴 하려니 내가 빢이 쳐 안쳐?
Google 사용자,1,2020-02-02 17:30:11,되지도 않는 걸 왜? 만들어서 눈아프고 고생 스럽게 만드는지 왜?사용이 안되는지 사진첨부 할 수 있는 기능도 있게 해줘야 이용에 도움이 될꺼 아닌가 싶네요 서비스중오류라고 계속 뜸니다
Google 사용자,1,2020-02-01 17:42:35,최적화도 하나도 안돼있고 뭐 기능 제대로 돌아가는게 하나도 없음. 매번 쓸 때마다 스트레스만 받고 못빌리는 경우가 대부분. 개선할 여지도 의지도 없어보임. 안만든 것보다 못함.
Google 사용자,1,2020-01-31 19:46:33,저녁시간에는 왜 접촉이 안되요??
Google 사용자,1,2020-01-31 17:51:52,앱 누가 만들었길래 이렇게 구린건가요 이제 막 따릉이 이용해보려고 했는데 어플이 안켜져서 못타요ㅋㅋㅋㅋㅋ이게 말이 됩니까 너무 느리고 로딩하다가 시간 다잡아먹고 이것도 앱개발이라고 만든거보면 돈벌어먹기쉽다싶네요ㅋㅋㅋㅋ열뻗치는데 정기권 환불도 못하고 돈아까워요
Google 사용자,1,2020-01-30 21:32:35,앱 로딩 너무 느리고요. 고장난 자전거 신고 절차도 복잡해요.
Google 사용자,1,2020-01-29 23:29:39,이런걸 어플이라고 세금드시고 만드셨나요? 인증번호조차 발송 안되는 어처구니가 없는 쓰레기네요 진짜 좀 뭐라도 똑바로 합시다.
Google 사용자,1,2020-01-29 13:38:31,로그인이 안돼요!!!!
Google 사용자,1,2020-01-29 09:16:20,"진짜 참다참다 빡쳐서 리뷰씁니다. 이건 그 어떤 앱보다도 형편없는 데선 으뜸입니다. 자전거가 보이니 쓰고 싶어서 결제해도 앱 때문에 쓰지 못한 적이 몇 번인지 이제 따릉이만 봐도 짜증나네요 로딩이 안 되는 것도 부지기수, 새로고침할 때마다 로그인 새로해야되고. 자전거를 빌리라고 만든 앱입니까, 빌려주는 척 빡치라고 만든 앱입니까. 사용자 편의성같은 건 안중에도 없나요? 환불받으려면 다음엔 뭘 해야하는 지 찾아봐야되서 심심하진 않네요!!!!"
Google 사용자,1,2020-01-28 18:48:12,그냥 내가 1주일 앱공부하고 새끼발가락으로 만들어도 이거보단 나을듯
Google 사용자,1,2020-01-28 16:44:09,앱 안정화 해주세요. 무한 로딩에 지치네요.
Google 사용자,1,2020-01-27 01:17:44,진짜 개똥같이 만들었네 뭐하나 편한게 없음
Google 사용자,1,2020-01-25 15:36:48,이렇게까진 말 안하려고 했는데 진심 구려요.... 제발 개선좀...
Google 사용자,1,2020-01-25 14:07:16,1점도 아까운 편의성
Google 사용자,1,2020-01-24 18:03:36,앱 한번 쓰레기같이 만들었네
Google 사용자,1,2020-01-19 20:15:17,이렇게 개똥같이 대충 만든 앱은 첨봤네용 고딩들 데리고 다시 만들어도 이것보단 나을 뜻해요 공금을 부어서 만든거면 그 가치를 해야지 참...
Google 사용자,1,2020-01-19 12:05:47,웬만하면 리뷰 안남기는데 남기게 되었습니다. 따릉이 아이디어 자체는 유용합니다만 어플의 상태가 매우 심각합니다. 로그인 유지도 안되어 들어갈 때 마다 로그인 해야하며 대여소에서 실제 대여 가능한 자전거 수가 다른 경우가 많습니다.
Google 사용자,1,2020-01-17 14:19:50,대여안되는자전거가 대다수
Google 사용자,1,2020-01-15 19:04:07,더럽게 복잡하게도 만들어 놨다
Google 사용자,1,2020-01-13 23:51:49,자전거빌리는데 뭐가그리 복잡하냐 신용카드하나면 사용할수 있어야 되지않는가? 뭔놈의 회원가입 앱설치 로그인... 차라리 무인으로하지말고 관리인 두는게 일자리도 만들고 좋은데 한긴요즘관공서도 임시직이더라....
Google 사용자,4,2020-01-13 19:25:41,덕분에 잘 타고 있습니다
Google 사용자,1,2020-01-13 02:16:08,따릉이 정말 유익하게 잘 이용하고 있는데... 앱 사용하다 암 걸리겠슈....----
Google 사용자,1,2020-01-10 08:22:21,지금 사용하고 있는 이용권 있어도 이용권 구매해서 지금 이용권 사용만료 이후부터 쓸 수 있게 해주세요 sns로그인도 자동로그인 되게 해주세요 결제완료버튼 잘 눌리게 해주세요 제로페이 똑바로 되게 해주세요 따릉이 이용과 관련된 사항을 좀더 친절하게 설명해주세요 ui깔끔하게 해주세요 뒤로가기 눌렀을때 바로 홈으로 가지 않게 해주세요 결제하고 나서 페이지 오류 뜨지 않게 해주세요
Google 사용자,1,2020-01-06 09:31:30,제발 UX 좀 신경써서 만듭시다. 박시장님 혼자 힘으로 따릉이 이용 가능하면 10만원 드립니다.
Google 사용자,1,2020-01-05 16:54:15,갑자기 대여비밀번호가 생겼는데 뒷자리 입력하라는건 뭔지.. 이용 매뉴얼엔 안 나와있고.. 그동안 잘 쓰다 15분동안 못 빌리고 결국 걸어가네요
Google 사용자,1,2020-01-04 14:13:50,앱 쓰기 싫어서 안 타게됨
Google 사용자,2,2020-01-03 19:32:12,"따릉이 의도는 좋은대 솔직히 어플 외주로 만들면서 돈 때먹은게 눈에 보이네여, 어플 승인한 공무원 파면 감이네요, 완성도가 너무 낮아요"
Google 사용자,2,2020-01-02 23:50:07,여러번 재실행했는데도 결제가 안되요...ㅠㅠ
Google 사용자,1,2019-12-31 18:22:51,쓰래기앱임 관리오지게 안함 무한로딩걸리고 정작필요할때 타지도 못하고 카톡네이버 연동해도 매번 로긴해야함
Google 사용자,1,2019-12-28 07:21:37,시간 초과는 금액추가. 금액 초과는 슈킹. 칼 안든 날강도.
Google 사용자,1,2019-12-26 08:57:29,어플 평가 진짜 안하는데요.. 정말 진짜 구리네요. 아무리 공공서비스라지만 무료도 아닌데 결제하다가 숨멎을거같아요. 별 한개도 아까워요.
Google 사용자,3,2019-12-25 20:23:33,"편하게 이용할 수 있어서 좋은데, 자동 로그인이 안되서 불편해요. 이것만 고쳐지면 좋을듯 해요."
Google 사용자,3,2019-12-18 20:40:59,잠깐써봤는데 어설프네요 별점 낮은이유가 있네요.
Google 사용자,1,2019-12-14 15:31:37,서비스는 좋으나 어플이 대학생들 조별과제 수준
Google 사용자,1,2019-12-11 11:09:16,아 진짜 이걸로 대여료 끊느라고 지각할뻔. 자꾸 오류라 하고 대여료 끊었는데 안됐다고 하고 쓸 때마다 개빡침
Google 사용자,1,2019-12-05 15:10:38,"어플말고 웹페이지 쓰세요, 거의 같은 기능에 같은모양 훨씬빨라요."
Google 사용자,3,2019-12-05 12:09:32,카카오계정으로 로그인 했을 때 '로그인 상태' 유지가 안되네요.
Google 사용자,1,2019-12-04 19:56:57,버그투성이 어플
Google 사용자,1,2019-12-03 13:59:01,제대로 되는 기능이 거의 없다. 빌리고 반납하는 기능만 겨우겨우 돌아가는 수준. 오늘 접속하니 로그인 창에서 무한 로딩 중이다. 사용 못하고 택시 탐.
Google 사용자,3,2019-11-28 12:56:17,요즘 따릉이와 사랑에 빠졌어요.
Google 사용자,1,2019-11-24 13:26:53,어플 사용성 최악
Google 사용자,1,2019-11-24 12:26:26,"어떻게 서울시는 패기롭게 이렇게 돈 많이들어가는 사업에 이런 거지같은 앱을 출시할 생각을 했을까요? 또 여태껏 안고치는 자신감의 출처는 어디일까요? 서울시 대표사업 중 하나인데 핵심이 되는 앱을 웹앱으로 대충 구현한 개발자의 패기도 대단하고 이걸 또 검토를 하긴 한건지 돈 주고 그대로 출시한 서울시의 용기도 놀랍네요. 개발자님, 양심이 있으신지요?"
Google 사용자,1,2019-11-24 10:19:51,일일권 사용도 안되고 안내도 제대로 안되어있습니다 20분 고민하다 포기했네요 정기권처럼 간편하게 바꿔주셨으면 합니다
Google 사용자,1,2019-11-22 00:00:16,지하철막차타고 집갈때 결제하려니 밤 12시쯤에 결제 KFTCVAN 업무종료로 인한 원천사결제실패로 맨날 걸어가네요. 제로페이 운영 너무 거지같이합니다
Google 사용자,1,2019-11-18 18:42:10,사용하기 너무 불편해요.. 앱 킬때마다 자동 로그인 기능이 실행이 안돼서 일일이 아이디 비밀번호 눌러야 되고 여러모로 불편해요
Google 사용자,1,2019-11-14 10:00:19,로그인 유지 기능도 안되고 느리고 인터페이스도 안좋고 정말 좋은 서비스인데 어플이 망치고 있는 케이스 같아요 안타깝네요
Google 사용자,1,2019-11-14 08:44:13,앱 기능정말 구림 별한개도아까움 후불교통카드 등록안되고 이것도 앱이랍시고~ 앱설치 지우고 따릉이 안쓰려고함 개발자들 다른 앱보고 공부좀해요 제발 한마디로 수준이하앱
Google 사용자,1,2019-11-14 04:23:16,왜 네이버로 로그인을 했는데 따로 아이디 만들어야됨?
Google 사용자,1,2019-11-11 18:51:03,별 1개도 아까움. 어플 개발자도 그렇고 공무원도 그렇고 참 중국 대만 보다 못한 어플시스템... 진짜 공무원 답다 공무원 다워 세금충 전시행정
Google 사용자,3,2019-11-10 17:15:20,좋은데 앱들어갈때마다 로그인 해제되는건 너무 귀찮네요 자동로그인 유지좀ㅠ
Google 사용자,1,2019-11-09 16:18:36,진짜앱 드럽게 못만들었다 서울시가 운영하는거니 능력도없는데 인맥으로 외주받아서 만든거겠지 결제하려고하면 죄다 네트워크 오류뜨네
Google 사용자,1,2019-11-08 20:58:04,메세지 팝업안돼고 인증시 초기화돼요 수정부탁드립니다
Google 사용자,1,2019-11-08 18:51:46,크롬에서 웹으로 쓰세요. 훨씬 안정적임... 쓰레기 얩...
Google 사용자,1,2019-11-07 00:30:50,너무불편함
Google 사용자,1,2019-11-06 11:54:27,비회원으로 결제할때 결제버튼이 안눌립니다
Google 사용자,2,2019-11-06 09:00:48,'오늘하루 안 보기' 랑 '자동로그인'버튼은 기능도 안 하는데 왜 만든거임?
Google 사용자,2,2019-11-04 18:45:27,"제로페이로 50%저렴하게 해준는 이벤트도 결제가 잘 되지않고, 참 복잡하고 어렵네요 자전거 대여하는데요.잘안열리는 곳도 여러군데 자전거 대여 할려다.시간만 훌적 지나가서 약속 시간 맟추기 힘드네요."
Google 사용자,1,2019-11-04 17:11:07,정기권 끊을라고 결제하기 누르는데 결제가안되네요
Google 사용자,5,2019-11-04 04:16:36,취준생에게 큰 힘이 되네요. 야간 근무하고 택시 탈 필요 없고 체력도 기르고 일석이조입니다. 가끔 공기압이 빠진 자전거들이 언덕길을 힘들게 하는데 그 외에는 만족합니다. 이용자들은 내꺼 아니라고 막쓰지 마시고 좀 소중히 다뤄주세요. 다음사람도 생각합시다.
Google 사용자,3,2019-11-04 01:02:04,제로페이 결제에 국민은행 리브 도 넣어줫으면 좋겠어요 ㅜㅜ
Google 사용자,3,2019-11-03 18:08:57,로그인할때 네이버로그인으로 자동로그인해도 매번 다시 로그인하라고 뜨네요. 너무 불편해요. 개선부탁드려요..
Google 사용자,1,2019-11-03 14:57:49,결제버튼이 안눌러짐 ㅜ
Google 사용자,1,2019-11-02 13:35:19,진짜 졸라 못만듬. 복잡하고 임시비밀번호치는데도 틀렸다고하네
Google 사용자,1,2019-11-02 12:55:39,역시 공무원 불편함 최고
Google 사용자,1,2019-11-02 12:22:09,아이디가 증발했는데 문의를 어떻게해야하나요? 로그인유지가 안되서 네이버로그인계정 탈퇴하고 일반회원가입다시해서 정기권 끊었는데 아이디는 조회되는데 그 아이디로 비번찾으면 해당아이디가 없다네요 황당할뿐
Google 사용자,1,2019-11-01 18:57:32,없데이트나 버그수정 안해요? 거치된 자전거가 있는데 앞에와서 대여를 할려고하면 없다네요 여러분 이 앱 쓰지마세요 차라리 10만원만 투자해서 하이브리드 자전거 하나 사세요
Google 사용자,1,2019-10-31 20:22:45,꼭 이 리뷰를 봐달라고 1점 드립니다. 1. 오늘 그만보기를 눌러도 계속나오는 팝업. 2. 2시간권 있다고 1시간권 구매 못하는건 정말 별로라고 생각합니다. 당장 한시간도 안쓸껀데 2시간권을 써야한다뇨...여러 사용권 가지고 있을수 있게 해주시길 바랍니다.
Google 사용자,2,2019-10-31 09:29:05,쓰는 건 좋은데 팝업창 안뜨게좀 해줘요 매번 급박하게 빌리려면 좀 버벅거리게 되네 어플을 이렇게 대충 만들었어 예전 웹브라우저 쓰는것 마냥
Google 사용자,1,2019-10-30 08:18:32,돈아까움 정비는 제대로하는지 모르겟고 중간에서 수리비용 빼먹는 분이 계신듯 ㅎ 위치에 있다고해서 가면 꼭없음 ㅎ 시간 진짜 널널 한분들만 타세요 행여나 출퇴근용으로 타실 분들은 꿈도꾸지마세요 ㅋ
Google 사용자,1,2019-10-28 18:17:36,제로페이 팝업창에 열지않음 해도 창전환이 될 때마다 떠서 아주 짜증남
Google 사용자,1,2019-10-28 14:38:40,어제부터 갑자기 결과메세지라 나오면서 A2 : 유효기간오류 이러면서 결제를 전혀 못하는데 빨리 해결해주세요.
Google 사용자,2,2019-10-28 06:17:31,"솔직히......너무 기능이 별로임....좀 단순하고 명확하게 만들 수 있었지 않았을까 안타까움.....특기 앱종료, 닫기, 취소, 오늘한번만열기, 지도에서내위치가는것 기능이 너무 제대로 실현이 안됨.... 앱종료할 때 항상 강제종료.....뭐하는 바보짓인지 모르겠음"
Google 사용자,1,2019-10-27 16:28:05,설명을 좀 확실하게 해주셔야 할듯 합니다. 어떻게 하는지를 몰라서 30분동안 시간만 날렸어요. 결국 타지도 못하고 집에갔어요. 설명 좀 자세히 써주세요.
Google 사용자,1,2019-10-27 01:24:26,사용설명도 개판이고 서비스도 개판이고 운영할 생각이 있나 싶네요
Google 사용자,5,2019-10-27 00:02:38,지하철하고 버스 끊겼을때 최고인 자전거였다.. 사랑한다
Google 사용자,3,2019-10-26 17:53:19,네이버 자동로그인 설정좀ㅁ
Google 사용자,1,2019-10-26 16:04:24,왜 카드 등록이 안돼요..?? 진짜 10번째인데 안됨
Google 사용자,1,2019-10-26 09:07:01,Ui부터 일단 쓰레기. 유저 편의성도 고려한 흔적을 볼수없고... 그냥 대학원생 졸업작품보다 못한 수준의
Google 사용자,1,2019-10-26 01:38:50,필요할땐 되지도 않고 쓰레기 같은 시스템
Google 사용자,1,2019-10-24 22:14:19,제로페이 결제 선택 - 해당은행앱 결제비밀번호 입럭 - 초기화면 아니 결제가 되야 쓰지않겠습니까? 페이코도 앱으로 바로 연결시켜야죠. 앱 업댓좀 제대로 해주세요
Google 사용자,1,2019-10-24 10:11:59,어떤 쪼다 IT팀이 이걸 만들었나요? 도시 이름까지 달아놓고 앱 수준은 거의 대학생들 스타트업보다 못만들었네. 테스팅 하나도 안한거 같고 로그인 유지도 안되고 제로페이 팝업 계속 뜨고 대여소 검색도 잘 안되고 에혀 부끄러운줄 아세요
Google 사용자,2,2019-10-23 09:56:26,팝업좀 없애주세요 오늘 더이상 안보기 눌러도 계속 뜸
Google 사용자,1,2019-10-22 16:00:46,원래 잘 사용하다가 카카오톡 로그인을 하니까 자꾸 회원가입을 하라고 하는데 회원가입을 하면 이미 등록된 회원이라고 나와요ㅠㅠ 어디에 문의해야 하나요?
Google 사용자,1,2019-10-21 14:01:04,추가요금 결제했는데 이미 자동결제가 되었네요? 이중결제 되었는데 환불바랍니다.
Google 사용자,1,2019-10-20 23:11:17,앱 오류 진짜 심해서 되는게 없음
Google 사용자,1,2019-10-20 17:26:15,앱 서비스도 엉망이고 자전거 있음에도 불구하고 없다고 뜨는 건 일반 그 외에도 오류가 많아서 환불 생각중임. 돈 이렇게 아까운건 처음
Google 사용자,2,2019-10-20 16:20:52,"로그인 유지 체크란이 있음에도 껐다 켜면 바로 로그아웃되고, 팝업창도 하루동안 열지않음 체크해도 곧바로 계속 뜹니다"
Google 사용자,1,2019-10-17 22:33:40,로그인정보 기억하기도 안되고 제로페이 안내 팝업은 계속 뜹니다.
Google 사용자,1,2019-10-17 17:23:41,"서울시 공무원들이 이 앱을 안쓰나봐요. 후기도 안보나 봐요. 오류(제로페이 알림창 하루 안보기 눌러도 계속 뜨고, 툭하면 로그아웃되어 버리고, 대여소 검색도 안되고, 등등등등)가 너무 많아요. 고칠 생각이 없나봐요. 그리고 디자인, 글씨 크기도 신경 써 달라는 건 무리일까요?"
Google 사용자,3,2019-10-17 13:18:34,매번로그인 귀찮아요
Google 사용자,2,2019-10-15 22:17:58,대여하고있는데 네이버계정 왜자꾸 로그아웃되는데;;
Google 사용자,4,2019-10-14 22:43:45,전체적으로 불안정하고 버그가 많음
Google 사용자,3,2019-10-13 01:35:01,1 왜 내가 구입한 티켓을 확인할수 없나요? 2 1시간권 구매후 사용전에 2시간권을 구매할수 없는 이유는? 3 엡에서의 제공기능이 2년전의 수준으로 보인다 개선 계획은 없는가?
Google 사용자,2,2019-10-12 13:29:31,자전거가 어디하나씩 문제있음 안장 조절이 고장나가지고 나 다침...좀 조은자전거 부탁해요..ㅠ
Google 사용자,1,2019-10-12 13:09:41,따릉이는 왜 필요한건 안고치고 결제관련한 오류만 신속하게 고치나요 로그인 유지안되고 재접속하면 다시 로그인 해야하는것 광고 오늘 다시보지 않기 눌렀는데 계속 뜨는것 어디에 따릉이가 있는질 알아야 타는데 위치서비스 지원 안되는것 좀 고쳐주세요
Google 사용자,5,2019-10-11 16:41:14,왜 타블렛은 안되나요?....
Google 사용자,1,2019-10-09 18:54:55,따릉이 서비스는 좋지만 앱 정말 ㅂ.ㅅ.같네요.
Google 사용자,1,2019-10-09 12:12:43,"만들기 싫으면 과제를 따지를 말던가. 도대체 골탕을 먹이려고 만든 앱도 아니고, 만든 사람이 이걸 사용해 보기는 한건지, 승인자가 사용해보기는 한건지 납득이 안갑니다. 공공 과제 아니었으면 이럴 앱이 나올 수가 없죠."
Google 사용자,2,2019-10-09 11:45:57,여쩌라는 건가요 휴대폰소액결재진행중 소액결제 차단여부에서 404페이지가 떠요
Google 사용자,2,2019-10-09 10:24:58,콩진호의 가오가 함께한다
Google 사용자,1,2019-10-06 10:49:21,이거 쓰시려는 분 혹시 회원가입시 휴대폰 인증번호 안날아오는 오류 있으시면 와이파이를 끄고 데이터를 켜서 좀 기다려보던가 다시 몇번 해보세요...그나저나 이전에 탄 시간부터 24시간이 지나야 탈 수 있는거 맞나요? 그건 굉장히 불편한 시스템으로 보이는데요..
Google 사용자,1,2019-10-05 17:15:18,앱이 쓰레기 그 자체임. 가입하다 열받아서 안탄다 ㅋㅋ
Google 사용자,1,2019-10-04 17:05:46,서버랙뭐냐고
Google 사용자,1,2019-10-03 20:19:20,선물하기안되요
Google 사용자,2,2019-10-03 19:08:17,"아니 뭔 제로페이 설정해놓고 50% 할인 이벤트를 걸얺면 뭐해요,,! 7개 결제방법 시도해도 되지도 않구만 40 분 이상을 붙들고 있었다고요,,! 만들어노면 뭐해요 제대로 되게해야지.. ㅡ.ㅡ"
Google 사용자,5,2019-10-02 09:00:57,좋아요
Google 사용자,1,2019-10-02 01:08:32,아무리 해도 정기권 결제하기 버튼이 안눌려요 눌리는 척만하고 안넘어감... 일일권은 화면이 넘어가요
Google 사용자,1,2019-10-01 23:33:59,카카오로그인할 때마다 튕기는 현상 좀 제발 수정해주세요
Google 사용자,2,2019-10-01 21:14:39,요즘 들어 앱 편의성 안전성 모두 좋아져서 잘 이용하고 있습니다. 다만 오늘 같은 날에는 서버가 터져서 대여가 불가능하네요.
Google 사용자,3,2019-10-01 17:31:50,공익을 위해 너무 좋은 시스템이라고 생각합니다. 그런데 카카오계정 로그인은 왜 자꾸 리셋되는건가요? 매번 로그인을 새로하고 있습니다
Google 사용자,1,2019-10-01 17:14:02,제발 앱 리뉴얼 좀 해주세요 쓰기 너무 불편해요
Google 사용자,5,2019-09-30 23:44:28,따릉이 최고. 사랑해요 따릉이!
Google 사용자,1,2019-09-30 14:09:35,로딩중입니다만 주구장창 뜨고 넘어가질 않음
Google 사용자,2,2019-09-30 10:48:24,"따릉이 서비스 자체는 너무 좋습니다. 다만, 앱이 허술하고 안좋습니다… 앱만 개편되면 참 좋을거같습니다"
Google 사용자,1,2019-09-29 17:58:38,장난하냐고? 됬는데 다른사람 와서 안되고 또 다른사람와서 되고 장난하냐고 지금!!
Google 사용자,1,2019-09-29 16:31:45,뭐 누르기만 해도 앱이 계속 로그아웃되고 네이버로그인을 해봤자 어차피 여기 가입을 해야 사용가능. 계속 로그인 시키려면 가입하고 비번도 새로 만들어야 버튼하나 누를때마다 로그아웃되는 사태를 방지할수있음. 네이버 카카오 로그인을 왜 만든건지 1도 이해안됨.
Google 사용자,5,2019-09-29 16:11:55,"너무 좋아요 . 정말 유용하게 잘 사용 하고있음 그런데 많은 자전거가 다 어디로 사라 졌나요 ? 반납 장소에 1-2개만 , 항상 있어요 밤 12-1시에도 많은 곳이 비어 있음 ! 관리를 좀더 잘 해야 될것 같아요 . 이상해요 😂"
Google 사용자,1,2019-09-29 11:59:48,자전거 없음 ... 불만 얘기해도 자기들 답변하기 편한것만 답하고 일주일째 대꾸도 없음. 앱도 후짐
Google 사용자,2,2019-09-28 22:39:39,어플이 정말 불편하네요. 아이폰에서는 딜레이도 생기는데다가 교통카드 등록없이 사용못한다는 걸 고지하지 않다니요. 스크롤바만 내리면 다인가요; 다른데는 알림 창으로 띄워줘요. 체크후 건너뛸수 잇도록 한다고요. 그리고 도중 연장이 안되는 이유는 뭐죠? 왜 반납을 하고 재대여를 해야하는지 이해가 안가네요.
Google 사용자,1,2019-09-28 16:33:45,최악 잠금장치 안빠져서 쓰지도 못햇는데 사용하고 반납된것처럼됨 120 전화하니 시민님 잘못이라 환불안된단다 이게 왜 내잘못이냐???
Google 사용자,1,2019-09-28 14:48:27,앱설치가 안되요. 무슨문제있나여?
Google 사용자,1,2019-09-28 10:09:15,어플 잘 못 만들겠으면 외주를 주시죠 따릉이 단점 1. 로그인 불편하게해놓음 매번 인증하고 카톡에서 눌러서 들어가야함 로그인 설정 유지는 되지도 않는데 왜있는거임? 2. 결제 겁나 불편하게해놓음 삼성페이랑 교통카드 결제도 추가좀 해줘라 3. 앱 전반적 구성이 심플하지 않고 직관적이지가 않음 설명도 제대로 안되어있고 검색시스템도 구림 4. 많은 이용자들이 연결거치를 어려워하고 푸는건 더 어려워하는데 어디에도 설명이 똑바로 안되어있음 5. 실제 있는 자전거랑 앱이랑 안맞는 경우 허다함
Google 사용자,1,2019-09-27 21:01:37,아주 쓰레기를 만들어 났네
Google 사용자,1,2019-09-27 02:11:14,요새 자전거관리 진짜 쓰레기같이하네 대여 안돼 체인빠져 핸들은 돌아나서 삐꾸고 걍 접어 능력없으면
Google 사용자,1,2019-09-26 21:34:37,정기권 카카오페이로 결제하려고 결제하기 버튼을 눌러도 버튼 색만 바뀌고 아무 반응이 없네요 ㅠㅠ 다른 옵션도 마찬가지로 결제가 안되요...
Google 사용자,1,2019-09-26 05:48:00,로그인좀 수정좀 합시다? 자동로수인 안되고 맨날 로그인하고 결제오류 뭐든 오류가 삼박자를 갖추네 서울자전거같은 소리하지말고 업데이트좀 합시다 ㅡㅡ
Google 사용자,5,2019-09-25 20:00:16,저는 전국에 다 있는줄 알았는데 서울시에만 있는거였나요?? 아쉽다ㅠㅠ 그래도 서울에 이런 서비스 내주셔서 감사해요! 환경오염도 덜되고 운동도 되게 자전거 이용 장려하는 정책 좋네요ㅎㅎㅎ 평소에 자전거 타고 다니기 좋아해서 이런거 내주신거 아이디어 좋은거같아요ㅎㅎ
Google 사용자,3,2019-09-24 09:56:31,어디 이동할때 편리하게 사용하고 있습니다 단지 거치대에 있는 자전거중 절반은 고장난것들이네요
Google 사용자,1,2019-09-23 21:43:32,따릉이 이용할려고 하는데 앱버전체크 오류가 수십번 무한반복뜸
Google 사용자,1,2019-09-23 21:42:36,방금 정기권 결제했는데 안된다네 빨리고쳐라
Google 사용자,2,2019-09-23 21:42:00,뫤? 앱 업뎃으로 안켜질까요? ㅜ
Google 사용자,1,2019-09-23 21:39:34,아니 앱버전 체크는 먼소리야 사용은하게끔 업데이트해야할꺼아냐
Google 사용자,1,2019-09-23 21:39:10,앱이계속오류나서안열려요
Google 사용자,4,2019-09-23 21:38:13,굿
Google 사용자,2,2019-09-23 20:53:28,1. 로그인 화면에서 자동 로그인 체크하고 재로그인하면 이상한 비번이 저장되서 자동 로그인이 안돼요 2. 1이 안되서 SNS 로그인으로 하는데 네이버 자동로그인이 안되서 따릉이 쓸때마다 네이버 재로그인함 3. 결제가 핸드폰 결제밖에 안됨 ** 수정좀 해주세요
Google 사용자,1,2019-09-23 01:35:47,정기권 구매하고 이용자인데 비번풀고 잠금장치 해제하려고 하는데 안빠지네 무슨일일까? 잠금장치좀 잘 풀리게좀 해줘봐요 잠금장치만 하루에 수십번도 풀어재끼네 장난하나
Google 사용자,1,2019-09-22 05:51:12,돈은 돈대로 썼을텐데 왜 항상 지자체나 관공서앱은 왜 항상 개 허접한 수준을 못 벗어나냐 하청받은 인간들도 돈받았음 이렇게 만들면 안되지.
Google 사용자,1,2019-09-22 02:05:35,"이용할수록 화가나는 앱. 시스템에 대한 이해도가 최악. 네이버로 이미 회원 가입했는데, 다시 로그인 하려니 있는 전화번호라면서 로그인 안됨. 1시간을 길에서 낭비하고, 앱업체 선정에 비리 있는지 정말 궁금. 세금 아무한테나 펑펑 쓰면 안돼죠."
Google 사용자,1,2019-09-21 23:38:52,지도도 이상하고 선물을 보내도 오질 않네요 쓰지마세요 이딴앱
Google 사용자,1,2019-09-21 16:36:09,병*어플 *신어플
Google 사용자,3,2019-09-21 16:19:51,갤럭시s8 지도화면으로 넘어가지 않습니다 확인 부탁 드립니다
Google 사용자,1,2019-09-21 09:34:11,아니 일단 별로인게 많음. 카톡 자동로그인 안됨 대여소번호로 찾을때 지혼자 대여소이름까지 자동입력된다음 안찾고 안나옴. 그냥 싼맛에 쓰는듯
Google 사용자,4,2019-09-20 15:40:54,정기권으로 쓰고있는데 잘 사용하고있어요 기본적인 기능은 갖춰져있습니다 서울내에 이런 서비스가 있어서 너무 좋아요 1.다만 카드정보 저장이나 페이코 앱연동으로 결제 편리성이 높아지면 좋겠어요 매번 카드정보를 입력하는건 너무 불편해요 2.그리고 고장나거나 상태가 안좋은 자전거를 앱으로 신고가 가능하면 좋을것 같아요
Google 사용자,1,2019-09-20 14:09:42,중학생 공모전으로 만들었냐? 결제오류 부터 인터페이스 로그인 부터 다 팅긴다. 수준떨어지는 국가어플
Google 사용자,1,2019-09-19 19:23:00,진짜 화나게 하네 로그인이 안되잖아여 ㅋ 아니 ㅋ 계속 쳐도 안되길래 비밀번호 까먹은줄알고 임시 비밀벙호 받았는데도 뭔 말도안되는 말 나오고 안되네 ㅋ 개ㅐㅐㅐㅐ화난다 개선좀 부턱드려요
Google 사용자,1,2019-09-19 09:35:59,혹시 정기권 구매하려는 분들 다시 생각해보세요. 따릉이는 이제 수명 다했습니다. 거치대에 자전거 십수대 있어도 죄다 고장에 체인빠지고 버튼 안눌리거나 대여과정 다 거쳐도 잠금장치 안빠져서 대여 가능한건 극히 일부에 불과합니다. 이에 대해 어플 내에서 피드백을 해도 아무 개선이 없습니다. 개선이 필요한데 그런 움직임은 전혀 보이지 않아요. 불과 한 달 전만 해도 이러지않았는데 최근들어 자전거 상태가 급격히 안좋아져 사용 불가능할 정도입니다.
Google 사용자,3,2019-09-19 09:18:54,따릉이 너무좋은데 카톡 자동로그인이안되요.. 이것좀 제발고쳐주세요 매일매일 로그인하기시러요ㅠ 메일다써야하고 너무귀찮습니다ㅜ
Google 사용자,1,2019-09-19 06:27:08,"앱 정말 구림, 결제 할때마다 잘 안되서 속터짐"
Google 사용자,1,2019-09-18 20:59:04,결제안된다구요.. 무슨 이용권 구매 안정화입니까 대체 결제 자체가 아예 안됩니다. 카카오페이며 신용체크카드 결제도;;;
Google 사용자,5,2019-09-18 00:26:28,자전거 도로가 마땅치 않지만 그래도 아주 잘 이용하고 있습니다!! 감사합니다~!
Google 사용자,4,2019-09-17 17:41:54,나쁘지 않아요 근데 개인별기록같은거 볼수있었으면 좋겠어요 내가 얼마나 탔고 한달기록 일년기록등등 스트라바연동도 괜찮고 뭐 거기까지 기대는 안해요ㅋㅋ
Google 사용자,1,2019-09-17 09:25:22,"이게 교통용 어플인가요ㅡㅡ 네이버로그인 유지도안되서 맨날 새로 로그인해야되고, 로그인안되는위치라고 매번 떠서 전화번호 인증해야되고. 어플너무느려터져서 앞에둔 자전거 남들한테 뺏기기 일쑤ㅋㅋ 로그인 유지에 한번 클릭했다가 영원히 핸드폰 멈출뻔ㅡㅡ 저 핸드폰산지1달도안된건데 폰때문은 아닌듯하고 어플이 진짜 말도안되게 구립니다. 방금도 어플 에러때매 출근못할뻔ㅡㅡ 걍 지하철타러 돌아나왔네요 지각삘인데 이게 무슨짓인지모르겠음"
Google 사용자,5,2019-09-16 19:36:59,오늘 첫 사용인데 쉽게 사용할 수 있어 좋습니다
Google 사용자,1,2019-09-16 18:21:53,이용권 결제를 해야 되는데 결제창으로 안넘어가서 이용을 못하고 있어요ㅡㅡ
Google 사용자,1,2019-09-16 14:40:32,대체 이런 이용절차는 누구 머리에서 나온건가요? 결제도 어렵고 정기권을 사서 그 시간만 이용된다니 또 비밀번호입력은 무엇이며. 제발 경기도에가서 배우세요
Google 사용자,1,2019-09-16 09:42:23,비회원으로 진행 할 때 열번 중 아홉번은 결제 에러로 자전거 한 번 빌리는데 기본 30분이 넘게 걸림. 자전거 빌리는데 무조건 앱을 깔도록 만들어 놓은 것도 사용다 편의를 무시한 처사. 따릉이 생기기 전 기존 서울시 공유자전거가 더 편함
Google 사용자,1,2019-09-15 20:56:58,진짜 너무 불편해요 어플에 신경좀 써주세요
Google 사용자,1,2019-09-15 04:19:08,하하 죽이고 싶어요 ^^
Google 사용자,2,2019-09-14 21:19:07,오늘 처음 사용했는데 직관적으로 알기쉽게 앱을 업데이트 하면 좋겠습니다 대대적인 업데이트 해야 합니다. 자전거는 좋습니다. 정말 서울의 자랑이 되면 좋겠습니다
Google 사용자,1,2019-09-14 19:39:57,처음에 회원가입 할 때는 본인인증 문자 안보내고 한참 있다가 가입해서 카카오 연동했더니 왜 로그인 유지 기능이 안되나요? 쓸때마다 카톡 인증하고 로그인 매번 다시하고 너무 불편하네요
Google 사용자,1,2019-09-14 12:19:13,따릉이 시스템은 좋은데 앱이 좀... 카카오페이는 결제할때마다 오류 일으키고 로그인 저장 해놔도 들어갈때마다 다시 로그인해야됨 몇번 반복하다보면 짜증남
Google 사용자,1,2019-09-13 21:03:37,너무 사용하기 불변합니다..
Google 사용자,1,2019-09-13 15:17:58,왜 로그인이 안되니..화면왜 깜빡거리니.. 누가만들었니..관리안하니..
Google 사용자,1,2019-09-13 10:44:37,솔직히 이 앱은 쓸 일이 없음 그냥 브로커 같은 존재거든 따릉이 타기 위한
Google 사용자,1,2019-09-12 12:16:42,야발련아
Google 사용자,5,2019-09-11 19:06:33,최고다
Google 사용자,5,2019-09-11 18:14:29,굿
Google 사용자,1,2019-09-11 14:19:12,결재가 안되요 네트워크 연결안된단.ㄴ 개소리를...
Google 사용자,1,2019-09-11 12:39:34,자꾸 로그아웃되서 불편해요 어떻게 해야될까요?
Google 사용자,1,2019-09-09 13:44:31,2019년에 이런 품질의 앱 만들기도 쉽지 않을텐데.. 2009년 품질입니다.
Google 사용자,1,2019-09-09 11:44:18,급하게 사용해야하는데 자꾸 꺼져서 화나네요
Google 사용자,1,2019-09-09 10:23:05,따릉이어플실행이안됩니다 삭제하고 다시깔라했는데 이젠 다운로드도안됩니다
Google 사용자,1,2019-09-09 10:18:50,앱 완성도가 너무 쓰레기.
Google 사용자,1,2019-09-09 08:54:21,못만든 앱
Google 사용자,5,2019-09-09 06:01:50,따릉이 너무 좋아요 늘 잘 이용중 입니다
Google 사용자,1,2019-09-08 22:01:51,비치되있는 이용안내데로 했다. 1. 앱설치 ok 2. 가입 로그인 ok 3. 상단에 이용하기 클릭. ?? 이용이라는 버튼 어디에도 안보인다..
Google 사용자,1,2019-09-08 20:38:14,진짜 짜증나는게 비밀번호 찾기 하려고 인증번호까지 다 작성하고 넘어가면 해당사항이 없다고 하네 오류인 것 같아서 처음부터 다시 해도 안되고 무한 반복인데 어무 짜증나네요 진짜 ㅋㅋㅋ개선좀
Google 사용자,1,2019-09-08 18:58:29,편리한 따릉이 시스템에 비해 형편없는 앱. 렉걸리고 결제 잘 안되고 위치정보 이상한 앱.
Google 사용자,3,2019-09-08 18:48:57,로그인유지 체크해도 계속 앱사용할때마다 로그인해야하니 번거롭네요 그리고 자전거네비기능이 있으면 좋을거같아요
Google 사용자,1,2019-09-08 16:21:31,실행이 안됨
Google 사용자,1,2019-09-08 13:23:03,무한로딩 좀 고쳐주세요
Google 사용자,1,2019-09-08 09:04:22,이거 어플 완전 엉망이에요.나갔다 들어올때마다다시 로그인해야되요 제폰이 s10+인데 여기서도 이러면 말다했죠;;
Google 사용자,4,2019-09-08 08:38:38,자전거문제생길경우단순접수기능넣으면좋을거갇아요
Google 사용자,1,2019-09-08 03:35:46,서버 관리가 엉망이라 픽하면 앱사용 못하고 픽하면 대여 못하고 일본어나 나오면서 비밀번호를 쳐도 대여못하고 관리가 엉망이라 후회합니다 결론은 돈은 돈대로 날리고 자전거삼
Google 사용자,1,2019-09-08 01:48:38,할때마다 로그인할거면 자동로그인은 왜있는건지...
Google 사용자,1,2019-09-07 02:54:29,사업비 얼마나 책정받았는지 모르겠지만 ui 도 수준미달이고 버그많고 안되는거 만음
Google 사용자,1,2019-09-05 10:44:47,로그인유지가안됨 진짜 최악 +로그인 오류로 사용도못함 진짜 별1개도 아까움
Google 사용자,1,2019-09-02 01:17:32,개발자 낙하산인듯
Google 사용자,1,2019-09-01 16:42:02,너무불편하고 버그도 많음 결제후 인증번호넣고 다음 으로 안넘어갈때가 있는데 첨부터 다시 해야함
Google 사용자,1,2019-09-01 14:56:51,아니 좀 버그나 고치라고 ㅡㅡ
Google 사용자,1,2019-09-01 10:17:09,진짜 못 만들었다. 우리나라 공무원 조직의 현실이다. 이걸 만든 개발자는 무슨 생각을 하고 만들었을까??
Google 사용자,3,2019-08-30 18:09:16,폰바꾸고 따릉이 타려고 보니 버전체크 오류라고뜨는데 확인좀해주세요... 한달 끊어놨는데 오늘은 지하철탈게요... 그동안 너무 사용하면서 좋았어서 별은 세개로... 화이팅
Google 사용자,3,2019-08-30 18:06:00,앱이 아직은 좀 정신산만하네요 자잘한오류도많고 그래도 잘 이용중입니다
Google 사용자,1,2019-08-30 15:47:41,한개도 아깝다
Google 사용자,5,2019-08-30 00:51:34,편함
Google 사용자,1,2019-08-28 22:26:50,오후10시에 업무끝난다고 상담중에 열결끊기는 클라스 누가악의적으로 고장접수하고 연결거치대로 열결해놔서 자전거 4대있는데 한대도 대여못하고 자전거대여떻는데 두명동시에 대여떠서 대여안되고 방금5번에 반납됬는데 3번으로떠서 대여도 못하고 고정거치대연결 되어있는데 일주일동안 방치해두고 1시간기다려도 문제해결못하고 교통카드안되서 지하철버스 못타는데 걸어서 집을 갔습니다 감사합니다
Google 사용자,5,2019-08-28 16:29:23,따릉이 좋아요!! 그런데 로그인 유지가 잘됐음 좋겠어요ㅠ 로긴유지 체크해도 앱을 끄면 다시 로그인해야하네요...자동 로그인 기능을 추가해주실 계획은 없나요?? 따릉이 정류소가 더 많아지고 자전거 도로도 더 활성화되고 많아졌으면 좋겠어요~
Google 사용자,1,2019-08-28 14:21:26,공무원이 앱을 만들면 벌어지는 부정적 사례
Google 사용자,5,2019-08-27 19:40:21,짱좋아요 사랑해요 ! 다들 로그인따문에 힘들하던데 SNS로그인을 따릉이회원으로 바꾸는 방법을 모르는것 같아요 ..더 상용화되었으면좋겠어요!!
Google 사용자,1,2019-08-26 23:02:11,진짜 편의성개구리고 한국형헬적화의 표본중하나인듯
Google 사용자,1,2019-08-26 20:52:18,처음 한번 타볼라카니까 결제부분에서 자꾸 인터넷 안된다하고 지웠다 다시까니까 까는게 안되고 업그레이드좀해라 캐악툿
Google 사용자,5,2019-08-26 20:17:29,파이버전 s10 로그인이 풀림
Google 사용자,5,2019-08-26 16:53:17,잘 사용하고 있어요~
Google 사용자,1,2019-08-25 17:03:22,"지도 문제는 고쳐졌네요. 오늘 써보니, 대여 중에는 앱에서 남은 대여시간이 계속 화면에 큼직하게 보이는데 정작 근처에 대여위치를 알아야 반납을 하는데 지도표시가 안되고 검색도 되지 않음. 따라서 지도표시가 안되어 내 위치와 근처 대여소 파악이 안됨. 대여시간만 계속 지나감.ㅠㅠ 버그 아닌가요??"
Google 사용자,4,2019-08-25 12:57:12,앱 오류하고 접속시 자동 로그인 안 되는 것좀 고쳐주세요
Google 사용자,1,2019-08-24 17:21:37,자전거만 있으면 뭐해 자전거 도로가 없는데
Google 사용자,1,2019-08-24 10:53:44,뭔 놈의 앱이 이리 사용법을 복잡하게 만들었누 IT선진국이라면서 중국보다 한참 뒤떨어짐
Google 사용자,1,2019-08-24 08:19:10,"월정액 끊고보니 자전거가 저희집앞엔 항상배치가0이네요..저밑으로 내려가타다가 당일 환불했더니 3000원 수수료처럼 쌩돈날리고 괜히탔음..그리고 환불 바로돈안들어오고 2주,3주걸린데요 님들 자전거배치안되어있으면 구매하지마세요~~쌩돈날림ㅠ!"
Google 사용자,1,2019-08-23 21:27:02,이따위로밖에못만듭니까
Google 사용자,1,2019-08-23 18:01:22,앱 ui 너무 구리고 로딩도 느려요. 1일권 샀는데 코드 어디서 확인하는지도 모르겠음. 결제내역 눌러도 안 뜸.
Google 사용자,1,2019-08-23 12:09:28,소셜로그인은 자동로그인이 안되나요? 너무 불편해요 ㅠ
Google 사용자,1,2019-08-22 23:52:45,탈때마다 로그인해야되고(네이버자동로그인안됨)결제할때마다 카드정보입력하게 하는 개똥앱 이거 아니면 따릉이 못타니까 씀 반성좀 하셈ㅡㅡ
Google 사용자,1,2019-08-22 20:59:53,어플 결제안됨 QR코드 인식이 드럽게 안되서 기본 3~4분은 자전거 앞에서 QR코드만 오지게 잡고있어야됌
Google 사용자,1,2019-08-22 18:49:35,도저히 사용할 수가 없음
Google 사용자,2,2019-08-21 21:58:06,결제 방식 개선해 주세요~~ 매번 결제할 때마다 새로 카드정보 입력하려니 넘넘 불편해요 ㅠㅠ
Google 사용자,4,2019-08-21 14:33:56,카카오톡 자동로그인 기능만 가능하게 해주시면 좋을거같아요
Google 사용자,5,2019-08-21 08:55:17,3달정도 사용해오고 있는데 가성비부터 최고예요. 운동도 하고 교통비도 아끼고 대만족입니다.
Google 사용자,1,2019-08-20 23:43:21,카톡 연동 로그인이 안돼서 정기권 끊었는데도 대여를 못하네요;
Google 사용자,1,2019-08-20 23:16:45,그리고 앱에보니까 회원 탈퇴가 없는데 제 기록좀 지워주세요 다시 탈일 없을꺼같네요
Google 사용자,1,2019-08-20 19:14:39,아니 시대가 어느시대인데 삼성페이나 카카오결제도 안되고 하다못해 자주쓰는 카드 기능이라도 해놔야지 매번 결제하려고 할 때 마다 빡쳐서 안타는 잠재수익만 확보해도 훨씬 많이 이용할듯. 제발 결제방법 업뎃좀 해주세요
Google 사용자,1,2019-08-20 15:13:32,제발... 어플좀.... 리뉴얼해주세요.... 제발요.... 로그인 할때부터 개빡쳐.. 네이버로 연동된 아이디를 가져오는 버튼이잇으면... 연동이되어야하는거아닌가요?.. 나참... 문제가 한두개가 아닌데 왜 안고치고잇는지 모르겠는... 사용자가 이렇게 많은데
Google 사용자,2,2019-08-20 14:21:30,로그인할때마다시간이상당히걸림 삭제하고다시까는데도시간이엄청걸리네요
Google 사용자,1,2019-08-20 14:12:03,안되자느
Google 사용자,1,2019-08-20 13:34:10,"지금 8월 20일 화요일 오후 1시 30분입니다. 앱이 켜지지도 않고 다시 지웠다 깔아도 실행이 안되네요. 일일권이든 정기권이든 앱 문제로 인해 사용 못한다면 그 부분에 대한 보상은 어떻게 받을 수 있나요? 로그인도 자동로그인 체크해놔도 매번 새로 로그인하라고 하질않나.. 따릉이 정말 편리하고 좋은데요, 앱 문제로 인해서 사용을 못하니 무용지물이네요. 제발 개선 좀 해주세요."
Google 사용자,1,2019-08-20 13:25:32,앱이 왜 안열리는겁니까 자꾸 다시 열라고만 뜨고 ㅡㅡ
Google 사용자,1,2019-08-19 19:04:22,별 주기 아까워요. sns계정으로 회원가입 되어있는데 로그인 오류가떠서 사용을 못해요. 로그인 오류는 계속 뜨고 전화는 안받으시고 페북메세지로 따지려고했더니 연결끊긴다고 뜨고 장난합니까? 그냥 홍보만 하시고 실제로 운영관리는 안하나봐요? 써야하는데 못쓰니까 다시 가입하려고 하니 이미 등록회원이라 못한다하고 그럼 어떻게 써야하나요 대책도 없이 운영하나요!!!
Google 사용자,1,2019-08-18 16:38:59,결제 안됨 거지같음 이따위로 어플 만들어놓고... 아진짜 화남
Google 사용자,1,2019-08-17 20:35:19,"1점도 아까움 제대로 되는게 하나도 없음. 불편한 결제, 느린 반응속도. 앱 켤때마다 로긴해야 하는 둥 일부러 엿 먹이려고 이렇게 만들었나 수준 싼마이 외주 준 티가 팍팍 남."
Google 사용자,1,2019-08-16 21:36:34,진짜 별한개도 아까운거같아요 결재하는게 너무 복잡해요
Google 사용자,1,2019-08-15 21:00:31,따르릉 집속할때마다 로그인을 다시 하라고 하네 이 앱 만든 인간들ᆢ 다 짤라버려
Google 사용자,1,2019-08-14 19:54:39,적당히 불편해라
Google 사용자,1,2019-08-14 19:21:25,"재사용하려고해도...비번찾기 자체부터 안되고, 일시비번도 안오고.. 그렇다고 신규가입도 안되고..^^ 그냥 앱도 따릉이도 없어지는게 나을듯요.."
Google 사용자,5,2019-08-14 19:01:55,굿
Google 사용자,1,2019-08-13 21:37:53,자동 로그인 안되는거 좀 고쳐주세요
Google 사용자,1,2019-08-12 20:32:02,별한개도 아까워요 자전거 좋은데 앱이개판이네요 이처럼 자전거 잘해놓고 이런앱은 뭔가요 정말이지 한심한 서울시네요
Google 사용자,1,2019-08-12 20:27:08,폰바꾸고 새로깔고 카카오계정으로 로그인하려는데 본인확인하라고 카톡으로 간다음에 확인누르고 다시 따릉이앱으로 들어가면 리셋되어있어서 이게 무한반복되어서 로그인할수가 없어요. 어떻게 하라는 건가요? 자전거 한번 타기 참 힘드네요 진짜
Google 사용자,5,2019-08-11 20:22:02,지도로 몇대가 있는지 확실히 볼수있고 제가 빌릴 자전거를 보고 선택도 가능해서 좋아요
Google 사용자,1,2019-08-11 18:40:00,로그인을 매번 해야하다니...
Google 사용자,1,2019-08-11 02:48:09,"이런 한심한 gps와 인프라, 이거를 너네의 선거장치라고 달고 으스거리고 계세요? 원순아! 정신차려!!!!!!"
Google 사용자,5,2019-08-11 00:17:44,따릉이 최고!
Google 사용자,1,2019-08-10 17:10:19,"아 처음쓰는데 뭘케 어플을 고구마,로 만들어놨냐 답답해못써먹겠다 더워죽겠는데 뭔고생이야"
Google 사용자,1,2019-08-10 14:17:45,정말 쓰레기에 가까운 앱이다 시스템 잘 만들어두고 이런 앱때문에 짜증만 난다 발열도 심하고 오류가 한두개가 아니다
Google 사용자,1,2019-08-09 22:01:25,앱자체가 너무 오류투성이다
Google 사용자,1,2019-08-09 19:37:30,자동로그인을 수백번 체크하고 로그인해도 절대 자동로그인 된적이 없는 어플
Google 사용자,1,2019-08-08 21:15:36,"제발 앱좀 고쳐주세요..매번 카드정보입력하게할거면 뭐하러 회원정보수집하고 뭐하러 로그인시키나요.. 탈때마다 불편해죽겠어요. 결제도 한번에 잘되는법이없고, 결제방식도 카드정보 입력해야되서 너무불편해요..개선해주세요"
Google 사용자,1,2019-08-08 19:23:24,서비스는 좋은데 앱이 왜이래요?? 리뷰 수정까지 하게 되네요. 요근래 들어 가장 쓰기 불편한 앱인 것 같습니다.
Google 사용자,5,2019-08-08 14:01:48,정말 편하고 좋아요
Google 사용자,1,2019-08-07 16:29:36,따릉이 잘쓰고 있어요 젛은 프로그램이라고 생각됩니다 상담원분들도 친절하시고 그러나 어플은 사용할려면 튕기기 자동로그인 풀리기 대여했다 반납했는데 해제 안되어있어 고객센터전화하기 등등... sns으로 연계도 안되고.. 어플관리자를 능지처참하여 부관참시하여 이쪽업계에는 다시는 발을 못들어놓게 해야 함 참고로 별하나는 어플에 관해서입니다
Google 사용자,5,2019-08-07 14:35:55,따릉아 사랑해
Google 사용자,4,2019-08-05 13:45:19,좋아요
Google 사용자,1,2019-08-03 17:53:58,진짜 왠만하면 안남기는데 결제시스템 개짜증난다 결제는 왜 안돼는거지? 카카오도안돼 전화도안돼 그냥 없애요 ㅡ 결제된다고 올려놓지말고
Google 사용자,1,2019-08-03 06:28:43,"쓰레기 귀찮아서 평가 안다는데 일부로 찾아와서 평가를 달게 만드는 그런 쓰레기 같은 앱 경쟁자가 없으니까 나랏돈 먹고 이따구로 만드는건가하는 , 공무원에게 없던 적개심도 생기게 만드는 그런 쓰레기 진 심 왜 공기관 어플은 다 이래 ? 왜? 돈 받기 안창피해 ? 그거 우리 세금이야 알아 ?"
Google 사용자,1,2019-08-02 22:59:29,아니 업데이트도 안돼...지우고 다시 깔려고해도 다운도 안돼...내 돈만 냠냠쩝쩝!!쳐드시는 서울시
Google 사용자,1,2019-08-02 18:53:39,인증번호가 절대 안오네요. 열받아서 걸어갑니다
Google 사용자,1,2019-08-02 16:42:30,제 인생에 최악의 어플입니다....미친 어디서 만들었는지 모르겠는데 비회원으로 구매해서 사용할려면 로그인하라고하고 정말정말 쓸데없는 어플입니다 이따구로 어플만들어놓으면 초음쓰는사람들은 어떻게 이용을합니까????? 쓰라는건가??? 참나 어이가없어서 돈만 먹튀하는 어플로밖에안보이네요 최악중 최악입니다 아무도 사용하지마세요....
Google 사용자,3,2019-08-01 20:13:00,"다 좋은데,,,이용권 결제방법을 더 늘려주시던지 신용카드 정보 저장 가능하게 해주세요 매번 결제할 때마다 카드번호 치는 거 너무 번거로워요"
Google 사용자,1,2019-08-01 18:22:19,정말 구데기같은 앱이네요. 웹뷰 히스토리백 처리만 적당히 해줬어도 이런 지옥불사용성은 아닐텐데. ^^
Google 사용자,1,2019-07-31 19:36:03,"1. 자전거 이용거리 = 도보로 10분이지만 출근시간 1분이라도 아끼려고 따릉이를 이용. 하지만 따릉이 대여에 걸리는 시간은 복불복. 왜냐하면 나는 비밀번호로 대여하는데, 대여신청해도 계속 카드를 갖다 대라고 뜸. 결과적으로 도보로 10분 거리가 자전거로도 10분이 걸리는 기적. 누가 시스템을 만들었는지는 몰라도 참.... 2. 고장 자전거에 관심이 없는 담당자들. 평소에 생각없이 일하는 인간들 답게 고장 자전거 파악이 제대로 이루어지지 않음. 오늘도 계속 카드를 대라는 따릉이를 8분만에 대여하고 x같은 기분으로 집가는데, 좌판이 쑥 내려감. 깜짝놀라서 빡세게 고정시키고 가는데, 도로 한가운데서 또 쑥 내려가면서 다리가 꼬여 넘어짐. 넘어지면서 아스팔트에 손가락 쓸려서 따가움. 3. 그냥 쓰레기 담당자들 닮아서 그냥 노답. 밑에 리뷰 조금만 내려봐도 지들 맘대로 리뷰 달아놓음. 책임감따위는 개밥그릇에 놓고 오는 관계자들 덕에 하루도 즐겁고 평화로움."
Google 사용자,2,2019-07-30 19:25:44,아니 왜 플래시기능을 없애부렸어?? 야간에 인식도 잘 안되는구만
Google 사용자,1,2019-07-30 18:00:13,사비스 취지는 좋으나 앱이 쓰레기
Google 사용자,1,2019-07-30 15:14:06,위치서비스 끈상태에서 따릉이위치가 물방울표시가 안됩니다... 인터페이스 자체가 개구림
Google 사용자,1,2019-07-30 10:26:57,보다편리하고 스마트한 앱을 기대
Google 사용자,1,2019-07-29 21:25:09,로딩중만 뜨고 안되서 깔았다가 다시 했는데 또 안됨
Google 사용자,1,2019-07-29 20:51:50,자전거도 안좋고 앱도뭐어케하라는건지 어렵고 관리좀잘해주세요
Google 사용자,1,2019-07-29 13:59:56,아이디가 기억 안나서 찾기했는 앞글자 세자리만 알려주면 어쩌자는 겁니까? 아이디가 기억이 안난다고요?
Google 사용자,1,2019-07-29 10:56:05,불편해요
Google 사용자,1,2019-07-28 21:06:40,"따릉이는 다 좋은데, 앱이 문제다."
Google 사용자,1,2019-07-28 15:14:23,삼성페이도 안됨
Google 사용자,1,2019-07-28 12:53:16,전문대 컴공과1학년이 만들었나;;
Google 사용자,1,2019-07-28 00:26:09,진심 사업예산을 이딴식으로 쓰는 이유를 모르겠다 윗대가리들은 자기얘기 아닌줄 알겠지? 이딴 UI를 보려고 내가 지방소득세를 내는게 정말 이해가 안된다 엄지손가락 위치에 도움말이 있는것부터 담당자가 얼마나 UI에 대한 이해가 없는지 대표적으로 알수있는 대목. 예산늘리고 대규모 개선해라 제발 현 담당 업체 갈아치우고
Google 사용자,1,2019-07-27 22:33:03,"별 한개도 아까워요^^ 이용권 구매법, 사용법은 처음 앱 받았을때 알려줘야 되는 부분 아닌가요? 자동로그인은 왜 만드신거죠? 앱 들어갈때마다 로그아웃 되어있는데^^ 대여소 위치 아무리 검색해도 안나와요ㅎㅎㅎㅎㅎ총체적 난국인 앱"
Google 사용자,1,2019-07-24 14:17:37,어플이 굉장히 부실합니다. 카톡아이디로 로그인하는데 중간중간 무한로딩 걸리고 튕기는일이 매우 잦습니다. 이문제때문에 네이버에서 따릉이 사이트로 로그인해서 쓰는일이 빈번합니다. 또한 카톡아이디는 자동로그인이 안되는것도 불편합니다
Google 사용자,2,2019-07-24 08:33:08,구글 플래이스토어에서 업데이하라구 표시가 없는뎅 원스토어 에서는 왜 업데이트 하라구 나오나요 업데이 하는것면 구글 플래이스토어에서도 업데이트 표기가 나와야징 여기는 없고 원스토어에는 업데이트 하라구 합니까. 어떻게 맞은것가요 캐시비 사용자도 많은뎅 왜 그것루 결제 못하나요 해결 좀 해줘요
Google 사용자,1,2019-07-23 22:38:51,로그인을 하려고 눌렀는데 자꾸 초기화면이랑 로그인화면이랑 왔다갔다하면서 로그인은 안되고 오류만 뜹니다. 도대체 어떻게 끊으라는 거죠;;;;;;;;;
Google 사용자,1,2019-07-23 15:04:18,쓰레기같은 서비스 안내는 대충 해놓고 조치는 안취하는 쓰레기중의 쓰레기
Google 사용자,1,2019-07-22 19:13:17,"기획, UI, UX 다엉망에 사용하기도 너무 불편하고 제대로 작동안하는 기능들도 있고 어느 업체에서 개발했는지 이용률이 적은 앱도 아니고 리뉴얼이 필요해 보입니다."
Google 사용자,1,2019-07-22 17:20:51,사용하라는겁니까 말라는겁니까? 이거 하니 사용하자고 어플 두개나 깔고 이용권 구매 어플을 더 늘리시던지 하세요 편리를 위해 사용하라는게 오히려 번거럽고 어렵게 느껴지네요.
Google 사용자,1,2019-07-21 19:48:04,따릉이네어머니가... 관리좀해주세요... 요즘 다혈질이라 들어가지질 않아요...
Google 사용자,1,2019-07-21 15:49:51,돈 좀 더 주고 ㅋ 앱처럼 만들지... 이게 뭐람ㅋ 서울 붙이고
Google 사용자,1,2019-07-20 17:23:36,아니 사용하라고 만든거임?? 사용하기 드럽게 거지같고만
Google 사용자,2,2019-07-20 09:56:26,사용하긴 좋은데 어플은 진짜 형편없어요. 앱이 아니라 그냥 폰으로 익플 보는 느낌이고 인터페이스도 구리고 서버도 어찌나 느린지...하다가 화딱지나요
Google 사용자,1,2019-07-18 19:43:57,쓰레기앱. 사용자를 위한 설명이라곤 빈약한 돈내는방법 설명 뿐이며 앱자체도 오류가 계속뜬다. 말 그대로 쓰레기
Google 사용자,5,2019-07-18 10:30:05,자동로그인 가능하게 좀 해주세요.. 로그인 풀려있으니 너무 힘드네요 로긴하기
Google 사용자,1,2019-07-17 23:07:02,진짜 로딩중입니다 한두번뜨는것도 아니고 2번중 1번꼴로 나오니까 맨날 지웠다깔고 시간허비하고 어플 진짜 뭣같이 만들었네요.이게 정령 서울시에서 운영하는 어플이 맞나싶을정도로 쓰레기네
Google 사용자,1,2019-07-17 12:54:26,다운로드 안됨
Google 사용자,1,2019-07-17 03:50:48,21세기 UI가 아닙니다. 그렇다고 구시대 UI도 아닙니다. 그냥 저세상 UI 입니다. 느린 속도? 잦은 오류? 그런건 둘째치고 그냥 UI 자체가 어디서도 본적이 없었을만큼 독보적으로 구립니다. 메뉴배치도 하나 누를때마다 사라져서 뒤로 가야하고 뒤로가기도 누르면 누를수록 속이 터지는 상황이 지속됩니다. 개선이 아니라 싹 그냥 새로 뜯어고쳐야 할 수준입니다. 따릉이 자체는 정말 잘 이용하고 있는데 그중에 기본이자 핵심인 앱 편의성은 진짜 최악을 넘어서 도대체 세금으로 만들긴했나 싶을 정도입니다. 앱은 환골탈퇴가 아니고는 답이 없네요.
Google 사용자,1,2019-07-16 18:51:41,이거 만든 인간 평생 따릉이 타고 다니게 해야됨 ㄹㅇ 내가 15분 기다려서 탈려는거 앱 오류나서 기다리고있는데 다른사람이 오자마자 내가 기다리던 따릉이 눈앞에서 가져감 공지하나 쳐 띠우는데 5분걸리게 할거면 할복하는게 나을듯 진심입니다. 이거 서버 관리하는 사람도 나가디지세요
Google 사용자,1,2019-07-16 18:51:18,어플 거지같음. 유아이 개선좀
Google 사용자,1,2019-07-16 07:29:07,가입후 며칠째 로그인 오류로 이용도 못 하고있어요 다시 가입하려해도 이미 등록된 번호라 이도저도 못 하고있습니다.
Google 사용자,1,2019-07-14 22:33:40,로그인.....
Google 사용자,1,2019-07-14 21:15:53,내 인생 최악의 어플리케이션임....
Google 사용자,1,2019-07-14 12:40:46,별한개도 아깝다. 내가 본 앱중에 젤 사용도 어렵고 자전거 거치대ㅔ 가면 오류나는 경우도 너무 많다. 서울시한테 실망하게 된 앱
Google 사용자,1,2019-07-13 22:19:33,앱 누가 만들고 누가 관리합니까? 화면이 다음으로 넘어가질 않음 ㅡㅡ..... 쓸때마다 재설치해야되는데 이걸 쓰라고 만든건지 모르겠네요 ㅡㅡ
Google 사용자,1,2019-07-13 18:00:10,(급) 네이버로그인 들어간후 종료가 제대로 안되어서 어플 다시 시작할때 계속 오류나요. 시급히 수정할 필요있어보이네요.
Google 사용자,1,2019-07-13 13:52:08,1시간째 1천원으로 시민 돈 뜯어먹으니까 정부는 개꿀일듯 타임스퀘어에서 자전거 타고 가려고 했더니만 어라 로그인도 달팽이고 겨우 다했더니 돈을 내야돼네^^ 대한민국 정신차려 국민인 나도 부끄러우니까
Google 사용자,1,2019-07-12 21:41:04,아니 예약해놓은 자전거 탈려고 찾아가보면 없음ㅋㅋㅋㅋ 종로에서만 벌써 두 번째다. 앱 발로 만들었냐??
Google 사용자,1,2019-07-12 19:53:07,최악의 앱..이걸 기획한 인간은 도대체 무슨 생각으로...
Google 사용자,1,2019-07-12 19:23:07,빌릴때마다 자전거앞에서 폰만쳐다보고있습니다 ㅋㅋㅋㅋㅋ 정말 총체적 난국인 어플
Google 사용자,1,2019-07-12 18:38:10,어플이 로딩중이라고 뜨고 멈춥니다 이런 현상이 자주 발생합니다 아래글에도 많이 올라왔는데 개선이 전혀안되나보네요? 사용시 상당히 불편하고 짜증나네요 필히 개선바랍니다
Google 사용자,1,2019-07-10 13:08:57,버그투성이에 UX도 최악이네요.
Google 사용자,1,2019-07-10 01:17:27,앱 정말 거지같아요 앱이용으로 돌아가는 시스템인데 그중추적인 역할을 담당하는 앱이 이렇게 부실해서 어떡합니까?? 이런 글써서 담당자가 보지도 않을거 같지만 세금으로 운영되는거면 손 좀 봅시다
Google 사용자,1,2019-07-09 17:28:26,다운도 안되는데 멀 쓰라는건지 앱 그지같이 만들어놓고 머하는거야
Google 사용자,1,2019-07-09 00:41:42,다른 많은 분들이 말씀해주신 것처럼 로딩중 화면에서 넘어가지 않는 것이 최소 1분 이상입니다... 따릉이 어플 때문에 따릉이를 이용하지 못한 적이 많아 불편합니다. 단순한 어플인데 속도나 안정성이 많이 떨어지는 것 같습니다. 개선 부탁드려요.
Google 사용자,1,2019-07-08 10:04:11,다운도 안되고..
Google 사용자,1,2019-07-07 22:11:28,너무 렉 심하고 로그인도 안됨
Google 사용자,1,2019-07-07 20:00:20,로그인 부터 사용자 경험 최악이네요. 국가에서 능력없는 개발자들 외주로 써서 만든 느낌입니다. 하루빨리 카카오바이크로 모두 대체되길 기다릴 뿐입니다.
Google 사용자,1,2019-07-07 13:10:19,발로 만든 앱
Google 사용자,1,2019-07-07 11:59:42,회원가입을 SNS로 하는 순간부터 자동로그인 기능은 없는것이나 마찬가지... 자동로그인하려고 카카오톡에 연결된 계정을 연결끊었는데도 데이터베이스에 삭제가 안됬는지 새로 가입도 안됨;; 이럴거면 앱 외주맡겨서 만들어줬으면 싶은디... 무슨 당장 스타트업하는 기업에서 만든 앱보다 인터페이스가 못 합니다
Google 사용자,1,2019-07-06 21:57:20,설치하자마자는 잘 되는데 두번째부터 계속 기다려도 로딩중이라고만 떠서 매번 사용할 때마다 지웠다가 다시 깔아야해서 힘드네요...
Google 사용자,1,2019-07-06 19:23:30,공무원들의 안이한 사고방식이 이딴 어플이 등재되어도 직접 사용해보지 않으니 도대체 뭐가 문제인지 모르시나봅니다. 자주 사용하는 결제수단 등록도 없고 결제후 비밀번호 누르려고하면 자전거대여 화면이 빛보다 빠르게 사라지는 너무 졸속운영
Google 사용자,1,2019-07-06 16:09:58,맨날 로그인 로딩만걸리고 앱이 안도네.. 1년 결재했는데 환불어떻게 받나요?
Google 사용자,1,2019-07-06 08:40:17,앱이 불안정합니다. 재개발 또는 수정바랍니다. 서울시 훌륭한 따릉이 자전거에비해.. 앱은 좀... 부실하네요
Google 사용자,1,2019-07-05 22:15:57,아니 자전거 단체권 빌려서 갔는데 자전거가 한대도 없고 대여 했다고 카톡오는건 무슨 경우?
Google 사용자,1,2019-07-05 21:22:56,로그인 되지도 않음. 뭔가 오류창이 떳는데 로딩중 창에 가려서 보이지도 않고 쉬레기급 앱
Google 사용자,1,2019-07-04 22:25:18,안타까움
Google 사용자,1,2019-07-04 12:34:35,아 최악이다. 비회원 구매도 못하게 앱 작동도 안되고 아무리 결제를 하려고 해도 되지 않는다.
Google 사용자,1,2019-07-04 01:47:42,자동로그인 안돼서 매번 새로로그인 해야하고 카톡 연동해도 매번 아이랑 비번 쳐야하고 UI도 불편해요
Google 사용자,2,2019-07-03 17:37:51,서비스 자체는 좋은데 앱 품질이 너무 별로에요
Google 사용자,1,2019-07-03 13:00:30,어떻게 쓰는건지 하나도 모르게 만들어놨어
Google 사용자,1,2019-07-02 19:14:26,대학생이 만들어도 이것보다 잘 만들꺼다. 진심 국정감사 필요하다고 생각되는 앱. 느린데다가 로그인은 풀리고 심지어 흔하디 흔한 자동로그인 기능도 없음ㅋㅋㅋㅋ 지도는 실시간 갱신도 안되는 주제에 새로고침 버튼도 없는 건 뭔 근자감이지?? qr코드 찍으려면 플래시도 꺼짐 ㅋㅋㅋㅋ 대여할려면 인식도 안되서 대여가 안되는게 흔함 ㅋㅋㅋㅋ 200만원이면 만들 수준의 허접한 앱에 예산 20억은 들어갔겠지 누구 호주머니에 들어갔는지는 모르겠지만 눈먼돈을 이렇개 챙기는거리고 보여주는 앱
Google 사용자,1,2019-07-02 19:00:47,씌레기같은 앱 어떻게 이렇게 만들지
Google 사용자,1,2019-07-02 13:11:50,자동로그인 풀려있어서 계속 로긴해야되네요 개빡침...
Google 사용자,2,2019-07-01 13:44:24,비번찾기가 전혀 안돼요 수정해주세요 비번은 전화인증해서 찾기로 클릭하면 전화번호 이메일 둘다 수차례 시도해도 임시비번이 안들어 옴니다. 해결해주세요
Google 사용자,5,2019-07-01 11:03:08,"위치별로 사용가능한 대수 표시가 되고, 사용한 이력을 관리해 주는 기능이 잘 구성되어있네요"
Google 사용자,3,2019-07-01 05:30:44,ㅈㄷㅁ 잘 ㅁㅇㆍ돌아 ㅇ
Google 사용자,1,2019-07-01 01:15:11,정말 앱리뷰 안남기는데 최고 복잡하고 자전거 상태 최악에 다 엉망ㅋ 이런거만드느라 혈세썼다생각하니 가슴이 아프다
Google 사용자,1,2019-06-30 23:39:53,별하나도 아깝..앱 삭제 했어요..5년 그이후 지난뒤 다시 찾아올께요.앱좀 잘 맹글어놓으세요
Google 사용자,1,2019-06-30 11:25:41,관리하나도안하고 편의성개판이고 내가만들어도 10배는잘만듬
Google 사용자,1,2019-06-30 09:05:54,회원권 대여비밀번호를 입력했는데도 대여카드를 대라는 둥 어플은 먹통일때도 많고 누가 관리는 하는 건지
Google 사용자,1,2019-06-29 17:22:10,개 짜증너네 맨날 로그인오류 뜨고 로그인되지도않고;이러는데 어떻게따릉이를 이용해요?
Google 사용자,1,2019-06-28 23:51:20,0점 없는게 너무 서럽다ㅠㅠ 결제도 어렵고 등록도 어렵고 안되는거 겁나많은데 심지어 한시간에 천원... 경기도는 하루권으로 등록가능하고 핸드폰 결제로 쉬운데 제약이 너무많고 사용이 너무 어렵습니다. 이를테면 QR코드...
Google 사용자,1,2019-06-28 17:14:15,거지같은앱 공무원들 돈 어디로 삐돌렸나
Google 사용자,1,2019-06-26 19:36:51,회원가입하여 로그인하려면 회원번호와 비밀번호를 입력하라고하네 입력하면 또입력하라고한게 끝이없네
Google 사용자,1,2019-06-26 16:52:56,어플 진짜 최악임. 개발자 바꿔버리던지 하셈. 따릉이는 좋지만 어플은 진짜진짜 최악. 개발자님 리뷰나 좀 보세요..
Google 사용자,1,2019-06-25 19:52:54,앱도 앱인데 사용자 문제가 심하네요. 고장났으면 고장신고좀 제대로 합시다. 고장난거때문에 돈날리고 시간날리고 뭐하는건지. 바람빠지고 체인빠진거 정상반납인양 넣어놓고 하..
Google 사용자,1,2019-06-25 19:11:49,놀라운 인터페이스~ 해당 어플을 내놓기까지의 과정들에 참여한 모든 관계자들에게 박수를~
Google 사용자,1,2019-06-25 15:00:48,설치가 안됨 ㅠ
Google 사용자,1,2019-06-25 11:36:11,어플은 최악이네요
Google 사용자,1,2019-06-24 19:02:49,앱 세상 쓰레기 제발 개선 좀 해라 도대체 업데이트는 왜 한 하는지 모르겠네 1. 1분안에 자전거 못 가져가면 자동으로 반납되는데 자동 반납된 이후에 다시 지도 화면으로 안돌아가고 검색도 안먹힘 2. 자동로그인 따위 없고 로그인하다가 뒤로가기 버튼 누르면 또 로그인 해야됨 3. 앱 정상 종료는 한번도 해본 적 없음 홈 화면에서 뒤로 버튼 누르면 갑자기 저세상 화면 4. 내 주변에서 최초로 앱 깔고 따릉이 등록하면서 욕 안한 사람 없음 그만큼 한번에 되는게 없음 한 십분 심한욕 참아가면서 결제 마쳐야됨
Google 사용자,5,2019-06-24 18:13:59,따릉이 대박
Google 사용자,1,2019-06-24 12:29:20,카드 등록해도 등록안되었다 나오는데 어떻게 이용할까요 걍 평점 그 수준입니다
Google 사용자,1,2019-06-23 22:39:29,로그인 계속 원만 돌아감 이런건 속도랑 안정성이 생명인데 쉣임
Google 사용자,1,2019-06-23 21:07:29,너무 UI/UX가 쓰레기라 분노하는 경우가 많습니다. 너무 직관적이지 않고 사용하기 불편합니다. 개발자를 교체해서 UI/UX를 직관적으로 바꾸셔야할 것 같습니다
Google 사용자,1,2019-06-23 16:49:55,돈받아먹으면 자전거 관리 똑바로해
Google 사용자,1,2019-06-23 16:28:26,진짜 x같아서 못 쓰겠다. 쓸 때마다 열불나게 하는 시스템. 기껏 로그인 해서 대여권 사서 대여하려고 보니 잠금 해제도 안 했는데 0초 쓰고 반납 되는 어이없는 시스템. 천원도 날리고 시간도 날리고 기분도 날리고.
Google 사용자,1,2019-06-23 14:45:06,쓴만큼만결재하는 시스템이 필요해요 10분쓰고 60분 요금 내는건 아니라고 봅니다. 이용하고 싶어도 10분쓰고 차고지 찾아 대여하고 차고지찾아 반납하고 이런시간이 20분 소요 되고 요 결국 30분 도보 이용하게 되는꼴 싸구려 잊어버려도 좋은 자전거 구입하는게 시간도 절약 돈도 절약되요 대여하는데 핸드폰으로 결재하고 탑승까지 10분소요 즉 10분사용하기위해 불필요한 시간 1시간 소요되요
Google 사용자,1,2019-06-22 22:16:58,창피한 어플.. 할때마다 로딩화면 끝나질 않아 몇 번을 리붓해도..할 수 없이 할때마다 지우고 재설치에 이거 말고도 문제점이 한두가지가 아님. 요금재 설명도 없고..
Google 사용자,1,2019-06-22 18:20:00,어플자체는 쓰레기 그자체 하청이 어딘지는 모르겠지만 이따구로운영하면서 돈받는게 신기하네 욕먹고 오래살려고그러나
Google 사용자,3,2019-06-20 06:42:00,"좋은 시도임은 분명합니다. 하지만 학교, 출근길이 많은 제 거주지에선 고정적으로 쓰고싶어도 자전거가 없어서 쓸 수 없다는게 아쉽네요"
Google 사용자,2,2019-06-17 22:02:24,결제 수단 개선 부탁드려요 ㅠㅠ 현재는 카드로 결제하려면 휴대폰 명의와 결제카드 명의가 같아야하는데... 휴대폰 명의와 결제카드 명의가 다른 사람은 이용권 결제가 불가합니다. 앱도 깔고 회원가입도 했는데 결제를 할수가 없어서 사용을 못하고있어요 ㅠㅠ
Google 사용자,3,2019-06-16 22:29:34,가끔 접속이 안되는데 너무 답답합니다ㅠ
Google 사용자,1,2019-06-16 22:29:33,끔찍하다. 공공기관에서 어플을 만들면 어떻게 되는지 제대로 보여주는 예시
Google 사용자,3,2019-06-16 21:44:08,따릉이 몇 달 째 사용하는 중입니다. 갤럭시 기계로 어플을 열 때 로딩중이라고 하면서 작동을 안 하는 경우가 종종 있어요. 지우고 다시 깔아야 되더라고요. 또 오늘은 다시 깔았더니 설치가 안 된다고 해서 세 번 다시 받아 설치했어요. 따릉이는 어플 사용이 필수인데 이 부분 좀 꼭 개선해 주세요.
Google 사용자,2,2019-06-16 17:10:13,자동로그인 좀 제발 되게 해주세요. 사기업 앱이었으면 하루만에 수정됐을 일.. 좀 더 지켜보다가 안되면 자전거정책과로 전화할랍니다
Google 사용자,2,2019-06-16 14:03:15,휴.
Google 사용자,1,2019-06-16 06:16:29,일요일 아침에는 항상로딩중 로딩중화면에서 계속 멈춰있어요 정말 타지도못하고 짱나네요 핸드폰을껐다켜도 그러고 휴 매주이러네요
Google 사용자,1,2019-06-15 17:37:06,접속도 안되고 쓰레기같이 만들어놧네 제대로 일해라
Google 사용자,2,2019-06-15 16:20:24,제발 잘 연결되게해주세요ㅠㅠ 쓸려고틀때마다 무한로딩 하아...
Google 사용자,3,2019-06-15 11:22:57,따릉이 정말 좋은 생각이긴 하지만 사용하는 데에 개선이 많은 필요해보입니다. 일단 로그인 할 때가 제일 큰 데 저는 카카오톡을 통해서 로그인 하는 방식인데 로그인을 완료하면 카카오톡 메세지는 로그인 되었다고 뜨는 데 막상 따릉이 앱은 그 로그인 마지막 단계에서 넘어가지를 않아요. 최근에 발생한 문제고 일주일에 3번쯤 경험하고 있습니다.
Google 사용자,1,2019-06-15 07:12:41,자동 로그인을 체크해놔도 로그인이 자꾸 풀리네요 들어갈때마다 일일이 로그인 해야하니 너무 불편합니다 로그인 유지되게 해주세요
Google 사용자,1,2019-06-14 15:33:10,기능이 안될때가 넘ㅡ너무 많아요
Google 사용자,1,2019-06-14 14:41:40,로그인 유지 안되고 결제하기 엄청 불편하네요 ㅡㅡ
Google 사용자,3,2019-06-14 01:21:13,젊은친구만들었나..폰트가넘작아요. 야외에서보면 넘 작아서 가독성이떨어져요.
Google 사용자,1,2019-06-13 22:39:15,초등학생이 만들어도 이것보다는 잘 만들겠다
Google 사용자,1,2019-06-13 08:42:28,따릉이 타려고 하는데 왜 안되죠 ㅡㅡ 아침에 바빠죽겠는데
Google 사용자,3,2019-06-13 08:41:53,"매번 정기권 결제하여 따릉이 이용하는 시민입니다. 자전거 바퀴터지는일도 많고 체인이 풀려 사고가 날뻔한적도 많고 자전거상태가 좋지않아도 내긴 잘못고른탓이다 했습니다. 그런데 오전 출근시간에 앱 접속이 안되다뇨.. 자전거 버튼을 누르니 통신연결이 안된다고하며 등록한 카드도 먹히질않네요.. 이런 통신장애가 있으면 따릉이를 이용하는 시민에게 푸쉬알림이나 문자로 미리 공지를 해주셔야 대비를하죠.. 따릉이 대여소에서 버스정류장,지하철역까지 거리도 먼데다 왔다갔다 한 바람에 지각에 욕이란 욕 다 먹었습니다. 버스나 지하철은 교통에 불편이 생겨 피해입으면 공공연하게 사과문 띄우고 소소하게 보상이라도 해주지 따릉이는 이런일 생기면 서울시에서 보상 해주시는거 아니잖아요?ㅋㅋㅋ 사과공지문나 하시려나요 내노라는 유명한 대학들나오셔서 유학에 인턴경험도 많으신분들께서 만드셨을텐데 자기들 커리어에 부끄럽지 않도록 하셔야죠~"
Google 사용자,1,2019-06-13 08:35:04,따릉이는 좋은데 이 어플은 참.... 국가에서만든 어플이라는게 이따구이니 ......
Google 사용자,1,2019-06-13 08:32:20,아침출근시간에 따릉이 오류뜨면 어쩌자는겁니까 따릉이 타려고 여유롭게 나왔는데 접속오류라고 뜨면서 들어가 지지더 않고 나만 그런가 싶더니 따릉이앞에서 두세명이 더 그러더군요 접속오류안뜨게좀 해주세요 하다못해 출근시간에라도 안걸리게 해주세요
Google 사용자,1,2019-06-13 08:26:45,왜 앱이 먹통이여 ㅡㅡ
Google 사용자,1,2019-06-12 14:09:20,이걸 쓰라고 만든건가요
Google 사용자,3,2019-06-12 12:57:56,자동로그인좀 업데이트 해주세요 전혀 안돼요
Google 사용자,1,2019-06-12 02:40:12,서울시에서 세금 개똥으로 쓰는거야 잘알고있습니다만 시에서 돈을 개쥐똥만큼 준게 아니라면 이 앱 개발하신분은 반성좀 하셔야겠네요 편의성은 밥대신 처먹었나요 아니 그 이전에 사용설명부터가 구멍이나있는데 '쓰고싶은놈은 알아서 쓰겠지' 마인든가? 적어도 쓰게끔은 만들어야될꺼 아니야 결제는 됬는데 번호를 안줘 네이버에서 찾아서 해야되면 블로그 주소를 적어놓던가 받은적 없는 비밀번호 변경해서 탔다 다행히도 비밀번호는 그냥 원하는번호 4자리 입력하라고해서 다행이지 이전 비밀번호 입력하라고 했으면 돈 날렸다 수기로적은 사진을 업로드해도 이것보단 친절하겠다
Google 사용자,1,2019-06-11 22:02:13,카카오톡계정으로 계속 로그인이 안됨 ㅡㅡ
Google 사용자,1,2019-06-11 20:15:41,최악
Google 사용자,1,2019-06-11 20:02:58,가끔 켜지고 무한로딩. 로그인 풀림. 등 문제가 많은 어플
Google 사용자,1,2019-06-11 19:02:42,눈앞에 자전거가 있는데 중복 신청 됐는지 다른 사람이 비번 치고 자기꺼라고 가져감 나는 이미 대여 신청했다고 2시간 동안 이용 못함 고객센터에 문의하니 비번 관리 잘하라며 가르치려듬
Google 사용자,1,2019-06-11 11:47:23,ui ux 최악 앱구동도최악
Google 사용자,2,2019-06-10 20:57:50,따릉이 제도는 좋으나 앱은 진짜 ... 너무 심하게 못만듬... 이거뭐 안바뀌나요?
Google 사용자,1,2019-06-10 17:54:57,아니 지도 확대랑 이동이 어플에서는 안되는 겁니까 네이버로 들어간 사이트에서는 되는데
Google 사용자,1,2019-06-09 05:13:02,카카오페이 고쳐주세요 업데이트에 맞춰 항상 고쳐주세요 가장 빠르게 쓸 방법인데 부탁드려요 제발 택시탔네요 ^-^
Google 사용자,1,2019-06-09 02:54:00,아니 왜자꾸 서비스이용을 할수없다고 나오는데 진짜 어이가없네 ㅋㅋㅋ며칠째냐 지금 이유도 해결방안도없고 장난하냐? 돈을 내놓으면 뭐하냐 어플 진짜 뭐같이 만들어놨네 진심.처음으로 화나서 남긴다.
Google 사용자,1,2019-06-06 13:42:10,앱이 참 거지같네요ㅋ 자동로그인 체크하면 뭐합니까 맨날 로그인 풀려서 새로 로그인 해야되는데 걍 시간낭비앱이네;;ㅎ 앱 그지같이 만들어주셨네요 정말 감사합니다. 스트레스가 엄청 쌓일 것 같아요!
Google 사용자,1,2019-06-06 13:33:41,정말 불편해요 모든게 없는게 나아요 제발
Google 사용자,1,2019-06-05 01:49:14,결제창마다 네트워크오류라고 계속뜨는데.. 쓰질못하겠어요ㅜㅜ
Google 사용자,5,2019-06-04 21:44:45,따릉이 최고에요 야간에도 타기에 좋아요! 다들 안전하게 타세요
Google 사용자,1,2019-06-03 07:31:46,아침부터 타려고해도 미리 대여신청되어있어 못타게만들네요ㅋ
Google 사용자,1,2019-06-02 23:27:08,와.. 무한로딩에.. ....할말..
Google 사용자,1,2019-06-02 10:55:38,사용하기 짜증나요 결제시 등록한 카드가 사용이 안되고 현장에서 카드 등록하라고 하네요
Google 사용자,1,2019-06-02 02:14:55,앱도 꾸진데 자전거 관리상태좀 ㅋㅋ 무슨 펑크난 자전거가 한둘이어야지 ㅋ 타다가 죽을뻔했어요 진심
Google 사용자,1,2019-06-01 23:37:07,"눈 앞에 2대가 있는데 어플, 웹 둘다 0대로 인식하는 상황. 저녁이라 늦는건지 한참 기다려도 안되길래 결국 걸어감. 덕분에 걷기운동 했습니다"
Google 사용자,3,2019-06-01 19:13:57,어플 정말 그지같네요. 결재가 안넘어가서 한참 고생하고 대여를 눌렀는데 비밀번호 넣으라고 나오는데 어플 어디에 비밀번호를 어디서 설정하는지 알수가 없어요. 두번째 시도에 되긴했지만 어떻게 찾긴 했지만 여전히 어떻게 빌렀는지 모르겠습니다. 자전거는 뒷 브레이크가 제대로 걸리지 않아 불편했네요. 자전거 타기전에 다른분들은 자전거 타기전에 점검하세요. 어플에서 비밀번호만 제대로 안내가 되도 더 나은 서비스가 될거 같습니다.
Google 사용자,1,2019-06-01 14:48:21,사용방법설명도 불친절..세상에 비밀번호설정이 있다는걸 직접하면서 알았네요 자동로그인도 안되서 할때마다 직접 아이디비번써야하고 정말불편하네요. 개선이 정말 시급합니다..
Google 사용자,1,2019-06-01 14:03:57,따릉이라는 시스템은 좋은데 이 앱 그야말로 최악이에요. 그나마 카드 등록해두면 이 앱 쓸 일이 적긴 한데요... 근처에 따릉이 정류장이 어디 있는지 지도로 볼 수 있게 옛날처럼 바꾸면 안되나요?? 아니 검색 기능이 너무 거지같습니다. 제발 개선 좀 부탁드려요!!! 아마 따릉이 안타는 사람들 대부분은 이 앱이 너무 어려워서 쓰기 어려워서일 겁니다. 제발 개선!!!개선!!! 앱 좀요!!!!!!
Google 사용자,1,2019-05-31 17:59:52,정기권을 결제했는데 어플이 작동을 해야 타든가 하죠... 로딩중입니다 라는 화면이 뜨면 로그인조차 할 수 없는데 어쩌라는 겁니까? 사용료를 지불했으면 제대로 사용하게 만들어놔야 될 거 아닙니까. 전국민이 동시접속으로 다 같이 타는 것도 아니고 좀 그만 이랬으면 좋겠습니다. 요즘 1인이 만드는 게임 유료 어플 혹은 무료 어플들도 정말 잘 되는데.. 서울시에서 제대로 못할거면 제대로 하는 업체에 맡겨서 제대로 만들었으면 좋겠네요 제발
Google 사용자,2,2019-05-31 11:40:39,수원에서쓰는 모바이크보다 앱이복잡해서 별로에 ...서울살아서 따릉이 이용할려고했었는데ㅠ 좀더쉽게해주세용...
Google 사용자,1,2019-05-30 19:35:31,별 1개도 개아까움 쓰레기 어플... 공무원들 일 안하나? 세금만 쳐먹고
Google 사용자,3,2019-05-30 15:43:35,편리성이 떨어집니다. 불편해요. 좀더 단순하고 편하게 만들어주세요.
Google 사용자,5,2019-05-30 15:19:06,아주 만족해요!
Google 사용자,4,2019-05-29 19:52:49,소셜 자동로그인/결제 방법 정도만 업데이트되면 환상적일것같아요~! 저는 아쥬 잘 쓰고있슴니다.
Google 사용자,5,2019-05-29 14:25:29,따르릉자전거 이용하기 전엔 제 근무지가 애매한 거리이고 새벽에 근무를 하는 직업이라 택시를 이용하니 교통비 지출이 너무 컸어요 지금은 따르릉 자전거로 교통비가 90%절감되는 효과를 보고 있어요 처음 따르릉어플 리플보고 좋은평보다 좋지않는 평이 많아서 사용하고픈 마음을 접었다가 직접 사용해보고 평가하잔 생각으로 사용했는데 너무 좋아요~ 자전거 배치장소도 곳곳에 되어 있어 대여와 반납하기도 수월하고요 따르릉을 많이 이용하는 사람들이 늘어나는 만큼 자전거를 안전하게 탈수있는 자전거도로가 많이 만들어졌음 좋겧어요~
Google 사용자,3,2019-05-26 20:39:55,2시간을 못 채우고 탈때는 남는 시간이 아까워요. 시간을 누적해서 결제하거나 사용할 수 잇엇으면 좋겟어요. 앱이 전체적으로 한눈에 확 들어오지 않아 개편이 필요하다고 생각합니다. 따릉이 너무 좋아요. 자전거 도로도 늘어나고 따릉이도 더 많이 늘어낫으면 좋겟어요. 서울 시민으로서 따릉이 사업이 아주 자랑스럽습니다~
Google 사용자,1,2019-05-26 20:16:22,진짜 이용방법 너무 어려워요. 어플을 전반적으로 고쳐야지 외국인이든 처음 쓰는 사람이 사용 할 수 있어요.
Google 사용자,4,2019-05-26 18:36:16,다른 건 다 좋은데 제발 결제 시스템 좀 바꿔주세요. 이런 쌍팔년도식 결제시스템 쓰는데는 따릉이가 유일할듯. 시대 좀 맞춰살아요 ㅠ
Google 사용자,1,2019-05-25 21:09:32,예전엔 카카오도 됐던거 같고...결제가 더 쉬웠던 거 같은데 무용지물 됨...
Google 사용자,1,2019-05-25 20:24:57,공지사항을 4K로 올리시나봐요? 항상 로딩 오지게 걸려서 데이타 끊었다 다시 연결하는 임시방편으로 사용합니다. 이런식으로 할거면 앱 킬때 공지사항 팝업 제발 올리지마세요 ㅡ
Google 사용자,1,2019-05-25 17:38:35,쓰레기 앱. 비밀번호 바꾸는 데에도 한참 걸림. 앱 켜도 자동로그인에서 멈춰서 이용하는데 수십분 걸림. 차라리 만들지를 말았으면 편하게 다른 대중교통이용했을텐데
Google 사용자,1,2019-05-25 11:57:06,대여하기 엄청 불편함 비밀번호를 입력하라는데 난 입력한적이 없을 뿐더라 비밀번호 알아보는 UI이가 전혀 안보임 한번 써볼려했는데 내가 볼땐 외부인은 자전거 못타게 하려고 막아둔거같음 앞으로 절때 안씀
Google 사용자,1,2019-05-25 01:53:35,반개도 아깝다 사용성명 안하냐 ??? 이미 대여중인데 왜 자물쇄 잠겨있냐
Google 사용자,1,2019-05-24 23:58:35,처음 사용자 안내가 거지 같음 앱은 최악 서비스 자체는 좋음.
Google 사용자,1,2019-05-24 07:33:44,어떻게 앱에들어가지지가않냐;;어떻게만들어도 이따구로 만들었냐고ㅠㅠㅠ제발 따릉이좀타고싶다 불편한게 한두가지가 아니네 결제하는것도그렇고
Google 사용자,1,2019-05-24 00:43:59,1점도아까운 쓰레기어플
Google 사용자,1,2019-05-23 16:06:10,앱이 안열리는 경우가 왜 이리 많은가요? 로딩중이라며 무한루프....
Google 사용자,4,2019-05-23 12:56:11,좋아요
Google 사용자,5,2019-05-23 12:08:39,따릉이 굉장히 잘 이용하고 있어요♥ 날씨 좋을때 따릉이 빌려서 노래들으면서 달리면 행복해요~~
Google 사용자,3,2019-05-23 10:22:02,화면이 로그인창에서 오류나서 안넘어가요...
Google 사용자,2,2019-05-22 15:40:03,따릉이 자체는 차 좋은데 앱 진짜 느려터져서.. 반납하고 다시 빌릴때 엄청 기다려야돼요
Google 사용자,1,2019-05-22 14:47:16,왜 자동로그인이 자꾸 안되죠? 하루에 한번은 로그인 하게 만드네..
Google 사용자,1,2019-05-22 01:51:13,어쩌라는건지..이용권 구매해도 어떻게 이용하는건지 알려줘야 타죠. 이용권 이용하는 방법 못찾겠어서 카드등록했는데 그마저도 어떻게 사용해야하는지 알려주질않네요-.-;; 이용할 수 있는 방법을 직관적으로 알 수있게 알려줘야지 돈만 버렸네요.. 개선해야될 부분 너무 많네요. 세금으로 운영되는건데 어떻게 개인이 개발한 앱보다 불편한건지..--;;;;;;
Google 사용자,1,2019-05-21 17:03:47,왠만하면 리플 안달려고 했는데 UI 가 형편 없네요. 카카오톡 로그인유지도 안되고 디자인도 구리고.. 이렇게 세금 축내도 되는건가요 개발자로서 소스 주세요 제가 무료로라도 고치고 싶네요
Google 사용자,1,2019-05-20 17:59:09,앱은 쓰레기임
Google 사용자,1,2019-05-18 17:17:50,별 한개도 아까움
Google 사용자,1,2019-05-18 14:31:26,제발 로그인 좀 유지되게 해주세요 무슨 어플을 켤때마다 로그인을 하라고 하나요; 시에서 운영하는 어플이라기엔 너무 후져요
Google 사용자,1,2019-05-18 10:05:29,큐알코드 인식을 못함ㅋㅋㅋㅋㅋ 급한데 시간만 날림
Google 사용자,1,2019-05-18 08:21:42,자동 로그인 기능따위 없고 아이디 연동해서 자동도 없고 검색할때마다 v30기준 바로 안나옴 자전거는 또 어떻고 복불 너무 심함 고장 신고하나 안돼서 가보면 체인빠지고 고장난거 태반 전원도 안들어고 다른 자전거 빌리라고하고 이게 나라냐?
Google 사용자,5,2019-05-15 13:37:45,따릉이는 천재예요
Google 사용자,1,2019-05-15 01:12:10,대여도 반납도 안되는거 얼른좀 고치죠
Google 사용자,1,2019-05-13 22:46:22,진짜 어떻게하면 어플을 어렵게 쓸지 고민하느라 고생많으셨어요!!
Google 사용자,5,2019-05-13 19:53:13,좋아요
Google 사용자,1,2019-05-12 23:51:27,완전 시스템 엉망임...
Google 사용자,1,2019-05-12 19:36:45,1점도 아까운 거지같은 어플이네요. 접속이 되야 뭘하죠. 로그인이 안되고 계속 빙빙돌아서 몇번을 껐다키고 폰 껐다키고 해도 안되네요. 할람하고 말람마세요
Google 사용자,3,2019-05-12 12:34:09,자전거를 즐겨타는 사람입니다. 이용권이 최대 2시간밖에 없는게 아쉽네요. 3시간도 있었으면 하는 바람입니다. 매번 2시간을 타면 아쉬운채로 반납을 하곤 합니다. 시간을 늘려주셨으면 합니다
Google 사용자,5,2019-05-12 12:26:56,왜들 평가가 박하지. 처음 가입해서 1주 이용중인데 환상적으로 만족합니다. 앱도 잘 동작하고요
Google 사용자,1,2019-05-12 01:49:57,이것도 쓰라고 만들어놓은건가...... 어이가없군요
Google 사용자,1,2019-05-11 14:39:49,"사용하기 너무불편함,타공유 모빌리티 어플보고 반성좀 하세요 별한개도 아깝습니다"
Google 사용자,1,2019-05-10 14:17:18,버그가 너무 많습니다 제대로 사용하기가 어려울 정도..
Google 사용자,1,2019-05-09 19:25:04,아 진짜 결제 온갖 방법으로 해도 다 안되고 쓰라는건지 말라는건지
Google 사용자,3,2019-05-09 14:20:04,대여중 대여(반납)장소 찾기 불가능. 어제 한번의 일시적인 오류였는지 모르겠으나 대여후 반납가능장소가 지도상에 뜨지 않아 엄청 고생함..
Google 사용자,1,2019-05-09 08:48:12,최악.. 더욱 큰문제는 이런 사용자의 피드백들이 전달이 안되는 부분인듯.. 이럴꺼면 왜만들었는지..
Google 사용자,1,2019-05-08 08:27:07,사용하라고 만든건지요?
Google 사용자,1,2019-05-08 07:15:44,진짜 어플이 너무 어려워요. 결제도 후불교통카드가 불가능하고... 티머니를 할거면 좀 알아보기 쉽게 만들던가. 많이 아쉽습니다.
Google 사용자,1,2019-05-07 09:14:27,쓰레기그자체한국공무원수준과비슷
Google 사용자,1,2019-05-06 04:20:15,아 진짜 앱 그지같네 왜캐쓰기가어려움?
Google 사용자,1,2019-05-06 01:13:39,ㄹㅇ 별한개도아깝다 걍
Google 사용자,1,2019-05-05 02:02:30,불안정하고 구리고 비싸다
Google 사용자,1,2019-05-03 19:00:50,접속도안되고 뭘만드는건자?
Google 사용자,1,2019-05-03 14:16:09,계속 로딩중으로 떠서 결국 삭제하는데.. 제거도 진행중임. 징하다
Google 사용자,1,2019-05-03 08:37:50,회원가입 인증문자가 와야 가입을 하죠..? 어제부터 오늘 계속 해도 인증번호 문자가 안옴.. 역시 제대로 관리가 안 되는듯 일을 제대로 할리가 없죠..
Google 사용자,1,2019-05-03 00:07:52,회원가입 단계에서부터 안됨 인증번호 날라오지도 않음
Google 사용자,2,2019-05-02 19:59:27,따릉이는 너무 좋아요 근데 어플이 좀 많이 안좋네요ㅜㅜ 뭔가를 누르면 반응이 없고 너무 버벅거려요 고쳐주세요ㅠ
Google 사용자,1,2019-05-02 19:44:16,로딩만뜨고 왜안돼요??? 짜증나 죽겠네요 해결책없음? 별점이2개도 안되는데 ㅋㅋㅋㅋ사람 적당히 짜증나게 해야지
Google 사용자,2,2019-05-02 17:57:14,이거 지금 로그인전에 로딩화면이 계속 떠서 이용이안되는데 수정안돼나요
Google 사용자,1,2019-05-02 17:57:08,자동로그인 설정해놨더니 초기 로딩팝업만 계속 나타남요. 수정해주세요
Google 사용자,2,2019-05-02 07:56:58,앱에 거치대 지도가 매번 안 떠서 인터넷에서 검색해서 이용하고있어요ㅜ 오류 잡아주세요
Google 사용자,1,2019-05-01 18:42:46,카드 결제하면 결제 할때 마다 카드 정보 매번 처음부터 끝까지 넣어야 되니 불편해서 사용하겠어요? 그리고 대여카드는 티머니 없는 사람 등록도 안되게 해놨네. 대여카드 없으면 사용도 못하게 만들어 놓고 한번 사용하려다가 답답하고 하는 방법도 잘 안나와있어서 포기 진짜 이거 앱 만든 사람은 사용자 생각도 안하고 만들었나보다
Google 사용자,1,2019-05-01 13:03:52,지도가 안보여서 돈만날림
Google 사용자,5,2019-04-29 20:57:48,너무 좋아요🤩 힐링~~
Google 사용자,1,2019-04-29 18:53:04,별한개도 아까움. 어플도 너무 후지고 자전거 대여할때 카드결제시 카드번호랑 유효기간 등 다 적어야함. 그래서 휴대폰결제 할랬더니 skt 선택하니 알뜰폰으로 선택이 자동이고.. 극혐.. 시간 날리고 대여못하고 후진 어플때문에 기분도 잡침.
Google 사용자,1,2019-04-28 15:16:01,앱이 굉장히 불친절해서 스트레스 받음
Google 사용자,1,2019-04-27 23:36:09,별 한개도 아깝다 이래서 관주도 사업이 안된다는거야 이렇게 에러도 많은 어플을 수정도 안하고 운영하다니
Google 사용자,1,2019-04-27 19:05:48,완전 오류도 많고 UX도 완전 어설프고 오너십 없는 공무원이 관리하는 앱이라 어쩔 수 없네요. 세금이 아깝네요.
Google 사용자,1,2019-04-27 19:02:13,앱 버전 체크시 오류라고 계속 떠서 자전거도 못타고 다시 왔네요 빨리좀 고쳐주세요
Google 사용자,1,2019-04-27 18:58:31,앱이 너무 꼬졌다. 졸라 불편하네~
Google 사용자,1,2019-04-27 16:07:16,쓰레기앱
Google 사용자,4,2019-04-27 15:38:09,아이디를 분실했을 때는 찾을 방법이 없나요?? 새로 가입하려고 해도 이미 번호가 등록되어 sns로도 가입을 할 수가 없네요ㅠ
Google 사용자,1,2019-04-27 14:48:34,무한로딩
Google 사용자,1,2019-04-27 03:05:46,진짜 쓰레기앱
Google 사용자,1,2019-04-25 11:32:30,노답
Google 사용자,1,2019-04-23 20:36:55,편의성 제로. 왜 지역확대가 안됨?? 대만 u-bike앱 좀 보고 참고하세요. 엄청 불편하고 쓸데없는 기능만 있고 정작 중요한기능은 하나도 안돼네;; 바이크앱이 지도 넓히기도 안되다니..
Google 사용자,1,2019-04-22 17:41:53,니들은 실행이라도 되지 나는 초기화면에서 10분동안 멈춰있다 뭐 이딴어플을 쳐만든거야
Google 사용자,2,2019-04-22 16:52:27,네이버로 로그인시 계속 로그인 풀려요 이것도 자동로그인되게해주세요
Google 사용자,4,2019-04-21 17:38:18,야밤에 qr코드 인식율이 낮은것 같음 그 외는 나무 좋음
Google 사용자,1,2019-04-21 14:48:04,렉도 너무심하고 복잡하고 결제도 어렵고 복잡하고
Google 사용자,1,2019-04-21 13:32:18,오류가 너무 많고 너무 느립니다. 어플 실행하고 계속 로딩만 해요
Google 사용자,1,2019-04-21 06:59:36,"아 결재 일일권하고 카드 등록도 T교통카드 밖에 안되고, 결국 자전거도 못빌리고 천원 날림요... 시간도 날리고, 어떻게 신용카드 후불카드 등록은 모바일웹에서 지원하지도 않고 쓰레기 어플을 만들었메요. 등록하려면 따릉이 태그 등록하는 장소로 가야하고, 그것 없는 대여소는 되지도 않고. 진짜 공무원들 한심하게 일합니다. 완전 쓰레기 이런 거친 악평도 살다살다가 처음 남기네용!"
Google 사용자,1,2019-04-20 18:21:20,시스템이 쓰레기
Google 사용자,1,2019-04-20 17:57:27,앱좀 제대로 다시 만드는걸 추천드립니다. 제발..앱 이상해요 렉땜에 재설치 하게되요
Google 사용자,1,2019-04-20 17:07:18,쓰레기샛ㄱ들시티머니없으면 돈증발하게해놧네
Google 사용자,1,2019-04-20 11:37:18,어플 로딩이 안되서 삭제 하고 다시 다운로드 하는데 앱 다운로드 자체가 안되네요
Google 사용자,1,2019-04-20 11:20:10,진짜 뭐같은 어플
Google 사용자,3,2019-04-20 01:59:49,"다른 기능은 만족하며 사용하고 있습니다. 하지만 요즘 앱들의 기본적인 기능인, 홈화면에서 뒤로가기 두 번 눌러 앱 종료하는 기능이 빠져있는 것 같습니다. 이런저런 메뉴를 보다가 홈으로 이동 후 뒤로가기를 누르면 종료되는게 아니라 이전에 봤던 메뉴들로 이동되는 것이 불편합니다."
Google 사용자,1,2019-04-19 18:44:39,"자전거는 정말 잘 쓰고 있어요. 거의 모든 시스템에 만족합니다. 어플은 거지같아요. 툭하면 로딩중, 화면이 넘어가질 않아 앱을 삭제하고 다시 깐적도 몇번 있습니다. 자동로그인은 한번도 된적이 없으며 잠깐 나갔다 오면 모든걸 다시 시작해야 해요. 짜증날때가 많습니다. 좋은 어플이지만 시스템 보완좀 부탁드려요"
Google 사용자,1,2019-04-18 17:21:06,홈화면에서 뒤로누르면 앱 꺼지게해줘요 계속 이전화면 가게끔하지말구요
Google 사용자,1,2019-04-18 04:08:03,별한개도아깝다
Google 사용자,1,2019-04-17 16:29:59,어플이 너무 구시대적이고 불편합니다. 좀 바꿔주세요.
Google 사용자,1,2019-04-16 13:16:42,종료하기가 뭐이리 힘들어요...세금으로 만드는거면 제대로좀하세요
Google 사용자,4,2019-04-16 08:47:18,좋은데 자구 업버젼 체크시 오류났다고 안켜질때가 많네요 ㅠㅠㅠ
Google 사용자,5,2019-04-14 10:21:47,조아요
Google 사용자,1,2019-04-13 16:24:14,겁나 못 만들었네ㅡㅡ
Google 사용자,1,2019-04-13 15:07:16,다운로드가 대기중
Google 사용자,1,2019-04-10 22:35:40,최악이에요. 렉 때문에 맨날 화나는듯
Google 사용자,1,2019-04-09 10:41:42,"누구라도 대여를 쉽게 할 수 있도록 해야지 젊은 사람들도 20분 이상씩 대여 못 할 정도로 복잡하게 만들면 어떻게 대여하라는 겁니까? 결제 후 비번만 누르면 바로 대여 할 수 있는 것도 아니고 어플로 대여소 조회, 거치대 확인, 거치대신청, 비번입력.. 이게 대체 뭐하자는건지ㅡㅡ 아니면 설명이라도 제대로 써놓던가 관리하는 직원도 잘 모르겠다는 대여방법을 시민들이 어떻게 알아요."
Google 사용자,5,2019-04-07 21:03:10,빨리안되요
Google 사용자,1,2019-04-07 17:30:56,따릉이에 묶어놓고 개패고싶다
Google 사용자,1,2019-04-07 17:00:48,개구림
Google 사용자,2,2019-04-07 12:09:17,대여소 실시간 조회는 어디있는걸까요 찾을수가없네요
Google 사용자,5,2019-04-05 19:06:27,편리하고 조아요ㅎ
Google 사용자,1,2019-04-03 20:14:27,"도대체 세금을 어떻게 쓰길래 앱을 이따위로 만드는 겁니까? 검색도 잘 안 되고, 즐겨찾기 등록도 안 되고. 개인이 만든 따릉이 앱이 훨씬 쾌적하고 편리성 있고. 위로 보고를 안 하는 거요? 아니면 보고를 하는데도 이런 거요? 공무원 철밥통들 일 진짜 거지 같이 하네 ㄷㄷㄷ"
Google 사용자,2,2019-04-02 14:55:40,초기 사용자에게는 너무나 불편한 앱. 휴대퐁결제시 삼성페이도 안먹힘. 네트워크에러라 하면서 ㅉㅉ 처음 사용하는 이용자들에게 의견 물어서 개선하길.
Google 사용자,1,2019-04-02 01:54:05,실제 사용좀 해보고 앱 수정좀 해봐요~ 사용해보면 쌍욕만 나올듯
Google 사용자,5,2019-04-01 23:53:01,따릉이만세
Google 사용자,1,2019-03-30 10:38:40,따릉이는 좋지만 따릉이 어플은 최악입니다. 어떻게 이렇게 불편하게 만들 수 있는지 어플 개발사와 공무원간의 유착이 있지는 않았는지 의심이 드네요. 최소한 확실한 건 이 어플을 만든 개발사와 담당 공무원이 극도로 무능하고 그걸 모를정도로 인지능력이 떨어지거나 아니면 알면서 그대로 넘어갈 정도로 도덕적 수치심을 못 느끼는 사람들이라는 겁니다. 부끄러운 줄 아십시오. 당신들이 낭비한 돈은 서울시민의 세금입니다.
Google 사용자,1,2019-03-28 09:52:26,제 리뷰는 왜 답이 없죠? 그리고 결제 왜이러나요? 앱이 가면 갈수록 진보하는게 아니라 퇴보하는거같네요 결제 너무 번거롭게 바껴서 쓰기가 참 난감하네요 휴대폰 결제는 뭐 계속 네트워크가 없다고 하고 카드결제는 카드정보를 다적으라는데 너무하는거 아닌가 싶네요 이런건 진짜 개선이 필요하다고 봅니다
Google 사용자,1,2019-03-26 23:35:34,"자전거공유 의도는 좋은데 운영방식,요금체계가 쓰레기"
Google 사용자,1,2019-03-26 23:17:17,결제가 얀되네요. 쓰라고 만든거 맞나요. 인증문자만 몇번째인지 원.
Google 사용자,1,2019-03-26 02:14:16,소액결제 차단 풀어도 먹통
Google 사용자,1,2019-03-25 21:59:09,다쓰고나서 앱을 닫고싶은데 닫는버튼이 없어 그냥 강제종료하고 꺼야되는데 뭔 앱을 만들때 종료버튼도 없이 만드시는지 뒤로가기를 누르면 이전창만 주루룩나오고 가장기본적인 앱닫기버튼이랑 sns로 로그인했을때 로그인유지기능좀 추가해야 앱구실을 할거같음
Google 사용자,1,2019-03-25 13:40:57,어플 완전 개판 겁나게 성의 없이 만들었다 돈이 없나 인력이 없나 좀 바꾸어라 짜증난다
Google 사용자,1,2019-03-24 12:11:39,"위치검색이 이렇게 안될 수가.. 왜 별점수가 낮은지,알겠네요"
Google 사용자,5,2019-03-24 12:02:32,캬핳
Google 사용자,3,2019-03-23 21:01:35,로그인 유지버튼이 분명히있는데.로그인 맨날 풀려있어서 너무 불편함
Google 사용자,1,2019-03-23 06:01:02,"대여중 설명이 부실하네요. 갑자기 비밀번호창이 떠서 놀랐는데 회원 이용절차에 비밀번호는 비회원용이라고 신경쓰지 말라는 설명 넣어주고, 불친절하게 시간지났다고 신청취소만 띄우지 말고 연장버튼이나 도움설명을 넣어주십시오. 깊은 밤 이동할 일이 있어 따릉이 믿고 있다가 취소됐다고 뜨고 해서 결국 택시탔습니다ㅠ"
Google 사용자,1,2019-03-22 23:13:53,"자전거를 대여해준다는좋은취지의 앱이나 앱자체의 설계가 개 열받게되어있어 사용자의 기분을 매우짜증나게만든 버그와 느린반응속도까지 합쳐져 매우 체계적으로 분노만 치밀게 만든것이 인상적이다. 또한 문제해결방법도 매우 뛰어난데, 카카오결제 오류가 많다는 성원이 올라오자 카카오페이버튼 자체를 없애버려 사용자는 기염을 토하지 않을수 없었다. 이런식으로운영할거라면 그냥 앱을내린다면 아무런 이슈도 일어나지않아서 모두가 기뻐할수있지않을까? 몇번 사용하면 알수있는 문제점들도 고치지 않은것으로보아 ""개발팀""들은 분명 이앱을 써본적이 추어도 없을것이며 자전거를 타는 서민들을 돈없는 그지새끼들로 보고있을것이다."
Google 사용자,1,2019-03-21 15:10:11,진짜 어플 왜 이따구야.. 멀쩡하게 자전거 잘 만들어놓고 실상 어플에 로그인이 안되니 쓸수가없네..
Google 사용자,1,2019-03-21 10:16:53,따릉이 자체는 너무 좋은데 앱 외주 어디다 맡긴겁니까 로그인이든 회원가입이든 되야 서비스를 쓸텐데 회원가입을 하려해도 로그인을 하려해도 안 넘어감ㅋㅋㅋㅋㅋ 하 지웠다 까는 중
Google 사용자,1,2019-03-19 19:26:45,엄청난 앱이에여 1시간동안 별 지럴다했는데 네트워크 오류로 결제가 안되네요 ㅎㅎ 자전거앞에서 1시간버렸네요 돈주고 쓰레기를 만들었네여?
Google 사용자,1,2019-03-16 14:10:51,어플 넘 별로
Google 사용자,1,2019-03-16 14:04:02,거치대 QR코드 입력도 안되고 앱은 드럽게 불편하고 좀 고칠때 된거아닌가
Google 사용자,1,2019-03-14 12:26:40,"SNS 아닌 따릉이 자체 로그인해도 앱 껐다가 켜면 로그인 풀립니다. 결국 [메뉴]버튼 누르고 상단에 [로그인] 눌러야지만 다시 자동 로그인 되구요. 아니 로그인 상태 유지라는게 앱을 켜면 유지가 돼야지, 무슨 로그인창까지 다시 가야 로그인되는게 [로그인 상태 유지] 입니까? 재로그인이죠. 그리고 로그인 직후 지도가 아닌, 왜 간략보기가 뜨게 바뀐거지요? 다른 장소에서 빌리면 대체로 근처에 어디가 있는지를 볼텐데 왜 간략보기가 첫화면인지 이해가 안됩니다. 앱이 어떻게 지날수록 퇴보하네요... 대체 어디에 하청을 주는건지... 그 하청사 직원보고 좀 타고 다니라고 하세요."
Google 사용자,1,2019-03-12 19:15:05,느리고 위치 인식 못하고 눌러도 반응없고 최악
Google 사용자,1,2019-03-11 10:03:59,노트9인데 카카오페이 결제 안됩니다. 제발 앱좀 똑바로 만들어주세요. 삼성페이 결제도 지원해주시구요...
Google 사용자,2,2019-03-10 19:06:31,카카오페이가 안 돼요
Google 사용자,4,2019-03-10 15:20:40,카카오페이 결제가 정상적으로 이루어지지 않습니다. 메시지결제 요청후 화면이 안 넘어갑니다 확인해주세요
Google 사용자,1,2019-03-10 05:20:30,본인 인증 방식좀 바꿔주세요 자기 명의로 폰 없는 사람은 어떻게 하라는 겁니까? 카드 결제할 때 이메일 인증 방식을 쓰던가 휴대폰 공인인증 있는 사람은 공인인증서로 쓰게 바꿔주세요. 제가 제 카드 결제하는데 뭔일인지
Google 사용자,1,2019-03-10 03:28:21,별하나도 아까움 시에서 하는거라고는 믿을수 없게 쓰레기중에 쓰레기 회원 가입도 안되고 비번 찾기 하면 정보 없다하고 진짜 답이 없음
Google 사용자,1,2019-03-08 18:30:46,욕나오네!! 이걸 앱이라고 만들었냐??
Google 사용자,1,2019-03-08 13:23:42,카카오 결제도 잘 안되네요 결제 했고 브라우저 이동하라해서 앱으로 갔는데 결제 완료도 안되고... 어찌하라는건지...
Google 사용자,1,2019-03-08 08:20:17,제발 다시만들어주세요 쓰고싶어도 빌리는데 시간쓰고 타지를 못하네요 타고싶을때 똭똭해야되는데 ux고려안하고 짠느낌..
Google 사용자,1,2019-03-07 17:41:51,따릉이 앱 비밀번호 찾기에서 휴대폰으로 발송하나 이메일로 발송하나 두가지 다 임시비밀번호가 발송 되었다는 메시지만 나오고 내용 들어오지 않아 로그인을 못하고 있읍니다 체크 부탁드립니다
Google 사용자,5,2019-03-07 14:49:47,따릉이 잘 사용하고 있습니다. 강사합니다.
Google 사용자,1,2019-03-06 08:13:43,대여장소 클릭해도 뜨질않아요 돈내고 정기권산건데
Google 사용자,1,2019-03-05 18:03:17,못씀 Sns연동로그인이 안되고 카카오페이결재도 하다가 막힌다. 오류가 많은 뷸량품
Google 사용자,2,2019-03-04 08:52:50,"다 괜찮은데.... 신용카드 결제 하려면 왜 신용카드를 직접 입력해야 하나요... 앱카드 같은거 연동 부탁드리고, 제로페이 같은것도 넣으시면 좋겠네요"
Google 사용자,1,2019-03-03 22:42:32,"앱 개발자가 만들고 써봤는지 참 궁금하네요 강 없애시죠 결제도 안되고 로그인 할 때마다 카톡 들락날락 ㅡ.,ㅡ"
Google 사용자,2,2019-03-02 23:39:30,1. 카카오페이 결제가 안됨. (결제신청 ㅡ 결제 ㅡ 진행안되서 다시 의 무한반복) 2. 네이버 로그인시 아이디 저장기능좀 추가 해주시져
Google 사용자,1,2019-03-02 03:37:44,어플 개발자가 누군지는 모르겠지만 정말 거지같이 만들었네요. 개발자들이 써보라고 해요. 이 어플이 얼마나 거지같은지.
Google 사용자,1,2019-03-01 12:07:38,이따위로 거지같이 만들기도 어려울 정도 유저 편의성 따윈 개나줘버린 구성 성질나서 휴대폰 집어던지게 만드는 결제시스템 애들하고 나들이 나와서 써보려다 30분만에 화딱지나서 집어치움 똑바로 좀 만드쇼
Google 사용자,1,2019-02-28 16:14:56,카카오페이로 결제해도 창이 도저히 넘어가지 않습니다. 개편 후에도 결제가 오류도 많고 너무 불편해요. 일부러 이렇게 만들기도 어렵습니다. 개발자나 담당부서에서 다른 앱들을 안 써보는 건지 무신경한건지..이정도면 직무유기 수준 같은데요. 코레일앱 편의성 10분의 1도 안됨. 오류는 없어야죠....
Google 사용자,1,2019-02-28 15:30:21,아니 결제를 하라는거야 말라는거야 타지말란겁니까? 신용카드결제는 개번거롭게 돼있고 카카오페이는 큐얼코드결제는 어떤 머저리가 생각했는지 모르겠고 핸드폰결제는 카톡가서 등록완료하고 오라는데 결제하고 원래 웹으로 돌아가면 완료될거라는데 개뿔 완료되긴커녕 새로고침도못하고~ 유효하지않다고만 뜨고 날좋아져서 오랜만에 자전거타려고 기분좋았는데 4번시도해보고 짜증나서 안탑니다 평점이 이정도로 안좋으면 개선을 해야하는거아니에요? 뭐하세요?
Google 사용자,1,2019-02-27 17:06:47,최악입니다
Google 사용자,2,2019-02-27 14:15:31,"고쳐야 할 점들. 로그인 세션 저장, 반납 후 재 대여시 지도 표시, 사용하기 너무 불편한 UI, 그 외 자잘한 버그"
Google 사용자,2,2019-02-26 11:16:23,간편결제가 아니라 불편결제...
Google 사용자,1,2019-02-26 11:10:49,결제 방법이 참... 답답하다 ㅡㅡ
Google 사용자,1,2019-02-25 19:30:38,쓰려고 하는데 왜 결제가 안되죠 어디서 결제를.해야 쓸수있는 건가요?
Google 사용자,1,2019-02-24 16:04:50,카카오 페이 결제가 안됩니다 아니 어플로 결제해서 마지막까지 가보면 결제가 안되는데 왜 이러는거죠? 제가 굳이 모바일 웹 페이지까지 들어가면서 해야만 결제가 되는거죠? 친절한 설명과 따릉이 결제 관련 향후 대책이 궁금합니다.
Google 사용자,3,2019-02-24 03:48:00,진짜 따릉이 너무 좋은데 잘썼다가 겨울지나서 결제하려니 카카오페이넘어가서 며칠을 결제인증 다 하고해도 결제가 안되네요.. 왜이러나요
Google 사용자,1,2019-02-23 23:15:53,앱킬때마다 로그인 귀찮아죽겠고 요금 싸긴한대 매일 타는게 똑같진않으니 30일권 7일권 이렇게가아니라 30회이용권 7회이용권 이렇게있었으면 좋겠는대..
Google 사용자,1,2019-02-23 19:24:05,불편하게 만들었어요 대연번호도 불편하고 이거 만든사람은 이 앱 써보긴 했나요?? 원숭이가 만들어도 잘 만들겠네요
Google 사용자,1,2019-02-22 22:11:30,거지같은 어플 카카오페이 결제해도 넘어가지도 않고 욕만 나온다 30분 씨름해도 안돼서 택시탐 ㅅㄱ
Google 사용자,1,2019-02-22 17:20:32,앱 너무 거지같다ㅠ 이용권 구매 전에 지도에서 대여소 적절한 위치에 있는지 확인 할수 있게 수정해주세요 뭔 다짜고짜 이용권 구매부터 하란건지;;
Google 사용자,1,2019-02-22 17:08:33,카카오 결제 안될거면 왜 만듬?
Google 사용자,1,2019-02-20 13:08:59,제발 결제좀 원활하게 되게 좀 만들어주세요. 그리고 카톡 결제하는데 큐알코드 스캔이라고 하고 큐알코드 띄워놓으면 핸드폰으로 결제하는 사람은 어떻게 결제하나요...? 메세지로 결제하기해도 카톡상으로 결제해도 따릉이 앱으로 넘어가서 최종결제가 안되요. 진짜 따릉이가 필요한 순간에 결제가 안되서 못하는 경우가 많습니다. 그리고 신용카드 결제도 카드사별 간편결제 되도록 뚫어주시면 안돠는건가요? 무슨 제약이 있어서 안하시는건지는 모르겠는데 따릉이가 눈앞에있는데 결제가 안되서 못쓰니까 진짜 승질나요
Google 사용자,4,2019-02-20 01:03:58,뭐 한시간에 천원이고 좋네요
Google 사용자,1,2019-02-20 00:15:08,쓰레기어플. 카톡으로 로그인을 앱 킬때마다 요구함. 심지어 웹뷰로 띄우는건지 간편로그인도 안되고 무조건 직접 타이핑 해야됨. 카카오페이로 결제하려고해도 결제도 안 됨. 처음 쓸 때 불편하고 UI도 구리고 대여 시스템도 구림. 꼴에 외국인을 위한거 붙어있는건 더 웃김.
Google 사용자,2,2019-02-18 22:50:54,따릉이 시스템 자체는 좋으나 카카오페이 결제시 자꾸 오류가 납니다 지난번 탈때도 3천원날리고 결국 웹페이지로 결제했네요
Google 사용자,1,2019-02-17 13:19:10,앱먹통
Google 사용자,1,2019-02-16 09:52:04,별 한 개도 아깝다. 뭔 앱이 켜져야 빌리던지 말던지 하지.
Google 사용자,5,2019-02-16 08:41:13,최고!
Google 사용자,2,2019-02-15 20:03:37,앱이 너어어무 느려요... ㅠㅠ 정말 원활한 와이파이환경에서도 계속 로딩... 속터져서 못쓰겠어요.. 이젠 아무리 기다려도 로딩중에서 화면이 안바뀝니다. 제발 해결좀해주세요...
Google 사용자,1,2019-02-13 16:23:40,어플진짜 너무 별로임. 따릉이는 정말 좋은데 어플이 접근성 다 떨어트린다
Google 사용자,1,2019-02-13 10:04:22,카톡 자동로그인 적용안되고 풀림 작은 세금 도둑들아
Google 사용자,1,2019-02-12 01:18:26,이용권 결제가 안 됨
Google 사용자,3,2019-02-11 22:39:25,2년정도 따릉이 이용했는데요 불편한점 1. 가끔 대여를 했는데도 연결쇠가 분리되지않아 그대로 빌릴수도 없이 반납되는 자전거가 있습니다(이럴경우 그대로 반납되고 다시 빌리면 연결쇠가 풀립니당) 2. 1번의 이유 혹은 기타 이유로 대여후 바로 반납되면 따릉이 맨처음 화면인 지도화면이 뜨질 않아 다시 대여하는데어려움이 있습니다. 지도화면이든 간략보기든 즐겨찾기를 틀든 전부 반납되었습니다 화면만 뜨고 대여하려면 3분? 가량 기다려야함 3. 앱이 반응이 너무 느리고 구식입니다 제발 개선해주세요 ㅜ
Google 사용자,1,2019-02-10 14:04:02,1월부터 쓰게 되었는데... 어플관리를 좀 해주셨으면 합니다 렉 ..... 증말 답답합니다
Google 사용자,5,2019-02-08 12:34:14,정말 좋아요 어쩌다 써보게 됐는데 버스 타기 아깝고 걷기는 먼 거리에 좋아요 왜 이제 알아쓰까... 자전거 사기엔 그랬는데 참 좋아요 다만 앱에서 자꾸 자동 로그인 기능이 안 먹어서 새로 켤 때마다 로그인 해야 해서 진짜 귀찮은데 그래도 다른 어플도 자동 로그인 안 되는 경우가 많으니까요.....ㅜㅅㅜ 귀찮음을 감수하고 쓰려구용... 헿 좋은 아이디어 좋은 정책 감사해요...♥
Google 사용자,1,2019-02-05 20:40:21,무한로딩 장난하냐 평가 이렇게 안 좋으면 좀 개선 하시지? 아 진짜 욕나오게 한다 어플 개젖같네 진짜
Google 사용자,5,2019-02-01 19:12:45,서울자전거 따릉이!! 넘 좋아요!! 참 좋아요!! 짱 좋아요!!
Google 사용자,1,2019-02-01 08:01:04,"자전거 대여되는건 좋으나, 에러가 너무많고 렉도 자주걸리고 자동로그인도 안되고 엄청 불편함. 대중교통환승도 1년 정기권만된다는데, 미리 자세히 안내를 해주던가."
Google 사용자,2,2019-02-01 01:02:14,결제하려는데 왜 안되는지 약속시간 다 지나도록 안되서 덜덜 떨면서 결제하다가 계속 안되서 걍 버스탐 시간아까워서 참
Google 사용자,1,2019-01-30 17:42:04,아니 인증번호가 왜안와...
Google 사용자,1,2019-01-30 08:44:39,구동 에러가 많이 발생함. 출근때 마니 당해서 택시비가 따릉이 보다 많이 나감
Google 사용자,1,2019-01-29 12:58:57,결제수단 폰빼고되는게없네요?
Google 사용자,1,2019-01-28 14:53:22,결제 여러번시도해도 안되네요
Google 사용자,1,2019-01-26 22:37:46,업데이트 후 최악
Google 사용자,1,2019-01-26 09:49:27,인증번호가 안 옴 ㅡㅡ
Google 사용자,1,2019-01-22 18:12:14,회원가입하려고하는데 인증번호가 안와요ㅡㅡ
Google 사용자,1,2019-01-20 16:52:03,개불편함 단말장치 해제하는데 10분씀
Google 사용자,1,2019-01-08 13:44:49,출근길에이용해서까치산역에 반납하고 가야하는데보니까 위치보니까좀멀리떨어져있네요.그래서가입안함.까치산역에가까이 설치해주면 가입하겠읍니다.
Google 사용자,1,2019-01-07 00:38:17,아니 무슨 거지같이 만들어서 천원날리고가네 앱도 복잡하고 안빠져서 흔들다 갑자기 반납됐다고하고 다시결제하려니 사용중이라고 하..이딴거에 내세금 쓰지좀마요 돈아까워
Google 사용자,1,2019-01-03 18:22:37,오류때문에 자꾸 사용에러가 나네요.정기권 구매했는데 이렇게 하루 날리고 전에도 일일권 오류나서 사용못했었습니다. 잦은 오류 수정 부탁드립니다
Google 사용자,3,2019-01-01 19:15:33,로그인 기록 저장 기능 확인 및 개선 요망
Google 사용자,2,2018-12-24 23:17:22,앱이 전반적으로 사용하기 넘 불편합니다 특히 앱 실행하면 첫지도화면이 시청역중심으로 표시된후 내 주변지도로 넘어가는데 시간이 너무 오래걸리는데다 심지어 내주변지역으로 넘어가지않고 시청역에서 멈추는경우가 더 많습니다 앱을 실행하면 바로 내 주변지역표시를 설정할수있게 해주세요 그리고 지도 오른쪽 gps아이콘 위치가 삼성엣지폰 사용자에겐 상당히 불편합니다 엣지에 걸쳐있어서 그런지 잘 안눌러집니다 위치를 옮겨주시던지 아이콘 사이즈를 키울수있게 해주시던지 부탁드립니다
Google 사용자,1,2018-12-22 20:17:00,인증번호 기다리다가 걸어갑니다 절대 유용한 앱이 아니네요 차라리 인증번호 시간 기다리느니 편하게 지하철 탑니다 수고하세요
Google 사용자,1,2018-12-22 04:12:47,최악 의 어플 이다 1 따릉이자전거 거치대 위치가 틀린곳 이 많고 찾기가 힘들다 특히 야간 과 거치대 에 자전거 가 무두 비어 있을 때 . 2 네비게이션 기능 이 꼭 필요한데 없다 3 자전거를 렌트하고 난 후 어플메인페이지 가 잔여시간 이 먼저 보이고 반납거치대 위치는 빽페이지로 잘 못 되어 일을뿐만 아니라 넥스트 뷰 페이지 창 도 오류 가 많고 실행도 잘 안된다
Google 사용자,1,2018-12-22 00:53:54,따릉이는 좋은데 이 앱은 참 노답이다. 어느 업체가 수주했는지 몰라도 개발력보단 로비력이 뛰어난가보네...
Google 사용자,1,2018-12-22 00:35:55,"어플버전 체크를 왜자꾸하며, 에러가계속뜨네요 이용하기참어렵네//"
Google 사용자,2,2018-12-22 00:34:14,앱실행이안되네요;;;
Google 사용자,1,2018-12-22 00:25:16,아니 앱 버젼 오류 뜨더니 업데이트도 할 건 없고 지웠다 다시 깔려니까 깔리지도 않ㄴㅔ 병 1신 같은 앱 ㅋㅋㅋ 운영을 할 거면 똑바로 해라 사람 열 받게 하지 말고
Google 사용자,1,2018-12-22 00:17:53,"들어가자마자 앱 버전 체크 않된다 하네요.데이터,와이파이 둘다 않되는데 ..."
Google 사용자,1,2018-12-22 00:15:11,앱 오류가 많습니다. 답답하내요
Google 사용자,1,2018-12-22 00:12:30,자전거는 부족하고 맨날통신장애이고.. 형편없음
Google 사용자,1,2018-12-22 00:11:18,갤럭시노트9인데 오류 생겼다고 다시 연결하겠습니까?만 반복되고 어플이 안켜져요
Google 사용자,1,2018-12-19 21:43:48,따릉이 왜접속안됨? 로딩중에서안넘어가
Google 사용자,1,2018-12-19 05:59:12,"아이디 가입이 안됩니다. 인증번호를 발송했다는 통보가 오지만, 계속해도 변함이 없네요. 확인 부탁드립니다"
Google 사용자,1,2018-12-18 20:58:17,어플 개선 의지 없음
Google 사용자,4,2018-12-18 07:07:46,결제 인증 문자가 너무 늦게 와요 앱이 진짜 비회원한텐 쓰레기인데 회원권을 끊었더니 세상에... 대여하는 데 20초도 안 걸림. 덕분에 잘 타고 댕깁니다.
Google 사용자,5,2018-12-16 20:25:37,따릉이 길 더 많이 확보해 주세요^^
Google 사용자,1,2018-12-16 01:09:06,아니...로그인이 안된다고요...깊은..빡침.. 핵추운데 진짜 짜증나 죽겠어 30분째 로그인안되서 앞에서 얼어뒤지는중 결국엔 택시탔고 진짜 개미똥 같아요 이 어플. 홈페이지 다 로그인이안되네 비회원도안돼 되는거머임? 걍 집어쳐~~~
Google 사용자,5,2018-12-11 16:51:40,담당자분 피드백이 좋아요!
Google 사용자,1,2018-12-01 14:42:04,그냥 안됨 왜 만들엇지
Google 사용자,1,2018-12-01 13:43:05,앱이 튕기는때가 많음
Google 사용자,1,2018-12-01 12:29:01,진심으로 그지같은 앱은 처음이다. 이거 때문에 추운날에 10분동안 낑낑대다가 걸어왔다.
Google 사용자,1,2018-11-30 19:07:44,넘 에러가 많아요
Google 사용자,1,2018-11-30 18:56:38,앱을 열면 몇 달째 연결이 됐다 안됐다 하면서 접속에 장애가 있단다. 첫페이지에서 아예 넘어가질 않고 먹통이다. 하루 이틀도 아니고 어떻게 몇달째 이럴 수가 있나? 조금전에도 따릉이 타려고하는데 자전거 빌리는 시간이 타는 시간보다 더 걸렸다. 업그레이드하기 전이 훨씬 안정적이었다. 서울시 담당 공무원들은 뭐하고 있는지 모르겠다. 따릉이를 안타나보다.
Google 사용자,1,2018-11-30 17:08:31,어플 지도 안뜨고 필요할때마다 에러남 핵구림
Google 사용자,1,2018-11-29 13:53:04,반납처리가 안되면 사용자 책임이라고 과금에 대한 걸 해결해줄수 없다고 하네요. 통신 장애가 하루 이틀 일이 아닌데 통신 장애를 사용자한테 증명하라는건 합리적이지 않은거 같습니다. 다음부터는 반납 알림톡이 안오면 사진찍어두라네요...
Google 사용자,3,2018-11-29 08:59:11,네이버 아이디로 회원 가입 및 로그인 사용 중입니다. 로그인 유지가 되지 않아 접속할때 마다 로그인 해야하는 불편함이 있네요 개선해주세요.
Google 사용자,1,2018-11-26 08:01:28,결제안됨 장난하나
Google 사용자,3,2018-11-24 00:29:02,"따릉이를 매일 잘 이용하고 있는데요, 앱 UX로 인한 불편한 일이 한 두 번이 아닙니다. 원하는 페이지로 이동하는게 아니라서 history를 보는 것 마냥 이용했던 페이지까지 이동해요. 심하면 종료팝업이 출력되고.. 개인적으로 카카오 로그인을 이용하는데, 로그인 체크를 해도 다음날이면 풀려있더라구요. 불편한 사항이라면 다른 분들도 다 써놨으니 더이상 코멘트를 안할꺼지만요.. 개발자를 대충 구한건진 모르겠는데 세금이 아깝게 느껴지네요 ㅎㅎ"
Google 사용자,3,2018-11-23 12:13:48,안열리잖아
Google 사용자,2,2018-11-22 19:44:52,자동로그인 설정해도 따릉이앱 실행할때마다 로그인해야되서 불편하네요.. 앱도 앱같지도않고 참불편합니다..
Google 사용자,1,2018-11-21 20:12:50,이런거 안남기는데 세상 최악의 어플이네요 따릉이 취지가 좋아서 어플이 중간만해도 대만족일텐데 이건 뭐 초등학생이 만든 어플보다 못하니.. 출퇴근으로 어쩔수없이 따릉이 이용하곤 있지만 어플 개발자 리베이트가 의심될 정도의 수준을 보여주네요
Google 사용자,2,2018-11-20 23:35:56,제발 어플 딱 켰을 때 로딩중입니다 무한반복인거 좀 어떻게 해주세요 ㅠㅠ
Google 사용자,1,2018-11-20 22:56:36,공무원들이 하는 게 다 그렇지
Google 사용자,5,2018-11-16 15:09:38,무지좋아요
Google 사용자,5,2018-11-16 11:46:48,18-11-16 11:46 삭제
Google 사용자,1,2018-11-11 20:54:32,다운받고 써야할부분이 있어서 로그인을 하여 가입을 했는데 서비스중 오류가 발생했다고 나오면서 로그인을 2번다시 못하고 쓰지못하고 있는데 이걸 어떻게 쓰라는건지 모르겠네요
Google 사용자,1,2018-11-10 17:51:13,따릉이 상당히 불편하다 좀 쉽게 만들어달라
Google 사용자,1,2018-11-10 11:15:48,따릉이 좋은데 앱 진짜 노답
Google 사용자,1,2018-11-10 10:58:59,앱자체가 튕기자나 --
Google 사용자,1,2018-11-10 02:12:52,앱이 쓰레기네요 회원가입 했다가 불편해서 비회원으로 해도 안 되고 업데이트를 왜 한건지..
Google 사용자,3,2018-11-09 20:53:45,엉덩이 다젖음
Google 사용자,1,2018-11-06 02:39:26,정말 쓸때마다 짜증나네요 앱도 느려 몆번씩 켜야되는지 세금만 축내지 말고 앱을 제대로 쓸수있도록 만들어요
Google 사용자,1,2018-11-05 15:52:14,자전거 타기전 스트레스 받는 어플
Google 사용자,1,2018-11-05 14:49:28,로그아웃이 않됩니다ㅠ
Google 사용자,1,2018-11-05 14:25:20,욕나오게 만듬
Google 사용자,1,2018-11-04 16:34:02,이렇게 만드는 것도 능력인듭
Google 사용자,1,2018-11-03 19:40:00,자동로그인 계속풀려가지고 엄청 불편하네요 그리고 무한 로딩중은 먼가요
Google 사용자,1,2018-11-03 16:56:59,이따구로 만들거면 앱 만들지마라 짜증나네
Google 사용자,1,2018-11-02 20:58:49,이거 만든 공무원 잘라야함
Google 사용자,1,2018-11-02 10:21:32,딴거 다 참겠는데 왜 인증번호를 안주는거야 가만있던 자동로그인은 왜 건드리고? 다른 앱 개발자들은 세금도 안받고 잘만 만드는데 이 앱 개발자들은 세금을 쳐 받고도 왜 못만드는지 ; 할말 있음 꼭 연락 주면 좋겠다 제발 할말 많다
Google 사용자,1,2018-10-31 18:41:14,앱 사용성 개선이 필요할것 같습니다. 가입 및 결제 수단등 설정이 너무 불편하네요.
Google 사용자,1,2018-10-30 18:08:13,"자전거도 개그지같고 여기저기 녹슬고,, 급하게 타려고 앱키면 로딩중만 계속뜨고 완전 쓰레기,, 수원 모바이크가 백배는 났다, 좀 빨리다닐까 시도해봤는데, 하루만에 손절각 보여주는 갓릉이 아주 못타겠네"
Google 사용자,1,2018-10-30 12:36:59,업뎃 좀 해라 맨날 버벅거리고 자동로그인도 안되고
Google 사용자,1,2018-10-30 12:21:46,따릉이는 참 좋은데 앱 만든사람이 참 못났다. 허구한날 렉먹고 개발자 능력부족
Google 사용자,1,2018-10-30 09:07:49,앱 구동이 왜 이리 오래 걸리는 건가요? 시작화면에서 계속 로딩중이면 어떻게 이용하죠?
Google 사용자,1,2018-10-28 02:25:59,"제발 어플좀 제대로 만듭시다. 오랜만에 쓰려니 비번 기억 안나서 찾기 했더니, 임시 비밀번호 발송해준다면서 한참동안 안보내주네요. 결국 기억을 더듬어 비밀번호를 찾아낼 가능성까지 없어져서, 비회원으로 구매하려고 하니까 또 회원이라고 구매 못하게 하네요;"
Google 사용자,1,2018-10-27 21:51:39,앱 오류가 너무나고 켜지지가 않아요
Google 사용자,1,2018-10-27 19:42:51,로딩만 오천년 걸리는데요;;;
Google 사용자,1,2018-10-27 15:27:35,앱 누가 개발했나요 그냥 자살하세요
Google 사용자,3,2018-10-27 05:11:36,자동로그인이 안됨. 접속시마다 번거롭고 불편함. 자전거 대여와 사용은 편리한거 같음
Google 사용자,1,2018-10-26 15:18:04,이걸 돈주고만들었냐 인간들아 에휴
Google 사용자,1,2018-10-25 23:32:05,빌리려고 어플을 켰는데 로딩중.. 계속 로딩중.. 재부팅을 해도 다시 깔아도 로딩중.. 무슨 리눅스인가요
Google 사용자,1,2018-10-25 15:59:35,결제시스템 최악인듯
Google 사용자,1,2018-10-24 18:25:12,켜지지도 않는 매우 개똥같은 앱!!!!!!!!!!!!!!!!!!!!!!!!!!!!!!!!!!!!!!!!!!!!!!!!!!!!!!!!!!!!!!!!!!!!!!!!!!!!!!!!!!!!!!!!!!!!!!!!!!!!!!!!!!!!!!!!!!!!!!!!!!!!!!!!!!!!!!!!!!!!!!!!!!!!!!!!!!!!!!!!!!!!!!!!!!!!!!!!!!!!!!!!!
Google 사용자,1,2018-10-23 17:57:21,인간적으로 앱에 너무 오류 많고 느려요.. 리뷰잘안남기는 성격인데 앱 진짜.. 아
Google 사용자,1,2018-10-23 10:55:41,로딩중이란 화면뜨고 안 넘어가면 지웠다 다시 까세요. 팝업 같은거 뜨는 경우도 있는데 그거 지우면 또 다시 됩니다. 이렇게 엉망인 앱 간만에 보네요.
Google 사용자,1,2018-10-22 13:12:10,"따릉이라는 제도는 참 좋은데 앱이.... 개선 좀 합시다 제발ㅠㅠ 업데이트로 개선이 필요한 정도가 아니라, 아예 리뉴얼이 필요해보입니다. 여력이 안되면 외주의 힘이라도 빌려서 앱 개선을 하는 것이 시급해보입니다."
Google 사용자,1,2018-10-21 19:33:52,아좀 되게 만들어야지
Google 사용자,1,2018-10-21 03:10:25,비밀번호찾기하고 다시 어플여니까 로딩중 창만 뜨고 앱이 열리질 않네요. 뭐 어떻게 사용하라는건지.. 해결방법이 있으면 알려주시기 바랍니다.
Google 사용자,2,2018-10-20 22:59:28,앱이 자주 실행이 안되용 ㅜㅜ 그리구 네이버 이메일로 계정 만들었더니 자동로그인 안되는게 불편해요~
Google 사용자,4,2018-10-20 16:31:25,따릉이앱 유용하고 좋은데 중간에 들어가려니까 자동로그인 설정해놔도 자꾸 로그아웃되네요 그것도 좀 불편한데 그 상태로 로딩중이라고 뜨고 화면이 안 넘어가서 어플 이용이 아예 안돼요 강제중지해도 첫화면에 로딩중만 뜨네요;
Google 사용자,1,2018-10-20 07:37:11,무한 로그인 시작도못하고 그냑 홈페이지 쓰는게 빠르네요
Google 사용자,1,2018-10-20 00:56:12,앱 똑바로 안만드냐???
Google 사용자,1,2018-10-17 22:23:13,진짜 너무열받네요 아니 회원가입했더니 로그인도 안되고 그래서 회원가입 다시하려고하면 이미 가입된회원이라고 나오고 아이디찾기하면 아이디 나오는데 비밀번호찾기하면 왜 없는회원이라고 나오고 로그인도 안되냐구요 제가 이거 몇일을 시도했는데 안되서 비회원으로 한번 타보려했더니 전부다 휴대폰인증하면 회원이라 로그인하라고 그러고 근데 로그인은 안되고 사람 미치게만드네 따릉이 서울시 정책으로 알고있는데 앱이랑 이딴식으로 관리하세요?
Google 사용자,1,2018-10-17 18:45:17,앱 실행 시 버전 체크하는 단계에서 먹통이 되어 보관소에 몇 대의 따릉이가 있는지 확인하지 못해 직접 가보고 허탕치는 게 반복되네요.
Google 사용자,1,2018-10-17 18:35:53,왜자꾸 로그인도 안되고 오류발생합니까
Google 사용자,1,2018-10-17 18:20:58,최악. 쓰레기앱. 모버일 인터넷으로 하는게 더욱 빠르고 편리하다. 어플 실행 안됨. 페이지 안나옴
Google 사용자,2,2018-10-16 17:59:53,마포도서관 언덕말고 평지에다가도 만들어주세요ㅜ
Google 사용자,2,2018-10-16 16:26:22,회원가입 짜증나게 하네요
Google 사용자,5,2018-10-15 04:55:55,유용..매우 유용히 사용중
Google 사용자,3,2018-10-15 00:58:46,아니 합정역 1번출구는 왜 자전거는 있는데 대여가능한게 0인가요ㅡㅡ 또 7번출구는 2대 가능하다고 하더니 하나는 고장이고 하나는 아예 대여가능 목록에 뜨지도 않고 개판이네 앱 진짜
Google 사용자,1,2018-10-14 22:46:22,서울시가 하는일이 다 그렇지~!!!! 누가 어떻게 앱을 만들었는진 몰라도 머리가 정상은 아닌듯하다 적당히 놀고 일 좀 해라 이게 사람 편의를 위한건지 빡치게 만든건지 모르겠다 이럴바엔 따릉이를 만들지 말던지 세금가지고 장난질 잘하네
Google 사용자,2,2018-10-14 22:07:51,왜 계속 로딩중이라고 뱅글뱅글돌기만 합니까? 짜증나서 뒤로가기 버튼 눌러도 앱 종료도 안되고.
Google 사용자,2,2018-10-14 13:56:55,"로그인 조차도 안되고 ""로딩중"" 표시만 무한반복되는 경우가 허다하네요. 특히 주말엔 사용을 포기할정도에여. 제발 좀 보완 좀 해주세요!!"
Google 사용자,1,2018-10-14 00:03:48,어플 실행하는데 너무 오래걸림 오래기다려도 안켜짐 너무 느리고 느리고 또 느림 로딩화면만 계속 뜸. 차라리 모바일웹으로 이용하는게 더 빠름
Google 사용자,2,2018-10-13 20:13:07,앱 사용이 불편합니다
Google 사용자,5,2018-10-13 16:48:02,아주 좋아요
Google 사용자,1,2018-10-12 23:46:36,로딩이 너무 길어요
Google 사용자,1,2018-10-12 20:09:38,오류가 너무 많아서 사용이 불편해요
Google 사용자,1,2018-10-12 18:49:51,왜 자꾸 로그아웃 되는거야
Google 사용자,1,2018-10-12 16:32:06,진짜씹돌아이들인가 무슨 어플이 실행할때 뜨는 팝업창땜에 한참을 실행이안되냐고요 ㅋㅋㅋㅋ 어플을 진짜 개허접으로만들엇네
Google 사용자,5,2018-10-11 12:22:15,따릉이 더 많이 보급되었으면 좋겠네요
Google 사용자,1,2018-10-11 09:55:39,로그인 유지 안됨 앱 킬때마다 아이디 비번 입력하라는 팝업 반복 뒤로가기 기능 불편
Google 사용자,1,2018-10-11 09:13:28,시스템 최악 기획한 공무원도 조져야 하고 시스템 업체도 조져야함 이 단순한 시스템을 이렇게 어렵게 기획한것도 문제고 그에 맞춰 최악으로 만들어진 시스템 오류는 말할것도 없고 사용하기도 불편하고 느리고 최악중에 최악
Google 사용자,5,2018-10-10 09:30:56,좋아요
Google 사용자,1,2018-10-09 21:38:22,매번 접속마다 로그인하게 할거면 자동로그인 체크는 왜 있는건가요? 엄청 느린데다 데이터 소모량도 많아서 최악. 차라리 앱없이 교통카드나 신용카드 찍으면 이용할수 있게라도 해 주세요.
Google 사용자,1,2018-10-09 21:37:03,따릉이 정말 재밌는데 앱은 최악의 쓰레기네요. 앱을 이딴식으로 만들면서 어떻게 빌리라는건지ㅡㅡ 빌리러 왔다가 기분만 더러워지고 돌아왔습니다. 앱만 바꿔주시면 최고의 자전거앱이 될 수 있을것 같아요. 지금 이상태면 그냥 쓰레기 입니다.
Google 사용자,1,2018-10-09 21:08:31,검나게 짜증남
Google 사용자,1,2018-10-09 16:24:48,어플이 안켜지는데요...ㅋㅋㅋ 어제 365일 2기간짜리 결제했는데 어제는 잘되더니 오늘은 켜지는 것조차안되네요...
Google 사용자,1,2018-10-09 16:23:16,오류가 너무 나는거 아녜요??
Google 사용자,1,2018-10-09 16:13:40,통신장애 지도고장 로딩지연 대체 씨ㅣㅡ발 문제가 몇개냐? 관리하는ㅅ ㅐㅡ끼들이 공무원이라그런가 쉬는날만되면 일처리가 답이없네 문제가생기면 적어도 공지라도미리미리해주든가 니네철밥통 돌머가리 ㅅ ㅐㅡ끼들때문에 영화도 늦고 길도 돌아가고 한두번이아니다 빡머가리 따릉이 관리자ㅅ ㅐ 끼들아 제발 일좀하자
Google 사용자,1,2018-10-09 16:12:03,서버이상하고 너무어렵고 불편해요
Google 사용자,1,2018-10-09 16:11:27,앱이되질않네
Google 사용자,1,2018-10-09 16:11:20,이거 만들고 승인하고...세금받으시는거죠? ㅎㅎ 정말 중딩이 만든수준이네.. 자전거 대여한다고 가족과 2시간 넘게 앞에서 열불내는중인데.. 결재는 되고 잠금은 안풀리고 ㅎㅎ 대단하세요 정말~~ ^^ 이 서비스 승인한분들 존경합니다. 세금을 이렇게 써주시다니 ㅋㅋ
Google 사용자,2,2018-10-09 16:09:55,따릉이 처음으로 오늘 이용해보려고 큰맘 먹었는데 ㅜ 어제까지 잘 되다가 오늘 갑자시 접속이 안되네요. 인터넷 홈페이지도 접속이 안되고.....
Google 사용자,1,2018-10-09 16:09:51,서버관리 ... 노답
Google 사용자,1,2018-10-09 16:02:40,"1시간 걸려서 결재했는데, 자전거에서 서버랑 통신안된다고해서 돈 날렸네요. 이딴 쓰래기를 왜 해서 시간날리고 돈날리고 고객센터는 전화도안되고, 어플도문제고 다문제네요."
Google 사용자,1,2018-10-09 16:02:26,오류 많아요 1시간 째 로그인도 못함
Google 사용자,1,2018-10-09 16:01:38,장애가 너무많아요.
Google 사용자,1,2018-10-09 15:58:53,뭘건드린거야 진짜 속도 느려터졌고 데이터 쓰고있는데도 네트워크 연결이 종료되었다지를 않나 진짜 최악의어플
Google 사용자,1,2018-10-09 15:55:08,사용할때마다 다운되서 지웠다다시 깔기를 백번 한것 같다. 만들고나서 점검 안하나?????
Google 사용자,1,2018-10-09 15:48:59,앱 상태 극악입니다. 갤럭시 7엣지 소프트웨어 최신이구요 네트워크상태가 불안정하다는 메세지만 계속나오고 껐다 켜려면 폰 재부팅 하지않는이상 재실행조차 안되네요. 다른 앱 인터넷들은 같은 조건에서 다 정상작동합니다. 자전거타러 나들이 나와서 앱이랑 1시간 씨름하다 포기했습니다.
Google 사용자,1,2018-10-09 15:48:45,돈 내고 결제했는데 앱 접속이 안돼서 못쓰네요 어이가 없어요 ㅎㅎㅎ 아니 무슨 시에서 초등학상이 만든 앱보다 구린 앱을 내놓습니까 개발비 어디로 쓴거에요?
Google 사용자,1,2018-10-09 15:47:34,뭐 접속이 되야 이용을 하든지 말든지하죠 통신에 장애가 있다길래 제 문제인줄 알았는데 다른건 다되는데 따릉이만 안됨. 옆에 모르는 사람 3명도 지금 못빌려서 다 폰만 만지는중. 만들려면 제대로 만듭시다.
Google 사용자,1,2018-10-09 15:43:41,뭐 같이 느리네요 휴일에 빌리려는데 한시간은 걸린듯
Google 사용자,1,2018-10-09 15:38:52,아 쓰다가 암 걸릴뻔 버그 투성이 Qa를 했습니까 담당 공무원님
Google 사용자,1,2018-10-09 15:37:43,따릉아 정신차려 ㅠㅠ
Google 사용자,1,2018-10-09 15:33:19,서버관리 이딴식으로할겁니까 무슨 앱을 들어갈때마다 오류야ㅡㅡ 점검좀똑바로해요 결제도 빠르게 이루어지지않고 들어가면 오류만뜨고 이게진짜 공공앱서비스맞는겁니까?? 일반 개발자가만든거보다 못하면 그게 무슨 공공서비스야 맨날 서버오류뜨고 이용객들 이용하지 못하게 하는것도 아니고 아무튼 이거만든 개발자는 평생 따릉이만 타고 다니게끔해야돼 그래야지 자기네들이 뭘 잘못하고있는줄 알지 똑바로 고쳐주세요 데이터 사용량많아지는거면 지도를 다른 사기업이랑 협업해서 이용하든가 겉만 번지르르하게 꾸며놓곤 속 까보면 제대로인게없어
Google 사용자,2,2018-10-09 15:30:42,통신에 문제가 생기면 서울시 전체 자전거를 탈 없는 엄청난 연계성에 놀라게 되었다고 한다
Google 사용자,2,2018-10-09 15:18:35,앱이 렉이 너무 심해요 한번에 넘어가는게 없고 개선좀 해주세요
Google 사용자,1,2018-10-09 15:10:15,어플 좀 잘 만들어라
Google 사용자,1,2018-10-09 14:48:03,로딩중만 뜨고 앱이 안 열립니다
Google 사용자,1,2018-10-09 14:47:01,로딩 너무 느림 속터짐
Google 사용자,1,2018-10-09 13:21:32,"앱 오류로 자꾸 튕기네요. 최종 업데이트도 오래전인 데, 업체가 돈 먹고 튄 거?"
Google 사용자,1,2018-10-09 09:30:48,오류나서 대문화면에서 넘어가질 않네요!!
Google 사용자,1,2018-10-08 11:53:15,이상하게 만들지마요 회원가입을해도 안되요 좀이런거 오류고쳐요
Google 사용자,1,2018-10-07 23:59:29,로그인 에러 너무자주일어나고 시간 쪼금만지나도 로그인 매번 새로해야하는 불편 으로 최악임
Google 사용자,1,2018-10-07 17:08:45,업데이트좀하세요
Google 사용자,1,2018-10-06 21:59:32,아진짜 짜증나요 카톡으로 로그인해서 결재했는데 나갔다 들어오니까 로그아웃되서 다시로그인하려니 로그인안됨 ㅋㅋ 카톡으로 로그인들어가면 회원가입으로뜨고 연락처 인증누르면 가입된 회원이라고 진짜 어쩌라는건지 이따위로 만들어서 에효
Google 사용자,1,2018-10-06 21:15:01,왜안켜짐
Google 사용자,1,2018-10-06 17:47:06,켜지지도않아
Google 사용자,1,2018-10-06 04:04:43,별루
Google 사용자,1,2018-10-06 01:48:02,어플이 안커져요 아 빡친다
Google 사용자,1,2018-10-06 01:24:28,버전 체크 오류로 열리지도 않네요. 기가 차서 리뷰 남깁니다. 별 하나도 아까워요.
Google 사용자,1,2018-10-06 00:44:25,"설치하고 실행시켰는데 버전체크오류뜨고 실행이 안되요 아직 시작도 안했는데 자전거 타라는건지 타지말라는건지.. 박원순 뭐하냐? 자전거대여소만 들입다 만들면 뭐하냐? 쓸수가 없는데.. ㅠㅠ 미세먼지 줄인다고 미봉책인 대중교통 무료승차를 하질않나, 달동네 한달살기쇼나하고, 대통령이 잘해서 삼선한거지, 솔직히 당신이 잘해서 뽑힌건 아니잖아!! 서울시에 바치는 세금이 아깝다 아까워 ㅠㅠ"
Google 사용자,3,2018-10-05 09:01:37,간편하게 자전거를 빌릴 수 있다는 게 좋습니다. 그러나 앱을 사용할 때마다 로그인을 해야되고 로그인을 할 때마다 인증을 해야하는 점이 굉장이 불편합니다. 로그인 상태 유지 버튼을 눌러도 전혀 유지되지 않아요. 이 점 개선 부탁드립니다.
Google 사용자,1,2018-10-04 17:10:10,국가에서 만든 앱인가요? 너무 꾸져서... 지금 20분째 로딩만 하고있어서 너무 답답하네요.
Google 사용자,1,2018-10-04 00:39:26,1.카카오톡으로 로그인 시 자동로그인 기능 없음 2.지도 보기 불가 3.무한 로딩으로 삭제 후 재설치해야할 때가 있음 4.직관적이지 않는 메뉴구성 및 UI
Google 사용자,1,2018-10-03 22:53:12,ㅎㅎ좋은 환경을 잘만들고서는 이런 있으나마나한 시스템의 앱을 만든다는게 놀랍다 ㅎ 무슨 돈을 맥이지 않았나 싶을 정도로 형편없는 앱이다.
Google 사용자,1,2018-10-03 22:27:33,"살다살다 이런 쓰레기 같은 앱은 처음봅니다. 세금으로 만들어진 앱일텐데 중학생이 만든앱 보다 못하면 어쩌자는 건지 잘 모르겠습니다. 지도,앱의 렉, 접근성, 용이성 등, 각종 다양한 부정적인 면을 모두갖춘 앱입니다. 다시 한번 이앱의 개발자와 운영진, 관리자 등에대해 고찰과 성찰 부탁드립니다. 정말 대한민국 서울 시민으로써 세금이 아깝습니다. 돈을 받아 쳐!!!!!!!드셨으면 그에대해 돈 값을 하는 것은 당연하거니와 그렇지 못하면 그에대한 공무원 등은 질책을 물어야 하는 것은 당연한 겁니다. 기업에서는 성과를 못내거나 이러한 결과물을 제출 하였을 때엔 그에 대한 합당한 질책이 있습니다. 왜 국민들이 공무원은 철밥통이라 하는지 아시는지 모르겠습니다. 제발 아시고 이앱을 개선 해줬으면 좋겠습니다"
Google 사용자,1,2018-10-03 20:46:41,"이래서 공무원이 섞인 모든게 하기싫은거다! 어플깔고 결제까지만 잘 진행되고 실행에는 오류나서 이틀만에 세번 지우고 깔기를 반복, 지도인증 몇시간째 안되고 자전거는 눈앞에 수십대가 서있어도 탈 수가 없다. 도대체 이게 사기나 보이스피싱이랑 뭐가 다른가"
Google 사용자,1,2018-10-03 18:26:37,최악of최악 쓰레기중의 쓰레기 어플
Google 사용자,1,2018-10-03 17:17:33,개인 어플개발 책보고 만든 어플같음... 1. 거치된 자전거 두대 있는데 대여가능한 자전거 0대로 표시 됨. 고장난 자전거도 없음. 2. 앱실행시 무한 로딩. 3. 네이버 로그인 불가. 4. 기능은 별로 없으면서 앱 실행 속도는 너무 느림
Google 사용자,1,2018-10-03 17:09:42,네트워크 쓰레기임
Google 사용자,1,2018-10-03 17:00:29,서울자전거 사업은 최고의 공익사업이지만 따릉이 어플리케이션은 제가 이용해 본 모든 어플 중 최악입니다. 이렇게 사용자를 불편하게 할 것이라면 차라리 이전의 웹사이트 방식으로 바꿔주세요.
Google 사용자,1,2018-10-03 16:43:19,최악ㅡㅡ무한로딩걸림
Google 사용자,1,2018-10-02 19:35:13,따릉이 이용하려고 앱 설치했는데 회원가입에서 인증번호가 몇분째 안오고 다시 시도 계속 해도 같은 현상이 반복되서 결국 사용못함 ㅠ
Google 사용자,1,2018-10-02 19:04:57,이거 회원가입할때 인증번호를 요청하는데 인증번호가안오네요;;; 12번이상은 시도했는데 올생각을 안해요
Google 사용자,1,2018-10-01 07:37:28,대전에서 타슈이용하다가 따릉이 이용해봤는데 최악.. 너무불편함 어플 오류도 많고. 어플때문에 시간 오지게걸림
Google 사용자,1,2018-09-30 17:31:04,자전거가 너무 없어요ㅡ
Google 사용자,1,2018-09-29 23:23:59,자전거 빌리는데 데이터도 너무많이잡아먹고 자전거빌리는데만 기본 15분 이상이걸립니다 그리고 대여권 다 사서 다른데들렸다가 다시 타려하니 지도가 안떠서 결국 남자친구가 다시 단체권사서탔네요;
Google 사용자,1,2018-09-29 21:17:34,시스템의 좋은점을 앱의기능이 전부 상쇄시킵니다 제대로된 프로그래머써서 앱좀 만드세요 컴공과 1학년도 이렇게는 안만들겠다
Google 사용자,1,2018-09-29 21:17:32,최악 최저 이딴걸로 돈벌 생각하니 소름
Google 사용자,1,2018-09-29 20:03:48,정말정말 쓰레기 어플이네요 중학생이 이거보다 어플 잘만들것같아요
Google 사용자,5,2018-09-29 19:01:10,사용법이 생각보다 어렵지않고 남녀노소 누구나 사용할수 있어 좋은시간이었습니다
Google 사용자,1,2018-09-29 16:54:56,앱에 렉이 어마어마..
Google 사용자,1,2018-09-29 14:07:33,야이 시x 놈들이 프로그래밍 1도모르는 애들한테 세금주고 맡겨서 뭔 제대로 작동도안하고 모듈도 개같이만들어놔서 불편하기만 불편하고 결제시스템도 개같이해놔서 사용하기도 싫게해놨냐 맡긴 공무원이나 기획한놈이나 개발한놈이나 셋중에 제대로 된놈이 하나도없나보네
Google 사용자,1,2018-09-29 10:40:53,"비밀번호찾는데 랜딩페이지가 회원가입페이지고 또 회원가입되어있다는메시지는 뭐니, 그니까 비번찾는거잖아요..회원정보찾기힘들면 비회원구매를 편하게해놓던지"
Google 사용자,1,2018-09-27 22:33:49,자동로그인 설정해도 로그아웃되있는것만 해결좀 하세요
Google 사용자,1,2018-09-26 20:56:00,이 좋은 제도를 두고 이렇게 쓰레기같은 어플로 썩히는게 이해가 안가네요. 자전거에 얼마나 돈을 투자하셨는지 모르겠지만 투자지원비에서 어플에 할당된 금액만 누가 빼돌려 먹은것처럼 쓰레기같은 어플이어서 정말 좋은 제도임에도 불구하고 따릉이 사용을 다시한번 생각해보게 만듭니다. 정말 하나부터 열까지 다 엉망으로 만든 어플이어서 어느 한구석을 콕 집어 이야기하기도 어렵네요. 반박시 박원순시장
Google 사용자,1,2018-09-26 20:53:00,앱이 화면을 다 안차지하고 위쪽에만 보여요. 아래쪽은 까만색으로 채워져서 보이네요
Google 사용자,1,2018-09-26 16:57:15,바퀴 고무가 바퀴에 감겨서 페달 안돌아가서 덕분에 추가요금 냇구요 한강자전거 이용하지마세요 하자 엄청 많구요 소요가 많은 곳은 좀 관리를 하세요 짜증나니까
Google 사용자,5,2018-09-26 16:03:25,좋아요
Google 사용자,2,2018-09-26 14:43:43,따릉이 시스템 자체는 좋은데 앱 자체의 퀄리티가 너무 별로임...랙도 많고 결제 과정 자체가 스무스하게 넘어갈때가 많이없음(단체권 구매할때)ㅠㅠ
Google 사용자,1,2018-09-26 12:05:04,로딩만 계속떠요 ㅗ
Google 사용자,1,2018-09-25 19:29:41,제발 비밀번호 찾기할때 임시비밀번호좀 빨리좀 보내주세요. 무슨 10분이걸려 ....
Google 사용자,2,2018-09-25 16:55:43,처음 시작할때 제발 부탁이니까 gps 메세지 좀 꺼줘요 아 제발 부탁입니다 제발!!! 제발요!!!!!
Google 사용자,1,2018-09-24 18:06:22,어플이 열리지가 않네
Google 사용자,5,2018-09-24 17:03:10,응아니야응아니야
Google 사용자,1,2018-09-24 16:31:53,솔직히 앱이 너무 느리고 버그도많습니다. 딱 2011년 어플같아요. 어느 외주업체에 맡긴지 모르겠지만 재대로된 곳에 다시 맡겨서 만들었음 좋겠네요.
Google 사용자,1,2018-09-24 15:51:15,앱이진짜 스레기다 앱개발좀요.. 제발.. 한번켤려면 10분넘게걸리고 어쩔때는 그냥 안켜짐.. 배터리다잡아먹고 gps가 꼭 필요한 기능도아닌데 안켠다는데 왜 자꾸 알림창뜨는지 모르겠고요;;;; 진짜 짜증납니다 결제도 자꾸튕기고 결제보완좀요.. 따릉이 위치는 얼마나 잘 안나오는지 따로 지도앱에 검색합니다
Google 사용자,1,2018-09-22 21:19:51,최악의 앱....
Google 사용자,2,2018-09-21 07:58:51,따릉이는 좋지만 앱은 아쉽네요. 지도 로딩 오래 걸리는게 제일 불편합니다.. 첫 페이지에서 지도를 빼고 그냥 텍스트 검색으로 볼 수 있게 해줬으면 좋겠어요.
Google 사용자,1,2018-09-20 01:05:18,"카셰어링보다 못한 최악의 시스템. 이걸로는 절대 공유 경제, 스마트 모빌리티 시대 못 엽니다. 이용에 대한 접근성부터 다시 체크 하셔야 돼요."
Google 사용자,1,2018-09-19 19:01:12,인프라는 최고인데 퇴근시간만되면 폭주해서 사용할 수가 없네 하... 카드등록해여겠다
Google 사용자,5,2018-09-19 18:39:07,저는 잘 이용하고 있어요
Google 사용자,1,2018-09-19 18:12:12,앱 다운되기 일쑤고 너무 불편
Google 사용자,5,2018-09-19 17:48:08,개편후에너무좋아졌어요
Google 사용자,5,2018-09-19 17:47:37,예전에는 장애가 많았는데 요즘은 편해졌네요
Google 사용자,1,2018-09-19 12:00:32,대여평소에 많이해서 대여법 모르는 사람 아니에요. 근데 오늘 대여안되서 고장신고전화했더니 11 42부터 점심드시나 앞전화기다리래서 안끊고 15분동안 기다리는데 결국 12시되서 점심시간됨. 밥쳐먹을생각부터하지말고 일좀하셈
Google 사용자,1,2018-09-18 19:30:28,"제공하고 싶은 서비스에 비해 최악의 앱, 네이버 카톡 연동 로그인, 결제까지 툭하면 에러뜨는 인내심 테스트 앱"
Google 사용자,1,2018-09-18 18:24:49,비밀번호 찾기를했으면 좀 보내줘라 10붕동안 다섯번넘게했는데 하 앱만드는거 대학생써도 이것보단낫다
Google 사용자,5,2018-09-18 17:19:58,따릉이 좋아요~~ 집앞에 대여소도 며칠전에 생겼어요! 앞으로 더 많이 늘었으면 좋겠네요 ^^
Google 사용자,4,2018-09-18 17:06:39,"개편 이후 최악이라 평했었는데, 여름 지나고 다시 깔아보니 갓어플로 바뀌었다"
Google 사용자,1,2018-09-18 17:00:59,세금으로 만들어서 그런가 굉장히 불편하네요 어쩔수없이 사용은 한다만 앱은 최악입니다
Google 사용자,5,2018-09-18 16:52:48,굳굳
Google 사용자,3,2018-09-18 15:39:18,앱을 통해 처리되지 않은 기능 삭제 및 대여비밀번호 보완
Google 사용자,5,2018-09-18 14:08:45,짱
Google 사용자,5,2018-09-18 14:03:46,서울공공자전거 따릉이 잘 이용하고 있어요!!!
Google 사용자,5,2018-09-18 13:33:34,좋아요
Google 사용자,1,2018-09-17 19:20:46,처음 써 봤는데 비밀번호가 뭔지는 알려줘야하는거 아닌가요? 정말 최악이라 다시는 안쓰려고 합니다
Google 사용자,5,2018-09-17 18:19:27,따릉이 너무 좋아요! 감사합니다~
Google 사용자,1,2018-09-15 11:11:03,진짜 뭐 같은 앱이다 진짜 관리안하냐??? 이딴 앱 만들거면 만들지를마 제발 돈 받아먹고 뭐하는거냐? 아이디 비밀번호 찾기했는데 시간이 지나도 임시 비밀번호가 안오고 메인화면에서 로그인 계속하라고 그러고 뭐하는거야???? 이해가안가네 진짜
Google 사용자,1,2018-09-15 10:51:49,어플은 가끔씩 켜지지도 않고..연동이 잘안되는건지 자전거는 대여도 안되고...앱켤때마다 로그인해야하고.. 서울시 이름 걸고 만든것중 최악이라고 생각
Google 사용자,2,2018-09-15 10:00:09,왜 로딩이 안돼...
Google 사용자,1,2018-09-15 09:52:08,훌륭한 서비스 최악의 어플. 가입하고 결제하려는데 로그인조차 정상적으로 안되서 결제하는데 너무 오래 걸림. 별 1개도 아까움.
Google 사용자,1,2018-09-15 09:00:05,진짜 이런거 한번도 남긴적 없는데 너무 화나서 남깁니다. 제가 대체 왜 기껏 이용권 끊어놓고 접속이 안돼서 또 돈내고 버스를 타야하는겁니까? 계속 로딩중이고 폰을 껐다가 켜봐도 접속 절대 안되고 앱도 느려터지고 진짜 제 속이 다 터지네요^^ 제 아까운 시간과 버스비는 그쪽에서 물어주실려고 앱을 이따위로 만든건지 물어보고 싶습니다! 뭐하나제대로하는게없네요 세금이따위로쓸거면 시작조차하지마세요 제발.
Google 사용자,2,2018-09-15 06:48:27,"아침 일찍 KTX를 타러 전철역으로 이동중에 이용하려고 했는데,웹이 로딩중이라고 연결되지 않아 결국은 집에 차량으로 이동하면서 허겁지겁..겨우 기차를 타기는 했으나, 많이 당황함!"
Google 사용자,1,2018-09-14 16:05:14,앱 상태 심각하네요. 잘 들어가지지도 않고 장애가 너무 자주 발생해서 필요할 때 제대로 이용할 수가 없네요. 결제한 게 아깝습니다. 누가 어플을 만드는 건지....대학생한테 과데로 내줘도 이것보단 잘 만들겠네요
Google 사용자,1,2018-09-12 18:33:27,진짜 어플을 이따구로 만들고 잠이오세요들??진짜 어플쓰다가 암생기겠어요 와진짜 이렇게 만들기가 더어려울듯 정말 열받아 돌아버리겠네요 지도에 왜 따릉이 있는곳 표시들이 안보이는거죠?왜?ㅆ
Google 사용자,1,2018-09-12 17:21:46,아니 비밀번호 찾기는 왜 안되는건데 도대체 ;;
Google 사용자,1,2018-09-11 21:27:20,따릉이 자전거는 좋은데 어플이 너무 세금낭비
Google 사용자,3,2018-09-11 20:11:28,카카오 자동 로그인 설정했는데 앱 새로 킬때마다 로그인 다시해야 되서 너무 불편해요~~ 간단한건데 쫌 고쳐주세요~ 이건 넘한듯 이 좋은 서비스를 앱이 망치고 있네요
Google 사용자,1,2018-09-10 18:29:44,어플좀 어떻게 해주세요...오류도 너무 많고 로그인까지 로딩도 너무 깁니다 ㅠ
Google 사용자,1,2018-09-10 17:59:04,정기권 구매하고 한번 사용했는데 오늘 사용하려고 앱을 켰는데 로그인이 안되고 계속 로딩중이라고만 뜨면서 앱 종료도 안돼고 어떤 메뉴도 클릭이 안돼네요 여러번 폰 다시시작해서 시도해도 똑같네요 로그인이돼야 빌리던지하지
Google 사용자,1,2018-09-09 23:48:30,네이버지도api인증이안된다는데 왜그러는거죠
Google 사용자,1,2018-09-09 23:11:07,완전 뭐같이 만들어났네 대학생전공자가 만들어도 이거보다 잘만들듯 중간에서 세금 빼먹고 만든듯
Google 사용자,3,2018-09-09 15:07:59,헷갈리고 오류가 많음
Google 사용자,1,2018-09-08 21:45:02,예전엔티머니되었는데이번엔 안되네요.ㅠㅠ 급할때 요긴했는데 아쉽
Google 사용자,1,2018-09-08 15:45:41,업데이트좀해줘요 오류가 계속나네요
Google 사용자,1,2018-09-07 18:35:10,미납요금 내고싶어도 서비스오류라고뜨면서 낼방법이없네요 ..
Google 사용자,1,2018-09-07 17:36:35,임시비밀번호보내주는게 그렇게 어렵나요??? 진짜 장난하십니까? 임시비밀번호를 달라고
Google 사용자,1,2018-09-06 19:48:55,서울에 아무 대학교 골라잡고 컴공 플젝에 어플 맡겨도 이거보다 잘나옴 진심임
Google 사용자,2,2018-09-06 18:08:12,아니 제발제발 자동로그인좀 되게해주세요. 카톡 자동로그인 해놨는데 몇시간만 지나면 자동로그인이 풀려요. 좀 고쳐주셈.
Google 사용자,1,2018-09-05 23:25:26,누가 만들었는지 진짜 한숨만 나온다
Google 사용자,1,2018-09-05 23:22:57,아이디찾기하면 앞세글자만 표시되고 나머지 별표처리되면 아이디를 찾아주겠다는건지 말겠다는건지 자꾸틀리다고 로그인도안되고 비번찾기할때 아이디랑 폰으로온 인증번호 입력해도 정보가없다하니 아이디 잘못오타나서 가입된것같은데 정작 아이디찾기할때 아이디 *표시라 찾을수도없고 다시회원가입할수도없고 진짜 답답하고 화나네요
Google 사용자,1,2018-09-05 17:19:39,최악인 것 같네요. 설치하고 실행하는데 계속 로딩 중이라고만 나오고... 이래가지고 어디 사람들이 제대로 쓸 수나 있을지 의문입니다.
Google 사용자,2,2018-09-04 14:26:08,답답함
Google 사용자,3,2018-09-03 08:13:50,앱 시작시 무한로딩때문에 쓰고싶을때 바로 쓸수가없습니다..
Google 사용자,3,2018-09-02 14:21:33,인증번호가 안오는데 왜그런거죠
Google 사용자,1,2018-09-02 00:34:05,"앱 바뀌고 최악됐습니다. 교통카드 결제 기능도 사라지고, 앱 내에서 지도 및 남은 자전거 조회가 렉때문에 사실상 불가능해졌습니다."
Google 사용자,2,2018-09-01 10:38:17,아침내내 로딩중이라고만 뜨네요. 데이터로도 켜 보고 와이파이로 잡아서 켜 봤는데도 로딩이 안 돼요. 갑자기 왜 이러는 거죠?
Google 사용자,1,2018-08-31 16:35:30,인증번호가 안와 앱 만들꺼면 똑바로 일했으면 좋겠다
Google 사용자,3,2018-08-27 22:37:01,글씨 크기가 너무 작아요
Google 사용자,1,2018-08-26 21:57:46,제발 서울시는 앱에 추가로 사용방법을 써두면 좋겠습니다. 앱을 막 다운받고 설명도 부실해서 자전거 대여하는데 30분이상이 걸렸습니다. 앱 디자인 관련으로 인원이라도 새로 뽑으세요 정말 그냔 좋은 업체좀 고용합시다 제발 세금 처막지 말고
Google 사용자,2,2018-08-26 01:54:09,카카오 계정으로 로그인할 때 '로그인 상태 유지'에 체크해도 유지가 안 되어서 매번 새로 로그인해야 합니다. 고쳐주세요.
Google 사용자,1,2018-08-25 21:37:16,"진짜 잘 만든 정책을 앱이 가 망친다는 생각밖에 안 듭니다. 도대체 회원가입 만든 개발자는 아이디 저장 기능을 뺀 거죠? 임금 아끼려고 어중이떠중이 데려다 시킨 건지... 정부 앱 개발자들은 다 낙하산인건지 의심이 들 정도네요. 따릉이 기능은 정말 좋은데 앱을 키자마자 지도 띄워서 렉걸리게하는 건 기본이고 쓸모도 없는 아이디 저장 기능, 카드도 매번 등록해야 하니 좋은 정책을 앱이 신명나게 밟아버릴 정도입니다. 제가 앱 개발을 하는 사람은 아니지만 프로그래밍을 만지는 사람으로서 정말 이렇게 실망스러울 수가 없습니다. 그나마 정부에서 주관한 정책이니 지속적인 업데이트로 단점들이 보완되는 것을 기대해 봅니다. 그냥 새로 만드는 것도 방법이죠."
Google 사용자,1,2018-08-24 20:47:40,어플이 매일 로딩중에서 안넘어가요
Google 사용자,5,2018-08-23 09:57:28,밑에 도착했어요
Google 사용자,5,2018-08-23 08:18:09,따릉이 잘 타고있어요!!
Google 사용자,1,2018-08-21 18:57:48,대여번호8자린 도대체 왜 어디에있는건가요?
Google 사용자,1,2018-08-20 14:25:14,"그냥 쓰레기 결제를 하면 그자리에서 바로바로 탈수있게끔 해줘야하는데 결제해야되고 지도도 렉걸려서 안되고 찾아서 해야되고 20분 걸리고 
그냥 환불함 개 그지쓰레기 앱"
Google 사용자,1,2018-08-19 22:44:32,"제발 딴 거 다 참을만 한데요 왜 자꾸 들어갈 때마다 로그인 하라고 하죠? 분명 로그인 상태 유지를 누르고 로그인하는데도 불구하고 
자동으로 로그아웃되네요 맵 좀 고쳐주세요 제발"
Google 사용자,1,2018-08-19 19:26:45,"아… 너무하다 차라리 예전버젼으로 돌려놓저 너무 불편하다 반납해도 늦게 인식되서 다시빌리려해도 앱 몇번 껃다켜야하고 지도는 왜 첨에 
띄워가지고 위치인식창 두세번 닫게하냐 ㅡㅡ 개발자 따릉이 타보지도 안은사람인가 빨리빨리빌려야되는데 겁나 느려 아오 빡쳐 다시 만들돈지 
다시 되돌리던지 으~ 겁나 메뉴들도 눈에 잘 들어오지도 않는다"
Google 사용자,1,2018-08-19 04:01:34,정말 최악의 앱! 문자 인증이 안된다!
Google 사용자,2,2018-08-19 03:57:53,"따릉이 좋은데 어플 진짜 쓰레기.. 결제했는데 혼자 취소신청 되있고 어플 내릴때 마다 재로그인 해야되서 카톡아이디라 그런가 싶어 탈퇴후 
어플자체에서 회원가입하려니 이미 등록된 번호라고 가입불가 이전 아이디 로그인 하려니 오류로 로그인 불가 도대체 어떻게 
이용하라는건지????"
Google 사용자,1,2018-08-18 16:01:14,뭔18 회원가입 문자 인증번호가 재송신 눌러도 12시간째 한번를 오질 않네. 쓰지 말라는거지?
Google 사용자,1,2018-08-18 11:03:01,"어플 업그레이드에 돈 좀 쓰세요... 돈 들여 자전거랑 거치대 다 만들어놓고 어플 때문에 자전거 사용 못하게 만들 일 
있습니까...... 세상 모든 어플 통틀어 최악의 어플이에요"
Google 사용자,5,2018-08-18 00:43:05,좋아요^*^
Google 사용자,1,2018-08-17 22:47:43,"태어나서 앱 리뷰 처음 씁니다. 아이디 비번을 까먹는 순간 핸드폰 번호를 바꾸기 전에는 다시 이용할 수가 없습니다. 아이디 비번 찾기가 
오로지 핸드폰 번호로 인증받기밖에 없는데.... 인증번호가 안와요. 수십번 해도 안와요. 몇날 며칠을 눌러도 안와요. 네이버 페북 카톡 
연동 시켜도 그리로 로그인하면 이미 가입한 번호라 그러고 비회원 결제도 막아놓음. 핸드폰이랑 나랑 아주 물아일체야. 그러면 인증번호를 
받게 해주든가. 시에 세금을 그럴게 내고 따릉이를 탈 수가 없다....."
Google 사용자,1,2018-08-17 15:21:29,진짜 업데이트 왜 이렇게 하는거죠? 앱킬때마다 gps물어보는것도 짜증나고 솔직히 전 버전이 훨씬 이용하기 편하네요 당장 바꾸길 간청드려쇼
Google 사용자,1,2018-08-16 18:20:34,왜 업뎃을해서 바꿔요 더 불편해졌네요 하
Google 사용자,1,2018-08-16 08:22:20,1시간에 1천원인데 30분 초과되면 1600원 초과 됌.. 500원 초과 정도가 적당해 보임 ㅜ
Google 사용자,1,2018-08-15 21:24:33,로그인좀 잘 되게해주세요 매번 아이디 비번치기 귀찮아요
Google 사용자,1,2018-08-13 14:17:09,앱 최악 느려터지고 ux전혀 고려안함 짜증나서 폰집어던지겠음 원숭이가 만들었니?ㅜ
Google 사용자,1,2018-08-11 15:56:04,업뎃된 후 최악임.
Google 사용자,1,2018-08-11 12:51:48,"학교 수업시간에 어플만드는데 학생들이 훠얼씬 잘만들겠다 디자인, 버튼, 절차구동 나은점을 도통 모르겠으나 어쩔수없이 사용하니 쓴다만 
부디 당신들이 잘해서 쓰는건 아니라는 마음이 전해졌으면 좋겠다."
Google 사용자,1,2018-08-10 17:52:52,주변 대여소가 안나옵니다. 이걸 돈 주고 만든건 아니죠??
Google 사용자,1,2018-08-10 15:33:49,"로딩중 계속 뜨는데 이따위로 어플 만들어놓고 사용하라는건 심각한 있는거 아닌가? 제작비용 제대로 집행된거 맞음? 어플리케이션관리에서 
종료했다 삭제도 해봤다가 하면서 앱재시작 별짓을 다 해도 로그인 되다말다 ...."
Google 사용자,1,2018-08-10 03:26:44,"더워서 한동안 안쓰다 쓰려고 어플켰더니 뭐 되는 기능이 없네요... 어떤 개발자를 쓰길래 앱이 이렇게 안되며 오류를 고치지도 않나요? 
그전에도 편리한 앱은 아니었지만 지금은 너무 심하네요. 따릉이 좋아하는데 이건 진짜 아니라는 생각이 듭니다. 차라리 스마트따릉이 
개발자님을 고용사시면 훨 나을 것 같네요"
Google 사용자,2,2018-08-09 20:44:09,왜 로그인이 안되죠 카톡이나 네이버로 로그인이 안되네요 계속 오류라고뜨고 평소에도 로딩중만 엄청 나오는데 언제 고치시나요
Google 사용자,1,2018-08-09 19:55:35,진짜 최악이네요 로그인안돼서 인터넷으로 로그인하니까 인터넷도 안되고 세금으로 뭐하는거임?
Google 사용자,1,2018-08-09 19:15:44,로그인 관해서 오류도 너무 많고 속도도 너무 느리네요
Google 사용자,1,2018-08-09 18:16:05,"앱좀제대로 만드세요 카톡으로 로그인하는데 자동 로그인안되서 매번 아이디비번치고 승인받아야 로그인되고요 에러도 많아서 못타고 걸어간적 
여러번입니다 이럴거면 무제한 결제 왜만들었죠?? 정식으로 따릉이 담당자한테 문제 제기해서 서울시 세금 제대로 쓰라고 하고 싶어요 헬맷이 
문제가 아니라 앱이나 제대로 만드세요"
Google 사용자,1,2018-08-09 15:26:58,이거 일일권빌렸는데 앱고장났다고떠서 빌리지도못하네요 서울시에서 만든앱인데 왜이러죵?
Google 사용자,1,2018-08-09 04:16:20,따릉이 욕먹어야합니다. 욕많이 먹고 개선좀 하세요 관계자여러분
Google 사용자,1,2018-08-08 20:43:53,진짜 개 쓰레기어플 이러라고 내 세금 처 썼냐 진짜??어휴 하는게 뭐냐 공무원들은
Google 사용자,2,2018-08-08 09:52:30,앱이 최근 바뀌고 지도에 근처 대여소와 즐겨찾는 대여소가 안떠요.
Google 사용자,1,2018-08-07 01:46:05,이걸 앱이라고 등록했냐? 처음이지만 빌릴려고 이 새벽에 벌써 30분째 삽질하고 있다 오기가 나서 될때까지 할런다 쓰레기들아!!!
Google 사용자,1,2018-08-05 20:20:36,"진짜최악임ㅋㅋㅋㅋㅋ결제도 너무불편하고 수신한대여번호 입력하라는데 대여번호 오지도 않음 더워디지겠는데 30분동안 씨름하다 
결국포기함ㅋㅋㅋㅋㅋㅋ"
Google 사용자,1,2018-08-03 00:22:11,너무느려요.
Google 사용자,1,2018-08-02 14:15:39,"반납하고나서 1분동안 어플 아무것도 안되는거 왜 해놨나요? 대여하고나서 잠금장치 안풀릴때도 많고 고장률도 높은데 그럴때마다 1분 또 
기다려서 빌려야하나요?"
Google 사용자,1,2018-08-01 22:20:13,"아니 할거면 좀 간단하게 만들던가 아님 확실하게 바로 할수있게 하던가 회원이든 비회원이든 결제할라하면 오류뜨고 지혼자 꺼지고 이따구로 
만들거면은 따릉이 서비스 종료해라 그냥 탈려는 마음도 쏙 들어가게만드는 앱 진심"
Google 사용자,2,2018-08-01 07:44:36,데이터 너무 먹네요.한번 빌리고 타서 놔두는데14메가 먹습니다. 지도 참조 안해도 되게 바꿔주세요.
Google 사용자,1,2018-07-31 22:53:28,"이거 만든 업체 누구냐? 얼마 받았는지? 진심 뭔 앱이 참 답답하게 만드는지 따릉이 찾는걸 왜 다른앱으로 찾아야 하는지 평점2점이면 
반성하고 피드백을 받고 해야지"
Google 사용자,1,2018-07-31 20:09:47,앱을 진짜...사람 승질나게 만들어줌
Google 사용자,1,2018-07-31 15:43:00,앱 진짜 거지같아요. 뭐 이따구로 만듭니까?
Google 사용자,1,2018-07-31 15:11:37,필요할때를 노려서 오류떠서 택시타게만들는 어플
Google 사용자,1,2018-07-30 10:19:31,"옛날엔 불편한 앱이었는데 업데이트 이후로는 불능한 앱이네요... 지도에는 물방울이 뜨지도 않고 지도 확대하면 멈추고.. 불편하지만 
그래도 작동이 됐던 업데이트 전이 낫네요"
Google 사용자,1,2018-07-29 23:04:19,업데이트 전이 편했는데 지금은 조잡하기만하고 자전거가 어디에 있는지 빌리고싶어도 물방울 표시가 안보여요
Google 사용자,2,2018-07-29 21:40:17,지도에 물방울 모양이 안보여요 qr코드 아니면 대여 불가네요 전
Google 사용자,1,2018-07-28 21:27:04,"큐알코드 찍어서 대여할려니까 안된대~ 그렇다고 대여소 위치 찍어서 대여한다한대도 안된대~ 알려주는 방식도 ㄹㅇ 불친절하고 업뎃전이 
훨나은거같다 진짜ㅋㅋㅋ 대여할려다가 시간만 잔뜩버렸네"
Google 사용자,3,2018-07-27 14:20:28,잘 사용하고있음 하지만 잦은 서버 오류로 더위에 핸드폰 붙잡고 계속 서있게 만듬..
Google 사용자,1,2018-07-27 14:16:47,실행이안돼서 지웠다다시깜
Google 사용자,3,2018-07-27 14:11:32,아 앱 웰케 자주 먹통되요.. 서울시 업체 제대로 관리하는거 맞나요????
Google 사용자,1,2018-07-26 23:47:06,어플 쓰레기다 진짜 누가 만들었냐
Google 사용자,1,2018-07-25 17:57:17,자전거 현황도 안 보이고 빌리는데 오류도 엄청 많고 앱때문에 따릉이를 쓸수가 없네요 왜 업데이트를 해가지고 이 사단이 났는지 알수가 없네
Google 사용자,1,2018-07-25 14:19:19,탈퇴후재가입. 자동로그인. 기본아닌가요... 후
Google 사용자,1,2018-07-24 13:59:06,"리뷰 처음 남겨봅니다. 이렇게 많은 사람들이 불편하다고 하는데 그에대한 답변도 없고 고치는 점도 없는건 정말 너무 하는거 아닌가요? 
어플로 결제하려하는데 이용약관 체크란이 왼쪽 끝부분에 있어서 눌러지지도 않아요 자꾸 옆에 있는 추가요금사항만 누르게 됩니다. 좀 
고쳐주세요. 시민들 애로사항을 해결하려 만든걸 애로사항을 늘리기만 하면 어떡합니까"
Google 사용자,1,2018-07-22 22:06:20,쓰레기 . 끝. 어떻게 만들면 렉이 엄청나군요. 뭐 쓰질 못하겠습니다. 업데이트 전이 좋았던 것 같아요 . 쓰레기처럼 만든 개발자님
Google 사용자,1,2018-07-22 15:36:34,아이디 찾기 문자도 오지 않고 앱에 오류가 많은데 개선 안하나요?
Google 사용자,1,2018-07-21 22:03:28,꼴에 공공기관 앱이라고 진 짜 성능 구리게 만들었네요. 3분 넘게 로딩중이라고 뜨는게 말이 돼요? 앱 개발한 사람들 반성하세요
Google 사용자,1,2018-07-21 20:16:50,청소년은 이용할수 없는시스템에 결재방법은 복잡하고 앱이 관리가 안되서 오류가 수없이많음 세금이 아깝다
Google 사용자,1,2018-07-21 09:58:34,"도저히 이해가 안가서 글남깁니다. 로그인 유지가 왜 안되는건가요?? 켤 때마다 매번 새로 로그인해야해서 몹시 짜증납니다. 어차피 
안될거면 차라리 로그인 유지 체크박스를 없애세요. 그게 뭐 어려운 기능이라고 개발자는 대체 뭐합니까?"
Google 사용자,1,2018-07-20 20:17:47,리뷰 처음 남겨봅니다 멀쩡히 잘만되던 걸 왜 개편해서 더 불편하게 만드셨나요?
Google 사용자,1,2018-07-20 20:12:06,앱을 업데이트해서 애자처럼 만들어놓음
Google 사용자,1,2018-07-20 09:49:24,이거 담당하는 공무원 징계하세요..한달째 속 뒤집어지고 있어요..시민의 불편을 이런식으로 뭉게도 되는겁니까?
Google 사용자,1,2018-07-20 00:40:50,업데이트후에 더 엉망이에요 지도에 차량대수도안나오고 전에 앱도 엉망이지만 더욱 엉망으로 바뀌었네요
Google 사용자,1,2018-07-19 19:20:50,앱 업데이트 왜 한건지 모르겠네요 더 찾기 힘들어지고 복잡해져서 너무 짜증나요
Google 사용자,1,2018-07-19 11:50:54,3d로는 이용하기가 너무 까다로움. 트래픽 잘 소화하도록 프로그래밍을 잘 짜야.
Google 사용자,1,2018-07-19 08:58:05,진짜 어플이 너무 별로임. 뭐가 어딨는지도 모르겠고 사용이 굉장히 불편한 어플
Google 사용자,1,2018-07-18 23:51:12,지도 좀 잘뜨게 해주세요. 지도만 뜨려고 하면 멈춰버려서 앱을 쓸 수가 없어요.
Google 사용자,2,2018-07-18 21:39:37,가끔 이유없이 어플 작동이 안되서 난감함. 어플에 돈좀 들이세요...
Google 사용자,1,2018-07-18 19:36:01,쓰레기 오브 쓰레기. 세금쳐먹고 이딴거 만드냐
Google 사용자,1,2018-07-18 18:02:43,"나만 문제가 있는게 아니었군요.서울시에서 만든앱이 이모양 이꼴이라니 놀랍습니다. 이전버젼 보다 불안정하고 사용하기 불편한 앱이라니. 
박시장님 명성에 먹칠하는 실무진들 반성하고 즉각 새로 개발해서 업그레이드하기바랍니다.급할때 버벅거리고 지금은 포기하고 버스타고 가는중 
요즘이 어떤 시대인데 이런 후진 앱이 서울시 공인으로 나오다니. 최악의 앱"
Google 사용자,1,2018-07-17 21:28:20,업데이트되고나서사용하기완전어려워짐
Google 사용자,1,2018-07-17 15:51:23,"애지간하면 후기안남기는데 빡쳐서 남겨요. 자전거 빌릴려고 결제 다 해놨는데 어플이 안열리는건 무슨경우죠? 날씨도 더워죽겠는데 더 
짜증나네요."
Google 사용자,1,2018-07-17 14:09:05,아직도 손을 안보고 있네요. 너무하네요. 앱 좀 어떻게 해보세요. 사용할수가 없어요.
Google 사용자,3,2018-07-17 01:24:29,"자전거 빌리는데 gps 항상 켜둘필요 없자나요... 메인에서 그만좀 물어보게 해주시고, 단말기 오류는 어쩔수 없는거 알겠는데 핸드폰에서 
버그는 좀 잡아주세요. 그리고 메인에 서울시청 중심 말고 마지막으로 빌렸던 위치로 표시되면 더 좋울거같아요"
Google 사용자,5,2018-07-17 00:28:43,전 잘되는데.. 따릉이 넘 좋아요!!
Google 사용자,1,2018-07-16 19:32:44,최악 어플만드새끼들 사형 시켜라 쓰레기같은놈들
Google 사용자,1,2018-07-16 18:39:59,"업데이트 후 반납인식율도 떨어지고 즐겨찾기도 안나오고 첫화면이 지도라서 위치 안켜두는 저에겐 버벅임 최강이네요 어차피 작은 스마트폰으론 
하는게 한정돼있으니 복잡한건 다 홈페이지로 돌리고 어플은 가볍게 만드세요"
Google 사용자,1,2018-07-16 18:18:19,임시비밀번호 보냈다는데 5분이지나도 소식이없다 쓰레기
Google 사용자,1,2018-07-16 17:29:12,"어플에 리뷰 잘 안남기는 편인데.. 이 앱은 리뷰를 부르네요. 별을 어쩔 수 없이 1개를 넣어야해서 넣었지, 0개도 아깝네요. 대여소가 
어디 있는지 지도에서 찾지도 못하고, 즐겨찾는 대여소 기능도 안되고.. 아무것도 안되고, 오직 qr코드 대여만 가능 ㅠㅠ 빨리 앱이라도 
개선해야지, 앱 업데이트도 안하고.. 최악. 정기권 물어내야 할 듯"
Google 사용자,1,2018-07-16 16:26:13,"교통정보도 제대로 안뜨고, 로그인도 매번해야함. 아이디저장도안됨. 결제도 매번 카드번호적어야하고. 서울시 공무원 일 제대로좀 해야할듯."
Google 사용자,1,2018-07-16 16:23:55,그냥 최악임 재다운로드해도 실행이 안되는 것응 물론이거와 오류를 알아볼려해도 고객센터 전화조차 받지 않음. 그냥 한마디로 최악
Google 사용자,1,2018-07-16 16:17:59,앱 개선좀하세요 걸핏하면 초기화면에서 멈추고 대여예약 잘못하면 멍텅구리 자전거 되고
Google 사용자,1,2018-07-16 15:07:22,"따릉이 시스템은 좋음 근데 앱이안열림 어쩌자는거? 로딩하는데 오조억년걸리고 진짜 대환장임 로딩 분명 다 됬는데 계속 로딩한다고 안열림 
어쪼라고"
Google 사용자,1,2018-07-16 11:32:10,"도데체 서울시에서는 어떤라인을 타고 앱개발처 선정해서 이따위 쓰레기 프로그램을 짜놨나. 개인 프리랜서 개발자에게 부탁해도 이것보단 
낫겠다. 썩어빠진 인맥으로 짰나? 개발비는 엄청 퍼다줬겠지?"
Google 사용자,1,2018-07-15 20:04:48,도대체 어떻게 쓰라고 바꾼건가요?? 검색도 안되고 물방울?은 표시고 없고 불편하게 바꿀거면 왜 바꾼거죠???????????
Google 사용자,1,2018-07-14 21:57:27,"의견 잘 안남기는 사람인데도 남깁니다. 도대체 대여소를 어떻게 찾으라는거죠? 데이터 무제한인 저도, 지도만 켜면 렉걸리고 대여소위치는 
뜨지도 않습니다. 차라리 예전버전이 훨씬 낫네요. 빨리 해결을 해주시든해야죠. 사람들 의견은 듣지도 않습니까"
Google 사용자,1,2018-07-14 17:16:39,"어플도 엉성하고 지도에 대여소 자체가 안뜨고 오류에 오류오류오류... QR코드도 안먹히고 돈만 뜯어가네요 천원날린것보다 길에서 낑낑거린 
시간이 너무 아깝네요 개발자 패버리고 싶은 심정입니다"
Google 사용자,1,2018-07-14 08:48:45,오류가 너무 많이나요. 큐알코드도 안되고 지도에 물방울표시도 안뜨고
Google 사용자,1,2018-07-14 04:22:43,최악.. 한번 켤때마다 데이타 몇메가씩 나감. 비싼 세금으로 이따위로 밖에 못만드나.
Google 사용자,1,2018-07-14 02:22:15,빌리는데 30분 걸려도 먹통이고 집 그냥 가네요 뭐가 작동해야 빌리지 진짜 최악
Google 사용자,1,2018-07-14 01:33:45,"개편 전에도 거지같았는데 전혀 필요없는 지도는 왜넣었는지 모르겠고 로그인은 왜 해도해도 자꾸 풀리는지 모르겠고 qr코드인식은 하루종일 
들이대고 있어도 안되고 덕분에 요즘 대여소에 따릉이가 가득해진듯 ^^"
Google 사용자,1,2018-07-13 22:11:21,업데이트 이후에 사용할 수가 없어요 한달 정기권해뒀는데 아예 사용을 못하고 있습니다..최악이에요 정말
Google 사용자,1,2018-07-13 21:14:37,업데이트하고 나서 부터 지도에 대여갯수 현황이 전혀 업데이트가 되지않음 한마디로 기능 정상이 작동안됨 이따구로 만들려면 때려치워라
Google 사용자,3,2018-07-13 21:09:43,이용권 사용하고 남은시간도 확인할수 있었으면 좋겠어요. 그리고 앱이 너무 느려요.. 앱기능 향상 좀....
Google 사용자,1,2018-07-13 19:15:38,앱 만든 사람들 도대체 누구냐. 시 사업 위탁을 어디다 주는거야. 검색 제대로 되지도 않고 느려서 진행도 안되네.... 하...개빡..
Google 사용자,1,2018-07-13 18:23:22,데이터 있는데 접속안된다 욕나온다
Google 사용자,2,2018-07-13 17:37:29,앱을 정말 대충만드셨네요
Google 사용자,3,2018-07-13 16:58:19,자동로그인해놓고 비밀번호 변경시 앱을 키면 로그인실패하면서 다른 행동 아무것도 못하는 버그가 있습니다...
Google 사용자,2,2018-07-12 23:21:17,"앱 불편합니다. 백그라운드에서 다시 실행하면 메뉴 들어가지지도 않고, 앱 실행하면 gps설정은 두번이나 팝업창 뜨고 어떤 메뉴 
들어갔다가 나오면 또 나오고.. gps설정같은건 앱 설정에서 꺼놓게 하고 팝업창 매번 띄우지 마세요.. 그리고 대여소 검색을 지역구로 
검색하기 하는데도 대여소 이름으로 검색되는거.. 업데이트 해주세요. 따릉이 자주 이용하는사람은 현재 앱 아주 불편합니다"
Google 사용자,1,2018-07-12 19:45:42,"따릉이가 여기저기 많은것에 비해 어플이 따라가지를 못하네요. 자전거 빌리는데 시간이 너무 많으 들어요. 어플이 너무 느려요. 이번에 
업데이트 중이신거 같은데 위치를 나타내는 물방울 모양은 뜨지도 않고 QR코드는 읽지도 못하고 도대체 세금을 어떻게 사용해서 개발하는건지 
모르겠네요."
Google 사용자,1,2018-07-12 16:50:04,다시 만들어라..제발
Google 사용자,1,2018-07-12 12:00:01,아니 업데이트 이후에 지도에 따릉이 대여소가 안떠요 왜 쓸데없이 이런일을하죠?
Google 사용자,1,2018-07-12 11:37:13,계속 로딩중... 따릉이는 편리하고 좋은데 앱이 늘 문제에요. 앱 환경관리에 더 신경쓰셔야겠어요.
Google 사용자,1,2018-07-11 22:26:36,"따릉이 앱 개악. 기존 앱도 무겁고 그리 좋다고는 생각 안했기에 이번 업데이트를 기대했습니다. 그러나 막상 실체는 왜 국민들이 정부를 
불신하는지 잘 알려주는 사례였다고 생각합니다. 기존 앱보다도 더 느려짐, 처음 봤을 때 제대로 사용할 수 없을 정도로 퇴화한 
인터페이스. 이거 스마트폰 비율에 맞춰서 설계하긴 한 겁니까? 그리고 첫 시작시 나오는 지도가 화룡점정이라 할 수 있겠네요. 따릉이 
대여소 위치를 찾는 방법이 있다는 것은 좋지만 이것을 왜 시작 페이지에 넣습니까? 별도의 페이지를 만드는 게 백배천배는 나았을 겁니다. 
이 앱 개발하는데 얼마 들였나 알고 싶네요. 진짜 자연스럽게 횡령, 일거리 몰아주기가 떠오르게 만드는 끔찍한 어플입니다. 무료도 아니고 
돈 내고 이런 앱을 써야한단 사실이 화가 납니다."
Google 사용자,1,2018-07-11 22:19:42,"진짜 업데이트 어느업체가 했나요... 이전까지 잘 이용해왔는데 대여소 검색도 안되고 대여방법은 도대체 알수도 없고... 이제 이용 
안하려 합니다"
Google 사용자,1,2018-07-11 18:43:11,업뎃하기전 어플은 괜찮았는데 업뎃후 자전거가 안빌려지네요 대여소며 예약버튼이며 다 안떠서 쓸수가 없어요
Google 사용자,1,2018-07-11 18:24:41,"다 좋은데 앱 왜케 못만드나요.. 자전거 수량있는지 확인 안되는게 벌써 2달째임.. 버벅버벅 좀... 잘 만듭시다 아니면 예전 앱이 더 
좋았어요"
Google 사용자,1,2018-07-11 09:07:56,로그인을 할라니까 틀린 아이디래서 찾아보면 맞는 아이디고 비번이 틀렸나싶어서 임시비번받아서 하니까 그것도 안되고 어떻게 쓰라는거지ㅋ
Google 사용자,1,2018-07-10 18:52:05,"최악. 따릉이 시스템도 최악인데 앱은 더최악. 결제도 안되고 구 입력해봤자 대여소 현황도 안보여주고 3G 틀고 아무리 결제버튼 눌러도 
똑같고 대여도 까다롭고 왜 만든거에요?"
Google 사용자,1,2018-07-10 17:46:16,지도에 따릉이 대여소가 표시되지 않아 거치대에 있는 qr코드로 대여하고 있는 상황... 대체 앱 개발을 어떻게 하는건지 원 ㅉㅉ...
Google 사용자,1,2018-07-09 01:03:00,똥같은 시스템
Google 사용자,1,2018-07-08 23:03:14,해보고 업데이트하세요
Google 사용자,1,2018-07-08 19:13:12,ㅋ이거 뭐 타라는건지 말라는건지 느려터져서 대여하다 암걸리겠소 결제한 회원들 바보 만듭니까?
Google 사용자,1,2018-07-08 19:10:29,"UI변경 전까지는 느린게 단점이긴해도 이용하는데 문제없었습니다. 그런데 업데이트 후 UI가 변경된 후, 지도에서 따릉이 정류소 
위치자체가 뜨지않습니다. 그리고 기본화면에 필요없는 아이콘(예를 들면 이용안내-메뉴에서 확인해도 충분한 내용을 굳이 기본 화면에 
띄워놓음.) UI자체는 이전 버전이 훨씬 직관적이도 자전거 대여라는 기능에 충실했습니다. 괜히 욕심내서 이것저것 추가하려고 하지말고 
자전거대여라는 본연의 주 기능에 충실한 따릉이 앱으로 돌아와줬으면 합니다."
Google 사용자,4,2018-07-08 17:40:41,"이번에 서울 여행 가서 따릉이 이용했습니다. 교통카드로 결제가 가능한 줄 알았는데 그건 아니더라고요. 하지만 매우 싼 
가격(2,000원이면 사실상 하루종일 대여)에 이용할 수 있어서 정말 좋았어요.^^ GPS 정확도도 나쁘지 않았고요. 다만 가장 큰 
문제점은 고객센터 상담원 수가 너무 적다고 느껴지는 겁니다. 타다가 한번은 고장이 났는데 상담이 밀려있다고 발만 동동 구르다 10분만에 
통화 했어요.. 하여튼, 좋은 앱 만들어주셔서 감사합니다~"
Google 사용자,1,2018-07-08 15:41:28,"진짜 최악입니다. 1.회원 탈퇴후 로그아웃 처리도 되지않아 회원탈퇴를 5번을 했고 , 그 이후 로그인 하려고 할 시에는 로그인수단 
클릭시 오류가 나게 바뀌어서 비로그인으로 하게 만듭니다. 2. 카드 등록 시에 콤보박스에 왜 티머니만 들어있는지 이해가 안됩니다. 
후불교통 카드도 같은 교통카드이고 또 다른 이유가 있다고 한들 매뉴얼대로 한번 해보십시오 개발자가 직접 좀. 테스트는 하는건지 
의문입니다. 사진대로 단말기가 있는곳에가서 뭘 누르라고 지시도 없이 갑자기 모바일 어플 화면만 나오면 대체 뭐가 뭔지 어떻게 압니까? 
진짜로 테스트가 아예 안된것 같습니다. 저 뿐만이 아니고 다른 리뷰도 이런걸 보니 많이 심각한데 국가의 세금으로 운영되는 어플이 일반 
학생들이 만드는 어플보다 안돌아가는데 아예 리뷰는 안보시나요?"
Google 사용자,1,2018-07-08 15:41:11,"진짜 최악의 어플ㅋㅋㅋ 살면서 리뷰 처음 남겨봄... 어떤 개발업체에 맡겼길래 어플이 이따구에요?? 제대로 되는게 하나도 없고 
예외처리도 다 안돼있음.. 진짜 살다살다 어플쓰다가 빡쳐서 리뷰쓰기는 처음이네;; 자전거 한번 타보려다가 30분간 땡볕에서 삽질하고 
결국 회원탈퇴하고 비회원으로 사네요..ㅋ 대학생 알바가 만들어도 이보단 낫겠음 다시 만드세요~~"
Google 사용자,1,2018-07-08 15:12:48,원래대로 처 돌려놓던가 왜 잘쓰던 앱 건드려서 이꼴로 만드는지 모르겠네
Google 사용자,1,2018-07-08 15:06:09,최악의 어플 . 업데이트되서 나아졌나 했더니 더욱 더 쓰레기가됨 일일권구매는 빠르게되면서 대여는 느려터지고 지도는 로딩도 안되고
Google 사용자,1,2018-07-08 13:14:12,느림. 장애. 지도검색안되고멈춤. 팅김. 우여곡절끝결제안됨.
Google 사용자,2,2018-07-08 08:19:33,"카톡 연동 가입했는데 로그인 유지 체크해도 매번 킬때마다 다시 로그인해야됩니다. 짜증나서 그냥 일반회원으로 다시 가입하려고 
탈퇴했는데.. 이미 가입된 전화번호라고 뜨고 기존 카톡으로 로그인하려해도 서비스 오류 뜹니다. 앱이 문제가 많군여 확인후 처리 
부탁합니다."
Google 사용자,1,2018-07-08 02:09:28,"자전거 자체는 참 좋은데 앱이 너무너무너무너무 후져요 너무 구려요 제발 앱좀 제대로 만들어주세요 gps알림설정도 그만물어봤으면 좋겠는데 
빨리 고쳐줬으면 좋겠네요"
Google 사용자,1,2018-07-08 00:51:16,앱 느려터져서 결제하고 시간만 낭비한다. 돈 받고 하는거면 제대로 좀 만들어라. 데이터에 시간에 돈에 너무 아깝다.
Google 사용자,2,2018-07-07 22:15:28,UI 이전 버전으로 롤백 요망
Google 사용자,1,2018-07-07 22:05:33,아니 진짜 앱이 전보다 더 오류나고 쓸모없어졌네요. 화가납니다.
Google 사용자,1,2018-07-07 20:32:38,무한 로딩뜨네요ㅋㅋㅋㅋㅋ 예산들여서 실컷 따릉이 인프라 만들고 앱으로 망치는 느낌입나다.
Google 사용자,1,2018-07-07 20:04:33,진짜 거지같이.만들엇네 대학생들 용돈주고 만들라고해도 이거보다 훨씬잘만듬
Google 사용자,1,2018-07-07 19:51:40,얼마해쳐먹었어요?
Google 사용자,1,2018-07-07 19:06:48,진짜 욕나오게 만든다 좀 고쳐라 좋은 프로그래머 사서 처음부터 다시 코드 자서 다시만들어라 안되는 날이 더 많냐 세금 사용료받아서 뭐하냐
Google 사용자,1,2018-07-07 18:12:10,최악이다 그냥 예전 앱이 100배는 좋은듯
Google 사용자,1,2018-07-07 17:10:44,"아님 세금에 덧붙여 이용료까지 받으면서 뭐하는 거임...업데이트 전후로 어플리케이션을 아예 사용할 시도도 못함..담당자는 일 
안하시나요?..."
Google 사용자,1,2018-07-07 14:17:08,업데이트 되더니 더 최악이 됫어요. 대여소 현황 확인도 안되고 검색도 안되고 쓰라는건지 말라는건지 모르겟네요.
Google 사용자,1,2018-07-07 00:38:43,전에 버전도 구렸지만 이번 버전은 최악이다 대학생 졸작 개발도 이것보단 낫겠다ㅡㅡ
Google 사용자,1,2018-07-06 23:02:28,"대체 강제회원가입 시켰을꺼면 네이버, 페이스북, 카카오톡 로그인은 왜 만들었으며, 이용약관은 왜 확인 하려니까 오류가 나는건지 이해가 
안가네요. 세금으로 개꿀들좀 빠셨나요?"
Google 사용자,1,2018-07-06 22:28:09,갑자기 qr말고는 대여가 안되나요??
Google 사용자,1,2018-07-06 21:47:03,누가 이렇게 거지같이 업뎃을 했어 안되자녀
Google 사용자,1,2018-07-06 20:30:24,이건 뭐 타라는거야 말라는거야
Google 사용자,1,2018-07-06 00:20:49,"최악중에 최악의 어플이다. 물방울을 클릭해서 대여하라는데 물방울이 아예 안뜬다. 업그레이드 한 뒤 어플로 자전거 대여가 불가능하다. 
이건 좀 심했다. 정말정말 심했다."
Google 사용자,1,2018-07-05 22:50:18,"개편 후 쓰레기 앱이 되버린 상황인데 개선 요청도 개무시하는 앱 개발자와 서울시 공무원들... 관련자 조사해서 비리 있으면 처벌해라 
청와대 청원 들어간다 대여소 현황을 당췌 알 수가 있어야지... 대여소까지 직접 가서 자전거 없으면 허탈 짜증 욕나옴"
Google 사용자,1,2018-07-05 22:15:23,"아이디 비번찾기도 앞부분만 보여주니 찾기도 힘들고 새로 아이디 만드려고해도 이미 저장된 번호라고 새로 만들지도 못하게하고 이용하라는건지 
말라는건지 제대로 테스트 하고 만든 앱인건지 잘모르겠네요. 세금이 너무아깝고요 아이디 여러개 만들수있게는 수정해주셔야겠는데요?"
Google 사용자,1,2018-07-05 16:54:23,"업데이트 이후 지도에서 대여소가 표시되지않고 먹통이 됩니다. 대여소가 표시되야 선택을 하던 말던 할텐데 말입니다. 사용불가로 인한 
보상이 필요합니다"
Google 사용자,2,2018-07-05 13:59:27,"아니 자꾸 팅겨서 다시깔았더니 이번엔 로그인이 안되고 이러면 새 앱 뭐하러 개발했어요...? 진짜 전에걸로 다운그레이드를 할수있게 
하든가 아니면 빨리 정상화시키든가 조치를 하셔야죠"
Google 사용자,1,2018-07-05 11:23:27,업데이트하고 안돼여
Google 사용자,1,2018-07-05 08:22:27,쓰기도 불편 작동도 잘 안됨
Google 사용자,1,2018-07-05 05:26:35,"최악입니다. 지도로딩이 너무 느리고 자전거대여소 위치가 표시가 안되어서 자전거를 빌릴 수가 없어요. 즐겨찾는 대여소를 자신이 직접 추가 
할 수 있게 해주세요."
Google 사용자,1,2018-07-05 02:50:07,와 진짜 뭐 이렇게 만들었나....40분동안 낑낑대다가 결국 대여못하고 걸어가는중;;;
Google 사용자,1,2018-07-05 02:39:43,업데이트 최악이네요..
Google 사용자,1,2018-07-04 23:39:24,와 예전에도 느렸지만 더 느려져서 지도 검색은 머 아예 되지도 않음
Google 사용자,1,2018-07-04 22:42:39,느린걸 넘어서 대여소 아예뜨지도 않고 검색해도 안잡히고 qr코드로 해도 안된다고만하고 진짜 저질이네
Google 사용자,1,2018-07-04 22:18:08,차라리 업데이트 전으로 돌려주세요. 즐겨찾기는 커녕 실시간 정류소 현황도 파악이 안되고... 어플 이용할때마다 짜증나네요
Google 사용자,1,2018-07-04 21:04:03,공무원 철밥통새끼들 앱 만드는 꼬라지보소
Google 사용자,2,2018-07-04 20:17:50,"아랫분은 업데이트되고 나서 편해졌다는데 저는 반대입니다 그전엔 느려도 쓸 수는 있었는데 업뎃 이후에는 열리는 것도 느리지 지도에는 
정류장 표시도 안 되고 검색은 먹통이에요 QR코드 대여밖에 안 됩니다 이게 쓰라고 만든 앱인지? 앱이랑 씨름할 시간에 걸어가겠네요. 
따릉이 시스템은 잘 만들어놓고 앱은 참... IT 강국 되려면 먼 듯"
Google 사용자,1,2018-07-04 19:21:50,업데이트 된게 더 나쁨.. 차라리 이전 앱이면.. 그럭저럭 써보기라도 하지.
Google 사용자,1,2018-07-04 19:09:44,"눈 앞에 자전거가 많은데 타지를 못하네요. 앱이 먹통이 되서. 이전앱은 결재가 귀찮아도 되기는 했는데. 업그레이드를 한건지 다운 
그레이드를 한건지. 지도에서 멈춰버립니다. ㅡ ㅡ. 이용권도 구매했는데. 포기하고 지하철 탓네요."
Google 사용자,1,2018-07-04 18:49:39,진짜 최악. 역대 최악. 무능
Google 사용자,1,2018-07-04 18:39:43,어플관리가 잘안되있네요
Google 사용자,1,2018-07-04 16:35:09,이앱 업데이트추진한놈 승진못하길바란다
Google 사용자,1,2018-07-03 22:27:20,"업데이트 후 디자인은 깔끔해졌지만 지도에서 검색이 안 된다. 기본 기능과 성능을 포기하고 디자인에 몰빵한 것일까... 이거 앱 삭제하고 
재설치하니까 보이네요... 하위호환성이라고는 엿바꿔 먹은 앱입니다. 업데이트하고 대야 안 되시는 분들 삭제 후 설치 해 보세요."
Google 사용자,1,2018-07-03 21:21:56,"정말 앱 쓰레기같이 만들었네요.개발자가 누군지 기획한 공무원이 누군지.. 세금 이딴 식으로 쓰라고 고생해서 일한 돈 바치는거 아니다 
진짜... 일 이딴 식으로 하고 월급 꼬박꼬박 받아가니?"
Google 사용자,1,2018-07-03 19:24:14,쓰레기앱. 지도가 안 움직인다. 앱 버전을 바꿔 새로 깔게 안내를 하던지.
Google 사용자,1,2018-07-03 14:24:16,업뎃되고 결제도 안되고 오류도 심하고 미치겠네요.. 따릉이위치 검색도 잘 안됩니다
Google 사용자,1,2018-07-03 14:13:49,"어플최악이라는글들 안보이세요? 대여안되서 칼퇴하고 2시간 날려본사람입니다. 지도를 왜 메인에 넣었죠? 로딩도안되게 어플만들어놓고 
이전버전만도못하게 바뀌었으면 빨리 다시 개선을해야지ㅡㅡ항상 자전거대여소에 자전거가없었는데 이젠 빌릴수가없으니까 항상 풀이네요? 
타지말라고 버전바꾸셨어요? 고객센터 전화안받고 뚝끊는거한두번이 아닌데 뭐? 전화연결이많아서 끊긴다구요? 그냥 뚝끊어지는게?"
Google 사용자,1,2018-07-03 10:04:22,아니 왜 지도 상에 물방울 표시 안되나요 검색해도 안뜨고 일주일째 미칠거같아요
Google 사용자,1,2018-07-03 08:29:27,"지도에 물방울 안떠요;; 즉 이용권 구매했는데 이용 못했어요. 환불해주세요. 대여소에는 큐알코드도 없었고요. 이거 완전 돈만 받아가고 
사기어플이잖아요."
Google 사용자,1,2018-07-03 06:44:39,"아니 왜 업데이트하고나서 이용이 더 불편해지나요?업데이트 이전에는 지도가 메인에 안떠서 더 가볍고 컴팩트했는데 지금은뭐 한번 빌리려면 
엄청 오래걸리네"
Google 사용자,1,2018-07-02 16:26:15,"주변 대여소 찾는게.너무너무너무 불편하네요 앱 업데이트된후에 안되는건지 느린건지 검색도 불편하고 답답하네요 이거쓸라고 또 다른앱을 
깔아야하고 이렇게 이상하게 변경하면서 세금낭비하지말고 기획부터 제대로해서 앱좀 제대로 만들엇으면 좋겟네여"
Google 사용자,1,2018-07-01 20:53:29,"차라리 업데이트 전이 낫네요. 현위치가 아닌 곳을 검색하려해도 지도가 먹통되다 현위치로 리셋되고,지도확대도 안되고, 당장 쓸수가 없네요 
이건 화려해지기만 했지 전혀 쓸모가 없습니다. 즐겨찾는 동네가 아닌 지금은 당장 대여소 위치를 찾을 수가 없어요"
Google 사용자,4,2018-07-01 18:12:34,"업데이트 후 대여소 물방울이 안 떠서 삭제하고 다시 설치하니 뜹니다. 그냥 인터넷 브라우저로 접속해도 앱과 유사하게 이용할 수 있는 
듯합니다. 어플 실행 시마다 뜨는 GPS 켜기를 묻는 팝업창이 나오지 않도록 설정할 수 있으면 좋겠어요. GPS를 사용하지 않아서요. 
그리고 지도를 축소해서 물방울이 점으로 변했을 때, 위치가 지도에서 어긋나는 현상이 있습니다."
Google 사용자,1,2018-07-01 14:31:37,"앱 진짜 최악이네요. 전에도 느려서 답답했는데 바뀌고 나니 답답한 정도가 아니라 속터져서 쓸 수 가 없을 정도입니다. 요새 좋은 어플이 
얼마나 많은데 어떻게 돈 들여서 이렇게 만들어 놨는지... 이거 만든 사람은 만들고 돈 받았으면 진짜 양심 없는 겁니다. 제발 
바꿔주세요. 대여하는데 1시간씩 걸려서 많이 이용 못하게 하려는 빅픽쳐가 아닌이상 이건 진짜 말도 안되는 수준이에요.."
Google 사용자,3,2018-06-30 19:58:59,"이게 뭡니까. 발로 만들었나요. 아예 능럭 안되면 고치지를 말던가. 공공앱이라고 아무렇게나 만들어도 된다고 생각하셨다면 큰 오산입니다. 
저 돈 내고 이용하는 시민이거든요"
Google 사용자,1,2018-06-30 13:54:28,패치 왜했냐 안되잖아
Google 사용자,1,2018-06-29 23:29:58,이런 쓰레기같은
Google 사용자,1,2018-06-29 20:44:00,아니 업데이트되고 작동이 하나도안되는데요? 장난하나
Google 사용자,1,2018-06-29 20:36:12,지금까지 잘쓰고있는걸 왜 거지같이 패치해서 지도는 뜨지도않게만들고 하여간정부에서 만든거는하나같이...
Google 사용자,1,2018-06-29 19:13:17,"고등학생들이 어플 만드는거 한 달 배우고 만들어도 이것보단 잘 만들겠다. 생각이란 걸 좀 하고 만들자. 이게 지금 사람이 쓰라고 만든 
어플이냐?"
Google 사용자,1,2018-06-29 17:44:15,하..갤럭시s8엣지 사용자구요..지도 좀 개선해주세요. 어디에 몇개 자전거 있는지 검색 자체가 불가능합니다.
Google 사용자,1,2018-06-29 15:48:20,바뀐거 최악임 다시 전버전 쓰고 싶다
Google 사용자,1,2018-06-29 14:19:00,느려터지고 잘 되지도않음 지도에 내위치로 가기도 없고 공무원스러운 쓰레기앱
Google 사용자,1,2018-06-29 12:19:37,업데이트 된 후로 문제가 더 많아요. 예전버젼으로 되돌려주세요.
Google 사용자,2,2018-06-28 16:59:38,"따릉이는 좋은데 앱을 참 못만드네요. 느리고 장애나고.. 여러번 고치는것보다 한번 할때 제대로 하는게 낫지 않나요? 테스트 시간과 ux 
디자인에 좀더 투자했다면 좋았을것 같습니다. 타려고 자전거 앞에 서있는데 장애나서 낑낑대다 지하철탄게 한두번이 아니예요."
Google 사용자,1,2018-06-27 22:56:40,업데이트 그지 같이 해놨네 어케 빌리는겨
Google 사용자,1,2018-06-27 22:40:05,롤백하자 대여가 안된다
Google 사용자,1,2018-06-27 21:44:47,인증번호가 안오고 앱도 엉망이네요
Google 사용자,1,2018-06-27 21:35:33,"업뎃 후 지도, 검색 다 먹통인 분들 삭제 후 재설치해보세여 저는 그렇게 하니까 잘되긴 하네요 일단. 잘 쓰던 거 갑자기 업뎃하더니 
거지 같아져서 겁나 짜증났었는데"
Google 사용자,2,2018-06-27 20:40:54,업데이트이후 지도에서 검색이안됩니다 빠른해결 ㅂ탁드려요
Google 사용자,1,2018-06-27 20:36:33,업데를 안하고 쓰레기를 만들어놨네
Google 사용자,1,2018-06-27 19:49:27,개편이후에 어플을 켜니 로딩만 무한 반복중이네요
Google 사용자,1,2018-06-27 19:33:27,어떻게 이렇게 엉망인 앱을 만들 수 있는지 심히 놀랍다.
Google 사용자,1,2018-06-27 18:14:03,"업데이트한 이후로 지도에서 대여소가 아무리해도 안나와요.... 진짜 대여소를 알아야 대여를 하죠. 이거 만든 사람은 그정도 생각도 
못하나요?"
Google 사용자,1,2018-06-27 17:26:23,"업데이트 하고 나서 정류소 검색이랑 qr코드 검색도 안되고 지도에 물방울표시인지 뭔지 그것도 안떠서 자전거를 빌릴 방법이 없네요 제발 
오류좀...;;;"
Google 사용자,1,2018-06-27 17:24:07,업뎃이후로 켜면 로딩만계속되서 아예 쓰지를 못하는 쓰레기앱. 계속 이딴식으로 굴릴거면 정기권 끊던거 그만해도 될듯.
Google 사용자,1,2018-06-27 17:14:11,와...이제 티머니까지 없앴네? 티머니로 이용하던 사람들 닭쫓던 개신세 만드네?
Google 사용자,5,2018-06-27 15:57:55,"따릉이 초기부터 이용했습니다. 솔직히 앱 어데이트 전에는 결제하는 것도 오래 걸리고 따릉이 대여소 위치 보여주는 지도도 매번 랙 걸려서 
반납 위치 찾는게 어려웠는데 업데이트 된 후 앱도 빨라지고 사용하기 쉬워졌네요. 이제 후불 교통카드도 등록가능하고 정기권 가격도 
합리적으로 바뀌어서 마음에 듭니다. 잘쓰고 있습니다."
Google 사용자,1,2018-06-27 13:59:38,머지? 왜안되냐더운데.
Google 사용자,1,2018-06-27 13:26:52,"자전거 빌리닌까 뒷타이어 바람나가있어서 타다가 넘어져서 무릎 피멍듬 하 이거 진단서 끊어서 신고해야하나 하다가 이거 관리하시는분들도 
힘들겠지 반납하고 다시렌탈 이번에 체인이 나가있음 제대로좀 자전거 관리해주세요"
Google 사용자,1,2018-06-27 11:00:29,"태어나서 리뷰 처음 씁니다. 그만큼 너무 화가 나서 씁니다. 업데이트 이후로 최악이 되버린 따릉이. 속도 느려 지도 검색도 안돼.. 
어플로 거치소 찾다 찾다 못찾아 결국 지나가는 사람한테 물아봤습니다. 최악의 업뎃. 이전으로 돌려 놓길 간절히 바랍니다"
Google 사용자,1,2018-06-27 07:39:00,"앱 리뷰 처음씁니다. 업데이트이후 자전거를 빌릴 수가 없어요. 두 달 동안 잘 썼는데.... 무슨 이런 업데이트가 있나.... 별 
1개도 아까워요... 다시 도로 돌려놓아요"
Google 사용자,1,2018-06-27 07:07:11,앱 업데이트 되고 대여를 못하고있습니다 이에 10일간 연장해주세요
Google 사용자,1,2018-06-26 23:47:09,최악의 앱. 이걸 돈 주고 서울시가 개발한 건가
Google 사용자,1,2018-06-26 16:46:41,"진짜 업데이트하고 개구려짐 최악. 지도는 왜 있는거임. 실시간 현황도 안뜨는데. 정류장즐겨찾기는 어떻게하는거죠? 앱은 무용지물 정류장 
가기전까지 자전거 몇대있는지 확인 불가능"
Google 사용자,1,2018-06-26 04:18:31,"대문부터 데이터 잡아먹는 지도를 걸어놔서 데이터 낭비가 극심합니다. 돈 아끼겠다고 따릉이를 타고 다니는데 데이터 값이 더 나가게 
생겼슴다."
Google 사용자,1,2018-06-26 00:15:12,서울시 공무원들은 이 앱을 실제 사용해보기는 하나요? 사용해봤는데 이대로 놔두는거면 일안하는건데?
Google 사용자,2,2018-06-25 23:33:55,"저는 이전 버전 앱 사용하면서 이미 네이버로 회원가입된 상태인데 이번에 업뎃하면서 앱 삭제하고 다시 깔았습니다. 근데 네이버로그인을 
누르면 회원가입 절차로 넘어가요. 다시 절차 다 밟고 카카오로 로그인할랬더니 아무리해도 로그인이 안 되구요. 꼭 해결해주세요;;"
Google 사용자,1,2018-06-25 23:28:44,지도에 물방울 표시도 안 나오고 지도 줌 하는 순간 먹통입니다. 모바일 들어가니 바로 되더군요. 할 말이 없습니다...
Google 사용자,1,2018-06-25 23:13:22,"업데이트 하면서 최적화는 안되고 더 빌리기 어려워지면 뭐하자는건지...지도로 빌리기는 안된다고 보는게 속편하고 그나마 QR로 해야되고 
원하는 장소 주변 대여소 위치 파악도 불가"
Google 사용자,3,2018-06-25 21:52:17,QA안하고 릴리즈합니까?ㅋ 이게 배포될 업데이트입니까 오류만 하루종일나는디
Google 사용자,1,2018-06-25 21:21:37,"깔자마자 리뷰하긴 첨이네요. 정말 최악의 앱을 만드셨군요! 네이버 로긴 해두고 앱 다시 켜면 인증에러! 에러 팝언 뜨면 로긴화면 여기서 
로긴안하려고 x버튼 누르면 또 인증에러 팝업! 무한 반복~~ 요요~~ OAuth처리 문제요? 그리고 로긴하려고 아디비번 넣어도 이젠 
로긴에러 와 쩌네~ 깔자마자 문제있음 새로깔라고? 팝업뜨더니.. 새로깔은 나도 이러는데, 전에 쓰던사람은 오죽할까?? 개발자들 단가좀 
잘처주고 일좀시켜~ 회사 사장은 돈아낀다 싼마이 개발자만 쓰지말고~ 이거 따릉이 회사서 만든건지 하청준건지 모르것지만, 개발자들 허접이 
쓰지말고 투자좀 하자좀!!"
Google 사용자,1,2018-06-25 21:07:35,이 앱을 만든 사람을 공개해야한다고 생각합니다. 세금으로 이런걸 만들다니... 누가 관련되어있나요?
Google 사용자,1,2018-06-25 20:10:53,최악 쓰고싶어도 로딩시간이 너무 길어서 사용 못하고 오류도 많아서 빌리지도 못함
Google 사용자,1,2018-06-25 19:40:33,앱인데 터치가 안됨. 그냥 최악
Google 사용자,1,2018-06-25 18:10:56,이딴거 왜만드나 맨날오류야 만는것 진짜 뚝배기 깨고 싶네
Google 사용자,1,2018-06-25 17:46:13,"업데이트 되고 너무 느려 자전거 빌리기가 힘듬... 즐겨찾기 해논 대여소들 다 사라지고.. 지도에 자전거 현황도 안뜨고..대여소 번호 
검색해도 나오지도 않고.. 큐알코드로 겨우겨우 타고 다님.. 제발.. 제대로 업데이트 좀.."
Google 사용자,1,2018-06-25 15:25:42,"예전에하던 방식이 더나음 qr코드는 제대로 인식도 안되고 뭘 업데이트한건지 그리고 대여소 눌러도 아무것도 안뜨고 대여소 선택대여 이런건 
아예없애고 답답해죽는줄알았네"
Google 사용자,1,2018-06-25 15:15:55,앱 바뀌면서 엄청 불편해졌네요. 사용 편의성에 대해서 개선이 필요합니다.
Google 사용자,1,2018-06-25 09:01:50,지도 모양으로 바뀌고 난 뒤로 빌릴 수조차 없음... 이전 버전은 잘 빌렸는데 내 이용권 어떡할거예요??
Google 사용자,1,2018-06-25 07:54:00,"업데이트 이후 어플을킬때마다 기본 5분은 가만히 보고있어야지 어플이실항되내요 빠른로딩을 할수있도록 GPS 기능과 지도 모드는 선택형으로 
바꿔주셨으면 좋겠습니다"
Google 사용자,1,2018-06-25 07:20:09,업뎃 이후 지도 터치도 안됨. 어제 따릉이들 앞에서 몇십분 삽질하다 승질나서 그냥 옴
Google 사용자,1,2018-06-25 00:50:13,업데이트 만든놈들 대가리박아
Google 사용자,1,2018-06-24 21:43:33,"앱 업데이트한뒤로 대여를 못하고 있어요. 지도에서 물방울이 도대체 어디뜬답니까? 자주찾는 정류소고 안나오고 정류소 검색해도 암것도 
안뜨고 지도는 확대하면 그냥 멈추고 업데이트 한뒤 못빌려서 자전거타려다 급한마음에 택시타고 가고 못빌린날만큼 환불해주거나 
연장시켜주나요? 한번쯤은 QR코드로 대여했는데 오늘은 그마저도 안되더군요 정말 실망입니다. 어서 조치해주거나 예전 버던으로 돌려주세요"
Google 사용자,1,2018-06-24 21:42:06,"바뀌고 나서 1주일넘은거 같은데 지도에 물방울이 전혀 표시되지않음. 장소를 찾을 수가 없음. 개발자와 릴리즈 담당자 테스트좀 제대로 
했으면 한다."
Google 사용자,1,2018-06-24 21:26:17,아니 무슨 지금 한시간째 대여시도중이네요 예전도 이상했지만 이제는 앱이 쓰레기가 된듯...
Google 사용자,1,2018-06-24 21:01:55,자전거 빌리는데한 1시간 실화냐
Google 사용자,2,2018-06-24 19:38:01,뭔 결과메시지는 뭐죠? 이거 빨리 고쳐주세요!
Google 사용자,1,2018-06-24 19:18:53,제발 제대로좀 만들어주세요.. 업데이트 이후로는 다시 안빌려지네요.
Google 사용자,1,2018-06-24 19:11:00,업데이트하고 진짜 후져졌어요.... 불편해짐
Google 사용자,1,2018-06-24 19:06:20,이번에 업데이트하고 똥됬네
Google 사용자,1,2018-06-24 17:13:51,"서울시는 앱제작 업체 선정을 어떤기준으로 한건지. 당췌 이딴걸 앱이라고 오류투성이, 참 세금이 아깝구나 ㅠ 무능한 공무원, 무능한 
앱개발자. 이거 감사가 필요해 보임."
Google 사용자,4,2018-06-24 16:40:02,대여중 가까운 따릉이 정거장 찾으려고 앱켰는데 30분째 작동 안되네요.
Google 사용자,1,2018-06-24 13:55:51,빌릴수가 없게 만들어버렸네요 ㅋㅋ 어처구니가 없다. 보니까 리뷰들 전부다 참고도 안하는 것 같네요. 웃기다 웃겨.
Google 사용자,1,2018-06-24 12:16:31,"sns연동 로그인 계속 오류 뜬다고 나오네요. 앱도 버벅거리고 최악임. 따릉이 취지는 좋으나 어플에 신경써야 할 부분이 한두가지가 
아닌듯."
Google 사용자,1,2018-06-24 12:10:08,예전엔 편하고 빨랐는데 근처 따릉이 정류장이 전혀안뜸 최신폰에 데이터무제한인데 다른앱 다잘되는데 처음임. 개선빨리부탁
Google 사용자,1,2018-06-24 02:20:07,"개같은 업데이트후 지도검색으로 빌리려는 생각은 꿈도 못꿉니다. 하여 검색으로 빌리려니 망할 지도로만 검색이되네요? QR인가 뭔가로 
빌리려니까 이놈은 인식도 잘안됩니다. 제발 서울의 자랑인 따릉이앱좀 롤백을 하던 문제점을 고치던 해주십쇼"
Google 사용자,1,2018-06-24 01:27:59,이럴거면 업뎃왜하나요 전버젼이 훨씬ㅇ나음!
Google 사용자,1,2018-06-24 00:29:21,업데이트하고 최악됨. QR코드 인식안되는 밤에는 뭐 어떻게 타라는건가요? 지도에서는 대여소클릭도안되고 대여방법설명도최악
Google 사용자,1,2018-06-23 23:42:25,"새빛둥둥섬 앞에 묶어놓고 야시장 다녀오니까 통신장애만 계속 뜨고 잠금장치는 안 풀려서 그대로 두고 택시타고 집에 왔다.. 앱도 
로딩중입니다만 계속 돌아가고 접속도 안 되고 예전에 있던 고객센터 게시판은 어디에 있는지 찾을 수가 없다. 토요일이라서 고객선터 전화도 
안 되고 추가결제는 잘만 되고 있고 주말 내내 과금 될 듯"
Google 사용자,1,2018-06-23 22:58:16,"정말 좋은제도 입니다. 시민들이 편리하게 이용하는거 같아요. 근데 앱개발자들 뷰 웅신 개 뷰 웅신같은 애들 써서 오류 많이나고 
죄송하단말 밖에 안하는 상담자들.. 제도는 좋으나 그걸 시행 하는 그지 같은 애들이 문제지 .. 쯔쯧... 박시장님도 이걸 아셨으면 
좋겠네요"
Google 사용자,1,2018-06-23 22:45:05,이런 식으로 어플 만드실거면 그냥 접으세요 업데이트를 했으면 더 좋은 방향으로 개선이 되어야하는데 왜 점점 후퇴하나요
Google 사용자,1,2018-06-23 20:53:36,"아직 검증이 안되어 있어보입니다. 관련업체에서 충분한 확인하셔야 하겠구요. 그 전까지는 이 전 앱으로라도 사용할 수 있도록 해주셔야 
하겠네요. QR코드 외에는 자전거를 탈 수가 없네요."
Google 사용자,1,2018-06-23 20:51:53,"진짜 이럴거면 업데이트를 하질말던가.. 자전거한대남은거누가먼저결제하나싸움하다 둘다 15분넘게서있었음(결국본인이짐) 안드로이드에서 지도는 
느리게로딩되고 정류소 번호를 입력해도 나오질않고 qr코드를읽혀봐도 없는 정류장이라나오고..지도에 튼겨우겨우 클릭해도 
대여창이안나오고..결국아이폰통해 다시로그인해서 빌림ㅡ하아...우리회사앱보다더심각한앱이여기있네.. 세금은여기에다좀쓰시고꼰대개발자들은 
인간적으로 자기자식이 탄다는생각을가지고 개발좀합시다 받은만큼만일하지좀말구요 쫌!!!제발!!! 대한민국을위해 
본인의자취를남긴다는생각좀가집시다이런건!!!"
Google 사용자,1,2018-06-23 20:48:41,타라는거냐 말라는거냐
Google 사용자,1,2018-06-23 20:44:10,결제모듈 원래 폰에있는 티머니로했는데 업디이트되더니 안되네요...;; 최악입니다최악
Google 사용자,3,2018-06-23 20:29:06,"리뉴얼전부터사용하다가 내위치기반으로 지도 검색된다고 해서 기대했는데.. 그렇게 안될뿐더러, 내가 지도움직여서 근처 찾으면 이미지 
버벅거리는데다 확대하면 먹통됨. 검색하자해도 구, 동단위로 검색도 안되고 역이름 검색치니 딱 그 대여소 검색만 됨.. 차라리 구버전이 
주변 대여소들 찾기 편했는데.. 따릉이 서비스 참 좋아하는 한 사람으로써 앱개발자님이 정말 신경 좀 써주셨으면 함."
Google 사용자,1,2018-06-23 20:24:55,삭제하고 다시 깔면 잘됨 이것때문에 알바지각함......개빡치네
Google 사용자,1,2018-06-23 19:26:27,진심 쓰레기다 쓰레기
Google 사용자,1,2018-06-23 19:20:22,"아니 뭐 어쩌라구요 이용료는 냈는데 대여소검색은 안되고 적은돈이지만 이렇게 운영하면 화가나요 정말 어플좀 제대로좀 바꿔요 나아질 
기미가안보이네 이건"
Google 사용자,1,2018-06-23 19:05:03,진짜 최악임 자전고 있는데도 안빌려짐 계속 gps수락도 계속뜨고 구매한 이용권정보도 볼 수 없음 진짜 최악 자전거 타려다가 빡만 칩니다
Google 사용자,1,2018-06-23 18:56:54,"아니 지도도 안눌리고 어찌어찌 해서 qr코드로 간신히 빌려볼랬더니 자꾸 일회용권 비밀번호로 4자리 두번 누르라냐 나는 계속 정기권 
쓰고있었는데 뭔 앱을 이따구로 업데이트 합니까"
Google 사용자,1,2018-06-23 18:45:32,지도를 왜 쳐 넣어서 이 혼란을 주는지...안되잖아!!!!
Google 사용자,1,2018-06-23 18:05:21,아니.. 리뉴얼 이전 버전도 불편한 감은 있었지만 나름 적응되서 쓰긴했음.. 근데 이번 리뉴얼은 진짜 아닌듯.. 개발팀 뭐한거임?
Google 사용자,1,2018-06-23 17:31:14,동생들이 안되서 1점남김
Google 사용자,1,2018-06-23 17:27:40,"아니 별 한개도 아까움 아에 대여가 안눌림 돈 받아 쳐먹고 검수도 제대로 안하고 어플을 건드림???? 아니 대여로도 올려놓고 아에 
대여를 못하게 만들어버리면 어쩌자는거임;;;; 빨리 해결하세요 개 짜증"
Google 사용자,1,2018-06-23 17:04:19,시작화면 지도에서 자전거 대여소 로딩이 안돼서 데이터랑 배터리만 겁나 잡아먹어요. 이렇게 업뎃한 공무원 징계 부탁드립니다.
Google 사용자,1,2018-06-23 16:59:44,새로운앱으로 바꾼건 자전거를 1시간 전에 나와서 빌리라는 건가요? 전에 간편한 앱으로 다시 바꿔 줘요 너무 복잡해서 불편 합니다
Google 사용자,1,2018-06-23 16:43:37,아니;; 도대체 왜 바꾼거죠? 잘 쓰고 있었는데... 지도가 확대도 안되고 축소도 안되요 진짜 잘쓰고 있었는데...;;
Google 사용자,1,2018-06-23 16:37:42,이게모냐!!!! 내세금으로 어떤 공무원들이 이따위 쓰레기 앱 만들었냐! 얼굴이나 보고싶다.
Google 사용자,3,2018-06-23 14:53:06,회원가입 로그인이 안되서 힘들었어요
Google 사용자,1,2018-06-23 14:34:33,"아니 UI는 왜바꿈? 꼰대가 '야 개선해~!' 하니까 등신들이 '네~' 이러고 이따구로 바꾼거? 도대체 홈화면에 지도를띄우는 생각은 
누가했냐ㅋㅋㅋ 지도로딩이 로드가 얼마나큰데 에휴..."
Google 사용자,1,2018-06-23 14:30:56,역대급 쓰레기.. 이거타려다가 한시간 했는데 안돼서 다시 집간다 어떤새끼가 만드는건지..
Google 사용자,1,2018-06-23 13:01:00,"아니 업데이트할 때 사전 테스트 안 하시나요? 작동도 제대로 안 되고 쓰기 더 불편하게 되었네요. 세금으로 만드는 걸텐데... 의도만 
좋다고 다 좋은게 아니란 걸 숙고해 주셨으면 좋겠습니다"
Google 사용자,1,2018-06-23 12:09:19,쓰레기 자전거 타려스 스트레스만 받네 진행도 안됨 돈주고 왜 쓰레기를 만드나요?
Google 사용자,1,2018-06-23 10:34:42,"이번 업데이트후 문제점. 1. 지도에서 정거장 검색이 아예안됨. 지역구, 정거장명, 정거장번호 다 검색안됨. 2. 지도가 세로로 
반만보임, 반이 잘려서 오른쪽반이 회색으로 나오고 표시가 안됨. 3.지도검색이 안되서 직접 지도옮겨서 정거장 찾아도 정거장 선택이 
안됨. 대여가능 대수까지만 확인되고 예약이나 대여화면으로 안넘어감. 4. 즐겨찾는대여소가 안됨. 검색도 안되고 기록도 안쌓임."
Google 사용자,1,2018-06-23 08:49:38,전 버전이 더 잘됬음. 지도는 나오지만 물방울 안뜸. 뭐징?
Google 사용자,1,2018-06-23 03:18:20,로그인이 안돼요
Google 사용자,1,2018-06-23 02:42:21,"삭제-재설치후 지도 잘 나옴. 왜 이런 간단한 가이드도 못해주나? 업데이트 이후 지도에 대여소가 표시되지 않고 있다. 며칠동안 여러번 
확인 했지만, 바탕지도만 나오고 물방울 표시는 한번도 보지 못했다. 이렇게 심각한 오류가 지속되고, 공식적인 공지도 없다는 건 정말 
한심하다. 서울시에서 IT 기술을 접목한 사업을 앞로도 추진한다는데 (서울페이 같은 것) 이런 식의 대응체계로는 절대 성공할 수 없다."
Google 사용자,1,2018-06-23 02:30:21,이따위로 할거면 걍 폐쇠하세요 즐겨찾기도 검색도 대여도 처 안되네
Google 사용자,1,2018-06-23 02:08:55,아니 씨.발 대여소 검색이 안되는데ㅈ어떻게 이용하라는거야 업데이트는 왜하는거야 ㅡㅡ
Google 사용자,1,2018-06-22 23:36:35,"업데이트가 됐는데 대여를 할 수가 없네요. 물방울모양이 뜨면 대여하라는데 계속 지도는 안뜨고 물방울 떠도 대여버튼이 안뜨고 
뭐하자는건지... 최악임"
Google 사용자,1,2018-06-22 23:29:47,"업댓 하고 나더니 지도상에서 대여소와 현황 체크 할 수 있던게 사라짐. 아니, 물방을 표시를 클릭하라던데, 아예 클릭이고 자시고, 
물방울 표시 조차 없음."
Google 사용자,1,2018-06-22 23:05:45,"ux가 바꿔고나서 이전에 편하게 쓰는사람들이 더 불편하게 느끼는건 무엇인가요? 익숙한사람디 자전거하나 빌리는데 5분이상걸리면 주위 
누구한테 천할지 모르겠네요 편하게 개선해주세요 제발..!"
Google 사용자,1,2018-06-22 22:53:00,나만 대여소 검색이 안되는거? 이전 앱은 이런 문제가 없었는데
Google 사용자,1,2018-06-22 22:46:41,업뎃라고 정류장인식이 안됨
Google 사용자,1,2018-06-22 22:06:01,업데이트 후 더 못쓰겟음
Google 사용자,5,2018-06-22 21:58:45,지우고 다시깔아여.다시 깔라구 안내해줬구만.그럼 잘됨
Google 사용자,1,2018-06-22 21:56:12,"이따위로 업데이트할거면 대체 왜 하셨습니까 차라리 기존 앱이 낫네요 대여소 검색도 안 되고 앱을 지웠다 깔아도 안 되서 결국 대여권 
무용지물됐네요. 최초로 이런데다 리뷰까지 남겨봅니다."
Google 사용자,1,2018-06-22 20:51:08,이번 업데이트 최악이에요 화가나네요
Google 사용자,1,2018-06-22 20:40:23,멀쩡히 돌아가던 앱을 쓰레기를 만들어놨네 이따위로 만들라고 박원순이 시키든?
Google 사용자,1,2018-06-22 20:34:19,개판이네
Google 사용자,1,2018-06-22 19:47:14,진짜 욕 나온다! 정기권 끊었는데 대여가 돼야 타든가 말든가 하지!! 내 돈 어떻게 할거야???
Google 사용자,1,2018-06-22 18:48:57,아니 이걸 앱이라고 만들었나요. 사용을 할수가있어야지 나원참
Google 사용자,1,2018-06-22 18:19:23,지도가 작동이 안됨 ㅋㅋㅋ 미치겠네 그냥 찾으러 다녀야
Google 사용자,1,2018-06-22 17:51:35,"개발자에게 너무 빠듯하게 만들게 시키면 생기는 대표적인 일입니다 우리나라개발자들 힘들어 죽으려고 합니다 열심히 해도 받는돈은 그대로구 
욕은 욕대로 먹고 합당한 금액과 시간을 주어야 완벽한 개발이 됩니다"
Google 사용자,1,2018-06-22 17:26:28,도대체 업그레이드 왜한건지;; 바꾸기전이 훨씬낫다
Google 사용자,1,2018-06-22 16:31:48,업뎃되니 앱이 먹통이네요;; 차라리 롤백해주세요
Google 사용자,1,2018-06-22 15:53:02,주변 정류소찾는게 안됨ㅡㅡ
Google 사용자,1,2018-06-22 15:14:15,정류장 지도검색에 무슨 짓을 하면 이렇게 로딩이 거지같이 느린지 궁금함
Google 사용자,1,2018-06-22 14:52:50,최악이에요 다시만들던지 예전껄로 바꿔주세요
Google 사용자,1,2018-06-22 14:49:29,쓸데없이 업뎃해서 잘 이용중이던 정기권마저 안되게 만드네요^^. 따릉이위치검색도안되고 지도내에는 정류장표시도 안뜨고 대체 업뎃왜시킨건지.
Google 사용자,1,2018-06-22 12:36:26,"업데이트라는건 조금씩 하는겁니다. 개발자가 바뀌었어도 조금씩 변화를 주면서 하시면 불만이 줄어들겁니다. 그리고 이번 업데이트는 오류도 
많고 각스마트폰별로 테스트도 되지않은 것 같은 정도의 품질입니다. 발전을 위해 쓴소리 하고갑니다. 1.번호,지역명으로 대여 오류 
2.지도검색시 지도 보기 오류 3.연장시 반납지연으로 오류발생"
Google 사용자,1,2018-06-22 11:18:43,지도 아예 사용불가. 차라리 전으로 돌려줘
Google 사용자,2,2018-06-22 10:34:16,업뎃으로는 백년이 지나도 물방울 안 보일듯. 새로 까세요. 그럼 보이네요.
Google 사용자,3,2018-06-22 09:44:30,"3일동안 안되서 인터넷으로 로그인해서 대여했는데, 오늘 어플 지우고 다시 까니 잘 되는군요. 근데 업데이트를 너무 터무니없게 한 것 
같습니다. 개선되었으면 좋겠습니다."
Google 사용자,1,2018-06-22 09:02:27,"업데이트를 왜해서 더이상하고 불편하게만들어놓은건지 자동으로업데이트되서 그냥사용하다가오류나서 30분정도시간걸린것같네요 
결국지하철타고늦었습니다 진짜너무짜증나네요 쓸데없는업데이트하지말고그냥나둬요"
Google 사용자,2,2018-06-22 08:52:05,업데이트 후에 좀 바뀌나했더니 맵끊기는거 여전한데? 뭐가 뜨질않아 공지도안되고 api를 써도 이모양이니 대체 일을하는건지 의심될수준
Google 사용자,1,2018-06-22 08:41:30,느려터졌네요. 자전거 대여소도 안나오고 결제도 느리고 뭐하자는겁니까 출근길에 빌리려다가 시간 다 잡아먹고 택시타야겠네요
Google 사용자,1,2018-06-22 08:26:58,개떡같은 앱 공무원들은 뭐하느 제대로 못하네
Google 사용자,1,2018-06-22 06:28:35,아니 잘되던거 그지같이 바꿔놓더니 아침부터 열받게 하네 진짜로
Google 사용자,1,2018-06-22 02:28:07,통일 전에는 물방울 모양 나타납니까?
Google 사용자,1,2018-06-22 00:28:03,편하고 좋은 앱이 업데이트후 최악으로 변했네요
Google 사용자,1,2018-06-22 00:10:38,"자전거는 최고인데 앱은 최악. 앱 개편전이 차라리 나음? 개편 후 해상도만 높아지고 그 외엔 더 안좋아졌음. 대여도 안되고 조회도 
안됨. 최저가 입찰로 업체 선정을 하셨나"
Google 사용자,1,2018-06-21 23:26:35,"업데이트 하기전에 정말 간편하고 유용하게 사용하고 있었는데 업뎃 사실 모르고 대여하러 갔다가 폰 붙잡고 10분 서있었네요 다른분들 
말씀대로 대여소 위치 표시도 안돼고 검색해도 뜨지도 않고 반응속도 느리다못해 아예 작동 안하는 수준이라 짜증났는데 삭제하고 다시 
다운로드하니까 느리게나마 정상작동했어요 참고하세요 그냥 지우고 다시 까는게 시간 절약하는 방법입니다"
Google 사용자,2,2018-06-21 22:17:54,왜.... 갑자기 더욱 더 구리게 바뀐거죠.. 돈내고 맘편히 이용할 수 없네요. 따릉이. 많이 좋아하는데 앱땜에 싫어질 것 같음
Google 사용자,1,2018-06-21 21:21:31,으아 ㅜㅜ 기존앱은 직관적인 UI로 간편했는데 전혀 UX가 반영안된 UI인거같네요
Google 사용자,1,2018-06-21 21:01:37,"최고의 하드웨어, 최악의 어플리케이션. 서비스 개발 사업자 선정부터 다시 해주실 것을 간곡히 요청드립니다. 개발하신 분. 한번만 당신이 
만드신 암걸리는 서비스를 써보시고 속터짐을 경험해보시길."
Google 사용자,2,2018-06-21 20:50:00,아니 왜 대여소 검색이 안되요? 지피에스 맘대로 켜지 말고 검색 좀 되게 해 주세요. 개빡치네
Google 사용자,1,2018-06-21 20:38:08,앱바뀌고 완전 쓰레기앱됬어여 예전앱이 백배좋아여
Google 사용자,1,2018-06-21 20:33:26,최악임 대여소 조회도안되고 먹통임
Google 사용자,1,2018-06-21 20:32:33,"앱이 문제가 너무 많습니다. 지금 지도도 안열리고 상담 전화하니 120으로 넘기고.. 어플이 문제하나 검토 안해보고 업그레이드를 하니 
주변이 다 힘드는거 아닙니까.. 대여하기 이렇게 힘들어서 어떻게 일상적인 이용이 가능하겠습니까?"
Google 사용자,1,2018-06-21 20:20:39,그냥 업데이틀 괜히 왜 해서 사람을 피곤하게 만드냐 거지같은 따룽아
Google 사용자,1,2018-06-21 19:47:02,아 닝기리 진짜 지도에 물방울 표시 안된다고!!!!! 대여할 수가 없잖아!!!
Google 사용자,1,2018-06-21 19:41:30,진짜 왠만하면 리뷰 안쓰는데 남기게 만드네 제도 자체는 개꿀인데 앱을 발전시킬 자신 없으면 업데이트를 하지 말던지 이게 뭐야
Google 사용자,1,2018-06-21 19:37:47,무슨 업뎃을 이렇게 개떡같이 합니까! 결제하고 30분간 헤매다가 포기하고 버스탐. 생각이 있으면 사용자들 리뷰 보고 빨리 개선하세요.
Google 사용자,3,2018-06-21 18:54:05,"따릉이는 좋은데 앱 성능이 극혐입니다. 이용자수가 저렇게 많은데 자잘한 에러에서부터 심각한 것까지 6개월 전 버전이나 지금 버전이나 큰 
차이를 못느끼겠네요. 오히려 원래 참고 쓸만하던 대여소 찾기 지도 부분은 어떤 부분에서는 아예 먹통이네요. 그냥 우리학교 학부생 
프로젝트 수업에 갖다줘도 이정돈 하겠습니다."
Google 사용자,1,2018-06-21 18:24:09,지도 위 물방울이 어딨습니까? 30분 동안 찾느라 헤맸네요 다신 안합니다
Google 사용자,1,2018-06-21 18:08:47,진짜 욕이 나와요...
Google 사용자,1,2018-06-21 18:08:26,박원순색기 내 세금 가져다가 이렇게 낭비하냨ㅋㅋㅋㅋ탄핵좀
Google 사용자,1,2018-06-21 18:03:21,리뷰 잘 안남기는데 쓸 수가 없는 서비스라 남깁니다
Google 사용자,1,2018-06-21 17:41:09,진짜 세금 아깝다
Google 사용자,1,2018-06-21 17:01:36,뭐더러 건드려서 불편하게 합니까 더 좋아지기는커녕 박살이 났네요
Google 사용자,2,2018-06-21 16:27:06,지도보고 위치선택하는거 맵로딩이 너무너무너무너무너무 느림...
Google 사용자,1,2018-06-21 15:10:54,와 개편되고 최악입니다 이용자체가 불가능. 리뷰 처음 남겨보는데 너무 열받아서 남깁니다. 빨리 고쳐주세요.
Google 사용자,1,2018-06-21 15:04:53,저만그런가요 지금 앱켜면 지도 로딩만계속되고있어서 따릉이 현황 파악이 전혀되지 않고있습니다
Google 사용자,1,2018-06-21 13:23:44,자전거나 바꾸지 멀쩡한 어플을 고장냈네
Google 사용자,1,2018-06-21 12:15:23,왜 만들었어요? 들어가기만 하면 먹통이네
Google 사용자,1,2018-06-21 12:09:58,"그냥 나한테 개발한돈 반주고 나한테 맏겨도 니들보단 잘하겠다 아니 대여서 위치 메인 화면을 지도 먼저 띄우면 로딩은 한세월이지 장류장 
위치뜰 생각은안하지 이상해서 번호로 검색해도 정류장이안떠 그냥 초기상태로 돌려놔라 그리고 그냥 업뎃할 돈으로 바닥에 뿌리고다녀 그게 
덜아까워"
Google 사용자,1,2018-06-21 11:45:24,"6월 21일 쓰레기 업데이트로 자전거 이용못하고 대중교통이용합니다. 저는 일년 이용자인데, 이런 경우에 뭐 보상이나 해줍니까? 아예 
앱을 사용할 수가 없네요. 오늘 따릉이 한 대도 못 봤습니다. 테스트도 안 하고 앱을 업데이트 하신 겁니까? 하아..."
Google 사용자,1,2018-06-21 11:34:43,빌릴 수가 없다고 ~
Google 사용자,1,2018-06-21 09:46:42,"이보다 더 할수 있을까 싶었는데, 더 할수 있네요... 적어도 QA는 해보고 배포를..."
Google 사용자,1,2018-06-21 09:46:06,"업뎃을 왜한거임 아침바쁜시간에 빌리는걸로 시간 다 낭비하고 결국 택시탐 고객센터는 전화도 안받고 어플은 엉망이고 갑자기업뎃하더니 
너무불편해짐 진짜따릉이잘쓰고있었는데 아주엉망이네요"
Google 사용자,1,2018-06-21 09:26:35,"엡 개편할 능력이 없으면 건드리지를 말아야지.. 세금으로 도대체 어떤 개발업체를 썻길래 이럽니까 빌릴수가 없습니다. 아침에 아슬아슬하게 
남아있던 자전거 정류장들도 자전거가 꽉차있더군요."
Google 사용자,1,2018-06-21 09:16:44,"따릉이 담당 주무관 대가리에 총맞았냐? 어플 안되자너. 월급도둑아. 숨도 쉬지말어라 세금 뜯어다가 이따구로 만들어? 가족들은 너 이러고 
다니는거 알음? 그냥 집에서 삼식이나해"
Google 사용자,1,2018-06-21 09:14:28,지금업데이트하시고나서 물방울눌르라는데 물방울은커녕 점도안떠요ㅡㅡ 대여소검색도안되고여 빨리조치취해주세요
Google 사용자,1,2018-06-21 08:52:39,"아니 업뎃을 도대체 왜 이렇게 한거죠?? 이전 버전이 예약 및 이용하기에 편리했는데 지금은 무슨 정리도 안되고 예약도 불편하고 
엉망이네요...부디 의견수렴해서 다시 업뎃부탁드려요."
Google 사용자,1,2018-06-21 08:51:03,업데이트 하면서 자전거 예약 기능을 빼버린듯!!
Google 사용자,1,2018-06-21 08:13:10,아 진짜 뭐야....자동 업데이트되고...잘안되서 출근시간에 ...보상해라 시간과 돈...짜증나 아침부터 지우고 깔고 아침에 택시비...
Google 사용자,1,2018-06-21 07:49:54,업뎃 을 할려면 실험을 좀 해서 하던지 출근 시간 늦어지게 이게 먼데
Google 사용자,1,2018-06-21 03:49:46,앱 디자인 누가 하는거임? 사용하기 드럽게 불편하네. 아직도 오류투성이에 쓸데없는 gps팝업까지...
Google 사용자,1,2018-06-21 02:34:02,개그지같이 업데이트해서 왜 생고생시키는지 모르겟네
Google 사용자,1,2018-06-21 01:47:48,장난하는것도 아니고 대여 안돼서 앱 다시 받으래서 받았더니 며칠 됐다고 또 대여안됨ㅡㅡ
Google 사용자,1,2018-06-21 01:33:32,서울시에서 돈들여서 그런건데 너무합니다
Google 사용자,1,2018-06-21 01:14:49,업데이트하고 지도 확대를 할수거 없네요...
Google 사용자,1,2018-06-21 01:14:48,"업데이트하고 최악입니다. 주로 빌릴때가 야외에서 데이터환경 사용해서 빌리는데, 데이터 환경보단 어플 자체가 매우 느리고 엉성해서 지도는 
커녕 지도에 대여소도 로드가 안 됩니다. 네이버나 구글 지도도 이것보단 로드도 빨리 되는데, 지도 뜨는거 기다리는데만 몇 분 이싱 
소요되고, 대여소를 선택할 수도 없고, 검색해도 뜨지도 않습니다. 어플 자체가 업데이트 전에도 엉성한 면이 있었지만 익숙해 지면 그나마 
사용 가능했는데, 업데이트 하고나서는 아예 대여시스템을 이용 할 수도 없습니다. 만약 따릉이 이용하시려면 어플 옵데이트 이후에나 
사용하시길 강하게 권장합니다. 안 그러면 이 무더운 날씨에 따릉이 대여소 앞에서 10분이상 죽치고 있는 자신을 볼 수 있을겁니다. 
마지막으로 어플 그래도 전문적 지식을 가지신 분들이 개발했고 그 노고에 대해서는 감사하지만, 이걸 국민 세금으로 만들었다고 하니 그런 
감사도 쑥 들어가고 오히려 화가 나네요. 기분좋게 사용하려다 수준낮고 엉성한 어플때문에 되려 기분만 나빠지지네요."
Google 사용자,1,2018-06-21 00:44:26,"그냥 냅두지 뭔 업데이트를 쳐한다고 해가지고; 지도 선택해봐 계속 먹통이여~ 테스트는 해보고 올린건지...이건 개발바도 개발자지만 
pm이 무능한거"
Google 사용자,1,2018-06-21 00:24:08,앱이바뀌고 되는것도 안되고 빌려지지도않고 돈만날렷네요
Google 사용자,1,2018-06-21 00:04:23,S8에서 LTE 사용환경일때 아예 안되게 해놓으신건가요?ㅋㅋㅋㅋ 참 어떤 개발자인지는 몰라도 공공기관 일하는 꼬라지 볼만하네요
Google 사용자,1,2018-06-20 23:36:08,"오늘 업데이트되고나서 굉장히 안되기 시작했음 1시간전까지만해도 잘 쓰다가 업데이트 이후부터 렉만 걸림 이 따위 엡을 왜 운영하는지 
모르겠어요"
Google 사용자,1,2018-06-20 23:04:50,돈내고사용하는건데쓰지도못하고이게뭐에요짜증나게
Google 사용자,1,2018-06-20 22:49:50,이번에 업데이트 되고나서 지도가 뜰동안 30분 동안 기다렸는데 결국 택시탐 뭐 초창기 c언어개발자들이 만든거도 아니고 ㄹㅇ 개판이네요
Google 사용자,1,2018-06-20 22:49:47,헬 업뎃
Google 사용자,1,2018-06-20 22:20:56,"대대적 개편이라더니 앱을 사용할 수 없게 만드는 개편이었나봅니다. 앱을 업데이트하기전에 테스트해봤나요? 지도는 뜨지도않고 물방울은 잘 
눌리지도 않을 뿐더러, 눌린다 쳐도 내가 누른 곳이 아닌 다른 지역의 대여소가 뜨고 큐알은 애초에 인식을 못하고 정류장 검색도 
안뜹니다. 도대체 왜 있는거죠 이 앱?"
Google 사용자,1,2018-06-20 22:20:47,아니 업데이트왜했어요 하고나서 써보기는하셨는지 그리고 3g는 자동도안됩니다 ㅡㅡ
Google 사용자,1,2018-06-20 21:51:39,"업데이트 할꺼면 좀 똑바로하자 이게 자전거 빌리면끝인데 왜 업데이트가 필요한 앱이지 모르겠다 기존 오류만 고쳐도 되는데 왜 쓸데없이 
세금낭비인지"
Google 사용자,1,2018-06-20 21:47:01,업뎃전도 노답 업뎃후는 극악
Google 사용자,1,2018-06-20 21:45:12,"도저히 안쓸수가 없네 아마추어도 상아마추어인지 이렇게 오류투성이 엉망인 어플은 처음 봅니다. 업데이트를 했다는데 지도는 제대로 나오지도 
않고 중간에 먹통에다가 대여소 번호를 눌러도 검색도 안되고 번호에 .을 붙여서 엉터리 리스트가 나오는가하면 도대체가 세금들여서 어떤 
자격미달 업체에 일을 준건지 이거 서울시 감사감입니다. 빨리 제품 하자 수정하지 않으면 청와대에 서울시따릉이 민원넣겠어요 대체 뭘 
수정해서 서비스를 개시했다는건지 서울시민들 데리고 장난제대로 치네요"
Google 사용자,1,2018-06-20 21:41:38,업데이트 왜했지...
Google 사용자,2,2018-06-20 21:41:07,가능한 빨리 이전버전으로 되돌렸으면..
Google 사용자,1,2018-06-20 21:40:41,제발 이상하게 업글하지마여...잘되던게 업글하니까안됨...
Google 사용자,1,2018-06-20 21:30:11,업뎃헷더니 거지같아요
Google 사용자,1,2018-06-20 21:25:58,"와 업데이트하고 개최악 전버전도 결제 먹통에 카드등록 시스템 미권유 등으로 사용하기 진짜 힘들었는데 패치하고 gps로 찾으라는데 렉이 
티맵의 한 200배 오래걸림 깔지마세요 지우세요 자전거도 구려요"
Google 사용자,1,2018-06-20 21:05:55,이럴거면 업데이트 왜했어요? 업데이트 하기전이 더 나아요. 맵으로 눌러서 빌리는거 너무 느리고 ..시간많이 들어요. 큐알코드인식 안됨ㅡㅡ
Google 사용자,1,2018-06-20 21:02:15,누가 이렇게 개자지같이 만들었어요? 얼마나 해먹었어?
Google 사용자,1,2018-06-20 20:58:27,쓰레기 같은 앱 아예 쓰지도 못하게 해놨네
Google 사용자,1,2018-06-20 20:36:28,아니 뭐 오류때문에 대여를못하겠네.진짜 데이터만 계속먹고 뭐하는앱임??
Google 사용자,1,2018-06-20 20:27:59,아 ㅡㅡ 어플업데이트되고나서 엄청 불편함 느려지고
Google 사용자,1,2018-06-20 20:15:47,앱 업데이트하고나서 더 사용하기 힘듭니다. 지도가 멈춰서 가까운 대여소 찾기가 더 힘들어졌어요. 다시 업데이트하세요
Google 사용자,1,2018-06-20 19:49:48,진짜 최악이네요 뭐 이런 구린 업데이트를 할수가있는건지 참; 개발자들 반성좀 하십쇼
Google 사용자,1,2018-06-20 19:46:25,동작을 안 합니다. 최악이네요
Google 사용자,1,2018-06-20 19:32:42,아니 지도에 물방울도 안보이고 검색해도 먹통이고 시간만 버리다가 결국 지하철탔네 결제해놓고 돈만 버리는데 시간 돈 다버리고 어쩔꺼??
Google 사용자,1,2018-06-20 19:28:36,진짜그지같이도 만들었네 수정안할거면 없애든가
Google 사용자,1,2018-06-20 19:07:15,전 버전 내놔라 진짜
Google 사용자,1,2018-06-20 18:43:37,눈먼 돈이라고 공공기관 납품 너무 쉽게 보는듯...테스트만 제대로 해도 확인될만한 오류가 넘쳐남...
Google 사용자,1,2018-06-20 18:41:04,"이 뭐 물방울 클릭하면 대여가능 하다면서 물방울 뜨지고 않고요 ㅋㅋ뭐 이따구로 업데이트를 하셨대요??검색으로도 대여소가 안나오니 대여를 
할수가 있나ㅋㅋㅋㅋㅋㅌㅌㅌㅋ내 돈 내고 타지도 못하고 ㅋㅋㅋㅋㅋ 별한개도 아깝네요"
Google 사용자,1,2018-06-20 18:29:47,"진짜 업데이트 왜했냐 개별로잖아 무슨 지도 확대하면 지도 확대안되고 렉만걸리고 일 무슨 그따구로하냐 확인도 안해보고 업데이트 시켜놨냐 
짜증나네"
Google 사용자,1,2018-06-20 18:20:53,"아이디 비번이 맞는데 왜 로그인이 안되는건지요? ㅠ 로그인하는데 30분 넘어도 안되서 포기하고 걸어갑니다 로딩 시간 너무길고 업데이트 
후 복잡해졌어요"
Google 사용자,1,2018-06-20 18:20:02,아니 몇주전에산 갤s9+로도 결제가안되면뭐어쩌자는건지 이해할수가없네요
Google 사용자,1,2018-06-20 18:18:01,앱을 거지같이 만들어서 눈앞에 있는 자전거를 못타게 만듦 ㅡㅡ
Google 사용자,1,2018-06-20 18:15:41,제대로 만들지 못하면 그냥 건들지 말라고!
Google 사용자,3,2018-06-20 16:25:26,"평소에는 잘 쓰고 있어요. 다만 오늘 2번 결제를 했는데 전부 돈만 출금되고 이용권은 발급되지 않았어요. 로그인을 하려고 4번 정도 
시도를 했는데 그것도 전부 오류로 되지 않았네요. 평소에도 결제과정이 불편하다고 생각은 해왔지만 공식어플에서 이런 오류라니요. 문의를 
어디로 해야할지 모르겠네요"
Google 사용자,2,2018-06-20 11:25:32,오늘 앱버젼이 안맞는다니 계솓 오류가 뜨네요
Google 사용자,1,2018-06-19 21:43:04,있는앱이나 잘관리하시오 ㆍ어제오늘 혈압올라죽는줄알았소ㆍ개발자는어떻게선정한거요?!!
Google 사용자,1,2018-06-19 17:29:26,야 이거 따릉이 기다리느라 허비한 내 시간하고 이거 안된 정기권 및 버스비 물어내라
Google 사용자,1,2018-06-19 07:48:47,오늘은 로그인조차 안 되네요.
Google 사용자,1,2018-06-19 00:28:47,"세금 쳐발라만들었으면 좀 제대로 이용하게해주던가 왜쳐 탈수없게 땡볕에서 서있게만드냐 이게 뭐 어려운기술이라고 여직 버벅거리기나하고 
답답하다"
Google 사용자,1,2018-06-18 23:49:29,"이 좋은 취지의 서비스를 앱과 서버가 다 말아 먹는 군요. 언제든 되어야 하는 신뢰성이 핵심인데 퇴근시간 수십분이나 먹통이 되다니. 앱 
쓰다가 별 하나 주기는 처음입니다."
Google 사용자,1,2018-06-18 23:22:32,"최악이네요 복잡한것도 아닌것 같은데 벌써 며칠째 앱이 제대로 안되는데 대책이 그렇게 어렵나요? 이런거 하나 제대로 못하면서 어떻게 
지금까지 유지하는지 경의롭네요"
Google 사용자,1,2018-06-18 23:08:01,"5시35분쯤에 빌리는데만 30분넘게 걸려서소액결제 2000원결제되고 따릉이타고 오는길에 확인해보니 대여시간 1시간으로 되었네요 결제는 
2천원결제되고 , 7시 20분쯤 반납했는데 아직도 앱에서는 대여중으로 나오네요 ~~~ 머 이딴것이 있나요 ~ 전화하니 전화도 안받고 
짜쯩지대로네요 !!! 앱이라고 참 어처구니없게 만들어서 빌리고 대여하고 반납했는데 ~ 이런 엉터리 앱으로 멀하는겁니까 ~"
Google 사용자,1,2018-06-18 20:10:20,"앱 자체가 너무 느리고 이용권 구매하기도 어렵고 힘들고 복잡하고... 한국사람도 쓰기 힘든데 외국인이 사용할 수 있나요? 개발자님들 
분발 부탁드려요..ㅠㅠ"
Google 사용자,1,2018-06-18 19:50:04,오후5시까지는 자전거 타다가 반납하고나서 다시 결제할려고 따릉이 들어갔는대 오류가 뜸 빨리 고쳐주세요
Google 사용자,1,2018-06-18 19:49:41,"서버에 오류가 있다면, 홈페이지와 앱에 사용불가 확실히 공지하고 고객에게 안내하는 것이 우선이라고 봅니다. 문의가 많다고 아예 전화를 
차단해버리는 것은 고객센터의 업무라고 생각하기 어렵습니다. 홈페이지 찾아가 열심히 구매하고 통신장애라는 메시지만 반복해서 들으며 
정류장에서 시간을 허비한 고객의 입장을 생각하는 서비스가 되었으면 하네요."
Google 사용자,1,2018-06-18 19:45:32,"일주일에 한번은 오류나서 못 쓰는 앱. 이거 만든 개발자 초등교육도 못 받았나 아님 불만글 올라오는 난독증있는 환자인가 앱좀 제대로 
만듭시다"
Google 사용자,1,2018-06-18 19:38:57,아 앱이 버전체크한다고 켜지지도 않네요ㅡㅡ 내정기권
Google 사용자,1,2018-06-18 19:38:26,앱 안열려요 빨리고쳐주세요
Google 사용자,2,2018-06-18 19:36:45,왜 접속이 안되죠?
Google 사용자,1,2018-06-18 19:36:45,제발...오늘거 환불좀요. 아이디는 있는데 왜 비번이 안찾차짐?
Google 사용자,1,2018-06-18 19:35:44,"세금을 어디다 그렇게 낭비하면 앱을 이렇게 만들수 있는지... 하다못해 1인개발자가 혼자만들어도 이것보단 최적화 잘돼있겠다. 청문회때 
세금 어디에 그렇게 낭비했는지 어디한번 보자"
Google 사용자,1,2018-06-18 19:35:37,제대로 테스트도 안해보고 업데이트합니까 정기권이 있는들 통신에 이상이있다고 사용을 못하는데 그게 정기권입니까
Google 사용자,1,2018-06-18 19:34:48,앱 버젼 체크한다고 아예 켜지지가 않아요 지우고 다시 깔았는데도 안돼요. 내 옆에사람은 되는데 왜 저만 안되는거죠?
Google 사용자,1,2018-06-18 19:34:03,업데이트를 쓰레기처럼했네 테스트도 안하냐
Google 사용자,1,2018-06-18 19:33:54,테스트를 하긴 하나요? 속도는 더느러지고
Google 사용자,1,2018-06-18 19:31:22,왜 이리 앱고장 많아요? 아까운 내 정기권.. 뭐 타라고 산건지.. 기부하라고 산건지.. 에휴.. 뭐하자는건지..
Google 사용자,1,2018-06-18 19:30:50,계속 서버 오류 떠서 돈은 내놓고 자전거를 전효 쓰지 못하고있습니다.
Google 사용자,1,2018-06-18 19:29:24,s9 버전체크 문제 해결 좀 해주세요.
Google 사용자,1,2018-06-18 19:28:59,"결제만 되고 빌리는건 안됨ㅋㅋ 장난하나ㅋㅋ 이럴거면 왜 만들었음? 담당자 얼굴 좀 보고싶네 이딴걸 서울시에서 만든 어플이라고 
내놓고싶나ㅋㅋ"
Google 사용자,1,2018-06-18 19:28:33,그냥 놔두지 왜 업데이트 해서 더 불편하게 만드냐....
Google 사용자,1,2018-06-18 19:26:08,전혀 안되네요 네트워크 오류 무슨 오류.. 계속 오류
Google 사용자,1,2018-06-18 19:26:00,맨날징애
Google 사용자,1,2018-06-18 19:24:29,정액결재하고 토욜1번타고 오늘퇴근때타려니 로그윈만 죙일걸려서 포기하고걸어옴.. 업데이트하려면 똑바로하든가..보니까 나만 그런거 아닌듯
Google 사용자,1,2018-06-18 19:23:26,"공지라도 좀 해놓던가요...거지같이 업데이트 해놓고 로그인하는데 30분 넘어걸리고 계속해서 네트워크 오류... 어째해서 로그인까진 
했는데 지도 안뜨고 즐겨찿기 먹통이고...결국 한시간째 씨름하다가 지하철 타고 퇴근합니다..내일도 그러면 환불해야겠습니다.."
Google 사용자,1,2018-06-18 19:21:01,진심 사기업이었으면 상상도 못할 수준의 업데이트 공무원이이래서 좋구나
Google 사용자,1,2018-06-18 19:20:55,이런것도 앱이라고 ㅡㅡ 아오
Google 사용자,1,2018-06-18 19:20:14,앱도안켜지고 웹페이지도 심지어 먹통임 아예관리안하는듯 최악
Google 사용자,1,2018-06-18 19:19:51,"제발 제대로 된 개선 좀...따릉이 앱이 불편해서 개인이 스마트 앱을 만들었다잖아요~~~~~~세금으로 국민들 위 해 만든거면 국민들의 
수준에 맞게 좀 만듭시다!! 당췌 고려시대 앱을 만들어 놓으면 어쩝니까!?"
Google 사용자,1,2018-06-18 19:16:16,거지같은 개발자들 다 짤라버렸음좋겠다 몇번째 시간낭비인지 이제 화가난다
Google 사용자,1,2018-06-18 19:13:30,그지같이 업뎃했네..도통 사용할 수가 없자나... 개발자 반성합시다. 세금 아깝다 정말
Google 사용자,1,2018-06-18 19:11:55,아니..왜 되지를않는건데..
Google 사용자,1,2018-06-18 19:11:25,"무슨 어플을 이리 불안정하게 만듭니까??? 어플이 동작을 안 해서 사용 못하는 경우가 한두번도 아니고!! 어플 관리좀 하세요. 돈은 
돈대로 내고 자전거 이용도 제대로 못하잖아요"
Google 사용자,1,2018-06-18 19:10:13,오류가 너무 많음 접속도 잘 안되고 오늘도 접속하는데만 30분 낭비함
Google 사용자,1,2018-06-18 19:06:58,개뭐같이만들어놧네 업데이트는왜한거야 되지도않고
Google 사용자,1,2018-06-18 19:05:32,"정말 앱이 최악이네요.. 따릉이 취지는 좋은데 앱개발자를 바꿔야되는거 아닌가요??? 앱개발업체를 바꾸던지... 차라리 그전의 앱이 더 
좋은데 왜 업데이트한건가요?? 자전거 한번 대여하려다 성질버리겠네요.. 쓸데없이 자전거 대여현황을 메인페이지로 해서 속도만 느리고 
데이터소모량만 많아요.. 자전거 대여소 앞에서 대여현황 완료되기만을 하염없이 기다리다 결국 포기하고 왔어요.. 속도 개선해주세요."
Google 사용자,2,2018-06-18 19:04:31,"웹에서라도 제대로 작동되게 해두던가.. 지도도 제대로 안 뜸. 차라리 오늘 이용이 불가하다는 공지를 앱에 띄웠으면 웹에서도 방황하느라 
시간 낭비할 필요가 없었을 텐데 관리자가 참.. 답답하네요."
Google 사용자,1,2018-06-18 19:03:54,"금일 업데이트 하고 앱켜지지도 않고 자전거 대여하는데서 1시간째 있다가 겨우 접속되서 통신오류 전화는 왜 안받는건지 열받아서 다시 
지하철타고 가는중 이럴꺼면 업데이트하지마요"
Google 사용자,1,2018-06-18 19:03:30,Web 쪽 업데이트 되더니 더 안좋아졋네
Google 사용자,1,2018-06-18 19:03:15,잘 이용하다가 이런 테러를 당하네요. 퇴근하고 싶다!! 웹에서도 안빌려져요 지도가 안 떠서!
Google 사용자,1,2018-06-18 19:02:47,업데이트왜함
Google 사용자,1,2018-06-18 19:01:45,"이건뭐 앱이 연결이 되야 자전거를 빌리든 뭐든 하지요. 왜 업데이트를해서.. 안하느만 못한걸 해서 사람들이 자전거 빌리다가 
2~30분만에 다 그냥 갔어요!! 뭡니까!!!"
Google 사용자,1,2018-06-18 18:59:48,아니 지도가 안보이면 이걸 어떻게 빌리란거야ㅠㅠㅠㅠ
Google 사용자,1,2018-06-18 18:55:34,앱 계속 로딩 하고 30분이상 로그인 오류 몇번 뜨니까 결국 자전거 못타고 걍 버스 타고 퇴근 합니다 욕 나오려고 하네요
Google 사용자,1,2018-06-18 18:54:31,세금 도둑이 어디 멀리있는게 아닙니다. 이따위로 만들어놓다니... 사기업이었음 너네 다 짤렸어...
Google 사용자,1,2018-06-18 18:53:15,개빡치게하네 뭔또 업데이트해서 접속하기 더어려워졌냐. 오류는 기본이고 혈압오르게 하네 자전거 하나 맞춰야겠다 그냥
Google 사용자,1,2018-06-18 18:52:42,이럴꺼면 개편하지마세요 진짜 화나네요
Google 사용자,1,2018-06-18 18:51:30,계속접속도안되는데 출퇴근에이용하라니;; 30분동안시도하다 데이터만다날리고 스트레스만쌓였네!!
Google 사용자,1,2018-06-18 18:48:41,앱이 먹통이 돼서 30분동안 길거리에 서있다가 포기하고 그냥 걸어갑니다. 홈페이지에서 대신 대여하라는데 홈페이지도 먹통이네요.
Google 사용자,1,2018-06-18 18:47:44,"업데이트를 할거면 사전에 테스트를 제대로 진행하셔야죠 퇴근길에 이용하려고 결제한건데 사전 공지도없이 퇴근시간에 통신오류가 나면 
어떡하나요 고객센터는 전화도 안받고 여전히 어떠한 공지도 없고 한동앙 잘 이용했는데 실망이 이만저만 아니네요"
Google 사용자,1,2018-06-18 18:47:33,"무슨 이 어플만 네트워크 오류가 이렇게 많이나고 겨우겨우 결제는 됐는데 돈만 빠져나가고 이용권은 없는걸로 나오고 계속 렉걸려서 화면도 
안넘어가고 진짜 심하네요ㅡㅡ"
Google 사용자,1,2018-06-18 18:47:05,진짜 이런걸 어플이라고 만들었냐 뭐만하면 에러뜨고 ㅡㅡ
Google 사용자,1,2018-06-18 18:45:37,아니 서버 운영 어떻게 하는 건가요? 엡 로딩하는데 나무 오래걸리네요 자잔거 하나 빌리는데 뭐가 이렇게 오래걸리는지 욕이 다나오네요.
Google 사용자,1,2018-06-18 18:44:01,서버관리안하냐
Google 사용자,1,2018-06-18 18:42:40,뭔 앱이안돼서 홈페이지로 갔더니 로그인도 안돼고 비회원으로 구매하려니까 회원은 로그인하래고 속터져 죽겠다 그냥 뛰어가지 짜증나 죽겠네
Google 사용자,1,2018-06-18 18:42:32,"앱은 먹통, 웹도 통신장애로 안될거면 미리 공지라도 하든가 ㅋㅋㅋ 앱 개선했다고 한동안 이용 안될거면 왜 앱 개편했죠? 확실히 통신 
문제 없게끔 개발하고서 업뎃을 하든지.. 이도 저도 아닌데 뭐하자는건가요 원래도 구렸지만 이럴거면 안하느니만 못함ㅋㅋㅋ 개인 단말기 
문제인줄 알고 따릉이 앞에서 30분을 헤맸고 이거 타겠다고 일부러 돌아왔는데 덕분에 시간 다 버리고 더운 날 짜증 한 가득 
얻어갑니다^^ 제 일일권 요금 환불해주세요 문의전화도 연걸조차안되고 일왜이렇게하세요"
Google 사용자,1,2018-06-18 18:41:11,해도해도 너무하네요 지금 이걸 사용하라고 만든건가 왜 혼자 네트워크 오류에 로그인조차도 안되는지 진짜 성질나네요
Google 사용자,1,2018-06-18 18:40:57,환불해주세요 에러가 나서 쓸수가 없어요.
Google 사용자,1,2018-06-18 18:36:43,아니 무슨 업뎃하고나서 로그인이 안됨?
Google 사용자,1,2018-06-18 18:35:12,지금 오류 장난아니네요.. 한참 로그인 하다가 지하철 탓어요 이럴꺼면 왜 업데이트 한건지.... 정기권 끊은게 아까울정도...
Google 사용자,1,2018-06-18 18:34:26,너무 느리다. 최악이다
Google 사용자,1,2018-06-18 18:33:12,업데이트하고 안되는 경우를 만드면 어떻게 이용하라는건지... 업데이트를 하지를 말지
Google 사용자,1,2018-06-18 18:32:23,도대체 앱개발을 이런식으로 하나요? 얼마전에도 그러더니...이용이 안되면 공지를 하던지..전화도 바로 끊기고..
Google 사용자,1,2018-06-18 18:30:33,네트워크오류로 로그인도못하고 이십분간씨름하다가 결국 지하철탐. 거지같이 느려터짐정말
Google 사용자,1,2018-06-18 18:30:31,따릉이 지금 다오류나고들어가 지지도않고 자전거도 응답안합니다 어떻게해요 이거
Google 사용자,1,2018-06-18 18:30:15,업데이트를 도대체 어떻게한건지 렌탈 진행이안되네 진짜 니네가 사람이냐
Google 사용자,1,2018-06-18 18:25:36,아놔 업데이트 왜 이따위로 해서 빌리는데 백만년이예여
Google 사용자,1,2018-06-18 18:24:50,앱 너무느려요
Google 사용자,1,2018-06-18 18:19:28,안그래도 쓰래기 어플 업뎃하고 더 쓰래기 됐네 되게 좋아질거처럼 배너 엄청 띄우더니 똥만 싸놨네
Google 사용자,1,2018-06-18 18:19:03,앱보다 웹으로 하는게 더 빠름...
Google 사용자,1,2018-06-18 18:17:50,아니 접속조차 안되네ㅡㅡ장난하나
Google 사용자,3,2018-06-18 18:16:29,아지금 머하자는거이여 ..ㅡㅡ 아 환승할랬는데 아 ㅠ 진자 업뎃하고나서 더안돼고 장난해여지금? 전화도안받고 진자 ㅡㅡ
Google 사용자,1,2018-06-18 18:16:21,"아니 앱 첫 화면이 지도면 어떻게 하나요 로딩도 오래걸리고 외국인은 더더욱 어떻게 타라고 지도를 맨 첫 화면에 띄웁니까 잘 타고 
이용하고 다니던거 새로 바뀌고 로그인도 안 되네요"
Google 사용자,1,2018-06-18 18:15:51,아 잘쓰고있는거 왜바꿔서 안되고 퇴근도못하네
Google 사용자,1,2018-06-18 18:15:38,이런개뭣같은거받아처먹고세금처먹냐
Google 사용자,1,2018-06-18 18:15:13,이거 업데이트를 어찌한거길래 이따구입니까 접속도 제대로 안되고 못 쓴날은 환불 받아야겠어요
Google 사용자,1,2018-06-18 18:15:06,이걸 프로그램 이라고 만들었습니까? 노트8사용하는데 자전거 앞에서 20분째 기다리는중 지내주꺼로 돌려줘요 기능은 안좋아도 그게 더 빨랐어
Google 사용자,1,2018-06-18 18:14:45,와우 어떻게 이렇게 못만들었죠 진짜 자전거 타려다가 자전거 만들어서 타는게 더 좋겠다고 생각하게 되네요
Google 사용자,1,2018-06-18 18:14:25,업데이트 뭐같이 해놨네 ㅎㅎ 못빌려 발적화
Google 사용자,1,2018-06-18 18:13:24,열리지가 않아요.
Google 사용자,1,2018-06-18 18:08:49,업데이트 왜했어요....켜지지도 않아서 한달권썩고있어..
Google 사용자,1,2018-06-18 18:08:07,"업데이트 이후로 계속 네트워크 오류 뜨고 너무 느리네요.. 뭐 이거 쓴다고 개발자님들이 볼지는 모르겠지만, 본다고 해도 개선하실지는 
더더욱 모르겠지만 혹시 몰라서 리뷰 남겨봅니다"
Google 사용자,1,2018-06-18 18:04:19,"따릉이 자체는 너무좋은데 어플 업데이트 진짜 시급해요... 결제도 너무 불편하고(카드사랑 연동 안되나요..) 어딜 들어가서 뭘 하든 
반응 속도가 진짜 느려서 충격적"
Google 사용자,1,2018-06-18 17:58:31,로그인도 안되고 겨우겨우 로그인되니 큐알도 안 먹히고 빌리지를 못하는데 이거 환불하거나 연장해줘야 하는 거 아닌가요?
Google 사용자,1,2018-06-18 13:41:37,정기권 구매하려해도 구매가안되요. 티지말란건가요?
Google 사용자,1,2018-06-18 13:31:36,업데이트하면서 문제생겼어여 수정해주세여 네이버지도 OPEN API 인증이 실패됬다는데 앱을 재거하고다시 깔아도 똑같은문제가 생기네여
Google 사용자,1,2018-06-18 13:00:03,결재 오류 많고 어플이 정신을 못차리네요 해결해주세요
Google 사용자,1,2018-06-18 12:20:40,어째 갈수록 앱이 퇴보하냐 업뎃 전이 훨씬 간결하고 직관적이었음
Google 사용자,4,2018-06-18 11:04:43,"오늘 일단 앱 실행만 시켜봤는데 아주 좋아졌네요~ 일단 첫 화면이 아주 깔끔하고 로딩도 훨씬 빨라진거 같고요~ 다른 기능들은 아직 잘 
모르겠지만요~ 홈화면 들어가기만 하면 GPS 켤꺼냐고 계속 물어보는데 그것만 수정하시면 될 것 같습니다~"
Google 사용자,1,2018-06-18 02:42:57,왜 갑자기 휴대폰결제는 막아놔서 엿을 먹이노
Google 사용자,1,2018-06-17 17:36:31,"따릉이 6개월결재해서 타다가 1시간 초과되서 추가금 핸드폰으로 결제 완료했는데 추가금이 존재한다고 대여가 불가능하다고 한요 환불을 
해주던가 추가금을 받지를 말던가 내가 찾아간다진짜 전화도 잘안받고...."
Google 사용자,3,2018-06-16 14:29:42,T머니로충전이사라짐
Google 사용자,1,2018-06-16 09:22:47,"이걸 이용하면서 로그인에 30분을 잡아먹네요. 암 걸릴 것 같습니다. 프로그래밍 모르는 제가 지금 배워도 이것보단 잘 만들겠네요. 
친인척에게 수주를 줬냐고 의심받기 딱 좋은 앱입니다."
Google 사용자,1,2018-06-15 22:17:59,"따릉이 애용가입니다 진짜 고작 자전거빌리는데 로딩시간이 이렇게 긴어플은 처음입니다 와이파이빵빵터지는데서 해도 로딩시간이 길고 결제수단 
입력도 이제 왜 핸드폰 결제안되나요? 자전거대여소 보는데도 지도에다가 모든 대여소 다뜨게 해놔가지고 기다리는데 한참입니다 어쩜 이렇게 
비효율적으로 개똥같이 해놨는지 개빡치네요 최악점수드립니다"
Google 사용자,1,2018-06-15 20:14:06,사업비 공개하세요. 대체 얼마주고 만들었길래 이 모양입니까?
Google 사용자,1,2018-06-15 19:32:08,"아니 이런 리뷰 처음 남겨요.. 저번부터 너무 어플들어가는것도 느리고 오늘은 결국 제대로 빌려서 타지도 못했내요. 어플을 이렇게 느리게 
이렇게 만들어 놓으면 어떻게 사용하라는거죠 대체..? 오늘도 빌릴려고 30분 넘게 서있었내요 제 주변에도 여러명이 계속 서있더라구요.."
Google 사용자,1,2018-06-15 18:50:44,이거하다가 열뻗쳐서 오토바이삿다^^ 매연 추가요~
Google 사용자,2,2018-06-15 18:46:13,"업데이트 되고 안들어가져서 다시 다운받았는데도 안들어가지네요. 게다가 자전거모니터도 아예 데이터 오류로 켜지지 않으니 빠른 개선 
바랍니다."
Google 사용자,1,2018-06-15 18:45:25,오류가너무 많아요
Google 사용자,2,2018-06-15 18:44:11,따릉이는 정말 좋은데 앱으로 스트레스 받아요 업데이트 왜 한건지.. 또 접속 안되네요
Google 사용자,5,2018-06-15 18:41:01,지금 G7 G6 G5 폰에서 아예 접속안됩니당....고쳐주세요...
Google 사용자,1,2018-06-15 18:39:36,와 지금 결제됐다고 문자왔는데 그이후로 먹통ㅡㅡ 분통나네 진짜 대학생들시켜도 이거보다 잘만들어
Google 사용자,1,2018-06-15 15:40:09,앱이 형편 없네. 내가 발꼬락으로 만들어도 이거보다 잘만들겠다. 세금쓸라면 제대로 써라.
Google 사용자,1,2018-06-15 15:20:17,"어플 업데이트한 이후로 이용권 결제하려하면 이용권 쓰고 있는것도 없는데 이미 이용권 사용중이라고만 뜨고 결제 안되네요 그리고 위치 
꺼놓으면 gps실행 메시지 한번만 뜨게 해주세요 들어갈때마다 뜨는게 여간 귀찮은게 아닙니다"
Google 사용자,1,2018-06-15 15:13:00,따릉이라는 시스템은 정말 좋은데 앱이 쓰레기네요 앱을 뭐 이딴식으로 만들었는지 이용할 때마다 쌍욕나옴
Google 사용자,1,2018-06-15 15:10:50,앱 설치후 실행 하려 하면 APP 버젼 체크시 오류가 발생했습니다. 다시 연결 하겠습니까? 라고 뜨며 앱을 실행 할 수가 없습니다.
Google 사용자,1,2018-06-15 14:54:09,실행 자체가 안되는데요?
Google 사용자,1,2018-06-15 14:53:41,App오류... 쓸데없는 기능보단 본기능에 충실해주시길
Google 사용자,1,2018-06-15 14:53:34,"업뎃을하면 더 좋아져야 하는거 아닌가요. 포맷도 디자인도..하...정기권끊었던거 취소하고 싶어질 정도네요. QR코드로 인식해서 
대여하는거 메인페이지에게 잘보이게 빼주고 느려터진 지도좀 치워주세요."
Google 사용자,1,2018-06-15 14:53:15,"무슨 업데이트를 하라던지 뭔 말도없이 앱이 처음깔때랑 바뀌고 빌릴라하니까 비밀번호 입력했는데도 카드대라고 하고 뭐하는거임...이제 
따릉이 좀 타고 출퇴근한지3일차인데 이딴식으로 막아버리네"
Google 사용자,1,2018-06-15 14:53:15,업데이트 새로하고 애지간히 로딩 느리고 버전 안맞다고 자꾸 튕김
Google 사용자,1,2018-06-15 14:39:45,"지우고 다시깔아도 앱버전 체크시 오류가 발생했다고 강제종료됩니다. 평소에도 앱이 자주 충돌하고 반응속도가 너무 느려서 사용하는데 너무 
불편했는데 이제 아예 사용불가가되었습니다"
Google 사용자,1,2018-06-15 14:35:58,어플 좀 제대로 만들어줬으면...
Google 사용자,2,2018-06-15 14:28:08,app 다시 설치하니까 계속 안들어가져요
Google 사용자,1,2018-06-15 14:28:01,먹통입니다............
Google 사용자,1,2018-06-15 14:26:41,도대체 어플개발은 누구한테 맡기는건지 노답
Google 사용자,1,2018-06-15 14:20:29,앱을 열었는데 흰 화면만 뜨고 아무것도 기능하질 않습니다. 정기 6개월권 끊은지 얼마 되지 않았는데 얼른 고쳐주셨으면 좋겠습니다..
Google 사용자,5,2018-06-15 14:19:02,앱버전체크시 오류? 이유가 뭘까요? 따릉이 좋아요
Google 사용자,1,2018-06-15 14:15:07,왜이렇게 에러가 자주 나나요
Google 사용자,1,2018-06-15 14:13:14,완전 쓰레기.. 좋은 제도를 똥덩어리로 만들어버리는 앱.
Google 사용자,2,2018-06-15 14:03:58,앱버전 체크시 오류가 발생했다며 열리질 않네요
Google 사용자,1,2018-06-15 14:01:35,"앱이 업댓되고 나서 더 구려졌어요! 투자한만큼 더 좋아져야 하는데 이전버전보다 더 구립니다. Ui이도 구리고 이전버전이 이쁘지는 
않았지만 간단하고 버그도 별로 없어서 좋았는데 지금 업댓되고 나서 엉망진창입니다 차라리 여러번 테스트를 하고 올리던지요!! 잘 사용하고 
있다가 지금 빌리는데 1시간이상 소요하고 있습니다 앱을 지웠다가 깔았다가 그래도 앱 오류창 안 없어집니다 빨리.개선시켜주세요!! 
정기권으로 타고 있는데 이렇게 못 빌리면 보상해주시나요??!!!!"
Google 사용자,1,2018-06-15 13:59:40,업뎃왜쳐한거냐 진심 답이없네 이놈들은
Google 사용자,1,2018-06-15 13:50:57,아니업데이트되고 30분지낫는데 자전거를못빌림....이게뭐임 짜증남 세금어따처먹음
Google 사용자,1,2018-06-15 13:50:38,"아니 갑작스럽게 패치하더니 인터페이스 바꾸는 건 그렇다쳐도 애초에 지도기반 대여소 조회는 느려터져서 터치조차 안되던건데 이걸로 
검색하게끔하면 어쩌잔겁니까;; 개발자분들은 이 앱 써보긴 하신건가요? 저도 관련 업종인데 이건진짜 아니죠;; 즐겨찾는 대여소는 조회도 
안되고 뭡니까;; 나 지금 한 시간 걸려서 따릉이 타고 집가야 하는데 어쩌라고요ㅠ!!"
Google 사용자,1,2018-06-15 13:49:55,원래 앱에서 잘타고 있엇는데 앱바뀌고 나서 아예 대여가 불가능함. 이럴거면 업데이트는 왜햇는지 모르겟음
Google 사용자,1,2018-06-15 13:49:25,아 진짜 이렇게 개판인 앱을 뭔 생각으로 업데이트 했는지 원  디자인은 무슨 7~8년전에나 보던 디자인이고  AppCompatActivity만 사용해도 구글 메터리얼 디자인이 적용되는데 그거 하나 넣는게 그렇게 힘드냐?  거기에 무슨 얼어죽을 앱 버전 체크를 하고있고 또 버전 체크도 안되서 앱이 실행도 안되고 지도 조금만 줄여도 앱 멈추고  뭐 제대로 되어있는게 하나도 없네 진짜
Google 사용자,1,2018-06-15 13:43:25,"자전거는 좋은걸로 잘 세워놨으면서 왜 앱은 이모양임? 잘 켜지지도 않고 그냥 브라우저 창 열듯이 같다 덕지덕지 붙여놓은 것밖에 없음. 
앱은 그냥 외주로 잘하는데 좀 맡기는 게 나을듯."
Google 사용자,2,2018-06-15 13:38:55,오늘 어플 바뀐다고 공지해서 다시 깔았는데 새버전 버벅이다가 지금은 app 버전체크 에러 나네요. 빨리 해결해주세요
Google 사용자,2,2018-06-15 13:33:22,앱이 업데이트 되면서 더 느려지네요.. 이용법도 어렵고 결제도 안돼고.. 차라리 이전버전이 더 나은것같네요
Google 사용자,1,2018-06-15 13:29:27,업데이트 이후 어플 실행도 안되고 로딩도 너무 길고 이용을 못하겠네요 빠른 수정 부탁드립니다
Google 사용자,1,2018-06-15 13:04:43,"제발 전 버젼어플로 바꿔줘요 ㅜㅜㅜ 아니 지도는 왜 메인화면에 밖아놯고 스팟 이미지는 왜 이렇게 큰거에요.. 지도는 클릭하면 나오게 
해주시고 ui좀 저번 버젼처럼 간편하게 해주세요"
Google 사용자,1,2018-06-15 12:33:41,새어플은 언제 다운 가능한가요?
Google 사용자,1,2018-06-15 12:26:41,ㄹㅇ 최악 앱 누구한테 만들게 시킨건지 모든 서울 시민이 사용할수 있게 만드려면 제대로 만들어야하는거 아닌가요
Google 사용자,2,2018-06-15 10:18:16,오늘부터 새 앱 나온다고 했는데 왜 똑같죠?
Google 사용자,1,2018-06-15 09:23:40,테스트 안하고 개발하는듯..
Google 사용자,1,2018-06-15 09:14:56,ㅋㅋ덕분에 지각 잘했습니다 업데이트도 안뜨는데 뭔 자꾸 버전오류야 ㅋㅋ어플 진짜 그지같이 만들어놓고
Google 사용자,1,2018-06-14 18:35:30,"신용카드 결제는 왜 안되고 티머니랑 폰 결제는 왜 없앤거냐? 없앨거면 신용카드 결제 시스템이라고 제대로 만들던가 이런 쓰레기를 
어플이라고 아휴 ㅋㅋㅋ"
Google 사용자,1,2018-06-14 06:50:08,가입도 잘안되는데 ㅡㅡ
Google 사용자,1,2018-06-13 20:24:28,회원가입 몇번을 시도하다 결국포기 이딴 쓰레기앱을 도대체 어떻게 이용하라는건지 원
Google 사용자,5,2018-06-12 23:06:52,16년도 부터 따릉이 이용하는데 덕분에 삶의 질이 상승했습니다ㅋㅋㅋㅋㅋ
Google 사용자,1,2018-06-12 23:02:43,"아니 정검을하긴해요? 대여번호눌리지도않고 장난하는것도아니고 돈날렷네요 이거어떻할거에요? 그렇다고 환불되는것도아니고 애초에 이런거할려면 
생각좀하고 개발하시던가 전화번호도없고;;;진짜 쓸데없이돈낭비해서 쓸모1도없네요 중간중간펑크나잇는것도있고 답이없어요 이럴꺼면 따릉이 
없애요;없으니만큼 못하니까"
Google 사용자,1,2018-06-10 19:58:29,"조작성 최악 시인성 최악 편리함 최악 디자인 최악 타 결제어플과 연계 전무 앱카드만 들고다니는 난 갑자기 사라진 티머니결제 때문에 
카드번호를 입렫하지 못해서 결제 불가로 그냥 버스를 타야했다. 어떻게 정부기관에서 만든 어플이 시중에 나온 어플이랑 비교 할 가치도 
없을정도로 만든건지 참.."
Google 사용자,1,2018-06-10 17:32:41,앱이안됨
Google 사용자,3,2018-06-10 00:03:56,일일권결제수단 구매에 핸드폰결제하고 티머니 결제가 없어서 결제를 못하고 잇어요 수정해주세요
Google 사용자,1,2018-06-09 19:36:01,앱 다시 만들어 주세요 이게 뭡니까?
Google 사용자,5,2018-06-09 15:09:26,ㅋㅋㅋ 사용자
Google 사용자,4,2018-06-09 13:45:36,한양대쪽 갯수좀 늘려쥬새요 제발 ㅠㅜ
Google 사용자,1,2018-06-08 16:45:25,6월7일자 날자로 2번결제후 돈은 나갔으나 이용을 하지 못 하는 상황입니다. 환불조치부탁합니다.
Google 사용자,1,2018-06-07 20:35:03,이게 어떻게 2.5냐 진짜 관리 너무못한다 어휴어휴
Google 사용자,1,2018-06-07 20:16:35,최악의어플... 이용권 3번 구매했는데도 못타네
Google 사용자,1,2018-06-07 02:19:41,"공무원들 하는 게...실망 시키지 않고 앱 잘 안 되네. 이렇게 내 놓고 관리 안해도 안 잘리고 내 세금으로 월급 받고. 대여 하려고 
시간만 낭비"
Google 사용자,1,2018-06-06 20:32:58,"평소에 잘 탔었는데 오늘 자전거는 안타지는데 결제만 계속 되서 일일권에 3000원쓰고 자전거는 못탔습니다 고객센터는 운영도 안하고.. 
여기에 남깁니다. 환불 반드시 부탁드립니다"
Google 사용자,1,2018-06-06 18:38:47,"결제하고 몇십분지나서 대여번호 알려준 덕분에 사람들 자전거 다 가져가고 다른 대여소까지가서 자전거를 타는 개떡같은 시스템 잘보았습니다. 
세금은 어디로 흘러들어가는지 문득 궁금해진 사용기였습니다."
Google 사용자,1,2018-06-06 18:11:37,자전거를 만들어 타는게 더 빠르겠다.
Google 사용자,1,2018-06-04 22:43:12,"회원가입하고 로그인 하는데 로그인이 자꾸 안되서 비밀번호 찾기를 했는데 해당하는 정보가 없다고 뜨네요. 회원가입이 안된건가 해서 
회원가입을 할려고하면 회원가입은 되어있고....정말 답답하네요"
Google 사용자,5,2018-06-02 00:44:41,따릉이 서비스는 좋아요 자전거 대여소가 더많이 생겼음 좋겠네요 따릉이 좋습니다.^^
Google 사용자,1,2018-06-01 07:34:54,회원가입조차 되지 않음
Google 사용자,5,2018-06-01 04:00:01,좋아요
Google 사용자,1,2018-05-31 22:07:01,"이미 리뷰 남겼지만 아무리 생각해도 너무 어이가 없어 또 남깁니다. 진짜 어떻게 이런 엉망인 앱을 만들었는지 도저히 이해가 안되네요 
반성해야합니다."
Google 사용자,1,2018-05-31 19:07:25,"어플 만드신 제작자 분께 말씀드립니다. 사용성 테스트를 거친 어플인지 의문이 드네요. 화면을 넘어갈 때마다 버퍼링이 너무 길고, 잦은 
오류가 많습니다. 서울특별시- 공공기관의 프로그램인 만큼 질적인 면에서 더욱 훌륭해야 할텐데 실망이네요... 업데이트 시 전체적인 
시스템 보수가 절실히 필요한 어플이에요."
Google 사용자,1,2018-05-30 14:25:08,"완전쓰레기 앱이네요 눌리지도안음;;;,.지운당"
Google 사용자,1,2018-05-28 23:18:48,켜지질않아요 켜는데 하루걸리겠어요
Google 사용자,1,2018-05-28 07:57:19,앱이 먹통... 대여소검색화면만 가면 당최 되는게 없네요 ㅠㅠ
Google 사용자,1,2018-05-27 00:52:13,인간적으로 앱좀 다시 만들자. 하나부터 열까지 뭐하나 멀쩡한게 없는 앱이다.
Google 사용자,1,2018-05-26 23:57:12,T머니 카드 안들고있는 상태에서 가입하고 귀찮은 절차 다거쳐서 핸드폰으로 이용권 결재까지 했으면 인간적으로 그자리에서 자전거 버튼 눌르자 마자 대여번호 4자리만 치게 만들어야 하는거 아닙니까? 도용위험있을거 같으면 대체 1~4 만으로 숫자 비밀 번호 설정하게 만든 이유가 뭐죠 그냥 아이디 비밀번호를 자전거에 치게 하지
Google 사용자,1,2018-05-26 21:47:13,결제가 안됨 모든 카드 결제가 안돼
Google 사용자,1,2018-05-25 17:46:41,앱 ㄹㅇ 쓰레기
Google 사용자,1,2018-05-24 22:28:44,"좀 최저가 입찰말고 돈 주고 제대로 만드세요. 요즘 시민체험의견단 구한다죠? 본인들이 써보면 뭐가 불편한지 모르나요? 전 어플깔고 
하루만에 몇가지가 바로 보이던데? 어이없네요. 시민의견단이니 뭐니 하기전에 제대로 만들고 평가받으세요."
Google 사용자,1,2018-05-21 03:36:04,"결제만되고 이용권은 안들어와서 한참헤메다가 대여창들어가니까 자전거있는데 다 대여중이라고 떠서 결국 못타고가네요 ㅡㅡ 쓰레기같은거 
누가만든건지.."
Google 사용자,3,2018-05-21 01:18:21,"따릉이 잘 이용 중입니다. 하지만 어플에 대한 답답함 으로 인해 따릉이 대여가 원활 하지가 못 하네요. 일단 대여소 검색부터 불편하고, 
따릉이 타고 이동할 때 원하는 곳 근처 대여소를 찾을 때도 어려움이 큰 것 같습니다. 일단 대여소를 찾을 때 위치라던가 거리뷰라던가 
이런것들이 잘 마련됐으면 좋겠네요! 개선 부탁드릴게요^^"
Google 사용자,1,2018-05-20 18:56:44,"쓰레기앱. 1점도 아까움. 상술하면, 앱이 너무 느리고, 결제절차가 쓰잘데기없이 여러 단계를 요구함. 결국 모든 절차를 다 통과해도 
장치고장인지 고정장치가 고장나 뽑지도못하고 반납처리됨. 최악!"
Google 사용자,1,2018-05-20 00:12:33,"진짜 세금처들여서 그지꼰대같은개발자들한테 일시키니까 이꼴나는거다. 비밀번호찾기도안되고 로그인을할수가없게만든 개발자 기획자놈들 모조리 
곤장 백대형이다."
Google 사용자,1,2018-05-19 21:03:22,왜 분리가 안됬다면서 반납이되나요 덕분에 1000원날렸고 10분 날렸어요 감사합니다.
Google 사용자,1,2018-05-13 21:27:15,앱을 뭐이렇게만들었는지.. 되지를않네 렉 오진다
Google 사용자,1,2018-05-13 13:54:51,지금 것 받아본 어플중 제일 쓰레기 어플이네요^^ X같아서 결제한 돈 드릴게요 먹고 떨어지세요. 개발자XX님은 그렇게 살지 마세요.
Google 사용자,1,2018-05-13 12:49:54,이런어플은 세금이 아깝네요 그냥 집에있는 내 자전거 타는게 속편하겠음
Google 사용자,1,2018-05-11 22:30:53,"365일 정기권 끊고 타려고 하니 앱 오류의 연속... 돈 내고 이렇게 탈때마다 오류나서 이용못하면 보상은 해주는지? 어플 만든 업체? 
개발자가 궁금하다... 평점이 2점대라니..."
Google 사용자,1,2018-05-11 22:27:19,이런 개같은앱을봤나 인증자체도안되고 ㅡㅡ 왜만들었음? 차라리 자전거훔쳐서타는게 더빠르겠네
Google 사용자,1,2018-05-11 20:52:47,"따릉이라는 공공자전거 시스템은 별5개만점에 10개줘도 안아깝지만... 앱 자체만 판단하면 별 1개 주기도 아까움... 편의성 
별1(즐겨찾기 조차 없음), 최적화 별1(매우느림), 안정성 별2(이상발생시 앱내부 차선책 없음, 고객센터(인원부족)>>다산콜센터 
덕분에 별2),운동전문성 별1(운동관련 칼로리소모, 속도관련 데이터 변수가 아에 없음)"
Google 사용자,2,2018-05-11 20:36:21,App오류라고 접속이 안되요
Google 사용자,1,2018-05-11 20:35:21,"퇴근하려니 앱제출오류?? 운동복으로 지하철 타게 만드시네요. 너무한거 아닌가요? 자전거도로도없고. 정기권만 갈취해가네요. 보상 어디서 
받나요"
Google 사용자,1,2018-05-11 20:34:11,ㅅ1ㅂ 안타
Google 사용자,1,2018-05-11 20:33:59,따릉이 타려고 깔았는데 실행조차 안되네요..최악
Google 사용자,1,2018-05-11 20:32:32,앱도 홈페이지도 먹통이네요 고객센터 전화연결은 되지도않고.. 정기권 결제했는데 이용할수가없어요
Google 사용자,3,2018-05-11 20:30:10,오늘 따릉이타고 반납했는데 앱은 오류고 문자는 안오고 요새 자꾸 앱에 통신장애가 너무심해요 추가요금까지 자동납부되고
Google 사용자,1,2018-05-11 20:29:41,대여완료라고 하면서 통신장애라고 끊기는거는 뭐임?? 대여되었다는데 탈 수가 없음 왜 전화도 안받음??
Google 사용자,1,2018-05-11 20:27:31,앱 버젼 체크 중 오류가 발생했습니다. 다시 시도하겠습니까? 만 뜨고 아예 앱 연결 자체가 안 됨
Google 사용자,1,2018-05-11 20:24:19,"도대체 앱 개발비를 중간에서 얼마나 해처먹었길래 이딴 앱을 만든건지 출퇴근 용으로 쓰려고 결제했는데 하루 걸러 한번씩 앱이 안 켜지고 
오류가 나고 느려터지고 뭐 어케 쓰란건지 ㅋㅋ"
Google 사용자,1,2018-05-11 20:20:40,타라는 건지 말라는 건지... 어플 결제만 30분걸리구 지금 계속 오류 떠서 어플이 켜지지도않네요... 뭐하는건지 참..
Google 사용자,1,2018-05-11 20:16:27,"어플 접속도 10번 시도해야 한 번 될까 말까이고 로그인도 안되고 자전거 이용시간보다 어플로 대여하는 데 걸리는 시간이 더 걸려서 너무 
불편합니다"
Google 사용자,1,2018-05-11 19:56:20,"앱 사용성 최악 결제하는데 길바닥에 서서 10분을 허비함 내가 낸 세금으로 이따위 거지같은앱을 만들다니 어떻게든 단가줄여보려고 하다가 
개판으로 만들어진 앱임이 분명함"
Google 사용자,1,2018-05-11 09:26:28,앱 발로만들었냐?
Google 사용자,1,2018-05-11 09:26:18,반납하고 문자오는데 너무 오래 걸림 연결 반납은 아예 안되는 경우도 종종있음 상담도 전화 안받음 덕분에 지각함
Google 사용자,1,2018-05-10 13:38:07,이렇게 불편한 앱은 처음 보네요. 뒤로가기도안되고 비밀번호가 어디있는지도 모르겠고 개선이 너무필요해요. 짜증나서 못쓰겠어요
Google 사용자,1,2018-05-09 11:42:18,앱의 사용성은 최악이네요. 빨리 개선해주세요
Google 사용자,1,2018-05-09 02:02:46,결제 먹튀 몇 번째인지 모르겠네요
Google 사용자,2,2018-05-09 01:15:47,밤시간에 쓰려고하면 앱 안켜지고 난리났다 제대로 관리좀
Google 사용자,1,2018-05-08 19:13:28,앱 안정성 최악임.. 개선 좀 부탁드려요
Google 사용자,1,2018-05-08 18:57:32,무슨 사용 할때마다 앱이 문제가 생깁니까? 운영 이렇게 할거면서 왜 하나요?
Google 사용자,1,2018-05-08 18:56:58,"아니 진짜 장난하나 어플 들어가지는것도 안돼고 제 폰 갤s9플러스인데 딴 거 아무 문제 없는데 맨날 따릉이만 렉 걸리고 느리고 
장난하나요?"
Google 사용자,1,2018-05-08 18:55:00,아 어플 및 전산 너무구려. 이용을할수가없네
Google 사용자,1,2018-05-08 18:43:32,지금 점검시간입니까? 어플안되서 직접 정거장 왔더니 통신장애라고 카드대여도 안되고 거 참
Google 사용자,1,2018-05-08 18:32:12,앱도 최악 서비스도 최악 진짜 웬만하면 리뷰 안남기려고 하는데 짜증나서 남겨야겠다.
Google 사용자,1,2018-05-08 18:28:20,"장난함? 어플은 오류만 더럽게 많고, 네이버 지도 API도 제대로 못읽어옴"
Google 사용자,2,2018-05-08 09:16:49,서비스 너무 안좋음 (어떤곳은 자전거 없고 어떤곳은 너무많고)
Google 사용자,1,2018-05-07 19:16:22,허구헌날 터짐 터지고 공지사항조차 없음 관리하는사람이 있는지조차 의문
Google 사용자,1,2018-05-07 19:01:40,앱실행도안되구여..
Google 사용자,1,2018-05-07 14:20:01,결제시스템 엉망에 연계 결제시템오류 빌려서 타라는건지 말라는건지 세금이로 이런데 돈버리고 어플업체 비리로 만든거냐?
Google 사용자,5,2018-05-06 12:33:12,좋아요
Google 사용자,1,2018-05-05 09:12:58,대여소 현황 들어가면 멈춤 ㅋ
Google 사용자,1,2018-05-04 16:32:08,"최악....진짜 어플리뷰에 별하나 남겨보긴 처음이네요. 요근래 왤케 자잘한 오류가 많은지.. 길바닥에서 허비한 시간만 합쳐도 
시급받아야할판이예요ㅋ"
Google 사용자,1,2018-04-30 19:24:39,최악의 앱 UX도 전혀 고려하지 않고 오류와 버그만 난무하는 전형적인 서울시 세금낭비앱
Google 사용자,1,2018-04-28 20:09:17,이걸로 대여소검색하면 혈압올라쓰러질듯
Google 사용자,1,2018-04-28 10:03:21,에러투성이 쓰레기어플 자전거타는것보다 대여하는시간이 더 걸림
Google 사용자,1,2018-04-23 06:05:34,"친구와 같이 자전거좀 타보려고 단체권으로 구입했는데 결제 후 대여하려고 보니까 대여가 불가능 하다고 떴네요.... 아니 무슨 돈만 
날리고 대여도 못하고 제가 따릉이 몇번이고 빌려봐서 어떻게 사용하는지도 아는데 이건 앱 오류로밖에 못보겠네요. 제 친구도 자기가 
해본다고 앱깔고 회원가입하고 결제해봤는데 결제는 되는데 역시 대여가 안되네요. 따릉이 학교 다닐 때 잘 사용했는데 이제는 쓸 일이 
없겠네요."
Google 사용자,1,2018-04-19 10:27:46,오늘 쓰려고 보니 통신장애에 어플 접속도 안된다. 이런 일이 엄청 잦은데 이럴거면 뭐하러 정기권 끊어서 쓰는지 모를정도
Google 사용자,1,2018-04-19 10:18:59,"최악의 경험을 여러번 했습니다. 경악했습니다. 해외 나가서 여러나라의 공유 자전거 서비스와 비교해서 서울특별시가 이정도 밖에 안되나 
싶어서 좌절감마저 듭니다. 중국 공유 자전거앱 벤치마크 해 보세요."
Google 사용자,1,2018-04-19 09:56:37,국민세금으로 운영하면 적어도 불편함 최소화시키도록 노력해야지 허구헌날 통신장애 어플실행오류 반복 상담원 통화불가 최악이다
Google 사용자,1,2018-04-19 09:46:05,우선적으로 최적화 작업이 이뤄줘야할거같아요 너무 버벅거림현상이 잦고요 여러모로 손을봐주셔야할 어 플인거같습니다 가장 기본적으로
Google 사용자,1,2018-04-19 07:57:40,너어어어무우우우 불안정함..어플을 어케.만들었길래 이렇게 허접하고 불안정한지 ㅡㅡ 이런데 돈좀 쓰세요
Google 사용자,1,2018-04-19 07:54:10,통신장애랍시고 안되는경우가 너무 많음 오늘도 덕분에지각하겟네요ㅡㅡ
Google 사용자,1,2018-04-19 01:23:17,"이거 왜 만들었냐 툭하면 단말기 통신장애 뜨고 어플도 버벅거리고 반납도 된건지 안된건지 잠기기만 하고 반납 확인은 안되고 시민들 
애태울려고 만들었냐?"
Google 사용자,1,2018-04-18 22:41:33,"이거 없애세요 아니 관리도 잘 안될거 왜 만들어놓은거죠?? 추운데 한시간동안 자전거 빌리려고 아등바등!! 돈 안내고 사용하는거면 
말은안하는데 돈은 받아놓고 관리는 잘 안해놓고 이럴거면 돈을 좀더 받아서 관리를 철저히하세요 제에발 도대체 통신장애는 뭔놈의 
통신장애!!!일곱대가 통신장애고 세대가 빌릴수 없다고 뜨는데 돌아버리는줄 옆에있던 아저씨는 자전거 반납됐다고 카톡이 안와서 옆에서 
허둥지둥대시다가 전화하니까 전화도 쳐안받아서 결국 그냥 망연자실해하면서 그냥가심 아니 추가요금 제도는 만들어놓고 왜 반납처리는 깔끔하게 
안되는거?? 왜?? 지들은 챙길거 다챙기면서 왜 개선을 안하는거죠?? 언플은 장점만 있는대로 해놓고 뭐 서울의 행복이다 어쩐다 진짜 
어처구니 없어서 말이안나옴 서울의 행복이 아니라 서울의 발암덩어리!!! 진짜 내가 이걸 좋다고 여러사람한테 추천한 내입을 때리고 
싶을정도 통신장애진짜...하...개열받음 한두번 이러는거면 이해하는데 진짜 타려고할때마다 이러니 안쓰면 그만이라고 하는데 돈을 냈는데 
어떻게 안쓰나!!!! 아휴 진짜 개선좀 하세요 개선좀 이런거좀 잘 만들어놓고 홍보를 하던가 과대광고로 고발할뻔!!!"
Google 사용자,1,2018-04-18 20:40:03,"오류가낫네? 자전거앞에서 대여 눈치보고있고. 오류문의하라는 공지 뒤는게나와서 저나하면 끈고 저나하면 끈고.. 저나되는거긴함? 
저나문의하라고 하질말든가 ㅡㅡ"
Google 사용자,1,2018-04-18 19:56:15,ㅅl바 네트워크 장애라고 30분 기다리다가 30분 걸었다. 고객센터는 불통이고 고맙다 10새
Google 사용자,5,2018-04-18 19:54:25,"앱이 개선해야할 부분도 있겟지만 사용법을 숙지하고 사용해본 저로써는 이용하기는 괜찮았고 따릉이라는 제도가 생겨 너무 편리하게 잘 
이용하고있릅니다"
Google 사용자,1,2018-04-18 19:16:55,"앱 결제 방식이 상당히 불편하고, 대여소 현황보기는 어이가 없음(현재 있는 위치의 데이터만 불러오면 될텐데 서울시 모든 데이테를 다 
불러오니 ㅡㅡ) 그리고 오늘4월18일 오류는 뭡니까? 삼십분째 기다리고 있습니다. 간간히 반납 오류로 미납금도 생기네요"
Google 사용자,1,2018-04-18 19:13:04,정말 느리고 속 터집니다. 왜 내가 타려고 할 때만 통신장애가 생기고 앱이 동작을 안하는지... 세금 아깝지 않게 해주세요.
Google 사용자,1,2018-04-18 19:09:55,진짜 자전거 도로까지도 안바래요... 자전거 빌릴수있게좀.... 통신오류 제발좀 고쳐주세요!!!!!!
Google 사용자,2,2018-04-18 18:55:27,앱 실행이 안됩니다. 공식 고객 센터 전화도 받질 않아요. 4/18 기준 작성.
Google 사용자,1,2018-04-18 15:20:36,추가요금결제를 왜 따로 만들어 논건지 결제도 오류뜨고 직관성도 떨어지고 최악
Google 사용자,1,2018-04-17 21:12:55,오늘 너무 오류가 심하네요. 자전거 필요시 없는건 어쩔수 없지만 있어도 앱 오류로 탈 수 없는건 넘 심한거 아닌가요??
Google 사용자,1,2018-04-17 19:16:02,도대체 창이 안넘어가네요 대여소앞에 서서 뭐한건지... 앱 버그의 개선이 필요한것 같습니다
Google 사용자,1,2018-04-17 19:10:21,앱 똑바로 관리하세요...빌리는데 통신에 오류난다고 하질않나..딥빡...^^이럴거면 걍 따릉이를 만들질 말든가...
Google 사용자,1,2018-04-17 19:06:47,엄청 버벅거리고 서버 문제 때문에 못타는 날도 많고..문의 하려고 전화햇는데 몇번을 해도 안되고.. 요즘 따릉이 서버문제 왤케 많나요ㅜ
Google 사용자,1,2018-04-15 17:29:58,통신장애만 삼십분... 7대 시도해보고 고객센터 연결만 다섯번 다 실패해서 집들어갑니다.  결제한 이용권 환불되는 것 맞죠? 다신 사용 안할듯합니다;
Google 사용자,2,2018-04-15 17:01:39,앱을 만드려면 좀 제대로 만들지
Google 사용자,1,2018-04-15 16:55:50,어플진ㅉㅏ발로만드냐
Google 사용자,1,2018-04-15 16:48:52,앱실행이 너무 느려요
Google 사용자,1,2018-04-15 16:47:53,최악. 결국1시간 씨름하다 못빌림. 통신에 장애가 있단말만 백번 들은듯. 이딴거에 세금 쓴거생각하면분통터진다
Google 사용자,1,2018-04-15 15:37:07,어플자체가 안들어가져요ㅋㅋㅋㅋㅋㅋ 따릉이 초반에 이용할때도 느렸는대 이젠 아예 안들어가지네요ㅋㅋㅋㅋ
Google 사용자,1,2018-04-15 15:28:40,그냥 이용하려면 너무 답답해요. 하... 시에서 하는 사업이라지만...  정말 이렇게 까지 불편하고 쓸 수 없게 만들다니... 정말 너무 하네요...ㅠㅠ 이런 댓글도 처음 남기는 듯 하네요...
Google 사용자,1,2018-04-11 16:41:58,"이앱 활용되는거 맞나요? 어제 다운받아 이용해볼려는데, 다운되고 사용이 넘 힘든데요? 자전거 있는지 현황 종 파악할려고 들어감 
실시간조회를 할수가없어요!"
Google 사용자,3,2018-04-10 15:15:03,3g 무제한 요금제를 쓰고 있는데 3g로 앱에 로그인할때 심각하게 오래걸립니다. 실행이 안 되는 수준이라 와이파이 있는 곳에서 로그인을 하고 나가야 합니다.  아무리 3g래도 이미지가 많은 쇼핑몰 앱이 아닌 이상 이정도로 오래 걸리지 않는데 이 앱은 좀 심각하네요 개선부탁드립니다. 따릉이 서비스 자체는 매우 좋습니다.
Google 사용자,1,2018-04-08 03:33:37,운용도 안되는 어플을 왜만들었나 싶네여
Google 사용자,4,2018-04-04 01:50:07,그전 폰에서는 빠르고 잘 됐는데 겨울이라 4개월 정도 자전거 안탔고 다시 결제해서 타기 시작했어요. 근데 잘되던 앱이 안됩니다. 대여소에서 구를 선택하면 그 다음부터 안움직여요. 주변 대여소를 알아야 반납을 할텐데요. ..인터넷문제인가 했는데 그것도 아니구요. 폰도 오히려 이게 더 좋은폰인데 그동안에 앱이 느려진건가요....? 껐다 켰다 하기 힘드네요. 아는데 가면야 괜찮지만 모르는데 가면 반납 어케해요
Google 사용자,1,2018-04-02 19:09:06,이용중인 요금제가 없는데도 계속 있다면서 대여가 안되네요. 버그 많고 로딩 무척 느리고 결제때마다 신용카드 정보 새로 입력해야하고 이럴거면 왜 앱으로 대여하도록 해놨나요? 정말 발암앱이네요.
Google 사용자,5,2018-04-02 12:29:08,좋으다
Google 사용자,1,2018-04-01 16:42:50,"카드 등록을 할라면 대여소 선택을 해야 하는데, 대여소 선택을 할라면 선불 결제를 해야함...???"
Google 사용자,1,2018-03-31 12:41:20,아니 일일권은 왜 환불이 안되죠?? 처음에 프리미엄구매하려다가 연결끊겨서 나갔다들어와서 실수로 일반구매했는데 프리미엄으로 교환도 안되고 환불도 안되네요  일일권은 환불안되게 해둔이유라도있나요; 아무리 그래도 프리미엄으로 교환은하게해줘야되는거아닌가요;?
Google 사용자,4,2018-03-28 22:41:17,"대여소 지도로 볼때 gps 신호로 내위치 잡아줬으면 좋겠어요. 매번 서울역, 시청 이 먼저뜨고 버벅거리는데 내위치까지 끌고가야되서 불편합니다"
Google 사용자,4,2018-03-22 19:10:12,고장신고접수된 따릉이는 표기가 됐으면 좋겠습니다. 대여 예약해놓고 왔는데 고장났다고 대여가 안되네요
Google 사용자,5,2018-03-22 16:20:05,난 좋던데? 미리 어플로 결제해놓고 원하는 시간에 픽하고 끝나고 반납하고 알림문자도 잘오고!!추천한다
Google 사용자,2,2018-03-17 10:02:48,로그인조차도 안되는데 어떻게하라는 건가여 진짜 이해가 안가긴한데 사용을하고 싶어도 안되니짜증나네여
Google 사용자,1,2018-03-17 07:17:54,세금 낭비하고있다는걸 알려주는 앱
Google 사용자,5,2018-03-09 10:55:11,일주일에 다섯번은 사용하는 어플이네요! 다름이아니라 종로3가역에 설치부탁드려요 젭알요ㅠㅠ
Google 사용자,5,2018-03-07 18:23:33,대한민국 최고의 실생활자전거
Google 사용자,1,2018-02-18 14:34:55,서울시 정신 안 차리냐?
Google 사용자,3,2018-02-13 12:30:41,앱만 제대로 수정하면 좋아질듯
Google 사용자,5,2018-01-27 09:40:15,따릉이 잘쓰고있습니다.  고장신고도 그렇고 간단하지만 편리한 기능이 많네요.  서울시 따릉이의 많은 발전 기대 하겠습니다.
Google 사용자,1,2018-01-08 02:12:02,앱이  너무 느려요  속  터져서 그만둠
Google 사용자,1,2018-01-07 11:50:32,앱 자체가 정말 쓰레기. 이거 만든업체랑 선정한 놈 잡아서 조사해라. 이게 앱이냐? 결제는 됬는데 대여권 없다고 매일 뜨냐..
Google 사용자,3,2017-12-26 22:03:39,정말 좋은 정책을 가지고 관리를 똥으로하네요ㅡㅡ.. 어플 지도는 언제부턴가 나오지도 않네요. 적자가 심해서 폐지한다는 논란도 있는걸로 들었는데 시민들에게 제공되는 복지를 손익의 관점에서 보는건 완전 후진국 마인드죠
Google 사용자,1,2017-12-19 12:02:27,"어플자체도 누가만든건지 너무 대충 만들었고, 어플도 문젠데 자전거 대여 시스템도 문제가 많음. 자전거 꺼내다가 실수로 툭치면 반납이라니 이게 말이나 되는지... 거기에다가 반납했다가 다시 사용하려면 대여절차를 또 밟아야함.대여하려면 또 다시 어플로 절차를 밟아야하는데 여기에서 쓰레기 어플에 암걸리는건 물론이요 데이터요금제가 아닌 사람은 와이파이가 안 통하는 곳에선 아예 재대여 시도조차도 못함. 취지는 좋은데 너무 관리를 못하는듯."
Google 사용자,5,2017-12-18 19:14:55,잘 사용하고 있습니다. 계속 사용성을 개발하면 더욱 좋을 것 같습니다. 서비스를 계속 이어가면 좋겠습니다. ^^
Google 사용자,2,2017-12-07 21:58:09,"따릉이 제도 자체는 매우 좋아하지만, 앱이 너무 쓰레기라 별두개 드립니다. 저도 앱개발 하지만, 이런 성의없는 웹앱은 오랜만이네요."
Google 사용자,5,2017-11-27 13:41:46,왜들 악플을 남기지? 되게 좋고 되게 싼데...
Google 사용자,1,2017-11-23 09:25:40,희대의 쓰레기 어플과 무능 서울시의 콜라보. 처음 결제할 때는 비밀번호 4자리 입력하고 간편하게 빌렸는데 두 번째 할때는 있지도 않은 대여카드 쳐 대라도함.   덕분에 지각 잘 했수다. 언론에서 이 문제가지고 이슈화되면 내 덕분인줄 아쇼.
Google 사용자,3,2017-11-14 15:34:23,결제할때마다 카드정보를 입력해야 해서 번거롭습니다. 이것때문에 대여하기를 망설이게 되네요. 일반적으로  카드결제에 자주 사용되는 ISP 앱과 연동해주셨으면 좋겠습니다
Google 사용자,1,2017-11-14 07:38:54,아니 왜 이용권 구매가 안 되는 거에요? 네트워크 연결 멀쩡히 되어 있는데 오류라고 하면서 말이에요.
Google 사용자,1,2017-11-02 02:41:14,"박원순씨, 그만 합시다. 더불어민주당도 문대통령도 좋아하는데. 시장님의 정책과 행사 등등을 알면 알아갈수록 허점이 많아지네요. 아쉽습니다."
Google 사용자,2,2017-10-31 15:30:05,가격도 저렴하고 사용하기도 쉬워서 별5개 주고 싶지만 어플 환경이 너무 안좋아서 별 2개 드립니다. 인터넷이 조금만 느려도 앱 로딩조차 버거운데 무슨 공지 하나 뜨면 그날은 따릉이 사용 못한다고 보시면 되요. 위젯을 만들던지 접근성만 조금 높이면 별5개도 아깝지 않을것 같습니다.
Google 사용자,1,2017-10-29 14:42:29,"비번 바꾸려고 임시비밀번호가 문자로 왔음. 임시비밀번호는 NYmP$Js!였음. 대충 단순한 숫자 6자리 정도로 해주면 되는데, 이게 무슨 국가보안이 걸린 것도 아닌데, 이렇게까지 할 필요가 있나 싶음.  국민들이 낸 세금으로 이렇게까지 대충 만드는 공무원들 시말서 써야 함. 따릉이 앱보다 사설앱이 더 평가도 높은데, 왜인지 잘 생각하고 개선하기 바람. 마지막으로 역시 이런 책상앞에서 일하는 부장 과장급 공무원들은 자기 돈 아니고, 밑에 직원들 시키면 되니까 아주 편하겠지."
Google 사용자,1,2017-10-29 01:18:48,대여가능이라고 해서 벌써4군데 허탕이다 실시간이 안되면 새로고침은 뭐하는 기능이냐? 아주 철밥통이다 이거지
Google 사용자,1,2017-10-28 14:08:49,g3에서 결제에러만 뜨고 잔차지도 안나옴. 고객센터에 에러대처할 방법도 없고 개선할 생각이 없어 보이는 앱 누가 만들었나?
Google 사용자,1,2017-10-28 12:47:19,쓰레기가 너무 많이 받으세요 있다 있다 있다
Google 사용자,2,2017-10-25 13:29:12,결제카드 정보 저장 기능 좀 넣어주세요 매번 카드번호 입력하기 너무 힘드네요 그리고 결제 후 창이 닫히지 않는 버그도 빨리 고쳐주세요 교통카드 등록 기능은 정상 동작하지 않을때도 많고 왜 있는지도 잘 모르겠네요
Google 사용자,4,2017-10-24 17:31:25,이름이 좋네요. 5가지만 수정하시면 좋겠습니다. 1. 회원가입시 카카오나 구글 계정 연동 2. 우편번호 검색시 모바일웹 페이지로 연동 3. 가입완료후 홈버튼 달기 4. 구동속도 개선  5. 회원가입 항몬 최소화
Google 사용자,5,2017-10-24 16:11:48,내 세금 잘 써주는 서울시야 고마워~♥
Google 사용자,1,2017-10-24 15:36:33,아니 신용카드근 휴대폰이든 숫자를 입력하는게 안됩니다... 기본적인 기능조차 이러면 어떡하나요ㅡㅡ
Google 사용자,1,2017-10-23 02:18:53,간만에 새벽시간 나서 운동좀 하려고 가입했더니 아이디 비번이 틀리다고 하고 비번을 찾으려고 하면 회원정보가 등록되지 않았다고 하고 비회원 구매하려니 회원이시면 로그인 하라고하고 무한반복 개노가다 시키네 전산담당자 뇌는 우동 사리로 만들었나 간단한 회원가입하나 처리 똑바로 못해서 이리 불편을 주네ㅋ 머저리같은 담당자 공무원들 철밥통 뻔하지 대충대충 발뻗고 잠이오나 모르겠다 퉷
Google 사용자,1,2017-10-22 15:26:22,진심 최악 프로그램 하고 자전거하고 시스템 안맞음 돈날림
Google 사용자,5,2017-10-21 19:11:18,너무너무 좋아요. 결제도 쉽고 대여소 찾는 것도 쉽고 정기권 끊어서 타고있어요. 이거 덕분에 자전거 많이 타고있어요!! 감사합니다~
Google 사용자,5,2017-10-20 11:52:24,정말 좋았어요^^ 다만 gps를 키면 바로 가까운 대여소의 위치를 알려주는 기능도 있었으면 해요!
Google 사용자,1,2017-10-18 23:41:49,회사근처에서 7분잠깐타고 분명히 잠금장치걸고 왔는데ㅠ 1시간뒤에 반납이 정상적으로 안되었다고문자와요ㅠ11시넘어서 고개센터도 연결이 안되고 일단시간이늦어 잠은자야되는데 문자는계속오고 ㅠ거기가는택시비가 만원이 넘으니 일단 낼아침에 출근뒤에 보러가야되겠어요ㅠ
Google 사용자,4,2017-10-15 17:38:24,자전거 상태 관리 해야하지 말입니다
Google 사용자,3,2017-10-13 22:19:12,고장 신고 들어온 자전거 표시좀 해주세요.... 가보면 고장나있어요
Google 사용자,1,2017-10-12 21:51:35,오늘 타고 가보려고 어플깔고 회원가입해서 티머니 결제하는데 페이코에서 돈은 나가고 이용권은 결제 실패해서 안들어온다하고 뭔가요? 아니 실패했다길래 4번 시도했는데 4천원은 나가고 이용권은 하나도 안들어왔어요. 애초에 일일 이용권 하나만 사려했는데 심지어 돈만 4천원 나갔습니다. 빠른 환불부탁드립니다.
Google 사용자,2,2017-10-12 01:20:49,"자주애용하는데,빌릴수있는 번호떠서 예약하고가면 화면이안뜨고 먹통일때가 많았어요. 근데 오늘 반납할때도 반납키꽂고 아무소리가 안나고 반납완료문자도안오길래 혹시나해서 증거동영상 찍어놓고 따릉이 상담업무시간이  아니라며 120번에 연결된다해서 10분이상을 대기하는데 120측에서 끊는건지 세네번을 시도했는데 대기시간무색하게 끊네요. 매우 편리하게 이용하는데 시스템오류로 대여와 반납처리가 원활하지않아서 불편하고 불쾌하게되는점이 매우 불만입니다"
Google 사용자,2,2017-10-11 11:19:01,개선할게 너무많아서... 그중 거장 중요한건 지도개선 부탁합니다. 다른 지도나 네비게이션 앱처럼 지도를 모두 다운받는 기능 필요해요. 너무 버벅대고 지도보기 어렵습니다.  제 폰의 지도와 네비앱중 데이터사용 1위예요.
Google 사용자,1,2017-10-11 01:58:22,"시민의로서 의견을 반영하지 않는 공공앱의 횡포,앱의 존재가 의심스러워지는 실효성"
Google 사용자,1,2017-10-10 01:42:09,진짜 너무하네... 다운 받은면서 쓴 내 데이터조차 아깝네
Google 사용자,2,2017-10-09 14:08:14,지도에서 현위치 확인좀 가능하게 해주세요 제발..
Google 사용자,4,2017-10-09 13:20:20,자전거도로망
Google 사용자,3,2017-10-08 23:34:14,대여방법좀 간단했으면 좋겠음...
Google 사용자,1,2017-10-08 14:41:08,진짜 별로 아예 빌릴 수도 없었음 계속 오류나고 최악 별 1개도 아까움
Google 사용자,1,2017-10-07 16:43:21,걍 쓰레기
Google 사용자,1,2017-10-05 00:33:39,아니 오늘 서울 가서 자전거 타는데 지금 자전거 빌리는데만 1시간이 걸렸음. 분명히 1시 30분에 갔는데 4시에 집에 옴. 지금 보니까 결제 안돼서 데이터 다 씀.  이거 어쩌실건가요? 이앱 만드실거면 한번에 제대로 만드는게 나은듯 하네요
Google 사용자,1,2017-10-04 19:29:32,회원가입을 하려면 휴대폰 인증을 하라는데 휴대폰 인증을 누르면 흰색 빈창만 뜨고 아무것도 없네요 오레오로 업뎃해서 그런건지.. 아예 사용이 불가능해요
Google 사용자,2,2017-10-04 17:04:29,만 15세이성인데 남녀노소 누구나된다는건 뭔가 말이 안맞지않나요? 남녀노소는 누구나 다얘기하는데 만15세미만은 사람이아닌가요?
Google 사용자,2,2017-10-04 16:04:51,결제오류가 심하네 빨리 개선바람
Google 사용자,1,2017-10-04 16:04:50,결제창이 안됨 노이해  시에 내는 나의 지방세가 무쵹 아까움  앱의 와꾸보다 기본부터 다시 살펴보길 추석날 개짜증남
Google 사용자,1,2017-10-03 17:16:57,경기도 피프틴보고 배우세여 자전거도 별로구 절차도  마니 복잡하고 대여소도 마니 없고 요즘 서울시에서 하는 일이 서툴고 엉망이네여
Google 사용자,1,2017-09-30 11:39:40,정말 속상합니다. 결제창에 오류가 뜨길래 결제가 안 된 줄 알았더니 2번이나 결제가 된 상태더군요 그래서 이용권이 구매 된 줄 알았더니 하루가 지나도 구매된 이용권이 없다고 뜨네요 ㅋㅋㅋㅋ 제 돈 어떡하실 거에요ㅜㅜㅜㅜㅜㅜㅜ 돈 환불해주세오ㅠㅜㅜㅜㅜㅜ
Google 사용자,1,2017-09-29 16:59:33,따릉이를 사람들이 많이 쓰는 만큼 전검도 많이 해야지 뭐하자는건데 아니 따릉이 빌리고 타니깐 체익이 망가져서 안달리고 10분거리의 따릉이 다시 빌리고 빼려고 하니깐 안 빠지고 그 옆에있는거 할려고 했는데 스크린이 인식이 안돼고   보니깐 ㄸ릉이 점검도 대충하더만 에휴 ㅉㅉ 나라 세금으로 이딴걸 만들면 뭐함  고철 덩어리 자전거인데
Google 사용자,1,2017-09-26 21:01:05,굉장히 좋은 서비스를 앱이 망치고 있음. 검색이 안되고 구단위로 찾아보는거 엄청 불편합니다. 그리고 앱기능에 비해 설치용량과 권한요구가 지나치게 많고 완성도도 역시 행정기관작품답게 디자인적으로나 사용성에서 아주 안좋습니다. 뭐 담당 공무원께서야 적은 예산으로 개발업체의 제안대로만 평가하고 만들었으리라 봅니다.
Google 사용자,5,2017-09-26 20:50:20,열심히 탔으면 좋겠네요 제가.
Google 사용자,1,2017-09-25 08:48:24,회원가입하려는데 비밀번호를 4자리로 하라는 정보랑 다르게 팝업창은 8자리 이상 하라는데요 ㅜ 뭐져? 빨리 해결해주세요
Google 사용자,1,2017-09-23 21:54:06,이거 결제가 넘 복잡해요
Google 사용자,2,2017-09-23 18:02:32,큐알코드 인식되지도않네요 ㅎ
Google 사용자,1,2017-09-21 20:39:08,가입 후에 로그인도 안되고 아이디 찾기 하면 아이디 있다고 하는데 비번찾기 하면 뜨지도 않고 고객센터는 응대 인원이 1명 뿐인가... 운영시간인데 3번 전화걸어도 응대중이라고 뜨고... 답답하네요. 앱 관리도 제대로 못하고. 아이디 오류나서 비회원으로 이용권 구매하려고 하면 회원가입하서 또 안된다고 난리. 불만사항 보고 피드백은 되는건지 의심스럽네요.
Google 사용자,1,2017-09-20 10:35:15,폰결제 실패 모바일교통카드결제 실패 후 신용카드로 하려다가 요구하는정보 겁나많아서 포기하고 걸어갑니다. 앱 겁나 쓰레기로 만들어놨네요.
Google 사용자,1,2017-09-20 03:16:05,아이디.비밀번호  찾는거에 시간낭비했넹
Google 사용자,1,2017-09-18 21:25:25,비회원로그인이 있는데 로그인을 할 수 없는건지 설명도없고 등록도 되지 않는것 같네요. 앱을 끄려고하는데 종료버튼이 있는것도 아니고 뒤로가기로 종료도 안되는 어이없는상황ㅎㅎ 정부나 시에서 진행하는 사이트나 어플이나 적당히좀 해먹읍시다. 사람들이 하나같이  양심이 없네요ㅡㅡ 그라고 인도에서 자전거타는거 불법인데 자전거 도로도 잘 되어있지 않은 기획이 참신하네요....
Google 사용자,1,2017-09-16 20:38:55,앱 실행이 너무 답답함...
Google 사용자,1,2017-09-16 10:48:14,오류가너무심해요 초과금액자동결재수단 변경 실패했는데 500원은 나가고 다시들어오질않네요 참 찝찝하게ㅡㅡ
Google 사용자,1,2017-09-15 20:40:49,결제가 잘 안되네요..거지같아요
Google 사용자,2,2017-09-15 18:52:10,자전거 대여해서 잘쓰는데 앱이 결제단계에서 오류나면 답이 없다 결재 대기만 하라고 하고 신용카드 핸드폰 결재 둘다 안됨
Google 사용자,1,2017-09-15 17:53:44,세금
Google 사용자,3,2017-09-14 17:34:53,편리하게 사용할수는 있지만 생각보다 많은곳에 있지 않고 반납 문자가 올거면 빨리 왔으면 좋겠다. 깜빡하고 잠금을 안한체 집에 왔는데 4시간 뒤에 문자가옴. 반납문자가 시간초과 30분마다 왔으면 좋겠음. 지금 초과요금 7000원 내야함.
Google 사용자,1,2017-09-10 18:53:48,아니...어플누가 관리하고 만든건지....최악이네요..비회원으로 로그인하는데 비번을치라는게 말이됩니까 애초에 비회원 구매내역으로 가라고 표기를 하던지..또 결제하려니까 에러메시지 계속 뜨고 진짜 쓰레기네 국민들상대로 하는 어플이면 신경도쓰세요
Google 사용자,1,2017-09-10 18:44:50,결제오류가 계속 떠서 이용 포기합니다. 기본적으로 사용자 경험도 고려안한 구린 ux에 끊임없는 앱오류도 해결못하실거면 때려치고 민간으로 넘기세요. 세금 아까워요.
Google 사용자,1,2017-09-09 10:43:57,대학생이 취미로 만들어도 이것보단 잘 만들 듯.
Google 사용자,1,2017-09-09 00:13:35,결제하다가 암걸리겠음...ㅠ 그냥 PG사 연동하시지.... 그리고 로고같은 이미지는 사이즈 3배로 올리셔야 모바일에서 픽셀 안 깨져요...ㅠ 공공기관발주는 최소 2년 이상 개발한 사람한테 맡겨야지....
Google 사용자,2,2017-09-08 14:12:10,느려서 짜증남. 빌리다가 속 터지겠음.
Google 사용자,1,2017-09-03 20:42:44,아니 돈 내고 결제했는데 왜 대여번호 조회가 안 되냐? 버튼이 눌리지도 않네;;; 시간과 돈 낭비 딱 좋은 어플 추천 ^^
Google 사용자,1,2017-09-03 20:18:35,쓰래기 앱 가입할때 비번설정 4개만하게 해놓고 특수문자 영문 섞으라고 함
Google 사용자,4,2017-09-03 15:48:55,좋은데 아직 메뉴구성이 좀 편리하지 못한부분이 있는것 같고 특히 지도 사용시 불편함이 좀 있어요. 내위치 버튼도 필요하고 축적 조절하는것도 대한민국 전체를 보여줄 필요는 없어 보입니다.
Google 사용자,2,2017-09-02 20:07:18,아니 회원가입이안되요? 왜 휴대전화 인증 화면에서 화이트 페이지가 ㅡ.ㅡ???? 일시적인 오류인가요
Google 사용자,5,2017-08-25 06:40:56,좋네요
Google 사용자,3,2017-08-23 16:45:47,왜 앱이 작동을 하지 않죠?
Google 사용자,2,2017-08-23 03:04:01,결제 됐다고 그래놓고 자꾸 미결제 내역으로 넘어간다. 결제 시간 되게 오래걸리고 결제오류 빈번함
Google 사용자,4,2017-08-21 08:30:06,Ux나 지도 시스템은 개선 필요성이 있지만 필요한 기능은 기본적으로 다 되서 사용할만은 하네요.
Google 사용자,5,2017-08-16 16:03:47,경로보기하니 설정에서 위치승인하라는데 승인해도 안됩니다
Google 사용자,4,2017-08-13 09:28:53,"강남구 수서, 세곡, 내곡동에 따릉이가 한 군데 밖에 없어요. 동에 두 군데 이상른 만들어 주세요. 그리고 해외에서 들어오는 자전거앱보다 훨 좋아요."
Google 사용자,5,2017-08-10 10:12:51,잘 쓰고있는데 평이 왜이런지... 솔직히 따릉이 불편하다고 하시는분들 그냥 쓸 줄 모르는겁니다. 찾아보려는 노력은 하지도않고.. 다만 아쉬운점은.. 카드 결제 시에 카드정보 저장해서 두고두고 쓸 수 있도록 했으면 더 좋았을거 같네요
Google 사용자,1,2017-08-08 15:23:04,추과과금을 모바일티머니로 결제할 수있게해주세요
Google 사용자,1,2017-08-08 10:04:50,"'공공자전거를 앱으로 이용한다'는 취지는 좋으나, 앱의 완성도나 사용자 인터페이스(UI)는 최악. 대여소 검색부터 구입, 결제까지 직관적이지 못한 불편함과 늦은 오류대응을 해결하지 못하는 한, 따릉이 서비스의 미래는 어둡다"
Google 사용자,1,2017-08-04 17:04:06,로그인은 안되고 아이디찾으니 없다고 나오고 회원가입은 되어있다고떠서 포기함 비회원은 안되던데 왜만든거지 ㅋㅋㅋㅋ 1점주기도 아깝다
Google 사용자,2,2017-08-04 11:22:38,사용가능한 이용권 없다고 한던데 어떻게 된거죠?
Google 사용자,1,2017-08-01 11:33:29,"직관적 연결도, 논리적 정리도 안 되어 있는 산만하고 미숙한 앱과 홈페이지. 들어올 때마다 한시간 이상을 헤메고 전화를 걸어 설명을 들어야 사용이 가능하다"
Google 사용자,5,2017-07-30 21:41:19,좋아요!
Google 사용자,1,2017-07-26 03:40:17,회원가입하고 로그인할랬더니 아이디 비번 다시 확인해달라고 해서 비번찾기 했더니 없는 회원정보라고 뜨네요;; 그래서 회원가입이 안됐나 해서 다시 회원가입 할려고 하니 이미 가입된 회원이라고; 아이디 찾기는 정상적으로 찾아지는데 왜 자꾸 비번찾기에서 회원정보가 없다고 나오는거죠? 주변에 보이길래 타볼려고 했는데 앱 로그인도 안되니 원..ㅠ
Google 사용자,2,2017-07-25 12:16:10,대여소 실시간현황 새로고침을해도 대여소가안뜨네요; 친구가 아이폰인데 친구앱으로는 뜨는데 안드로이드폰인 제폰에서는왜안뜨는지.. 친구폰으로확인안해봤으면 대여소있는줄도모르고 사용못했을겁니다. 대여소위치는 바로바로최신으로 업데이트해줘야하는거아닌가요? 빨리개선해주세요
Google 사용자,2,2017-07-25 01:04:39,결제가 안돼요ㅜㅜ 모바일티머니로 하려는데 자꾸 시간초과? 됐다고만 나오고..이거 왜이러죠?
Google 사용자,1,2017-07-18 20:43:38,진짜 쓰잘데기없는 앱이네요. 뭐하나 예약하고 이용하기도 불편하게 구성해놓고... 찾아서 이용군 사는것조차 불편^^ 그리고 아이디 비번찾는거도 불편. 아이디 기억안나서 비회원권사려니 있는 번호라고 아이디 찾으라는데 안찾아지고^^ 일안하세요? 카드결제도 없는카드 있어서 마우 불편 쓰라는건지 말라는건지. 여기 평이 다 안좋은데 이쯤되면 일좀하시죠?^^
Google 사용자,1,2017-07-17 20:59:54,"이렇게 좋은 시스템을 어플이 망치네요. 부디 UX 디자인 꼭 처음부터 다시 하시길. 매번해야 하는 로그인부터 결제시 뜨는 오류, 지도 이용로 자전거 정거장 위치 찾는 것도 너무 불편하고. 지금은 정기권 구매하려는데 오류 때문에 안되네요. 관련 담당자분은 꼭 상해로 출장가셔서 모바이크 보시고 벤치마킹 하세요. 기왕하는거 제대로 하길 바랍니다."
Google 사용자,2,2017-07-16 15:41:26,아이디 찾기 하면 제 생년월일로는 정보가 없다고 하고.....  회원가입 하려면 이미 되어있다고 하고.... 이미 되어있다고만 할 게 아니라 아이디를 알려주세요ㅠㅠ 뭐 어디로 전화해야 해요?
Google 사용자,4,2017-07-16 06:51:25,"서울 곳곳에 대여소가 정말 많아서 놀랐습니다. 여러가지 방향으로 좋은 취지의 정책이라고 생각합니다.  앱을 사용해보고 몇 가지 의견 드립니다.  1. 자주가는 대여소의 현황을 간단하게 확인할 수 있으면 좋겠습니다. 현재 앱으로는 매번 지도를 직접 끌어서 봐야되서 불편합니다.  2. 마이페이지에서 주행거리와 탄소감축량을 알려주는 건 좋은 아이디어라고 생각합니다. 이 정보들을 앱을 켰을 때 바로 보이게 하거나 위젯을 통해서 볼 수 있게하면 사람들이 더 성취감과 만족감을 느낄 수 있을 것 같습니다.  3. 자전거 이용에 관한 컨텐츠가 더 풍부하게 추가된다면 좋을 것 같습니다. 예를 들어서 안전운행, 올바른 주행 자세, 라이딩 코스 등등  4. 마지막으로 기존앱은 갖다버리고 앱을 새로 제작해야 될 것 같습니다. 다른 분들이 말씀하신 것처럼 너무 구려요  현재 1달 넘게 이용하고 있는데 편리하고 무엇보다도 재미있습니다. 알차게 이용중입니다."
Google 사용자,5,2017-07-15 16:53:07,시민들 믿고 그냥 풀어놓고 타게 해주세요. 재외동포재단 이인우님이 예수님이세요.
Google 사용자,1,2017-07-11 16:53:08,회원가입했었는데아이디비밀번호찾는시스템이최악이네요이거 본인인증해서하랫더니 기존아이디가있다하고아무말도없음 시에서만들었다는게이수준
Google 사용자,1,2017-07-10 23:50:54,업데이트안되요
Google 사용자,5,2017-07-10 15:32:14,좋아요!
Google 사용자,1,2017-07-09 15:16:59,어플 갑자기 왜이리 버벅거리나요;;로그인 자체가 안되서 대여를 못하는데
Google 사용자,2,2017-07-08 20:23:37,처음 어플리뷰 글을 남기게 하네요. 누가 버전 스마트폰인데 앱로딩속도가 느리거나 먹통으로 진행이 되질 않습니다. 사용하려다 실패하고 결국 버스로 왔습니다.
Google 사용자,1,2017-07-08 20:21:32,무한로딩 ㅡㅡ
Google 사용자,1,2017-07-08 19:52:26,정말 최악입니다.  괜히 내핸폰이  잘못된줄알고 자전거앞에서 20분 버리고.   정기권 보상해주세요
Google 사용자,1,2017-07-08 19:14:43,앱은 하루종일 로딩중이고 카즈는 이제 인식이 안되고 자전거 이용이 몰리는 지역은 자전거를 더놓던가 해야되는데 그것도 아니고 정말 불편하네요
Google 사용자,1,2017-07-08 18:38:46,진짜 최악이다. 계속 로딩메세지만 뜨고 접속이 수십분동안 안된다. 고객센터은 계속 통화중. 정기권 추ㅏ소해야겠다 ㅡㅡ
Google 사용자,1,2017-07-06 20:04:46,무슨 앱이 시스템 변경때문에 회원가입도 못하게 하나요? 결재나 이용권 끊을 때 안되게 하면 되지 답답합니다
Google 사용자,5,2017-06-30 22:18:30,좋다
Google 사용자,1,2017-06-30 19:38:08,앱다운이 안됩니다. 내 세금 돝리도
Google 사용자,1,2017-06-30 08:55:02,완전 최악. 예전에 회원가입해서 그거 찾아서 쓰려고하는데 아이디는.메일로밖에 못찾고 요즘시대에 그런앱은 이게처음. 비회원으로 하려고해도 회원있으면 안된다고 막아놓음. 이 앱 덕분에 지각하고 참 고맙습니다~ 예전부터 평점 낮았는데 개선의지도 없고 그냥 안탈게요~
Google 사용자,1,2017-06-29 12:33:58,회원가입해도 로그인이 안됨
Google 사용자,1,2017-06-28 22:09:18,회원가입할 때 본인 인증을 여러번 해도 등록이 안되네요ㅠㅜㅜㅜ어떡하나요
Google 사용자,1,2017-06-28 17:02:17,"최악 입니다 회원가입조차 안돼는 앱과 정책입니다 사정으로인한 가족명의 휴대폰사용중인데 회원가입조차 시켜주질 않네요... 본인인증이라는데 연간회원권이 아닌 비회원으로 10배 비싸게 이용하라는 답을 들었습니다  서울시 공식입장이고 딸릉이 운영주체는 2장이상의 단채권을 구입하고 타라네요.. 재미있네요.. ㅎㅎ  본인인증을 휴대폰에 귀속시켰답니다 애초에 운영주체에 운영이편하게만 만든모양입니다 2년이 다돼가는 시스템이 아직도 이정도밖에 안된다니  심심한 성질을 보내드립니다 박원순 시장님의 서민,약자정책과 상반돼네요 서민이나 사회적약자들이 본인명의 휴대폰이나 스마트폰을 못쓰는 분들이 많은데 2년이 다돼가는 이시점에 아직도 검토중이라니요.... 답답합니다.... 앱초기화면에 맨트 변경 부탁드립니다 ""본인명의 스마트폰 사용하는""남녀노소.....라고. ..  어플지우겠습니다....."
Google 사용자,1,2017-06-27 20:43:45,지불은 했는데 왜 이용권이 없다고 하는거죠??? 아 개 짜증
Google 사용자,5,2017-06-25 16:36:15,앱 잘만들었네요
Google 사용자,1,2017-06-25 12:06:49,아이디는 확인이되는데 비밀번호는 등록되어있지 않다는 왜죠?
Google 사용자,5,2017-06-24 13:09:50,음... 평이 왜이리 안좋은진 모르겠지만.. 저는 진짜 편하게 사용하고있어요.. 어디 갔다올때마다 이거 쓰면 한달에 7천원으루 편하게 운동도 하고 대중교통비도 아낄수 있네요. 집앞에 대여소가 생기고 있는데 빨리 생겼으면 좋겠습니다ㅎㅎㅎ 물론 대여소를 찾는 문제는 있지만 저는 무조건 대여소를 미리 알아보고 다니기 때문에 문제없습니다. 그걸 알아보는건 당연한거 아닌가요..?
Google 사용자,1,2017-06-19 19:33:54,진짜 어이없음 지멋대로 반납되버리고 돈아까워서 다시 쓰겠나 진짜돈만날렸네
Google 사용자,1,2017-06-19 11:18:58,한마디로 진짜 개같은 어플. 계속 결제 오류나서 결국 대여 포기했는데 나중에 보니까 돈은 7000원 결제되서 빠져나갔음. 고객센터는 전화도 안 받음. 진짜 최악.
Google 사용자,1,2017-06-18 20:21:13,어플 열면 로딩중이라는 문구와 함께 열리지가 않아요 진짜 앱 개발자 누구입니까 오류도 많고 평가도 개판인데 이게 서울시에서 만든 퀼리티가 맞는지.. 민원넣을까합니다
Google 사용자,1,2017-06-18 19:17:15,이거 어플만든다고 피같은 세금걷엇을거 생각하면 열받음
Google 사용자,1,2017-06-17 21:20:07,처음 가입하고 빌리는게 정말 불편하고 까다롭고.. 에러도많고.. 자전거하나빌리는동안 엄청시간낭비하네요. 어플이 복잡해서라도 그냥안타고다니는게 속편할정도고 지금여기 안좋은평 무지많은데 개선의 의지도 전혀없고 너무실망입니다. 이렇게 세금을 쓴다는게 너무 어이가없고 화가 치밀어오르네요.
Google 사용자,1,2017-06-17 15:27:23,대여와 동시에 반납됨..재시도도 안되고 통화도 안되고. 미친거 아냐?
Google 사용자,1,2017-06-15 23:20:47,비회원으로 일일권 구매했는데 결제완료문자만 오고 자전거 비밀번호 한참 기다려도 안오네요. 앱에 들어가도 확인할 수 있는 부분 하나도 없어서 포기합니다. 천원 잃어버린샘치고 다시는 이용안할듯
Google 사용자,5,2017-06-15 17:28:46,QR코드 이용해서 대여하니 빠르고 편해요. 처음 이용해봤는데 좋았네요^^
Google 사용자,1,2017-06-13 14:10:34,제발 결제 좀 제대로 되게 해주시죠. 컴퓨터 아니면 결제가 안되네
Google 사용자,5,2017-06-12 11:22:07,우리나라가 이렇게 좋은 공공시설물을 갖춘 선진국이라는 사실에 자랑스럽습니다 너무 잘 쓰고있어요 한가지 아쉬운건 앱이 자주멈추고 지연되는점입니다. 지금은 신설되어 지금은 상태가 좋지만 자전거 노후에따른 시설보완 점검이 잘 될지 걱정도 되네요 해결방안을 노인 일자리 창출로 이어가보면 어떨까 생각해봅니다 서울시 화이팅
Google 사용자,1,2017-06-11 01:07:09,와 어플 맨날 오류남 이걸 돈주고 만든거임?
Google 사용자,4,2017-06-10 12:50:05,"따릉이는 편리합니다. 곳곳에 설치되어 있더군요. 하지만 앱이 좀 불편하네요. 결제방식도 불편하고 결제중간에 앱이 멈춰서 껐다 키기도 하고, qr코드 인식도 안되고, 교통카드를 등록하려고 했더니, 통신상태가 안 좋다고만 합니다. 앱만 더 편리하게 개선되면 좋을 거 같네요."
Google 사용자,1,2017-06-03 17:54:34,아 진짜 열받네요 어플도 느리고 복잡해서 낑낑대고 겨우 빌렸더니 이번에는 연결잭이 잘 안뽑혀서 움직여보는데 갑자기 반납이 완료되었대요;;; 타지도 못하고 반납됬다고 하니 어이가 없네요 따릉이 앞에서 20분을 서있었네요 불편해서 못타겠어요;
Google 사용자,5,2017-06-02 23:51:21,전기자전거되면 더 좋겠어요
Google 사용자,1,2017-06-02 19:47:17,안돼요!!!!! 어플이랑 홈페이지랑 전부 안되고 상담원도 전부 통화중이네요ㅋㅋ 이걸 쓰라고 만든건지?..
Google 사용자,3,2017-06-02 19:13:21,아니 장난하나 아침까지 타고왓는데 저녁에 앱이 안열리는게 말이 됩니까?
Google 사용자,1,2017-06-02 18:42:01,어플 좀 제대로 만들어라 재능 기부로 만들었냐 로딩 시간 미치겠네 아주 욕이 절로 나오네 18
Google 사용자,1,2017-06-02 18:32:58,이 앱 망했나요? 안되네요  이것도 만든다고 세금 썼나요?  조사좀 해봐야할거 같습니다 너무 부실합니다
Google 사용자,1,2017-06-02 17:51:16,이게 뭐에요? 왜 안들어가지죠?
Google 사용자,1,2017-06-02 17:48:01,앱이 되야 빌리던지 말던지하지 환불 받고 싶다
Google 사용자,2,2017-06-02 17:44:44,앱 실행이 안되요???왜죱???
Google 사용자,2,2017-06-02 16:30:18,ㅡㅡ 잘 쓰고 있는데 이거.. 갑자기 앱도 안 열리고 대여도 못하고 머죠.. 평소에도 되게 느려서 조금 참고 쓰는 중인데 갑작스럽네요
Google 사용자,1,2017-06-02 16:24:33,절차가 너무 복잡 울며겨자먹기사용
Google 사용자,1,2017-06-02 16:04:52,어플새로좀 만들어주세요 업체맡기면 구동도 빠르고 UI도 더 좋아질텐데 언제적 안드로이드버젼입니까
Google 사용자,1,2017-06-02 15:53:59,빌리려니까 어플이안돼요 짜증
Google 사용자,1,2017-06-02 15:53:27,결제를 하고 나니까 안들어가짐 계속해도 안됨 시간낭비 돈낭비 데이터낭비 개빡침 환불 받을려고 전화해도 받지도않음 욕나오네
Google 사용자,1,2017-06-02 15:43:17,아니 자전거 누르면 통신장애라고만계속뜨고  콜센터는 전화도 안받고 어플은 먹통이고 무슨 공지도없고 너무한거같습니다 진짜로
Google 사용자,3,2017-06-01 06:36:21,왜 지도를 확대하면 하얗게 변해버리네요...  저만 이런건가요...
Google 사용자,1,2017-05-27 15:31:04,최악의앱 GPS로 가장가까운반납위치를 찾을수도 없어 일일이 하나하나 찾아야하고 횡단보도 기다리다 2분오버됐다고 천원뜯어감
Google 사용자,5,2017-05-27 01:10:04,저...정말 잘 사용하고 있는데요..30일 정기권 구매했는데...분명 결제도 되었고 티머니에 돈도 나갔는데...정기권 구매가 되지않았다고 해서요...그래서 택시타구왓어용 ㅜㅜㅜ허어어언 ㅠㅜㅜㅜ제 5000원은 어디간거죠 ㅠㅠㅠㅠㅠㅜㅜㅜㅜㅜㅜㅠㅠㅠㅜㅠㅠㅜㅜㅜ
Google 사용자,1,2017-05-25 15:45:14,대만이랑 너무 비교되네요. 부끄럽습니다. 이번에 대만 다녀 왔는데 거기는 앱 없어도 교통카드만 있으면 대여 가능하고 에러도 10번 넘개 빌리는 동안 한번도 안났어요. 그런데 따릉이는 뭐만 하면 에러나서 못쓴다고 하니 너무 답답하네요. 공무원들 대만 가서 좀 배워왔우면...
Google 사용자,1,2017-05-21 22:12:07,아니 무ㅓ 비회원 로그인하려니까 핸드폰인증 6번넘게해도 흰화면밖에안보여요? 스마트폰 6년쓰면서 평가 처음남겨봐요 진짜짜증나게하네 사용하란거야 말란거야진짜
Google 사용자,1,2017-05-21 18:38:07,장난하냐???ㅋㅋㅋㅋㅋㅋㅋㅋㅋㅋㅋㅋㅋㅋㅋㅋ진짜 일 똑바로해라 무슨인증번호 받는데 오류걸려서 30분을 낭비하게하냐 1점도아깝다
Google 사용자,1,2017-05-21 16:09:16,가입 조차 안되서 삭제 ㅂ2
Google 사용자,3,2017-05-21 15:35:01,회원등록후 후블카드 등록 할려는데.. 티머니 카드만 되여.. 수정해주세요
Google 사용자,2,2017-05-21 12:03:16,"처음 가입과 빌리는 과정이 굉장히 까다롭습니다. 보안과 유지를 위해서라는부분은 인정해도 어르신들이 접하기는 거의 불가능한 수준인것 같습니다. 시민을 위한 어플이지, 청년을 위한 어플은 아니자나요.. 한명만 계정이 있다면 추가 인원을 위한 결재는 편해졌으면.. 사용해보니 굉장히 편했으나, 추천해드리지는 못하겠습니다"
Google 사용자,1,2017-05-19 18:53:21,회원가입이안되네요.. 핸드폰인증번호입력후 화면이멈추네요
Google 사용자,1,2017-05-19 17:34:03,쓰레기
Google 사용자,3,2017-05-18 17:31:44,여자친구랑 싸움
Google 사용자,5,2017-05-17 19:05:55,좋아요
Google 사용자,1,2017-05-14 21:33:45,진짜 세금도둑들 ㅉㅉ 앱하나 똑바로 못만드냐
Google 사용자,1,2017-05-14 14:54:42,아 레알 짜증
Google 사용자,1,2017-05-14 00:42:38,비회원결재 본인인증하고 다음으로진행이 안되네요 다시 해보면 이미 결제햇다는 문구만 출력되고
Google 사용자,4,2017-05-09 00:08:44,잘 쓰고 있어요 하지만 한번에 대여할수 있는 대여시간 1시간은 좀 짧아요ㅠㅠ 대여소를 향해 달리다가 끝남... 지난번엔 대여소 찾다가 시간지나서 추가요금을 냈네요... 예전에 비하면 많이 좋아졌지만 지속적인 개선이 필요할듯해요:)
Google 사용자,1,2017-05-05 00:52:06,아니 무슨 2분 지났다고 천원을 더 내요? 이건 너무하네요 한 10분은 더 줘야죠 신호등 무시하고 사고 나라는건가?
Google 사용자,1,2017-05-03 09:39:31,아니 왜 만 14세는 못해요!!! 왜 쓸데없이 나이 제한이여!!!
Google 사용자,3,2017-05-02 08:13:49,상점고유식별번호 오류를 이유로 결제가 바로 완료되지 않고 한 1분 가량 후에 뜹니다.  그리고 결제실패 오류가 뜬 후엔 어느 메뉴로 가든 뒤로가기 버튼을 누르면 오류로 돌아라고 거기서 더 이상 이전 페이지로 가지지 않아 결국 비정상적으로 종료할 수밖에 없습니다. 이 점 조치부탁드립니다.
Google 사용자,5,2017-04-30 20:24:00,강남에도 빨리 해주세요. 저렴하고 아무데나 반납 가능해서 너무 편리합니다.
Google 사용자,3,2017-04-29 17:48:08,정기권 구매할때 분명 2시간 이용할수있는 것도 있다 했는데 일반만 뜹니다..어떻게 된건가요?
Google 사용자,1,2017-04-28 19:23:00,인내심 테스트 어플ㅋ
Google 사용자,1,2017-04-27 00:38:06,결제는 했는데 대여가 안되요 장난하는것도 결국 걸어가는데 환불도 안되 아니 전화해도 안받고 하... 짜증남..
Google 사용자,5,2017-04-22 15:58:14,지역을 더 넓혀주세요 ~~
Google 사용자,1,2017-04-22 09:24:08,G4쓰는데 모바일 티머니로 결제 하려고 하니까 화면오버레이 설정을 끄라네요? 그래서 설정되있는 앱들 전부 껏는데도 안되고 애초에 화면오버레이 설정도 자체적으로 없는데 뭐 어떻게 하라는건지 뭘 알 수가 없네요
Google 사용자,5,2017-04-19 20:06:31,따릉이 잘 이용합니다. 미세먼지 없는 세상을 위해~!
Google 사용자,1,2017-04-18 20:21:03,진짜쓰래기같이만든앱 공무원들이뻔하지머 돈띵겨먹었냐? 제대로좀공들여만들지 휴
Google 사용자,1,2017-04-17 18:48:44,왜 결제가 안되죠? 최악이네요 진짜
Google 사용자,1,2017-04-17 10:44:59,"정말 너무 불편해요! 로그인도 잘 안되, 클릭하나해서 그 다음으로 잘 넘어가지도않아, 지도보는거에는 GPS 지원을 안하시나요.. 앱을 이정도로 밖에 못만드나 실망스럽고 짜증이나요. 추운데 자전거 좀 빌릴려니까 로그인이 안되서 한참동안 자전거앞에 서서 폰을 껏다가 키고, 디바이스 정리하고.. 오만짓을 다 하니까 겨우겨우 로그인되고... 하 정말 너무 짜증나요"
Google 사용자,1,2017-04-16 15:38:37,"뭐가돼야 하죠ㅠㅠㅠ 왜자꾸 서버연결이안된다면서 결제가안될까요...ㅠㅠ LTE사용, 다른인터넷원활상태였습니다 통신사LGU+에요 해결알려주세요ㅠㅠ"
Google 사용자,1,2017-04-15 12:24:46,장난하는것도아니고 큐알인식했는데 자꾸 대여카드인식하라함 장난하냐??? 왜 앱 이따위로만듬? 당장환불해주셈
Google 사용자,5,2017-04-14 19:07:22,"따릉이에 자전거 길찾기메뉴가 생기면 참 편할것 같습니다. 목적지와 출발지를 설정한 뒤에 근처에 있는 따릉이 대여소, 자전거길 표시, 소요시간 등을 표시하여 따로 지도앱을 깔고 따릉이 앱과 번갈아 봐야하는 번거로움을 줄인다면 따릉이를 이용하기에 더 편리할것 같습니다."
Google 사용자,1,2017-04-10 22:19:02,회원가입도 안되고 로그인도 잘 안되요. 역시 시에서 추진하는 프로젝트는 다르네요. 대여하려고 만지니까 대여와 동시에 반납이 되었어요. 이용권 재구매하려니까 사용중인 이용권이 있대요. 마침 택시도 안잡히는 시간이라 애매한 거리 대중교통 이용했습니다. 하필 조금전에 발톱이 부러져서 걷기 힘들었는데 힘을 내서 이 퇴근시간에 많은 인파 사이에서 사람 냄새를 느끼며 퇴근할 수 있게 되었네요. 정말 감사합니다. 그냥 자전거 살게요
Google 사용자,1,2017-04-09 14:50:14,버그가 너무많아요 앱사용하려면 두번키는건 당연
Google 사용자,1,2017-04-08 16:39:19,서버관리 개똥같이하시네요^^
Google 사용자,1,2017-04-08 16:36:39,좋은 정책이나 어플은 문제가 많음(로딩지연 잦은 재로그인등)
Google 사용자,4,2017-04-03 20:11:26,잘 이용하고 있어요:)
Google 사용자,1,2017-03-28 22:17:30,회원가입이안됨 거지같은어플임  거지같은행정 따박따박 놀면서 대충대충공무원들 수준을알것같음 자전거로 시민복지하는양 온갖광고는다하면서 쓰는게이따위인거는 리뷰봐도개선이안되는듯
Google 사용자,1,2017-03-28 14:12:41,로딩 속도 최악
Google 사용자,5,2017-03-27 05:50:38,정말 너무 좋은 서비스인데... 왜 2.9지...???? 이해불능 고생하십니다
Google 사용자,1,2017-03-26 14:19:44,실행이안됨
Google 사용자,1,2017-03-21 17:11:48,결제실패라고 나옵니다. 결제하고 싶은데 결제가 안되면 어떻게해야 타고 다닐 수 있을까요?
Google 사용자,1,2017-03-21 16:25:41,시스템은 좋으나 로그인도 안되고 계속 버퍼링 걸리니..20분동안 껐다 켰다 반복해도 안돼서 그냥 버스탔습니다 이게 몇번째인지ㅜ
Google 사용자,1,2017-03-19 21:54:25,결제는결제대로되고 로그인안돼서 다시나갔다가 들어가니 켜지지도 않고 어플삭제후 다시 설치했는데 되는가싶더니 대여 눌러도 안들어가지고 복불복인가요 같이 간사람은됐는데 일행도 어플키고 로그인하는데 엄청오래걸렸어요 근데 제꺼 기다리느라 시간은시간대로 흘러가고 옆에있는사람들도 쌍욕하면서 한시간동안 부여잡고 있던데 통신장애뜨고 반납은 쉽던데 돈내도 대여가 안되니 이건뭐..결국전 자전거대여소로 따로 가서 빌렸네요 . 고객센터 전화도안받던데 너무한거아닌가요 . 괜한 자전거앞에서 욕만 남발했네요
Google 사용자,1,2017-03-19 18:06:53,이거.뭐 개벌레가 앱만들었나 뭐 들어가지지가 않냐 장난치냐 그냥 다 때려치워라
Google 사용자,1,2017-03-19 15:53:46,결제는 결제대로 되고 통신장애라고 자전거는 안 빌려주고 뭐하자는 건지.
Google 사용자,1,2017-03-19 15:51:06,개 그지같이도 만들어놨네 세금으로 에라이 써글놈드랑
Google 사용자,3,2017-03-18 20:14:55,한동안 이용을 안해서 비밀번호 찾기를 했는데 문자가 안오네요...
Google 사용자,2,2017-03-17 14:45:06,본인인증수단이 본인 명의 휴대폰 밖에 없어서 사용할 수 없네요. 빠른 개선 부탁드립니다.
Google 사용자,1,2017-03-14 10:23:28,지도보기로 대여소 검색시 일정배율이상 확대하면 멈춥니다 왜그럴까요? 제일중요한 기능인데 대여소 위치확인에서 매번 오류가 나니 원...
Google 사용자,1,2017-03-11 16:57:01,ux의 기본도 모르는 돌대가리들이 만든 자전거 대여 시스템 전 세계 최악의 자전거 대여 시스템임
Google 사용자,1,2017-03-11 13:51:13,아니 왜 한핸드폰당 2개를못빌려요 좀빌리게설전해놓지
Google 사용자,3,2017-03-05 18:13:27,대여소 위치 구글맵으로 연동해주세요. 네이버 지도 호환이 잘 안되는지 위치 파악하기가 어렵네요.
Google 사용자,2,2017-03-02 15:04:27,1시간 내에 반납할 곳이있으면 좋겠으나 아닐경우 30분마다 천원씩 추가되는게 굉장히 짜증납니다. 이용할때 꼭 지도로 반납소 세세하게 살펴보세요.
Google 사용자,1,2017-02-04 00:28:33,자전거빌리는데이렇게 귀찮은수가
Google 사용자,1,2017-02-03 14:16:41,가입해서 결제할랫더니 결제오류 떠서 진행도 안됨 ㅋ 젓같아서 탈퇴할랫더니 탈튀버튼은 어따 처숨겻는지 보이지도 않네 ㅋㅋ 탈퇴하려고 고객센터 전화하게 만드네  개노답
Google 사용자,5,2017-01-19 10:56:03,튼튼하고 깨끗한 자전거를 거의 무제한으로 탈 수 있다는것! 그리고 시민을 위한 실용적 복지! 높게 평가합니다
Google 사용자,3,2017-01-18 00:15:08,갤럭시 소유자들은 번인현상으로 검은색 상단바를 갖고있는 앱을 쓰기 힘듭니다. 카멜레온 상단바좀 적용해주세요!
Google 사용자,5,2017-01-14 11:48:59,굿굿
Google 사용자,1,2017-01-10 14:08:54,제대로 실행된 적이 없어요
Google 사용자,1,2017-01-08 16:17:12,한두번도아니고 개짜증나네 증말
Google 사용자,1,2016-12-29 10:47:15,회원가입조차 인증이 안되니 원.  서울시 앱이라는게 믿을수 없음.
Google 사용자,4,2016-12-28 08:09:42,앱 자체는 잘쓰고 있습니다.  매번 로그인을 해야하는건 좀 불편하긴 하지만....그래도 괜찮다고 생각됩니다.   이번 업데이트하고 멜웨어가 있다고 나오네요.   어베스트를 쓰고 있습니다만 그냥 무시하고 넘어가도 될지 좀 걱정됩니다.   뭔가 답변이 필요할듯 하네요.
Google 사용자,2,2016-12-28 07:37:26,업데이트하자마자 어베스트 백신이 멀웨어라고 삭제하라네요.
Google 사용자,3,2016-12-28 02:59:41,지웠어요 확인부탁
Google 사용자,4,2016-12-27 08:25:56,좀 더 나아졌으면
Google 사용자,3,2016-12-26 19:22:29,이번에 업댓하니 모바일 백신에서 악성코드가 포함되어 있다고 해서 일단 지웠는데 무시해도 되는건지 뭔가 문제가 있는건지 설명 좀 부탁드려요.
Google 사용자,3,2016-12-26 17:21:55,이번 업데이트 후 avast 안티바이러스 앱에 따르면 멀웨어기능이 들어있다고 제거바란다고 나오는군요. 뭐 실수겠거니 하는데 그 이전엔 없었던문제라 참 이상함
Google 사용자,2,2016-12-14 13:26:13,왜 15세부터인가요
Google 사용자,1,2016-12-04 23:18:12,재설치도해보고 했는데 지도들어가지면 에러뜨고 느려지고 폰이다이상해집니다 개선부탁드려요 제발
Google 사용자,1,2016-12-02 18:28:07,아이디랑 비번찾기 되게 힘드네
Google 사용자,1,2016-12-01 09:14:06,주변 대여소 보려고 검색 실행하면 앱 다운됨. 위치기반 정보 요구하던데 근처  대여소 자동으로 뜨게 못함? 일일이 검색해야하고 그나마 검색하면 앱이 멈춤.
Google 사용자,1,2016-11-23 11:55:28,로딩에 도대체 몇 분이 걸리는 겁니까... 대중 교통보다 낫다고 사람들에게 자랑하고 다녔고 출퇴근에도 쓰려고 했는데 도대체 로딩이 너무 느려서 쓸 수가 없네요.
Google 사용자,1,2016-11-20 02:34:38,귀한 집회때문에 종각역일대 대여소 임시 폐쇄하는건 좋습니다. 근데 왜 앱내 대여소 정보에 표시를 안하나요? 덕분에 종각역 근처 집에 다 도착해서도 폐쇄대상 아닌 대여소 찾느라 진땀뺐습니다. 거기다 앱 내 지도는 위치기반 검색도 안되고 확대하면 지도가 표시 안되기까지 하네요. 기종은 갤럭시 s7입니다
Google 사용자,1,2016-11-20 01:28:07,회원가입하다가 오류나서 다시 본인인증할려니까 이미있는 정보라서 회원가입이안됰데. 비회원으로살라니까 이것도 마친가지. 진심 육두문자 쌍욕이 육성으로 찰지게 튀어나옴. 한 30분은 그러고 있었나봄..... 와....... 거기다 홈피 .앱 두개다 오류 장난아님. 시에서 운영할거면 제대로 하시등지. 이건 뭐 시에서 만드는거라고 만들때 돈은 또 얼마나 받아드셨을거야???? 적어도 쓸수는 있게해놔야지. 팝업도 보니까 15년에 올린거던데. 아직도 아이폰이 사용자가 불편을 감수해야하는거면 관리안하는거임????  안드로이드도 제대로 안되는데 뭐.... 시국어쩌고할고없이 나라에서 하는일이 제대로된게 있기나한거임??? 간편한 사용방법을 빙자해서 개인정보 수집은 왜하는건지도 모르겠고.... 진짜.... 이건 이용을 하라는건지 말라는건지 당췌 모르겠음.
Google 사용자,3,2016-11-11 21:40:09,너무 느려서 배터리 잡아먹을 정도.. 데이터없으면 못빌릴듯요 ㅋㅋ
Google 사용자,4,2016-11-11 17:47:38,"웹뷰라서 그런지 로딩속도도 좀 느리고,  결제모듈 좀 어떻게 해주세요. 회원가입이랑 결제가 너무 버벅입니다. 차라리 간편한 카카오페이나 네이버페이 이용할 수 있게 해주면 좋을거 같아요. 이건 자전거얘긴데, 자전거에 휴대폰 거치대같은거나 네비게이션 같은거 쓸 수 있음 좋겠어요"
Google 사용자,1,2016-10-31 00:40:50,적은 인원이 쓰는 것도 아닌데 한번 만들때  제대로 만들고 신경좀써주세요ㅠㅠ 시에서 운영하는 건데 이렇게 퀄리티가 떨어지다니ㅠ잘부탁드립니다 조금 더 잘 이용할 수 있게 부탁드려요
Google 사용자,1,2016-10-30 01:06:26,지금탈라니까 앱은안되고 자전거통신오류라는데 이게뭐임
Google 사용자,5,2016-10-29 23:24:03,그런데 겨울에 따릉이 눈맞으면 다음해에 멀쩡히 쓸수있을까요..?? 눈오기전에 거치대를 좀더 보완해야할것같아요
Google 사용자,5,2016-10-25 21:37:16,좋아요
Google 사용자,1,2016-10-23 02:57:59,연락도않오고과금처리하고해제했다며! 그리곤못쓴다! C 8 장난해!!!
Google 사용자,5,2016-10-22 23:54:01,1개월 5천원 핵꿀 잘 이용하고있습니다
Google 사용자,5,2016-10-22 19:34:59,"따릉이 시스템도, 앱도 굉장히 유용하고 좋습니다♡"
Google 사용자,1,2016-10-20 01:06:30,시간은 계속가는데 이렇게 추가되는 추가요금은 빨아먹고 어떻게반납하라는거죠?
Google 사용자,5,2016-10-19 16:42:55,잘쓰고있습니다
Google 사용자,1,2016-10-18 21:40:54,뭐이따구로만들었어
Google 사용자,2,2016-10-15 16:12:00,제발 업데이트해주세오 ㅠㅠㅠㅠㅠ
Google 사용자,3,2016-10-15 16:08:36,제발 업데이트해주세요 많이 쓸게요 ㅠㅠ제발
Google 사용자,2,2016-10-15 13:49:38,외국인들을 위한 영어버젼을 만들어주세요
Google 사용자,1,2016-10-15 12:25:47,최악
Google 사용자,1,2016-10-15 00:21:30,발기획ㅜㅜ
Google 사용자,4,2016-10-14 19:52:18,배치소를 좀 늘렸으면 아주 좋을것 같아요
Google 사용자,5,2016-10-12 19:59:03,자전거도 좋고 가격도 싸서 좋아요
Google 사용자,5,2016-10-12 15:18:57,관련 유투브 블로그 컴탠츠 제작하려 했는데... 결제도 외국인 관광객응 못하고.. 언어서비스도 없내요.. 추후
Google 사용자,2,2016-10-08 12:11:31,"따릉이 시스템은 좋은데  어플은 대여하는 기능외에 쓸모가없네요..  지역별 대여소 현황만검색되고 구간별 거리나 루트, 현재위치에서 가까운 대여소 찾기같은것좀.."
Google 사용자,5,2016-10-06 18:28:58,"오늘 연신내부터 반포대교찍고 다시 홍제동으로 왔는데 대여소 찾을때 지도가 자꾸 깨져서 그게 좀 보기 힘들었어요. 지도에 근처 사진도 같이 올려주시면  찾기가 조금 더 수월 할 것 같아요.  그리고  고객센터 상담원님  이름이 생각이 안 나는데 제가 대여소 안 보인다고, 찾아달라고 했는데  정말 너무나 열심히 찾아주셔서 덕분에  잘 반납하고 왔습니다.  너무 너무 감사했어요.  전 따릉이 정~~~말 좋으네요.  감사해요.^^  참참,  그리고  아무래도 한강에서 타시는분들도 많은것 같은데 한강에 들어오고,나가는 입구에도 반납대를 만들어주시면 좀 더 유용할 것 같아요."
Google 사용자,5,2016-10-04 14:06:05,Veryjood
Google 사용자,1,2016-10-03 19:03:29,결제한후에 대여하려는데 네자리 암호가 기억이 나지않아 찾으려고 했더니 계정 암호로그인 하라네요  근데 그것마저 기억이 나지않아 로그인창에 자동입력된 암호붙혀넣기 하려고 복사했더니 갑자기 창이꺼지더니 그 이후로 로그인이 안됩니다 그냥 안되는것도 아니고 정보가 없다네요 아이디나 암호 찾으려해도 정보가 없다뜨고 비회원으로하려니 계정 소유자는 안된다고 뜨고 고객센터는 몇번을해도 안받고  도대체 어쩌라는건지 정말 끝내주는 서비스네요
Google 사용자,4,2016-10-03 15:33:19,"가끔 학교-집까지 20km정도 타곤 하는데, 따릉이 어플에 있는 대여소 검색기능이 네이버지도랑 연동이 부족한 것 같습니다. 정기권을 끊으면 1시간마다 반납해야하는데 한강을 따라서 가다보면 중간중간 대여소가 부족하기도 하고, 대여소간 길안내 서비스가 부족하여 거의 30분에 한번씩 반납하지 않으면 대여소간 거리가 애매하여 한시간에 가까워 올때가 많습니다. 대여소-대여소를 찍어서 구간별 예상시간, 길안내 서비스를 제공하면 좋겠습니다. 그리고 네이버지도에서 따로 따릉이 정류소를 검색하는 기능이 너무 불편합니다. 예를 들어 반포 자전거 정류소라고 하면 따릉이 정류소와 다른 한강공원 자전거 정류소를 구분할 수 있는 기능이 있으면 이용자가 헷갈리지 않을듯 합니다. 그리고 어플을 자주 이용해서 로그인유지를 설정해 놓아도 한번 껐다 켜면 계속 다시 로그인을 해야하는 불편함이 있습니다. 해결 부탁드립니다. 그외에는 잘 사용하고 있습니다! 서울시에서 이런 서비스를 제공해주셔서 감사하게 생각하고 있습니다."
Google 사용자,3,2016-10-03 11:42:41,몇 번 넘기다 보면 그냥 하얗게 변해버려요. 잠깐 렉먹은게 아니라 항상 이렇습니다. 세 번 정도 넘기면 지도에 동네가 보이는게 아니라 하얀게 넘겨보이는데 그럼 그 동네는 볼 수가 없어요. 이거 진짜 너무 불편합니다. 이거 안뜨게 하려면 엄청 축소시키고 봐야되는데 모르는 동네를 그런식으로 봐서 어떻게 자세히 알겠어요.. 두서 없는 리뷰긴 했지만 어쨌든 대여소 현황 오류 있는지 확인 좀 해주세요.
Google 사용자,1,2016-09-30 05:49:02,가입이너무어려워요누구나이용불가능 화가납니다
Google 사용자,1,2016-09-26 15:51:27,단말기에 신용카드나 티머니 카드 대면 대여 되거나 반납할수 있게 절차 간단하게 요망. 노인들 따릉이 타고 싶어도 절차 어려워 못탐..탁상공론식 행정절차 지양함..
Google 사용자,1,2016-09-25 18:02:43,좋은 아이템도 복잡한 절차와 비효율적인 결제시스템 느린 서버등 능력이 없는 사람들만 모아놓았나 보네요ㅡㅡ
Google 사용자,2,2016-09-24 22:08:12,회원 가입이 안되네10번도 더한거 같은데 계속 인증에 실패햇다고 나옴.. 짜증남
Google 사용자,1,2016-09-24 22:06:47,내가 말이야 비회원으로 돈울 넣었어 아주 친절히게 설명서도 있어서 잘 보고했는데 왜 내천원은 날라가고 되질않니? 앙?
Google 사용자,1,2016-09-22 21:59:00,ㄹㅇ최악
Google 사용자,5,2016-09-22 18:16:40,헐
Google 사용자,1,2016-09-20 18:48:37,수업있는데 통신장애있다고 응답기다리는중이라고 계속 그래서 반납을오랫동안못했네요   시간은자꾸 가는데 콜센터 전화해도 연락준다더니 개늦게있다가 연락오고ㅡㅡ 결국수업늦었어옹
Google 사용자,5,2016-09-19 20:00:24,간편하고 저럼한가격
Google 사용자,1,2016-09-19 11:18:39,"회원, 비회원 이용 모두 다 왜이렇게 이용이 어렵나요??? 전반적인 서비스 개선이 필요해보입니다."
Google 사용자,1,2016-09-19 00:58:28,하다가 튕기는 건 뭔가요 ㅡㅡ
Google 사용자,4,2016-09-18 20:16:45,굿
Google 사용자,3,2016-09-18 11:21:21,외국어 지원도 되면 좋겠네요
Google 사용자,1,2016-09-18 00:50:00,사용하기 불변합니다 개선부탁드려요
Google 사용자,2,2016-09-17 16:03:17,어디 타고 돌아다니려고 해도 대여소 현황 매뉴만 들어가면 강제다운되고 답답하네요. 거치대 위치를 알아야 타다가 대여를 마무리 할텐데요. 너무 불편합니다!!
Google 사용자,3,2016-09-11 20:11:02,여태 잘 타다가 오늘 타려고 이용권 구매하려는네 결제서버와의 통신이 불안정하다고 신용카드 결제가 안 되는데 왜 이러나요
Google 사용자,2,2016-09-07 10:05:30,앱은 너무 별로네요.  최신버전인데 버전안맞다고 안켜져요
Google 사용자,1,2016-09-07 09:41:39,인터넷사이트도먹통. 어플도먹통....
Google 사용자,3,2016-09-07 09:37:29,정말 잘 쓰고있었는데 오늘 갑자기 app버젼 체크시 오류가 발생했습니다 라는 메시지와 함께 실행이 안되요 ㅜ 정기권 끊었는데 ...ㅜ
Google 사용자,1,2016-09-07 09:29:55,제곧내 설명 필요 없음
Google 사용자,1,2016-09-07 09:19:39,하 진짜
Google 사용자,3,2016-09-07 09:08:10,어플실행하면 어플버전체크시 오류발생했다면서 안됨 ㅡㅡ 삭제해도 동일.....업데이트후이런거 아니에요??
Google 사용자,1,2016-09-04 21:19:09,아니 자전거를 타게 할꺼면 이런 회원등록제를 외해놓냐구요 사람들이 까다로운 거 다등록하고 타야되자나요. 괜히 타러갔다가 헛걸음만 했네정말
Google 사용자,2,2016-09-04 18:26:01,느리고 검색이 잘 안되네요. 번호로 검색할지 정류장 명으로 검색할지 선택안하고 한번에 검색됐으면 좋겠어요. 대여할 자전거 선택한 후의 설명이 너무 훅 꺼져서 다시 볼 수 있는 방법을 못찾겠네요. 절차가 너무 복잡해요. 카드 미리 등록해놓고 대여할 때 결제 카드 선택 자전거 번호 선택만 하면 가져갈 수 있게끔 간단하면 좋을텐데요.
Google 사용자,1,2016-09-03 21:03:59,하는일이 그렇지뭐 에휴
Google 사용자,1,2016-09-03 13:58:48,"이거 인증하면서 날아온 문자만 6개 비회원이용 하기위해설명절차보면서 일일이 따라하는데 거의10분이상 걸림 원순씨이거이용하는데 도데체 업체가 몇개나 낀거야? 간단하게 버스카드쓰면안되? 아 뇌물바친업체껴줘야된다고? 알았어..이거 편하다고하는 사람은 머리에 총맞았거나 알바일 가능성 농후함  기획이란게 왜있는지""사용자 편의"" 라는 걸 고려하기나 했는지 모르겠다"
Google 사용자,1,2016-09-02 20:31:39,15세 이하도 가입할수 있게해주세요
Google 사용자,5,2016-08-30 15:59:35,감사드립니당 무한감동8ㅅ8♡히트다히트
Google 사용자,1,2016-08-30 11:27:35,아이폰이안된다...ㅠ외국꺼라고취급안해줌...
Google 사용자,1,2016-08-29 20:43:17,"따릉이랑 40분 싸우고도 대여못함.....왜때문이죠,,,,,. 네트워크 통신오류 패고싶다......"
Google 사용자,4,2016-08-29 18:31:03,결제할때 보안프로그램이 없으니까 좀 불안하네요;; 그것빼곤 문제삼을게 없는 시스템이라고 생각합니다. 대여소가 강북지역에 집중되어 있던데 강남지역에도 대여소가 확대되었으면 좋겠습니다
Google 사용자,5,2016-08-28 21:08:27,요금제두 적당하고 이용하기 편합니다
Google 사용자,2,2016-08-28 16:36:08,아이폰도 잘되게 해주세요 히히
Google 사용자,2,2016-08-27 18:29:23,"앱뿐만 아니라 대여소 시스템 자체부터 완성도가 낮은 부분들이 대여하는 과정에서부터 나타납니다. 가령 대여 과정에서 네트워크 문제로 오류시에 다시 시도하라고 하는데 바로 다시 시도하면 계속 대여카드 갖다 대라고만 하거나 단말기가 아에 아무 것도 안 합니다. 알고보니 3분 뒤에야 대여 과정의 정보가 초기화 되기 때문에 그 뒤에 해야 되더군요. 그리고 그 때는 대여하려던 자전거 말고 다른 자전거로 다시 하는 게 오류 가능성이 낮아집니다. 또한 처음에 QR코드로 대여소를 인식시키면 대여가 지원되지 않는 곳으로 응답하는데 대여소 번호로 인식시키면 그 때는 또 됩니다. 그리고 요금 체계도 불편하고, 며칠 이용할거라면 연간회원비를 내는 게 훨씬 낫다 싶을 정도로 일일 이용요금은 좀 비싸다는 생각이 듬. 아무튼, 처음 해보면 짜증이 많이 날 수 있다는 게 결론."
Google 사용자,1,2016-08-25 18:51:57,문과생이 만든 어플인줄 ㅋㅋ
Google 사용자,5,2016-08-24 07:11:06,굿
Google 사용자,2,2016-08-21 21:10:22,진짜 너무 느려요ㅠㅠㅠ진짜 자주 이용하는데 공지사항 뜨는것만해도 너무 오래걸려요 공지사항 한번본것은 다신안보기 있으면 안될까요? 안그래도 느린데....로그인까지도 너무 오래걸려요. 쾌적한 시스템 부탁드려요. 이 앱만 정말 유독 로딩시간이 길어서 따릉이앞에서 오분이상은 기본입니다ㅠㅠㅠㅠㅠㅠㅠ
Google 사용자,4,2016-08-19 10:53:21,"진짜진짜 좋아요! 다만 몇가지 추가하면 더 좋을것같아요(예산이 좀 많이 깨지겠지만ㅋ) 첫번째, 앱으로 대여시 구간을 지정하면 대여한단말기에 자전거 전용지도(네비게이션)이 떴으면좋겠습니다. 두번째, 단말기에 지도가 생긴다면 근처 대여소와 대여,반납 정보를 공유하게해서 좀더 편리하게 이용가능할수있게 하면 좋을것같습니다."
Google 사용자,2,2016-08-19 09:21:09,"따릉이 쓰려다 앱 때문에 매번 번거롭네요. 맨날 공지 뜨고, 로긴도 매번 해줘야하고. 로딩 갑자기 안 되는 일도 빈번하고. 앱 개선 좀 해주세요."
Google 사용자,1,2016-08-18 13:00:59,요금이 일일권 24시간 1시간초과고 2시간초과 이게 무슨 말인지 전혀 이해가 전혀 되질 않음
Google 사용자,4,2016-08-15 14:59:36,복지국가에 사는기분입니다
Google 사용자,1,2016-08-14 13:04:00,앱이 다운이 되야 뭘하지...
Google 사용자,2,2016-08-12 17:54:05,데이터 먹는.귀신이네요. 인터넷보다 더 나감..ㄷ
Google 사용자,2,2016-08-09 23:35:03,앞으로 스마트폰 쓸 날이 얼마 남지 않은 학생인데 카드등록을 하고 카드 찍어봤더니 안먹히네요. 스마트폰 앱하고 컴퓨터로 별짓 다해봤지만 안됨.. 어쩌라는건지 모르겠네요
Google 사용자,3,2016-08-07 20:55:06,앱의 활용도가 부족한거같습니다. 구간구간의 거리나 시간을 알수있는 기능이 좀 상세하게 나왔으면 좋겠습니다. 일일이 직접 주소를 입력해서 네이버지도로 검색하는거 말구 이 앱에서 할수있도록 만들어주세요.
Google 사용자,5,2016-08-04 12:13:46,앱이 조금 수정이 필요하지만 이정도면 좋네요
Google 사용자,5,2016-08-02 10:34:59,쩔어요
Google 사용자,3,2016-08-02 09:00:21,매번 사용하는 자전거 정류장은 즐겨 찾기로 바로 검색해서 대여할 수 있게 해주세요.  할때마다 검색해야 하니 귀찮네요
Google 사용자,1,2016-08-01 18:31:41,한번결제하면 취소가 안됨 ㅎㅎㅎ...이무슨...
Google 사용자,1,2016-07-29 23:06:02,.
Google 사용자,3,2016-07-29 22:50:49,앱이 너무 불안정합니다 뒤로가기나 가끔씩꺼지고 합니다  그리고 삼성협찬은 그만좀 받으세요 자전거뒤에 삼성로고 보기싫습니다   참 좋은정책인것 같습니다 하상애써주셔서 감사하며 더나은 따릉이가 되어주세요 응원할께요
Google 사용자,1,2016-07-28 14:45:12,자전거를 빌리려고해도 대여시간이 아니라면서 빌려지지 않는다. 대여금지시간은 오후10시부터 오전7시까지인데 왜? 거기에 고객센터 상담원은 뭘 하는건지 전화연결도 받지 않으며 연결도중 끊어버리는 미친짓까지 해댄다. 개념이 있는지?
Google 사용자,1,2016-07-28 10:49:25,"이 앱 쓰면서 따릉이 타고 다니십니까? 그냥 참고 쓰고있었는데 어제 지도상 블럭 안쪽에 있다고 표시된 반납지역가서 뺑뺑이 돌다 없어서 추가요금내고 집에오다가 리뷰를 써야겠다고 생각했습니다  1.대여 지역 지도 확대하면 갑자기 먹통되는 현상(확대가 아니더라도 화면 오른쪽에 하얀색 네모가 점점 다가와서 지도 가릴때도 있음)/ 2.QR코드 인식 안 됨, 갤럭시 s6 쓰고 처음 빌려봐서 QR코드로 하려는데 자전거 8대 전부 인식 안 됨(정기권 사용중)/ 3.QR코드 안 돼서 대여소 선택 대여로 하는데 멀쩡한 8대가 전부 대여중이라고 나옴 여러번 시도하다 종료하고 다시 로그인후 성공 / 4.왜 반납추천지역이 GPS기반이 아닌겁니까 거치율을 기반으로 보여주는건 누구의 편의를 위한거죠? / 5.이미 다 읽은 필요한사람만 필요한 공지사항을 매일매일매일 켤때마다 보여줌(체크박스도  맨 아래 내려야 나옴) / 6.자동로그인이 자동이 아니고 아이디 암호 저장방식임 / 제발 점검하고 고쳐줬으면 합니다"
Google 사용자,1,2016-07-28 08:58:35,앱이 안열림ㅋ 아니 출근시간에 타려했는데 앱이 안열리니 답이없다. 시간널널한분 아니면 타지마세욬ㅋㅋ
Google 사용자,1,2016-07-27 06:07:00,담당자가 직접 이용해 보세요 지금 20분째 로딩중입니다
Google 사용자,5,2016-07-27 00:22:15,열일하는 원순씨...♡ 이런 소소한 변화 정말 정말 좋아요! 뭔가 서울이 달라지고 있는거 같아서 좋습니다:) 따릉이 애용할게요! (대여소 조금 늘려줬으면 좋겠어요 속닥속닥)
Google 사용자,1,2016-07-26 13:12:48,1시간 단위로 반납해야 하니까 시간 맞추느라 신경쓰여서 타겠습니까?
Google 사용자,1,2016-07-25 16:49:52,.
Google 사용자,2,2016-07-25 07:34:39,캐시비 쓰는 고등학생 입니다 고등학생이라 결제 수단에 많은 제약이 있는데 후불 교통카드 지원은 티머니만 되어 결국 따릉이를 이용하지 못하고 걸어다닙니다 보통은 티머니와 캐시비를 많이 사용하니 캐시비도 결제 수단에 포함시켜주시면 따릉이 이용이 좀 더 간편해질 것 같습니다
Google 사용자,2,2016-07-23 13:36:48,이렇게 세금 많이 들여서 좋은 시스템 만든건 참 좋은데 앱 들어가는데 오분 십분 씩 걸리면 누가 쓰고 싶겠어요?? 공지 뜨는것도 그렇고 뭐 하나 누르면 다음 화면 뜨는데 몇 분씩 걸리는건 너무 하지 않나요. 정말 화가 납니다.
Google 사용자,1,2016-07-20 00:25:48,관리를 안한겁니까. 아님 개발비르류안준겁나까.. 개발수준보니 어이가없어서..
Google 사용자,4,2016-07-19 20:52:16,사용도 간편하고 편도로 사용하고 반납한다는 시스템은 굉장히 좋은듯 합니다. 하지만 앱 실행시 좀 느린감이 있고 무인대여소인만큼 자전거가 어디에 있는지 가끔 찾을수가 없어서 상세위치를 알 수있게끔 하면 좋을듯 합니다.
Google 사용자,1,2016-07-15 15:09:30,홈페이지에서 회원가입하고 핸드폰 로그인 하니 되지를 않아 고객센터 전화 했더니 아이디 넣고 제비밀번호 알려 달라하내요. 개인정보를 알려달라고 하고 어이상실...그지같은 어플..0점주고 싶내요
Google 사용자,4,2016-07-09 16:38:47,잘 쓰고 있습니다. 그런데 교통카드와 연동하는 기능은 아직 미완성인가요? 교통카드 등록까진 되는데 그렇게 되면 자전거를 빌릴 수 없더군요. ^^;;;;
Google 사용자,1,2016-07-06 22:54:56,휴대폰 어플로 결제하려니 몇번이고 오류나서 컴퓨터 인터넷으로 했더니 로그인을 못하네요 비밀번호를 문자로 준다더니 주지도 않고 시간만 버리고 돈도 버렸네요
Google 사용자,1,2016-06-29 15:59:57,"강동,강남,중랑은 서울이아닌가요? 설치해주세요"
Google 사용자,1,2016-06-29 08:40:45,시작하자마자 버전 체크 오류 ㅡㅡ;;
Google 사용자,5,2016-06-29 00:22:25,"자전거를 빌리려면 보통 한시간에 3천원은 넘기 마련인데 여기는 천원이고 조금 헤멨지만 가입도 결제도 나름 쉽습니다. 콜센터에 전화해도 쉽게 알려줘요. 다만... 여러대를 한꺼번에 결제하거나, 시간제한을 못 늘린다는 게 아쉽네요. 제가 몰라서 그러는 건가요?"
Google 사용자,1,2016-06-28 15:22:55,다작성하고 확인누르면 몇번씩 계속오류떠서 열받게하네요
Google 사용자,1,2016-06-16 18:09:47,유저빌리티 최악... 결제해놓은거만 봐도...
Google 사용자,2,2016-06-13 21:57:37,구형폰은 로딩 더심하겠죠?? ㄷ ㄷ  서울시는 개발자 얼마를 주고 앱을 만드신겁니까....이렇게 느릴수가....
Google 사용자,1,2016-06-12 19:12:36,최적화전혀안됨
Google 사용자,2,2016-06-10 04:49:17,1.가입하다가 폰 던져버릴뻔 했습니다 비번을 왜 그따위로 만들어야 하는 거죠.. ?  2. 이런 자전거대여 시스템을 여러 개 써봤는데 꼭 앱 기반으로 시스템을 만드셔야했나요? 접근성 극악인데요 3. 제 때 반납하라는 안내를 제대로 못받아 요금폭탄을 맞고 나니 두번은 못타겠네요.. 4. 앱기반으로 만드셨음 적어도 대여소 주변에 와이파이가 터져야 앱을 받든말든 하지않을까요.. 시청 바로옆서 서울와이파이 잡는데 죽어도 안 잡힙디다
Google 사용자,5,2016-06-06 23:42:00,가끔 서울오는 타지역 시민입니다. 따릉이는 한번 결제시 24시간 동안 언제든 다시 빌릴 수가 있어요. 그러니까 반납됐다고 씩씩 거리지 마세요. 자동 로그인은 확실히 불편해요. 그런데 비회원 왜 안되냐고 그러시는 분은 좀 답답하네요. 이거 반납 안하고 버려놓으면 어떻게 찾으라구요... 비회원이나 휴대폰 인증이나 어쨌든 인증은 해야 할테니 조금 감수하시죠... 솔직히 따릉이 다른 지역 시민으로서 부럽습니다. 조금 더 자부심 가지고 사용하세요. 시민으로서 지킬건 지키구요.
Google 사용자,5,2016-05-30 18:07:15,너무좋아요
Google 사용자,1,2016-05-30 15:25:07,백신프로그램이 주의할 앱라고 경고 주세요. 주의할 앱 뜬거는 처음이네요! 서울시에서 나온 앱인데 퀄리티 너무 좋네요!!
Google 사용자,5,2016-05-29 17:04:05,따릉이조아요~~~
Google 사용자,1,2016-05-28 11:21:35,비회원으로 가입하게 만들면 어디가 덧나냐? 정말 최악임. 1점도 아깝다
Google 사용자,5,2016-05-22 23:22:15,좋아요
Google 사용자,5,2016-05-22 02:28:18,좋아요
Google 사용자,1,2016-05-19 15:42:46,진짜 별로입니다
Google 사용자,1,2016-05-14 22:21:33,안전장치가 어딨나 살펴보고있는데 반납되었다고요?????
Google 사용자,1,2016-05-01 22:03:52,솔직히 너무 느려요. 안드로이드 5.0 다운? 다른 앱은 안그러는데 2015년 공지이후로 아무것도 나아진거 없이 계속 느리네요. 공지가 너무 핑계같구요 속도 개선 해주세요
Google 사용자,1,2016-04-27 02:36:09,"따릉이 앱 개선이 필요해보입니다. 일단 엄청느리고, 전 어제 이걸로 결제해서 이용하려고 하다가 4번이나 오류가 걸려서 핸드폰결제가안되서 관두고 자전거타는거 포기했네요.. 여의나루역건너편에있는곳이었는데, 그 옆에도 하나 생기더라구요 여의도중학교인가.. 많은사람들이 이용할수있도록 자전거 설치를 늘리는것도 중요하지만 일단  앱을 사용하는데 오류가 적도록 하는것도 중요할듯합니다."
Google 사용자,5,2016-04-26 21:54:11,노트4인데 후기글 보고 고민하다가.. 앱만으로는 이해 안되는 부분이 많아PC 웹으로 보고나니 좀 이해가 되서 잘 타고 있습니다. 댓글 관리 좀 하고 첫 사용자에게 재방문율을 높일 수 있는 방법을 생각 해주시길 바랍니다. 서울시에서 좋은 아이디어 냈는데 과정이 어려워서야 되겠습니까? ㅎㅎ 잘 만드셨어요!
Google 사용자,2,2016-04-25 10:18:10,너무 몇군데만 몰려있네요ㅠ
Google 사용자,1,2016-04-17 16:51:38,결재를 5분동안하다가 결국안되서..어플지움
Google 사용자,3,2016-04-15 11:42:00,서비스 자체는 좋은데 로딩이 너무 길어요 길면 10분 이상 로딩만 하고 있어요
Google 사용자,4,2016-04-11 23:57:22,대중교통과 연계해서 사용하려고 여러가지 이동수단을 고려했는데 이게 있어서 정말 다행이네요. 다 좋은데 앱에서 한번 로그인하면 계속 유지됐으면 합니다. ^^
Google 사용자,1,2016-04-10 06:35:01,그냥 안쓰는게 답이네요 정말 불편하게 만들어 놨네요 ㅎㅎ
Google 사용자,1,2016-04-09 18:52:34,인간적으로 설치는되야될텐데
Google 사용자,1,2016-04-06 15:59:06,아니 설명을 제대로 해주던가 왜 이래요?
Google 사용자,1,2016-04-06 15:58:36,낮은데는 이유가있다
Google 사용자,1,2016-04-02 14:57:36,이게 무슨 인터넷뱅킹도아니고 비번 아이디 설정이 어렵나요??????
Google 사용자,1,2016-03-29 10:30:36,앱 개발경험이 있지만 왠만해선 이렇게 느리게 만들기도 쉽지않을텐데..ㅋ특별한 코딩을 사용했나봐요.
Google 사용자,2,2016-03-29 08:44:51,엄청나게번거롭고불편하군요.자주가는대여소바로클릭.이런기능도없고.무조건매번로그인해야하는말도안되는불편함도이루말할데없고..아주그냥괴로워하면서매번쓰게하네요..
Google 사용자,1,2016-03-28 13:38:06,"초기 로딩이 조낸 속터질정도로 느림.. 그리고 자동 로긴도 안됨..자꾸 풀려서 계속 접속시마다 로긴새로 해줘야함.. 서울""시""에서 만든 앱이 뭐 이따구임??!?!!!"
Google 사용자,4,2016-03-24 08:31:18,1. 앱 로그인할때 공지 좀 안뜨게 해주세요 매번 들어갈땨마다 공지사항 3개를 꺼야하니 불편해요  2. 차도에서 자전거 탈 때 유의사항이라던가 기본적인 도심 내 자전거사용 관련 수칙 만들어서 공유해주세요. 인도에서 자전거타려니 행인들이 째려보고 도로에서는 차들이 빵빵대서 제대로 못 타겠어요ㅠㅡㅠ            3. 자전거 도로 제대로 갖춰져있는곳 좀 소개해주세요.  이상입니다. 꼭 확인하시구 개선 부탁드릴게요.💃💃💃
Google 사용자,1,2016-03-22 22:02:31,아이폰은 오픈 안하나요? 어플 조회조차 안되네요ㅠㅠ
Google 사용자,4,2016-03-16 16:32:53,세시간정도 탔는데 서대문 신촌구간은 배치소가 없어서 돈아낄려고 힘들었음 배치소좀 늘려줘요... 시간을 늘려주던가... 가격은 올리지마시고요 아 그리고 잘썼습니다 좋네요
Google 사용자,1,2016-03-04 22:04:46,자전거 대여하자마자 뭐 빼라고 했는데 못들어서 가만히 있었더니 반납 감사합니다 래 내천원이랑 시간 물어내라 서울시
Google 사용자,3,2016-02-21 14:46:08,대여소 조회에서 현재 위치가 안뜬다는 점이 매우 아쉽습니다.
Google 사용자,3,2016-02-11 19:18:58,앱자채에는 크게 불만은 없다 그런데 1시간은 쫌 많이 짧은거같다. 지하철역3~4정거장정도 왕복하면 시건이 다되니....  할거면 3시가정도하는게 좋을거같아 시간도 선택해서 탈 수 있게 하면 좋울거같다.
Google 사용자,5,2016-02-10 13:14:45,"일단 어플 자체와 아이디어 자체는 좋기에 별 다섯 개 드립니다만, 자전거 도로가 많이 모자란 것이 아쉽습니다. 차도로 가기에는 위험해서 인도로 가야하는지라 저도, 걸어다니는 분들도 불편함을 겪었습니다. 이러한 이유로 자전거 도로가 많아지면 좋겠습니다."
Google 사용자,4,2015-12-26 14:54:32,한달째 쓰고있는유저 첫째 처음페이지에 뜨는 공지 좀 한번클릭하면 일주일간 안 뜨게해라 둘째 자주 빌리는공간 즐겨찾기하게해랑.매번 검색하기 시간아깝다. 셋째 로그인 좀 자동으로 되게해라 폰 끄면 다시 로그인해야해요   아무튼 너무 감사드리고 기부해주신 우리은행에게도 감사합니다.
Google 사용자,3,2015-12-23 13:15:12,...너무 작아...
Google 사용자,5,2015-12-23 10:12:41,실행시 뜨는 팝업공지를 좀더 손쉽게 닫을수 잇으면 더 편하게 쓸수잇을것같아요
Google 사용자,5,2015-12-08 10:56:41,밑에 리뷰들 쭉 읽어봤는데 이 내용에 대한 설명이나 홍보가 부족해보입니다. 자가잠금장치가 모든 자전거에 있어서 자체적으로 잠금도 가능한데 그걸 몰라서 물도 못사마신다는 분도 있고.. 일일권에 대한것도 마찬가지구요. 빠르게 대처하고 반응해줘야 되는데 공무원이라 그런지 그게 어렵나요.. 전문가가 아니라
Google 사용자,1,2015-11-21 13:48:00,"가격설명도 제대로 안되어 있고, 티머니는 결제도 안되고, 휴대폰 결제는 월 자동 결제라고 적혀있고... 쓰기 정말 깨름칙 합니다. 이거 서울시 공인 앱 맞나요?"
Google 사용자,1,2015-11-15 22:19:55,덧글무시보소 개발자 노는중 이미지 않맞으니까 늘려박아둿네 ㅎㄷㄷ ㅂㄷㅂㄷ
Google 사용자,3,2015-11-15 21:49:21,"비회원 일일권 구매하면 1000원에 하루 종일 타는 줄 알았다가 대여하는 순간 ""기본1시간에 초과시 30분마다 천원 부가""라는 문자를 받게됩니다. 하루종일 빌리는데 천원인줄 알았다가 당황해서 전화해보니 한시간이 지나기 전 다른곳에 반납했다가 다시 재대여하면 초과요금이 부과안된다고....하루종일 타고싶어도 계속 반납했다 탔다가를 반복해야 되는겁니다.  근데 기본적으로 자물쇠도 없고 보관소 있는 곳이 한강가에 거의 없어서 이거빌리면 잠시뒀다 누가 훔쳐갈까봐 편의점에서 물도 못사먹어요ㅋㅋ"
Google 사용자,1,2015-11-15 16:49:07,꼭 사용설명서 읽어보시고 타세요 일일이용권1000원이라고 해서 기분좋게타고 가는데 50분정도타고가는도중에 문자와서  한시간초과후 30분당 천원이더추가 되고 자동으로 폰에서 돈이빠져나갓네요 이럴거면 한시간이용권이라하던가 다시는 안탈거같습니다.
Google 사용자,5,2015-11-14 08:27:27,여의도 직장인인데 일부러 한 정거장 전에 내려서 자전거타고 회사까지 출퇴는하는 재미가있네요^^ 서울 전역에 설치되었으면 더 좋겠네요ㅎ
Google 사용자,1,2015-11-12 12:06:39,처음에 팝업3개와 초기화면 글자뜨는대 너무 오래걸려요 ㅜ ㅜ 자전거시스템은 좋은데 어플은 너무 불편합니다 개선 꼭해주세요
Google 사용자,5,2015-11-11 18:52:41,월 5천원내고  출퇴근에 쓰는데 운동도 되고좋아요. 한번등록하면 카드로 찍기만하면 빌릴수있어서 편하구요  자전거하나하나가 기업들 기부던데 서울시와 기부기업들 고맙게 타고있습니다^^  교통비 아껴서 대만족이에요  자전거도로가 많이생기면 좋겠어요
Google 사용자,1,2015-11-02 13:10:37,무슨 이상한 앱이나 깔으라고 하고 로딩도 느리고 ui도 허접하고 서울시가 돈이 그렇게 없나. 좀 기술력 높은 개발지좀 쓰지 ㅜㅠㅜㅠ
Google 사용자,1,2015-11-02 10:22:44,일일권이란 말 오해할수밖에 없네요!! 1시간 천원에 이후 30분(1분이라도 초과시) 당 천원입니다!!! 너무황당해서. .  물론 정확히 확인안한 저의 불찰이기도하나 분명 누구나 오해할수 있다 생각합니다.
Google 사용자,1,2015-10-29 11:28:47,여러가지 자전거대여 어플이용해봤지만 이게최악인거같아요 내가 성격이급한건지 느려서 차라리 택시타고다닐려구요
Google 사용자,1,2015-10-26 19:46:41,충분히 다방면으로할수있는 본인인증을..휴대폰인증 꼴랑하나로 한다는게 이해불가..그리고 시민들이 다양하게 이용할수있는 권리에도 제한적.
Google 사용자,1,2015-10-26 03:04:38,핵심기능은 어느정도 구현된다만 버그 겁나많음. 최소한 시에서 만든 앱이면... 레이아웃 디자인이랑.. 디버깅은 좀 신경을 써야되는거 아닌가요..
Google 사용자,3,2015-10-25 07:20:34,자동로그인 풀리는문제
Google 사용자,4,2015-10-24 14:08:46,버벅거리다가 대여하고자물쇠빼다가 타보지도못하고반납처리됐어요ㅠㅠ
Google 사용자,3,2015-10-24 13:44:54,일일권을 구매할려고하는데 월 자동결제로 보여지고 있고 정기권으로 표시 되어있는데 제대로 된거 맞나요? 구매할려고 다운받았는데 자동결제 시스템으로 되어있으면 구매할 생각이 없어지는데요 수정부탁드립니다
Google 사용자,5,2015-10-22 22:40:46,버스타고 학교와도 학교근처에서 타고다닐수있어 좋아요
Google 사용자,2,2015-10-21 11:25:24,후....답답합니다
Google 사용자,1,2015-10-20 12:22:11,어디에 외주를 주셨는지 모르갰지만 참 한심합니다. 좋은 취지의 서비스인데 안타깝네요. 손볼곳이 헌두군데가 아니네요.
Google 사용자,1,2015-10-19 19:20:25,이용할때마다 자전거앞에 십오분은서있어요.... 겨우떴다싶으면 공지사항이고 닫기누르는데도한참걸리고 뭐하나누르면 다음화면가는데 세월아네월아입니다ㅜㅜ
Google 사용자,1,2015-10-19 18:50:10,"얼마 전에 설치 후 여러번 시도했으나, 개발업체 선정을 어떻게 했길래 어플이 정상적으로 작동을 안하죠?"
Google 사용자,1,2015-10-18 00:00:45,1일권 사서 하루탈려했더니 대여할때 카드 등록해놓고 그걸로 결제를 해서 1일권은 안쓰고.. 4시간 있다 반납했더니 기본시간 초과했다고 8천원결제되네요.. 이런억울한게어딨나요
Google 사용자,1,2015-10-17 01:36:51,진짜 이렇게 못 만든 앱이랑 서비스는 정부발주받은 앱 말고는 없을 것 같습니다. 기능만 동작한다고 다가 아닙니다. 이렇게 사용법이 어려우면 누가 쓰겠습니까???
Google 사용자,1,2015-10-16 14:30:20,안됨..
Google 사용자,3,2015-10-16 11:39:53,"우선 티머니 결제가 안됩니다. 지불방법에 모바일티머니 선택하고 결제 누르면 알수없는 문자들이 좌르르륵 펼처진 경고창이 나오고 거기서 확인 누르면 몇초뒤 결제실패가 뜹니다. (그런데 티머니에는 결제가 되어있음 ㅡㅡ 전화상담으로 환불받긴 했지만, 오늘 일일 이용권 1000원 결제시도해보니 똑같이 경고창(?)뜨네요. 그리고 로그인시 자동로그인 선택해도 앱 재접속하면 로그아웃상태가 되어있습니다. 추가적인 문제점은 낼 따릉이 함 타보고 더 적을께요~ 지속적으로 개선, 보완해주시길. (아, 따릉이서비스를 강남권에도 확대해주세요 ㅠㅠ 구청장이랑 시장이랑 싸우고있어서 안해주는건가요? ㅠㅠ)"
Google 사용자,1,2015-10-15 20:19:00,대여소 위치만조회하면 죽게만들었냐??
Google 사용자,5,2015-10-15 14:36:29,좋네
Google 사용자,1,2015-10-15 12:25:15,절차도 복잡하고 대여하는 시간에 그냥 갈것 같구요. 너무 귀찮습니다. 잘안쓸거 같아요
Google 사용자,5,2015-10-15 05:45:06,앱설치가 잘안되요?
Google 사용자,1,2015-10-14 21:58:16,홈페이지로는 되는데 어플에서 계속 아이디 또는 비번 오류뜸;;;!!!
Google 사용자,1,2015-10-14 19:05:51,"이""렉""은 밤새고싶나봐요..언제쯤 화면이 뜨련지.."
Google 사용자,5,2015-10-14 16:18:15,카드결제로 하는데 너무 간편해~
Google 사용자,1,2015-10-14 12:58:46,랙
Google 사용자,1,2015-10-14 12:55:47,핸드폰 본인인증 하는데 허용되지 않은  ip 라고 뜨네요.
Google 사용자,5,2015-10-13 19:01:25,"카드결제로 두번 이용했는데 절차도 빠르고 좋아요~ 가격도 저렴하고, 일일이용권이라는 시스템도 좋아요. 무료테스트 기간이라 그냥 타본건데 가끔 이용하게 될거 같아요~ 수고하세요~"
Google 사용자,2,2015-10-13 07:18:09,"신촌, 여의도 외에 타 지역확대가 필요하겠네요.... 그리고 대여소 실시간 현황의 4대문안은 지도가 안보여요..."
Google 사용자,3,2015-10-09 00:32:16,지도랑 연계해서 거치대 설치장소 보려고 할때마다 앱이 꺼지네요ㅠㅠ 갤노트3인데 좀 더 그런부분 신경써주시면 해요ㅠㅠ 그리고 QR코드 분명히 찍었는데 거치대에 자전거 없다고 출력되는건 어떻게 해야하나요...;;
Google 사용자,1,2015-10-08 21:14:32,설치가 안돼여ㅡㅡ
Google 사용자,1,2015-10-07 08:03:31,가입란 단말기비번항목오류 개발자부끄럽다
Google 사용자,1,2015-10-06 22:12:28,가입은 안되고 비회원도 비번을 누르래.. ㅜㅜ하..
Google 사용자,1,2015-10-06 14:59:01,니들은 다 짤렸다...오류투성이에 렉도 심하고 회원가입도 안되는  이런 앱을 혈세로 틀어막고 있으니...국정감사에서 이런걸 지적해야 한다.
Google 사용자,1,2015-10-05 19:18:17,오류난무하고 비회원은 되지도 않고 흠. . 시도는 좋지만 테스트하고 출시좀^^;;
Google 사용자,1,2015-10-05 15:59:25,렉이 자주 걸리고 지금은 들어가지도 않네요ㅠㅠ 아~ 나의 소중한 개인정보는 어떻게 되는건가요?!ㅠㅠ
Google 사용자,1,2015-10-05 07:56:51,설치하고 들어가면 버전오류라고 실행이 아예안돼요.. 왜이런거에요? 빨리 개선해주세요ㅠㅠ
Google 사용자,1,2015-10-05 07:51:07,실행도안되는데 ㅡㅡ 이런걸 만들어요?
Google 사용자,4,2015-10-04 23:58:01,테스터 기간이니까 오류나고 문제있는 것은 어쩔 수 없다고 생각해요. 회원가입에 문제있어서 전화했을 때 끝까지 친절하게 전화받아주시던 분들이 생각나네요. 지금은 어플에 오류도 많고 카드 인식도 안되지만... (ㅂㄷㅂㄷ) 그래도 수고 하십니다! 따릉이 제도 자체도 되게 좋구요
Google 사용자,2,2015-10-04 15:12:46,"이용하려고 회원가입 하려던중, 대여비빌번호 입력이 안되고 아이디 중복확인 버튼도 안눌리네요"
Google 사용자,1,2015-10-04 13:08:12,앱 버전 체크시 오류가 발생했습니다 하면서 안켜지는데...휴대폰이 구형이라 그런건가요?
Google 사용자,1,2015-10-04 13:00:37,앱 설치 버전 권한??같은게 확인이 안된다구..계속 다시 설치해도.....이거 왜이럴 까요ㅠ 자전거 타구싶은뎅...어제는 됐거등요?? 근데 회원가입두 안되구.. 아 제폰만 그럴까요ㅠ
Google 사용자,1,2015-10-03 17:05:20,잦은 작동 에러. 회원가입 에러. 이용할 수가 없다.
Google 사용자,1,2015-10-03 01:35:04,디자인은 예쁘고 추가할 기능은 딱히 없지만 너무 느려터지고 종료되고 이제는 실행도 안되네요
Google 사용자,1,2015-09-28 13:33:42,어찌 가입이 이리 어려운가 뭐 대단한 돈을 받는 것도 아닌데 성인인증하고 암호 선택하다 결국 포기. 이런 거 제발 만들지 맙시다.
Google 사용자,4,2015-09-27 22:53:56,종료하려고 폰의 취소키를 누르면 이제껏 지나왔던 페이지가 다 나오네요....
Google 사용자,5,2015-09-27 13:45:44,전 잘 쓰고 있어요 작은 부분 바로잡고 자전거 타는 게 익숙한 문화로 받아들여지면 큰 무리 없이 다들 사용하실거라 생각해요
Google 사용자,1,2015-09-26 20:27:12,비밀번호 등 가입시 10번이상 다시하게 하는 아주 나쁜 어플임. 숫자 특수문자 알파벳 그리고 8자이상 무슨 은행도 아니고 이렇게 어렵게 해놓으면 비번 아무도 못외어 다시 찾기 난리 날듯 제발 가입자 입장에서 생각해보시길
Google 사용자,1,2015-09-26 10:47:31,아침에 늦어서 탈려면.. 어플이.안되고.. 타서 집앞에 오면 거치대 다차서 다시 돌아가고.. 불편한점이 너무 많아여.. 아직 시작 단계니 개선될거라 믿습니다.
Google 사용자,2,2015-09-24 02:34:34,진짜 이렇게 느려터진 앱은 오랜만.. 서버에 투자를 안하나 게다가 qr코드 인식도 제대로 안되요 ㅠㅜ
Google 사용자,5,2015-09-23 00:57:04,괜찮은데요~디자인도 녹색으로 녹색에너지 정책과 맞는거 같고 대여도 매우 쉽네요
Google 사용자,1,2015-09-22 17:12:01,냉무
Google 사용자,1,2015-09-22 08:19:58,실행즉시 종료 .... 왜이러는거죠?  좋은 시스템 만들어놓고도 앱이 이래서 욕먹는게 안타깝네요...
Google 사용자,1,2015-09-21 22:20:28,이런개나리
Google 사용자,5,2015-09-21 17:59:48,괜찮을꺼 같아요 ^^ 잘쓸께요~!!
Google 사용자,1,2015-09-21 14:59:24,아오 회원가입에 카드등록도하고 결제도하고  돈도빠져나갔는데 ㅡㅡ 그냥안되네 미등록카드라하고 설명서대로 작동도안되고ㅡㅡ 고객센터도 잘알지도못하고 시간만날립니다 하지마요 아오 열불닌다진짜
Google 사용자,1,2015-09-21 14:58:09,우선 대부분의 폰에서 대여장소 지도가 다 표시되지 않네요. 카드등록 후 삭제 메뉴는 없고.... 수시로 랙 걸리고.... 개발업체에 하자보수 좀 많이 받으셔샤 할 듯....
Google 사용자,1,2015-09-20 18:31:42,앱 설치 어제부터 했는데 설치시 아이콘 두개나 생기고 터치하면 안열립니다. 안드로이드 4.1.2
Google 사용자,1,2015-09-20 14:03:19,갤럭시 s3 실행 즉시 종료 되네요 빠른 수정 부탁 드립니다
Google 사용자,1,2015-09-20 00:11:38,누르면 까만화면 1초뜨고 사라집니다 ...아예 실행이 안되요......
Google 사용자,1,2015-09-19 20:40:50,갤3 사용잔데 앱이 실행되지 않네요ㅠㅠ서비스 기대하고있었는데 ..
Google 사용자,5,2015-09-19 20:15:16,"이용하기도 쉬워요~ 대여하려고 하는 장소에 빌릴수 있는 자전거 대수까지 나오고 얼마나 이용했는지, 칼로리 소모량까지 확인 할 수 있네요! 자전거 대여소가 더 확대 될 수 있기를 바랄게요~!"
Google 사용자,3,2015-09-19 16:01:06,비회원으로 쓰고싶은데 계속 회원가입하라고 나와요...
Google 사용자,2,2015-09-19 14:11:41,이거어떻게해야해요? 실행이안되어서 지웠다다시깔았는데도 안되요
Google 사용자,5,2015-09-19 11:07:25,좋아요
Google 사용자,5,2015-09-19 07:46:50,"아직 사용전이지만, 공공자전거 시절부터 애용해서 믿고 쓸께요^^"
